tree
version=v4
num_class=1
num_tree_per_iteration=1
label_index=0
max_feature_idx=13
objective=binary sigmoid:1
feature_names=ma20_slope rs_slope rsi macd_hist_slope rank ret20 ret60 atr_pct bias20 volume_ratio mom_score days_below_ma20 max_drawdown is_bullish_alignment
feature_infos=[-0.020187026866557926:0.030224781352645409] none [2.5641025641025692:99.494949494949495] [-2413.045905703053:228.26809191738141] none none none [0.002767924325486408:0.17625899280575538] [-29.208046855105675:56.669019054340154] [0.0074009658260402985:8.8257984243760976] none [0:20] [-0.43209876543209869:-0.001955034213098731] [0:1]
tree_sizes=3383 3470 3457 3455 3445 3451 3434 3453 3438 3441 3424 3480 3461 3433 3434 3441 3454 3424 3439 3457 3429 3425 3481 3483 3434 3443 3437 3468 3446 3464 3435 3445 3459 3437 3436 3436 3458 3434 3416 3469 3423 3421 3440 3446 3448 3410 3452 3234 3453 3408 2709 3435 2801 1835 2809 3440 3449 3219 2701 3228 3032 3323 2282 3438 3441 2707 3444 3440 3421 3449 3428 2365 3467 3450 3444 3443 2817 3217 3412 2479 3417 3439 3434 3447 2912 3427 3450 3440 3432 3422 2475 2288 3451 3438 3111 3462 2908 3429 3455 2470 2514 3464 2603 3216 3467 3442 2885 3478 2477 3449 3223 3449 3252 3421 3028 3438 3435 2477 3438 3344 2378 2604 3457 3443 3450 3453 3425 3439 3427 3429 3419 3123 3428 3447 3431 3458 3429 3451 3210 2590 3461 3460 3448 3491 3465 3114 3415 3432 2496 3213 3450 3448 3461 3442 3436 3228 3443 3463 1648 3445 3430 3453 2698 3437 3445 3452 3429 2471 2629 3431 3439 3207 3435 3422 2483 3432 2948 3432 3469 3435 3437 3459 3452 2698 3434 3424 2907 2815 3443 3464 3403 3109 3453 3439 2496 3340 3431 3443 3456 3455 3449 3439 3452 3447 2377 3460 2474 3439 3461 2165 3435 3466 3429 3413 3472 3438 3440 3349 3428 3446 3447 3438 3431 3019 3448 3437 3218 3390 2484 3441 3446 3219 3427 3426 3444 3441 2159 3421 3105 2173 2169 3426 3354 2178 2896 3443 3431 3445 3438 3436 2725 3446 3471 2187 3447 3440 2368 3428 3324 3449 3037 3433 3460 3000 2917 3448 3136 3450 3436 3433 2178 3437 3454 3445 3441 3463 3469 3445 3474 3446 3428 3413 3441 3433 2616 3450 2188 3485 3456 3439 3439 3453 3439 3445 3453 3460 2476 3428 3456 3434

Tree=0
num_leaves=31
num_cat=0
split_feature=12 7 12 0 0 7 12 0 3 7 7 2 3 2 12 8 7 2 7 12 12 7 9 7 8 8 11 2 7 2
split_gain=68.1522 47.9538 26.228 20.7679 19.6956 17.0137 13.0818 10.6639 10.4564 10.1172 9.28714 8.56486 7.75229 7.50563 7.21579 7.17302 6.9846 7.00254 6.51712 6.22773 15.5752 8.66053 6.2074 6.08592 7.69693 6.03583 8.28038 5.78371 5.50318 7.22376
threshold=-0.15665711307972899 0.011214696758121203 -0.10692156773281013 0.00065044103703873078 0.0050510281650781872 0.02118812682525437 -0.019367094514077244 0.0023810937305803795 0.11053098190247976 0.015360612780278666 0.031680279095547832 30.444664031620572 -0.050910265524976586 63.694267515923578 -0.034937128426369188 -5.8436545012100654 0.013554662611714329 20.000000000000011 0.015151515151515161 -0.074254461374281072 -0.076461156424809246 0.031680279095547832 1.1217534286446742 0.054730877967777099 6.4616445368053848 4.575556264141281 18.500000000000004 24.811859899281412 0.025153589627412286 57.942789968652065
decision_type=2 2 2 2 2 2 2 2 2 2 2 2 2 2 2 2 2 2 2 2 2 2 2 2 2 2 2 2 2 2
left_child=10 7 4 11 12 6 9 -2 -8 -5 -1 16 15 14 -13 -3 17 -4 -18 20 -7 -21 -15 -6 -25 26 -12 -17 -14 -30
right_child=1 2 3 5 23 19 8 -9 -10 -11 25 13 28 22 -16 27 18 -19 -20 21 -22 -23 -24 24 -26 -27 -28 -29 29 -31
leaf_value=0.076983848006950628 0.089284078457494795 0.10410472930125016 -0.0021029177253773235 0.097703172494165755 0.14183812936288426 0.071493510243457764 0.07221978963952487 0.12385997093477445 0.026047944321680387 0.079135483089390959 0.10355071193679591 0.057950899280001418 0.10286844981205132 0.091617417050637417 0.075276939394022677 0.018653091007826417 0.10410472930125016 0.065056958265045317 0.073222972264936306 0.069287786366205334 0.13080836626794506 0.053517094053784624 0.059800967970142671 0.05959866769009195 0.13748427550961878 0.15545787731412497 0.13658212561209532 0.068347220698090072 0.077075438225205295 0.1177290338760945
leaf_weight=15.97784900665283 251.90077574551105 13.481310099363325 5.4923855960369137 109.34840413928032 17.226118460297588 97.614671275019646 50.180432036519051 24.466081291437149 16.227502897381783 222.9409244209528 60.166587665677071 681.05581390857697 40.443930298089981 34.70189081132412 65.908627152442932 6.2413472682237616 20.221965149044991 13.231656208634375 110.09736581146717 313.06597897410393 12.482694536447523 120.58282922208309 27.461927980184555 6.7406550496816617 5.991693377494812 9.7365017384290677 27.711581870913506 94.61882458627224 102.35809519886971 12.233040645718573
leaf_count=64 1009 54 22 438 69 391 201 98 65 893 241 2728 162 139 264 25 81 53 441 1254 50 483 110 27 24 39 111 379 410 49
internal_value=0.0744512 0.072714 0.0702479 0.0680813 0.0840046 0.0733513 0.0811968 0.092345 0.0609372 0.0852457 0.112321 0.0628978 0.0797275 0.0608689 0.0594797 0.0698506 0.0739122 0.0453567 0.078015 0.0675987 0.0782186 0.0649025 0.077562 0.122463 0.0962507 0.118105 0.113967 0.0652721 0.0870118 0.0814154
internal_weight=2589.91 2476.32 2199.95 1900.62 299.335 942.443 398.697 276.367 66.4079 332.289 113.593 958.172 269.377 809.128 746.964 114.341 149.043 18.724 130.319 543.746 110.097 433.649 62.1638 29.9585 12.7323 97.6147 87.8782 100.86 155.035 114.591
internal_count=10374 9919 8812 7613 1199 3775 1597 1107 266 1331 455 3838 1079 3241 2992 458 597 75 522 2178 441 1737 249 120 51 391 352 404 621 459
is_linear=0
shrinkage=1


Tree=1
num_leaves=31
num_cat=0
split_feature=12 7 12 0 0 7 12 12 3 7 7 2 3 2 7 9 12 7 11 12 8 3 11 8 7 7 2 3 12 12
split_gain=61.6255 43.3024 23.6737 18.7311 17.8404 15.3551 11.8088 9.87515 9.42102 9.14674 8.41847 7.72278 7.00063 6.76786 6.68759 9.83782 9.91885 8.09254 7.52856 6.50544 6.47879 6.38979 12.3624 8.41108 6.64688 6.29966 6.30653 6.09229 10.2681 6.85856
threshold=-0.15665711307972899 0.011214696758121203 -0.10692156773281013 0.00065044103703873078 0.0050510281650781872 0.02118812682525437 -0.019367094514077244 -0.011038244316389991 0.11053098190247976 0.015360612780278666 0.031680279095547832 30.444664031620572 -0.050910265524976586 63.694267515923578 0.0079620210657362373 1.2331709870973901 -0.026189848604014156 0.0070442841646802768 11.500000000000002 -0.034937128426369188 -5.8436545012100654 -0.041606617078606731 3.5000000000000004 1.1795277829726398 0.0095933957136201311 0.013554662611714329 20.000000000000011 0.38821404036256041 -0.037409353180216008 -0.073612834298318094
decision_type=2 2 2 2 2 2 2 2 2 2 2 2 2 2 2 2 2 2 2 2 2 2 2 2 2 2 2 2 2 2
left_child=10 7 4 11 12 6 9 14 -8 -5 -1 25 20 19 15 16 17 -2 -18 -13 -3 24 -23 -24 -16 26 -4 29 -29 -7
right_child=1 2 3 5 -6 27 8 -9 -10 -11 -12 13 -14 -15 21 -17 18 -19 -20 -21 -22 22 23 -25 -26 -27 -28 28 -30 -31
leaf_value=0.002406269417013687 0.064898693651586112 0.028209085499517558 -0.072622207230011462 0.022112050857182094 0.045736723957761266 0.0082161599773397532 -0.0021196429813576429 0.042936895932072935 -0.045925498167137514 0.0044509087099153305 0.041565088434659558 -0.015666479658156544 0.01193965286309542 0.002956016746342733 0.025928370469316425 -0.02742877316404992 0.010814393752454705 0.0036541400236254906 -0.033940555960884966 0.00078449537140962947 -0.0087174872310570861 0.058835206324721195 0.0044131297771213022 0.044155032583174977 -0.0060213310051164754 0.0033863072645763763 -0.0089215087532097202 -0.012292600132275337 -0.065309527473394899 -0.0072546584643342783
leaf_weight=15.976317405700682 12.974126636981966 13.463488429784773 5.4999937713146236 109.23909482359886 29.87927708029747 88.606047585606575 50.184535369277 32.421551942825317 16.247244402766228 222.90084452927113 97.401090979576111 681.4277241230011 154.94861966371536 62.152608498930931 29.435781508684158 20.708243310451508 35.927433043718338 9.2315901070833188 12.724624201655386 65.906589388847351 100.88888894021511 24.687894091010094 42.165452748537064 19.457060560584068 36.420473232865334 130.29758615791798 13.235990419983862 70.663418859243393 10.488254174590109 374.10177858173847
leaf_count=64 52 54 22 438 120 355 201 130 65 893 391 2728 621 249 118 83 144 37 51 264 404 99 169 78 146 522 53 283 42 1498
internal_value=3.88083e-07 -0.00165002 -0.00399251 -0.0060501 0.00908117 -0.00104466 0.00641058 0.0170127 -0.0128333 0.0102596 0.0360471 -0.0109715 0.0050142 -0.0128972 0.0135642 0.00288741 0.0117473 0.0394375 -0.000890968 -0.0142157 -0.00436987 0.0199889 0.0289389 0.0169615 0.00825923 -0.000511824 -0.027621 -0.0065083 -0.0191446 -0.00429208
internal_weight=2589.66 2476.29 2200.13 1900.95 299.18 942.431 398.572 276.154 66.4318 332.14 113.377 958.52 269.301 809.487 243.733 91.566 70.8578 22.2057 48.6521 747.334 114.352 152.167 86.3104 61.6225 65.8563 149.034 18.736 543.859 81.1517 462.708
internal_count=10374 9919 8812 7613 1199 3775 1597 1107 266 1331 455 3838 1079 3241 977 367 284 89 195 2992 458 610 346 247 264 597 75 2178 325 1853
is_linear=0
shrinkage=0.05


Tree=2
num_leaves=31
num_cat=0
split_feature=12 7 12 0 0 7 12 0 8 3 7 0 7 9 2 7 2 8 2 9 8 8 9 8 11 3 12 12 12 12
split_gain=55.7564 39.1163 21.3698 16.8968 16.1741 13.8592 10.6613 9.09751 8.5506 8.50177 7.64163 7.21478 9.36768 8.9515 8.00441 6.82188 6.45929 14.0809 7.72092 8.04881 7.66061 5.8881 5.78455 5.53379 7.56514 5.49391 9.2725 6.18938 4.69318 4.56882
threshold=-0.15665711307972899 0.011214696758121203 -0.10692156773281013 0.00065044103703873078 0.0050510281650781872 0.02118812682525437 -0.019367094514077244 0.0023810937305803795 0.16265698496725511 0.11053098190247976 0.031680279095547832 -0.00049855503084430478 0.032610528070983691 0.54328657153680771 62.074751214996546 0.016458720593612881 26.411772521923989 -5.3612248602104344 55.860721982758612 0.86479725145491049 -6.7593057563042489 -3.2404135503381073 0.97889741517388551 4.575556264141281 18.500000000000004 0.38821404036256041 -0.039366265495193155 -0.073612834298318094 -0.11455300489082441 -0.015128069477978642
decision_type=2 2 2 2 2 2 2 2 2 2 2 2 2 2 2 2 2 2 2 2 2 2 2 2 2 2 2 2 2 2
left_child=10 7 4 11 16 6 8 -2 -5 -8 -1 13 14 21 -13 -15 17 20 28 -20 -3 -4 -6 24 -12 27 -27 -7 -18 -9
right_child=1 2 3 5 22 25 9 29 -10 -11 23 12 -14 15 -16 -17 18 -19 19 -21 -22 -23 -24 -25 -26 26 -28 -29 -30 -31
leaf_value=0.0022861734863774928 0.013356213622525315 0.015802284504664369 0.042898645604332757 -0.0057589956244171268 0.060368865401026851 0.0078080601311441254 -0.0020135072035686913 0.024142760741663629 0.013903338344561115 -0.043625845470507699 0.025671677399261822 -0.01925600661998535 -0.059197166283896353 -0.00060875698941679503 0.0042897142492092392 -0.01241411720174836 0.0014472134617246847 -0.0377485016338115 0.054907541741012027 0.0012829124046274817 0.056819915047011907 0.0030287971626731108 0.014643141403370941 0.075524187899327452 0.057334389951732123 -0.011141812476940805 -0.058754939153026098 -0.006890352219160862 -0.017140614555077757 0.067476516102662906
leaf_weight=15.974815368652342 251.51596954464912 34.657456308603287 11.985982745885847 70.091643661260605 18.857656016945842 88.576102167367935 50.188318222761154 12.417738214135172 261.87682181596756 16.248395070433617 59.933915123343468 213.60261295735836 12.742713660001753 165.33566816151142 43.434466019272804 470.9337337911129 134.5271217674017 9.2395624071359617 12.462811812758448 15.95673483610153 16.950480610132217 40.721966192126274 10.922733157873152 9.6559898704290372 27.53098838031292 69.191884770989418 11.998687222599981 374.18483948707581 45.425295799970627 11.922827541828154
leaf_count=64 1009 139 48 281 76 355 201 50 1050 65 241 855 51 662 174 1885 539 37 50 64 68 163 44 39 111 277 48 1498 182 48
internal_value=7.81318e-07 -0.0015674 -0.00379273 -0.00574698 0.00863283 -0.000992366 0.00609279 0.0161809 0.00975184 -0.0121906 0.0343325 -0.0104203 -0.0173517 -0.00770614 -0.0152772 -0.00934647 0.0047651 0.0190971 0.000579951 0.0247989 0.0292744 0.0120953 0.0435978 0.0396036 0.035638 -0.00618173 -0.0181783 -0.00407696 -0.0032449 0.0453691
internal_weight=2589.07 2475.97 2200.11 1901.11 299 942.357 398.405 275.857 331.968 66.4367 113.096 958.757 269.78 688.977 257.037 636.269 269.219 60.8475 208.372 28.4195 51.6079 52.7079 29.7804 97.1209 87.4649 543.952 81.1906 462.761 179.952 24.3406
internal_count=10374 9919 8812 7613 1199 3775 1597 1107 1331 266 455 3838 1080 2758 1029 2547 1079 244 835 114 207 211 120 391 352 2178 325 1853 721 98
is_linear=0
shrinkage=0.05


Tree=3
num_leaves=31
num_cat=0
split_feature=12 7 12 2 0 7 12 12 8 0 0 7 3 9 9 8 8 3 7 2 0 11 8 3 7 9 12 7 11 9
split_gain=50.4893 35.3436 19.3912 15.7425 14.6183 13.4611 12.7689 8.81692 7.87526 10.1996 11.4293 9.18687 7.398 7.32018 8.35132 6.98002 8.57921 9.26925 9.67273 7.02098 6.88517 6.57791 8.54379 8.15198 6.40829 8.89461 8.99129 7.36331 6.78937 6.17966
threshold=-0.15665711307972899 0.011065114088788052 -0.10692156773281013 52.31065849317779 0.0050510281650781872 0.016943636159716387 -0.019367094514077244 -0.011038244316389991 -3.0551844183145884 0.0019298452930141547 0.0028466281650612185 0.020081839134341185 -0.21398505590840519 0.55577164666085799 0.63700904329885555 4.575556264141281 -10.96993815403548 -0.54595770544265931 0.031680279095547832 23.760245901639362 0.00098898899637192344 14.500000000000002 -1.6540888296574774 0.01507652992578599 0.0079620210657362373 1.2331709870973901 -0.026189848604014156 0.0070442841646802768 11.500000000000002 0.69860958784071459
decision_type=2 2 2 2 2 2 2 2 2 2 2 2 2 2 2 2 2 2 2 2 2 2 2 2 2 2 2 2 2 2
left_child=15 7 4 8 -3 6 20 24 13 11 -11 -10 -8 -4 -15 16 19 -18 -19 -1 -5 22 -7 -23 25 26 27 -2 -28 -9
right_child=1 2 3 5 -6 21 12 29 9 10 -12 -13 -14 14 -16 -17 17 18 -20 -21 -22 23 -24 -25 -26 -27 28 -29 -30 -31
leaf_value=0.080236983811708101 0.061301528311221487 0.0046130538343407863 0.027454684731710324 0.0041297389407116891 0.041601065452075453 0.056372208303451181 -0.060616074016387557 -0.0079160333865534675 -0.009729718429232816 0.02324203773290013 -0.015065917427100459 -0.022265684553673774 -0.0055792221536350032 -0.041278597942533558 -0.002309858074513808 0.073001556955456209 0.069348225192883403 -0.024121731416664384 0.024146126177504043 0.017119987784740165 0.022716426955875384 0.0099596715081621059 -0.0035754848494195337 -0.030395852717404581 0.019035612282577649 -0.026743084638702858 0.0096110364746795768 0.0028062950872605151 -0.032884169434147466 0.05051643053241598
leaf_weight=12.889529764652254 12.909199535846712 269.3548966050148 18.959489449858665 88.615803882479668 29.653287976980209 5.9966232329607001 6.9918935894966117 5.4647248238325146 337.72009207308292 38.938830375671387 38.943969860672951 257.64141619205475 48.183219254016876 14.739214673638342 204.59028105437756 9.8207395523786527 9.1558486223220807 12.479176372289656 61.686501681804657 6.6943155825138083 113.82477137446404 16.993194773793221 671.51501774787903 47.476088538765907 142.12017633020878 20.719364583492279 35.882866978645325 9.2239214777946454 12.734968006610869 26.306032091379166
leaf_count=52 52 1080 76 355 120 24 28 22 1352 156 156 1031 193 59 819 40 37 50 249 27 457 68 2689 190 571 83 144 37 51 106
internal_value=1.19765e-06 -0.00148902 -0.00355918 -0.00541168 0.00828123 -0.00107821 0.0087689 0.0157529 -0.0101638 -0.0129287 0.0040868 -0.0151546 -0.0125536 -0.00235203 -0.00492861 0.0327268 0.0288832 0.0218841 0.0160245 0.0586618 0.0145803 -0.00449712 -0.00304489 -0.0197587 0.0123917 0.00206878 0.0105063 0.0369238 -0.00152017 0.0404658
internal_weight=2588.23 2475.5 2210.14 1911.13 299.008 999.597 257.616 265.361 911.533 673.244 77.8828 595.362 55.1751 238.289 219.329 112.726 102.905 83.3215 74.1657 19.5838 202.441 741.981 677.512 64.4693 233.59 91.4703 70.751 22.1331 48.6178 31.7708
internal_count=10374 9919 8853 7653 1200 4004 1033 1066 3649 2695 312 2383 221 954 878 455 415 336 299 79 812 2971 2713 258 938 367 284 89 195 128
is_linear=0
shrinkage=0.05


Tree=4
num_leaves=31
num_cat=0
split_feature=12 7 12 0 0 7 12 0 3 7 0 12 2 9 2 8 8 3 7 7 3 3 7 7 8 8 2 8 8 9
split_gain=45.7527 31.9656 17.4099 13.8827 13.3432 11.8004 8.89422 8.00735 7.83213 7.56815 6.61068 8.62186 12.5429 7.73094 7.11421 6.44291 7.83576 8.47231 8.74632 6.52188 6.0405 5.84209 5.84089 5.57234 7.05275 5.47197 5.1061 5.01831 12.362 7.05312
threshold=-0.15665711307972899 0.011214696758121203 -0.10692156773281013 0.00065044103703873078 0.0050510281650781872 0.02118812682525437 -0.019367094514077244 0.0023810937305803795 0.11053098190247976 0.015360612780278666 -0.00049855503084430478 -0.034937128426369188 62.271894771894772 0.54328657153680771 68.483503425136306 4.575556264141281 -10.96993815403548 -0.54595770544265931 0.031680279095547832 0.049536068653547503 -0.050910265524976586 0.36091421058480377 0.016458720593612881 0.054730877967777099 6.4616445368053848 -5.8436545012100654 24.811859899281412 11.03046731492134 9.3836576177309841 2.3434593178482097
decision_type=2 2 2 2 2 2 2 2 2 2 2 2 2 2 2 2 2 2 2 2 2 2 2 2 2 2 2 2 2 2
left_child=15 7 4 10 20 6 9 -2 -8 -5 13 12 -12 21 -13 16 19 -18 -19 -1 25 -4 -15 -6 -25 -3 -27 28 -7 -29
right_child=1 2 3 5 23 27 8 -9 -10 -11 11 14 -14 22 -16 -17 17 18 -20 -21 -22 -23 -24 24 -26 26 -28 29 -30 -31
leaf_value=0.074673024757617668 0.012004929668605018 0.025586508312259722 0.0046747697543925645 0.01981129596522763 0.058450879272736449 -0.0059321432195827885 -0.0012720441983102276 0.042139796179804671 -0.041226532524790444 0.0037285730357642191 -0.025196543789095929 0.0085386516079118298 0.0093908822881292511 -0.00026289953507718951 -0.054298500991563907 0.070139055412396928 0.06641840407870081 -0.022895885244757455 0.022995698290117848 0.011003445533217781 0.01073904834288384 0.051712679001880993 -0.011185306656556964 -0.020613624961376538 0.054397794011382665 -0.052187222747798481 -0.0055156913169415855 -0.012091801698266331 0.03086839422925422 -0.061611810331908684
leaf_weight=13.781450450420381 251.01764242351055 13.413452193140982 44.935046717524529 108.91794024407864 16.926194235682491 470.85209725797176 50.206968352198601 24.166234388947487 16.23079226911068 222.7453061491251 188.22506600618362 46.210570886731148 30.45290407538414 165.36223608255386 4.9908459633588782 9.7131589800119382 9.0835373699665052 12.48965412378311 61.537746950984001 5.6796511709690085 154.7357147783041 7.7377274930477133 471.12384459376335 6.6905012279748899 5.894286721944809 6.2471681684255591 94.652398392558098 40.473589852452278 23.982547894120216 8.7439555078744871
leaf_count=56 1009 54 180 438 69 1885 201 98 65 893 753 185 122 662 20 40 37 50 249 23 621 31 1885 27 24 25 379 162 96 35
internal_value=1.68646e-06 -0.00141457 -0.00342437 -0.0051871 0.00780043 -0.000876361 0.0056652 0.0146513 -0.011033 0.00901013 -0.00942194 -0.0160555 -0.0203799 -0.00682417 0.00241362 0.0312181 0.0275324 0.0208451 0.015253 0.0560913 0.00429967 0.0115847 -0.00834761 0.0397165 0.0145192 -0.00441675 -0.00840535 -0.00566304 -0.00414858 -0.0208895
internal_weight=2587.22 2474.94 2199.75 1901.19 298.56 942.153 398.101 275.184 66.4378 331.663 959.038 269.879 218.678 689.159 51.2014 112.285 102.572 83.1109 74.0274 19.4611 269.049 52.6728 636.486 29.511 12.5848 114.313 100.9 544.052 494.835 49.2175
internal_count=10374 9919 8812 7613 1199 3775 1597 1107 266 1331 3838 1080 875 2758 205 455 415 336 299 79 1079 211 2547 120 51 458 404 2178 1981 197
is_linear=0
shrinkage=0.05


Tree=5
num_leaves=31
num_cat=0
split_feature=12 7 12 2 0 7 12 12 9 0 0 8 3 7 3 3 12 3 7 8 8 3 7 2 9 7 9 12 7 11
split_gain=41.4909 28.9267 15.825 13.4456 12.2542 11.2067 10.7215 7.89945 7.39646 7.21408 9.80267 9.05591 6.79374 6.49963 6.40893 6.33642 6.22774 11.5785 7.50542 5.9707 7.179 7.76837 7.91019 6.24374 5.70639 5.6998 8.03433 8.16906 6.72731 6.11944
threshold=-0.15665711307972899 0.011065114088788052 -0.10692156773281013 52.31065849317779 0.0073999881961986933 0.016943636159716387 -0.019367094514077244 -0.011038244316389991 1.6550342211432771 0.0019655914913820354 0.0033008594587212781 -3.0551844183145884 -0.21398505590840519 0.01312013835352553 -0.050910265524976586 -0.37939420128671603 -0.073106078874103905 0.089884727055713612 0.031680279095547832 4.575556264141281 -10.96993815403548 -0.54595770544265931 0.031680279095547832 23.760245901639362 0.75649761196913901 0.0079620210657362373 1.2331709870973901 -0.026189848604014156 0.0070442841646802768 11.500000000000002
decision_type=2 2 2 2 2 2 2 2 2 2 2 2 2 2 2 2 2 2 2 2 2 2 2 2 2 2 2 2 2 2
left_child=19 7 4 8 14 6 13 25 9 11 -11 -4 -8 -5 -3 -10 17 -7 -18 20 23 -22 -23 -1 -9 26 27 28 -2 -29
right_child=1 2 3 5 -6 16 12 24 15 10 -12 -13 -14 -15 -16 -17 18 -19 -20 -21 21 22 -24 -25 -26 -27 -28 29 -30 -31
leaf_value=0.074333796726743256 0.058080559562757574 -0.0039662841875871399 -0.0030893595762944959 -0.0011814013986656555 0.04600966014614076 0.020722656118415478 -0.057453330073211809 0.00023569304009009176 -0.034736648182572376 0.017496644456519533 -0.018904129555833551 -0.014981175504962606 -0.0047371302606179031 0.018941081121742139 0.011353169802635281 0.021304994714704099 -0.0033980732856690034 -0.010105166165270395 -0.017518379449042842 0.067527634271010925 0.063734967908825449 -0.021739283846183611 0.021903523967474806 0.014511187986681821 0.04979189997839157 0.017373955149466876 -0.026011603925810391 0.0085219751959022313 0.0020677788494800494 -0.031820515382729293
leaf_weight=12.655030235648157 12.813286542892458 118.94259665906429 222.32120160758495 55.214345917105675 19.312649339437485 65.146280139684677 6.9999328255653372 7.6743309497833279 5.9971359074115744 50.386787682771683 29.221726700663567 571.97724352777004 48.163753628730774 146.88616245985031 160.25644928216934 31.731127262115479 504.00205381214619 57.203043013811111 115.71448563039303 9.58751632273197 8.9949106574058515 12.496247142553328 61.379970878362656 6.6555979847908011 23.900203391909599 141.7488778680563 20.729270905256271 35.833073496818542 9.216166287660597 12.742713510990141
leaf_count=52 52 477 890 222 79 261 28 31 24 202 117 2289 193 590 644 127 2018 229 463 40 37 50 249 27 97 571 83 144 37 51
internal_value=2.1348e-06 -0.001344 -0.00321514 -0.00488759 0.00749125 -0.000881774 0.00811083 0.014277 -0.00927874 -0.0102145 0.00413509 -0.0116527 -0.0114265 0.0134436 0.00482687 0.0123968 -0.00399939 0.00630946 -0.00603464 0.0298004 0.0262605 0.019863 0.0145213 0.0537153 0.037747 0.0110977 0.00135707 0.00939234 0.0346472 -0.00206093
internal_weight=2585.9 2474.13 2209.48 1910.97 298.512 999.33 257.264 264.658 911.635 873.907 79.6085 794.298 55.1637 202.101 279.199 37.7283 742.066 122.349 619.717 111.769 102.182 82.8711 73.8762 19.3106 31.5745 233.083 91.3345 70.6052 22.0295 48.5758
internal_count=10374 9919 8853 7653 1200 4004 1033 1066 3649 3498 319 3179 221 812 1121 151 2971 490 2481 455 415 336 299 79 128 938 367 284 89 195
is_linear=0
shrinkage=0.05


Tree=6
num_leaves=31
num_cat=0
split_feature=12 7 12 2 0 8 9 11 8 9 11 2 13 11 12 7 7 8 8 3 7 7 11 12 2 9 8 3 8 12
split_gain=37.651 26.1749 14.3277 12.5475 12.0748 9.38347 7.67296 7.54136 14.7441 12.9366 10.6746 8.18289 7.33627 6.7519 6.67552 6.23717 5.94947 5.55134 6.59916 7.14213 7.21057 5.82564 5.38912 6.41682 6.68921 5.6823 5.16415 5.1196 5.59691 4.94705
threshold=-0.15665711307972899 0.011214696758121203 -0.11103176474893568 68.989794917083728 0.0073999881961986933 11.03046731492134 2.3434593178482097 4.5000000000000009 4.0163644006166868 1.0789758244699224 3.5000000000000004 29.747827929646082 1.0000000180025095e-35 8.5000000000000018 -0.08754095975766138 0.016346975087986864 0.013554662611714329 4.575556264141281 -10.96993815403548 -0.54595770544265931 0.031015150784670164 0.049536068653547503 3.5000000000000004 -0.042075463226407019 25.243085056169139 1.0611665834306814 3.6133669623341071 -0.17758196519867867 -0.74119625883298268 -0.036179506064646129
decision_type=2 2 2 2 2 2 2 2 2 2 2 2 2 2 2 2 2 2 2 2 2 2 2 2 2 2 2 2 2 2
left_child=17 12 4 7 -3 14 13 8 9 -4 -10 16 22 -7 -5 -13 -9 18 21 -20 -21 -1 -2 24 -24 -26 -16 28 -25 -29
right_child=1 2 3 5 -6 6 -8 11 10 -11 -12 15 -14 -15 26 -17 -18 -19 19 20 -22 -23 23 27 25 -27 -28 29 -30 -31
leaf_value=0.069375496928195154 0.040634487453301484 0.0051551119846228646 -0.0023324001319316827 0.052423279913155207 0.04936447265128964 -0.014677705161718489 -0.058432600731835253 -0.025344794390450134 -0.029436877133053631 0.019178671167707738 0.033023143066279549 -0.0029448410438867494 0.022859382334783358 0.047726062456364481 0.0192230447194362 -0.012034034260184652 0.0063345857532047653 0.065129850704217257 0.061261614109935185 -0.025647029454744952 0.020021770942692592 0.0088837313275794572 -0.012912671221455674 -0.061271771000646881 0.022430705657571118 0.077801332207546245 0.0027767336642298066 -0.027734906369501152 -0.0079334148258076997 0.0085176537544479087
leaf_weight=13.485381707549097 10.662888571619986 240.98570968210697 260.6629716604948 8.2222968339920026 16.502779543399811 32.981879726052284 8.7420360147953016 16.734759226441383 58.921979203820229 95.50022155046463 7.7389589697122565 246.36298237740993 115.69583711028099 4.9904078394174567 62.558267831802368 807.04641757905483 129.56910905241966 9.4470221698284131 8.8927505463361722 9.9995827674865705 63.71512645483017 5.6466214507818213 8.9475557953119296 6.4583991020917919 16.386886343359951 6.4600675553083411 201.38594055175781 10.692968875169752 20.623734101653099 78.457564443349838
leaf_count=56 43 968 1045 33 68 132 35 67 236 383 31 987 468 20 251 3230 519 40 37 40 259 23 36 26 66 26 807 43 83 316
internal_value=2.64395e-06 -0.00127691 -0.0030939 -0.00456376 0.00798855 0.00450341 -0.0161994 -0.00634575 -0.000603838 0.0034355 -0.0221856 -0.00836941 0.0132843 -0.00647645 0.00805682 -0.00990833 0.00271099 0.0284658 0.0250614 0.0189331 0.0138267 0.051522 0.0063034 0.00383042 0.0237347 0.038087 0.00667473 -0.00161425 -0.0206533 0.00416942
internal_weight=2584.48 2473.29 2198.91 1941.42 257.488 318.881 46.7143 1622.54 422.824 356.163 66.6609 1199.71 274.386 37.9723 272.167 1053.41 146.304 111.186 101.739 82.6075 73.7147 19.132 158.69 148.027 31.7945 22.847 263.944 116.233 27.0821 89.1505
internal_count=10374 9919 8812 7776 1036 1278 187 6498 1695 1428 267 4803 1107 152 1091 4217 586 455 415 336 299 79 639 596 128 92 1058 468 109 359
is_linear=0
shrinkage=0.05


Tree=7
num_leaves=31
num_cat=0
split_feature=12 7 12 2 2 9 7 12 7 12 8 0 0 7 2 11 12 8 11 2 8 11 3 9 3 3 0 2 11 7
split_gain=34.1818 23.6599 13.0207 11.6559 11.1457 12.3161 9.43312 14.2024 12.9784 7.0128 6.87512 7.19292 10.3556 7.51617 6.86547 6.35635 7.54329 6.43107 6.05377 6.16732 10.8997 5.92414 5.77483 5.89171 5.35394 5.58099 8.00423 6.25732 5.62535 8.13554
threshold=-0.15665711307972899 0.011065114088788052 -0.10539243722268714 52.31065849317779 56.176307393535843 0.97483531744139984 0.015151515151515161 -0.019940390961185158 0.01312013835352553 -0.011038244316389991 -3.0551844183145884 0.0019298452930141547 0.0028466281650612185 0.020446185101357522 75.517339803054071 14.500000000000002 -0.073106078874103905 1.4267314025647544 1.5000000000000002 26.411772521923989 -5.3612248602104344 7.5000000000000009 -0.27520655142153272 1.3301045699919292 2.1243946271890457 -0.14343238590274129 -0.001939053224797216 36.842105263157883 5.5000000000000009 0.0070442841646802768
decision_type=2 2 2 2 2 2 2 2 2 2 2 2 2 2 2 2 2 2 2 2 2 2 2 2 2 2 2 2 2 2
left_child=-1 9 4 10 18 -6 7 8 -5 24 22 13 -13 -12 -9 16 -8 -17 -3 20 -20 -7 -4 -24 25 26 -2 -28 29 -27
right_child=1 2 3 6 5 21 15 14 -10 -11 11 12 -14 -15 -16 17 -18 -19 19 -21 -22 -23 23 -25 -26 28 27 -29 -30 -31
leaf_value=0.027203127688508633 0.060898579901763228 0.044686894068537965 -0.024274133261344227 0.00031357114989231472 0.053065491352459027 -0.031455983341256023 0.011502137631617788 -0.026840635080605215 0.03302870943644539 0.035144088699618575 -0.0083572980226853822 0.021413095232009301 -0.015181467146810535 -0.019820955651452567 0.014544661873197513 0.0011272289524347186 -0.0034794890846425587 -0.02931335447737823 0.023750711070097848 -0.0032892702996422233 -0.033821746656020522 0.021744405739448996 -0.001351405782524335 0.026153186925998495 -0.032525090409774651 -0.0071892161593988917 -0.049885072405387906 0.00030260686696891525 0.0095027605074458898 0.039428743477941723
leaf_weight=110.56020937860012 4.9511706233024588 8.2634563446044904 24.243331491947174 53.460786029696465 24.992076396942139 8.3129631280899066 96.315175294876099 31.43273963034153 70.022577121853828 31.33413253724575 352.81313559412956 38.863425835967064 38.467796832323074 240.42001038789749 14.71133793890476 28.984619632363319 658.17674717307091 43.227384701371193 52.897627085447311 189.97129912674427 9.7337664961814863 14.12277080118656 187.58472986519337 21.72515469789505 7.1907841414213172 11.930393099784849 6.9508312046527854 58.319019496440887 99.721346199512482 43.418184578418732
leaf_count=455 20 34 97 215 102 34 386 126 282 128 1412 156 154 962 59 116 2636 173 213 762 39 57 751 87 29 48 28 235 402 176
internal_value=3.09775e-06 -0.00121315 -0.00290351 -0.00444973 0.00662796 0.0289243 -0.00071958 0.0100209 0.018865 0.0129391 -0.00856032 -0.0111335 0.00320942 -0.0130032 -0.0136465 -0.00292336 -0.001567 -0.017095 0.00257429 0.00119665 0.0148032 0.00203242 -0.00117235 0.00150341 0.00994627 0.0113019 -0.000392699 -0.00504207 0.0165976 0.0293802
internal_weight=2583.12 2472.56 2208.74 1900.45 308.294 47.4278 996.331 169.627 123.483 263.816 904.118 670.564 77.3312 593.233 46.1441 826.704 754.492 72.212 260.866 252.603 62.6314 22.4357 233.553 209.31 232.482 225.291 70.221 65.2699 155.07 55.3486
internal_count=10374 9919 8853 7612 1241 193 3993 682 497 1066 3619 2684 310 2374 185 3311 3022 289 1048 1014 252 91 935 838 938 909 283 263 626 224
is_linear=0
shrinkage=0.05


Tree=8
num_leaves=31
num_cat=0
split_feature=12 7 12 2 0 8 9 0 11 8 9 11 2 11 12 0 7 2 7 8 3 3 7 11 3 8 9 3 8 12
split_gain=30.9809 21.4373 11.7763 10.8829 10.6403 8.40129 6.92695 6.56111 6.32569 13.3939 11.5429 9.63987 7.04754 6.06695 5.8553 5.63417 5.31115 5.27152 6.64667 9.65706 5.7191 5.27286 6.67089 5.14332 5.01607 4.88619 4.37351 4.59545 4.46905 4.09005
threshold=-0.15665711307972899 0.011214696758121203 -0.11103176474893568 68.989794917083728 0.0073999881961986933 11.03046731492134 2.3434593178482097 0.0023810937305803795 4.5000000000000009 4.0163644006166868 1.0789758244699224 3.5000000000000004 29.747827929646082 8.5000000000000018 -0.08754095975766138 0.0031276565839427296 0.013554662611714329 64.311178864228367 0.0406098476364583 -10.96993815403548 -0.52524052240041075 -0.21841429278087418 0.059962499895075259 15.500000000000002 -0.0025208633730633896 9.3836576177309841 0.41038784475030893 -0.038743829148967256 -5.8436545012100654 -0.042075463226407019
decision_type=2 2 2 2 2 2 2 2 2 2 2 2 2 2 2 2 2 2 2 2 2 2 2 2 2 2 2 2 2 2
left_child=17 7 4 8 26 14 13 29 9 10 -4 -11 16 -7 -5 -14 -10 18 19 -1 -21 -20 23 -23 -6 -16 -3 28 -28 -2
right_child=1 2 3 5 24 6 -8 -9 12 11 -12 -13 15 -15 25 -17 -18 -19 21 20 -22 22 -24 -25 -26 -27 27 -29 -30 -31
leaf_value=0.061205281632732492 0.025533938236250671 0.046007701993134274 -0.0021219833857463407 0.049339753303945313 0.065022941052649039 -0.013809846675390855 -0.055451319377335953 0.037150769099302712 -0.023866297396413043 -0.027980120884977186 0.018206672806579685 0.031407254554906339 -0.0084010674101703108 0.045393919785776601 0.0043658618886597547 -0.029112545616323638 0.006068836329188327 0.067781889057480865 0.065439468334523243 0.051026032726498728 -0.0074124829666171429 0.019695778408452738 -0.0061986245237403217 0.05916879332869307 0.0050236852567259061 0.02925273002188666 0.021525951073775241 0.0097365928758263443 -0.0085338352653385064 0.0070799342921319345
leaf_weight=7.5512204617261878 34.901791751384735 6.2173960655927649 260.61219283938408 8.1818673908710462 11.219517156481745 32.985114708542824 8.7239033281803113 23.766320630908012 16.731089398264885 58.938041418790817 95.387680411338806 7.7293045520782462 1019.354327827692 4.9806454777717581 242.36808951199055 33.928753703832626 129.53082802891731 7.0507631301879874 11.227226272225378 4.7524946182966223 35.16549725830555 17.43303208053112 11.241047188639639 15.670607969164847 5.0520397126674643 21.469988584518433 14.358157053589819 131.09643198549747 89.058718711137772 214.89443393051624
leaf_count=32 141 25 1045 33 47 132 35 98 67 236 383 31 4081 20 972 136 519 30 47 20 143 72 46 65 21 86 58 528 357 868
internal_value=3.46673e-06 -0.00115257 -0.00279542 -0.0041272 0.00726238 0.00431965 -0.0152749 0.0120468 -0.00578672 -0.000526797 0.00332494 -0.0210948 -0.00764008 -0.00604303 0.00768287 -0.00906823 0.00264452 0.0259558 0.0230937 0.00935368 -0.000455 0.0348304 0.0270808 0.0383815 0.0463942 0.00639105 0.00461736 0.00352003 -0.0043604 0.00965835
internal_weight=2581.58 2471.49 2197.92 1940.92 257.002 318.71 46.6897 273.563 1622.21 422.667 356 66.6673 1199.54 37.9658 272.02 1053.28 146.262 110.092 103.041 47.4692 39.918 55.5719 44.3447 33.1036 16.2716 263.838 240.731 234.513 103.417 249.796
internal_count=10374 9919 8812 7776 1036 1278 187 1107 6498 1695 1428 267 4803 152 1091 4217 586 455 425 195 163 230 183 137 68 1058 968 943 415 1009
is_linear=0
shrinkage=0.05


Tree=9
num_leaves=31
num_cat=0
split_feature=12 7 12 2 7 8 12 7 9 7 9 0 2 2 3 2 3 3 9 2 11 0 8 2 8 11 3 7 3 7
split_gain=28.1378 19.5157 10.5551 11.6335 10.5676 9.70149 9.54988 10.1134 8.48767 7.60365 6.94474 6.86501 6.59283 8.59689 8.40326 6.53253 5.66226 5.60596 10.3562 6.54575 5.54885 7.01575 5.80242 5.02181 4.98906 5.90167 7.14717 9.99028 7.18865 5.87325
threshold=-0.15665711307972899 0.010799108437434273 -0.10539243722268714 52.31065849317779 0.015151515151515161 -0.70316659246234015 -0.020773754333077491 0.01312013835352553 0.97483531744139984 0.028408118594390786 1.6550342211432771 0.0023810937305803795 39.044357469014983 41.39609248717408 -0.03466129206200444 49.453535594839948 -0.37939420128671603 -1.0769524651140319 0.90348076624553697 30.075615441469107 14.500000000000002 0.0055606423617909949 1.4267314025647544 56.366531557614373 4.575556264141281 18.500000000000004 -0.0050325812737729734 0.042074657551904308 -0.17758196519867867 0.03448645749530705
decision_type=2 2 2 2 2 2 2 2 2 2 2 2 2 2 2 2 2 2 2 2 2 2 2 2 2 2 2 2 2 2
left_child=24 11 5 10 6 12 7 -5 9 23 17 -2 -3 -14 -15 -10 -12 18 -4 -19 21 -6 -22 -7 25 26 27 -1 -29 -27
right_child=1 2 3 4 20 8 -8 -9 15 -11 16 -13 13 14 -16 -17 -18 19 -20 -21 22 -23 -24 -25 -26 29 -28 28 -30 -31
leaf_value=-0.031222122632781298 0.0098161315353585289 0.0053383222995209215 0.031184228056300264 0.0030039538018155039 0.0012422607183005942 -0.022438987403575902 -0.0057634658756054637 0.032146527087812342 0.039398020034576792 0.044906891204651855 -0.031665205202432906 0.040082462254793561 -0.044686282766919175 -0.028540153873406967 0.018448910133085403 -0.0070902571210795995 0.021288070135173611 5.0638806795162882e-05 -0.012903755475710918 -0.011936266872581524 0.0014553233921330063 -0.010339933232131306 -0.02746241376599436 0.040176963127458415 0.060297209824326327 0.0092557692687685201 0.027696399195568003 0.067534007555919082 -0.0057041829492188757 0.054078346172270954
leaf_weight=16.452799081802372 222.30481052398682 157.44408196210861 23.974775835871696 54.655548244714737 586.08226209878922 8.4638052731752378 58.475714892148972 65.383334621787071 9.7083573341369611 37.296939939260483 5.9954808354377738 20.459649249911308 16.709207430481911 16.71321664750576 22.090755432844162 34.097009494900703 31.954428613185883 136.53772549331188 29.970943987369537 686.60964684188366 28.983756855130196 168.29063710570335 43.205322995781898 5.1507072001695624 9.0834285467863065 11.006402745842932 37.570053085684776 6.0120833963155746 7.5683417767286283 21.752448782324791
leaf_count=67 899 633 96 220 2348 34 235 264 39 153 24 85 67 67 89 138 128 547 120 2749 116 674 173 21 40 45 155 25 31 92
internal_value=3.9374e-06 -0.00109508 -0.00256205 -0.00393972 -0.000226233 0.00603564 0.0108059 0.0188775 0.0193487 0.0332324 -0.00801858 0.0123669 0.000114424 -0.0147014 -0.0017897 0.0032127 0.0129223 -0.00892465 0.00669001 -0.00994797 -0.00260887 -0.00134157 -0.015852 0.00125018 0.0248126 0.021601 0.0131608 -0.00502252 0.0267185 0.0390187
internal_weight=2580 2470.56 2227.79 1920.12 1005.08 307.674 178.515 120.039 94.7168 50.9115 915.043 242.764 212.957 55.5132 38.804 43.8054 37.9499 877.093 53.9457 823.147 826.562 754.373 72.1891 13.6145 109.446 100.362 67.6033 30.0332 13.5804 32.7589
internal_count=10374 9919 8935 7694 4030 1241 719 484 385 208 3664 984 856 223 156 177 152 3512 216 3296 3311 3022 289 55 455 415 278 123 56 137
is_linear=0
shrinkage=0.05


Tree=10
num_leaves=31
num_cat=0
split_feature=12 7 12 2 2 9 3 7 9 0 8 12 0 0 13 8 0 12 11 2 8 2 8 7 3 2 3 8 8 3
split_gain=25.5595 17.6364 9.53256 10.7803 9.14783 10.3108 7.9511 7.7519 6.72515 6.28105 6.11007 5.97071 11.83 5.88588 5.55176 5.52983 5.41044 5.2257 5.09272 5.24973 9.64402 4.74334 5.34713 7.48402 5.58947 5.54895 4.90556 4.50204 7.13827 4.13793
threshold=-0.15665711307972899 0.010799108437434273 -0.10539243722268714 68.989794917083728 56.176307393535843 0.97483531744139984 0.30844908253402703 0.030797357546759458 0.49761670988484791 0.0023810937305803795 3.6133669623341071 -0.10237965143040699 -0.0033624098375473364 0.0018842712660684542 1.0000000180025095e-35 4.0163644006166868 0.0077150417577745668 -0.050353467226218966 1.5000000000000002 26.411772521923989 -5.3612248602104344 65.39126963002397 -10.96993815403548 0.0406098476364583 -0.21841429278087418 23.760245901639362 -0.52524052240041075 -3.9543573623157089 -2.3999131932711215 2.1243946271890457
decision_type=2 2 2 2 2 2 2 2 2 2 2 2 2 2 2 2 2 2 2 2 2 2 2 2 2 2 2 2 2 2
left_child=21 9 4 8 18 -6 10 17 27 29 -5 12 -10 -12 -7 -13 -16 -8 -3 20 -20 22 25 26 -25 -1 -24 -4 -29 -2
right_child=1 2 3 6 5 14 7 -9 11 -11 13 15 -14 -15 16 -17 -18 -19 19 -21 -22 -23 23 24 -26 -27 -28 28 -30 -31
leaf_value=0.06588150919862644 0.010468415394820537 0.041042857851458808 0.054264083715268863 0.021413297081422394 0.048453725776935797 0.027144376790732533 0.0376595104177537 -0.060737876450462906 0.014749565923077253 0.038392472167825549 0.026268468452682072 -0.0048767104796752616 -0.052947032633852323 0.00068309102667709785 -0.055701250314777101 -0.016242159280747716 0.012887973128299066 -0.015494986578532136 0.021845023203609291 -0.003311108671934545 -0.032331573228570401 0.069140594449522724 0.048558761164689018 0.061228729176190488 0.02004476133297485 0.008575637651771521 -0.0059111715552359612 -0.028739133899317849 0.011679091426274602 -0.031742860689413906
leaf_weight=11.980187475681307 216.12614589929581 8.1246917694807035 4.9774214774370185 61.650588810443878 24.533066228032112 10.879191547632217 5.7345673888921764 7.9754097163677207 9.9898184835910815 20.296442106366158 25.389010190963745 1367.6731142103672 18.230138629674911 196.0859787017107 5.969359889626503 116.10918396711349 5.5467494875192642 23.872796550393105 52.707188546657562 189.8812595307827 9.7309345304965955 5.4603839367628089 4.6757616102695456 10.916251435875891 33.587355643510818 6.5250394642353049 35.640106469392776 12.974416896700857 69.120602369308472 5.9661312550306311
leaf_count=52 875 34 20 248 102 44 23 32 40 85 102 5480 73 786 24 465 23 96 213 762 39 24 20 47 140 27 145 52 277 24
internal_value=4.38443e-06 -0.00104046 -0.00243441 -0.00374331 0.00574069 0.0260613 0.00462308 -0.0169854 -0.00542127 0.0117677 0.00749144 -0.00619939 -0.0289825 0.0036161 0.00153132 -0.00576608 -0.0226652 -0.00519964 0.0020792 0.000824573 0.0134016 0.0237236 0.0213235 0.0160106 0.0301467 0.0456752 0.000406153 0.00809082 0.00529134 0.00933448
internal_weight=2578.33 2469.54 2227.16 1919.78 307.372 46.9284 320.708 37.5828 1599.07 242.389 283.126 1512 28.22 221.475 22.3953 1483.78 11.5161 29.6074 260.444 252.319 62.4381 108.785 103.325 84.8195 44.5036 18.5052 40.3159 87.0724 82.095 222.092
internal_count=10374 9919 8935 7694 1241 193 1287 151 6407 984 1136 6058 113 888 91 5945 47 119 1048 1014 252 455 431 352 187 79 165 349 329 899
is_linear=0
shrinkage=0.05


Tree=11
num_leaves=31
num_cat=0
split_feature=12 7 12 0 0 7 12 0 7 9 3 12 12 7 0 12 12 9 2 9 8 11 3 7 3 7 0 7 7 9
split_gain=23.2278 16.0048 8.79396 8.92004 8.80055 7.92434 7.36871 7.33522 7.6375 7.17872 6.41556 6.23347 6.19956 9.8864 6.74342 5.94064 5.05892 7.6804 6.07367 5.05022 4.49792 5.38955 6.39874 8.54492 6.45115 5.19686 4.75927 4.69445 4.36322 7.24286
threshold=-0.15665711307972899 0.011214696758121203 -0.11103176474893568 0.0046288803159307912 0.00065044103703873078 0.02118812682525437 -0.019055283790563062 -0.00049855503084430478 0.032382044560943644 0.90108595185836304 0.11053098190247976 -0.026576047687861291 -0.06258965124511344 0.016458720593612881 -0.0016961184587748551 -0.011038244316389991 -0.042424242424242344 1.0402414135293301 51.06954930221918 0.75649761196913901 4.575556264141281 18.500000000000004 -0.0050325812737729734 0.042074657551904308 -0.17758196519867867 0.03448645749530705 -0.0034766494743691746 0.050850660002232935 0.0079620210657362373 1.2331709870973901
decision_type=2 2 2 2 2 2 2 2 2 2 2 2 2 2 2 2 2 2 2 2 2 2 2 2 2 2 2 2 2 2
left_child=20 15 3 -3 7 6 9 12 11 -6 -8 -9 13 -4 -14 28 18 -18 -7 -17 21 22 23 -1 -25 -23 27 -24 29 -2
right_child=1 2 4 -5 5 16 10 8 -10 -11 -12 -13 14 -15 -16 19 17 -19 -20 -21 -22 25 26 24 -26 -27 -28 -29 -30 -31
leaf_value=-0.029739883737208862 0.0067983757144032542 0.0031793566765583262 0.017117792406368317 0.034187820947714997 0.00025656813924011508 -0.012030921167664202 -0.0011538299938380781 -0.014027849702166119 -0.04800005717012254 0.014981835253644441 -0.037772490384864299 0.01540020582274735 -0.020689622350593129 -0.0037632193967244289 -0.0038442483295410613 -0.0046511486082269392 -0.021524962145334108 -0.0016348593810387312 0.00325292915669387 0.042215486594128708 0.057015528498204009 0.0085172182177177796 0.047846236414481443 0.063381631913171033 -0.0065463268810203494 0.050887272334371084 -0.0011281456667395814 -0.0067631787687711005 0.013013221020686042 -0.026851394556583613
leaf_weight=16.48857340216637 70.203114777803421 230.29499907791615 65.891557812690735 25.78965625166893 152.51757200062275 85.637777894735336 47.946774527430534 236.91410504281521 15.441708967089651 180.98264649510384 15.936710327863691 19.473940342664719 99.420102298259735 405.74112592637539 147.62583999335766 7.577073976397517 86.949771210551262 109.85322192311287 269.75240994989872 23.81295445561409 8.7704175263643247 10.971890538930891 20.727916866540909 5.8579791337251663 7.5477648675441724 21.260587722063065 11.603385880589487 4.8576933294534674 150.11489816009998 20.708521068096161
leaf_count=67 284 927 264 109 613 343 192 949 62 728 64 78 398 1625 591 31 348 440 1081 99 40 45 87 25 31 92 48 20 610 83
internal_value=4.83799e-06 -0.00098852 -0.00240645 0.00630214 -0.00355595 -0.000116588 0.00526768 -0.00685319 -0.0138495 0.00824762 -0.0102889 -0.0117926 -0.00420696 -0.000845944 -0.0106234 0.0104426 -0.00399136 -0.0104225 -0.000429995 0.0309026 0.0226922 0.0196611 0.0115874 -0.00563619 0.0240105 0.0364646 0.0254325 0.0374781 0.00777795 -0.000866616
internal_weight=2576.67 2468.59 2196.17 256.085 1940.09 949.577 397.384 990.508 271.83 333.5 63.8835 256.388 718.679 471.633 247.046 272.417 552.193 196.803 355.39 31.39 108.086 99.3158 67.0833 29.8943 13.4057 32.2325 37.189 25.5856 241.027 90.9116
internal_count=10374 9919 8812 1036 7776 3809 1597 3967 1089 1341 256 1027 2878 1889 989 1107 2212 788 1424 130 455 415 278 123 56 137 155 107 977 367
is_linear=0
shrinkage=0.05


Tree=12
num_leaves=31
num_cat=0
split_feature=12 7 2 12 9 7 3 8 2 12 7 12 13 7 3 7 0 9 8 0 0 3 0 11 0 7 9 0 9 12
split_gain=21.118 14.5635 8.56985 10.871 13.0305 10.7273 9.44098 9.27179 9.96875 8.20788 8.66833 7.6008 7.42099 6.96209 6.58031 6.53494 10.8461 5.62998 8.79412 5.60487 5.14671 7.06726 5.83417 5.11145 7.47305 7.45185 5.11017 8.19081 4.92698 4.86356
threshold=-0.15665711307972899 0.010799108437434273 52.494343891402721 -0.073106078874103905 0.9692453164844459 0.015151515151515161 0.083379982233073011 -5.3612248602104344 26.411772521923989 -0.020773754333077491 0.01312013835352553 -0.076461156424809246 1.0000000180025095e-35 0.044394441164678271 -0.09642981978937866 0.031680279095547832 0.0014114080274330065 1.2066170112533989 -8.504160240682948 0.0023810937305803795 -0.0037789746796736408 0.19005911464050398 -0.0044877756239138271 15.500000000000002 0.0019298452930141547 0.025684039328306114 0.7483157336914571 0.0022453406611380993 1.3562374464936582 -0.093419865080061296
decision_type=2 2 2 2 2 2 2 2 2 2 2 2 2 2 2 2 2 2 2 2 2 2 2 2 2 2 2 2 2 2
left_child=-1 19 7 4 6 9 14 8 17 10 -5 12 -6 23 -4 16 -7 18 -3 -2 22 -22 -10 24 -9 -25 -15 -28 -11 -8
right_child=1 2 3 5 11 15 29 13 20 28 -12 -13 -14 26 -16 -17 -18 -19 -20 -21 21 -23 -24 25 -26 -27 27 -29 -30 -31
leaf_value=0.021713912332579272 0.0084303240217362806 -0.035807405684463105 0.023425278401501368 0.002496452624368998 0.0089618019299569762 -0.011707687442846929 0.02384315801771579 -0.012209491829109317 -0.0065171016618269231 -0.014290479815915417 0.029889354039314669 0.046023982258287507 -0.020869594653816936 0.059430097798707941 0.058037070214497659 -0.014911250641306498 0.0028267852686102799 0.047662868378582801 0.02120859103647425 0.036046199203808707 -0.042909689153380316 0.0038825897705418336 0.047150962699356737 -0.0064571115531803884 0.0033539160062159485 0.010177492364645369 0.048719543505252746 -0.037978740878130919 0.018493175767123945 -0.011857863891357703
leaf_weight=107.35671839118004 221.5501424819231 7.9126919507980338 32.42674432694912 52.867981016635895 42.012881308794022 190.26200915873051 18.941425427794456 545.68148246407509 16.917069450020794 42.761239528656006 63.650418981909752 7.7177204936742774 41.381978541612625 6.564962416887286 23.819080129265785 115.62845847010612 394.48507744073868 14.842034131288527 46.545462876558304 20.034854575991631 17.193546548485756 15.206086322665213 7.2273404300212851 299.38694304227829 89.827863812446594 86.857864215970039 5.2352804690599424 5.6797974705696106 15.65679858624935 19.219250485301018
leaf_count=455 899 32 133 213 169 762 77 2186 68 172 258 31 167 27 97 463 1581 60 188 85 69 61 29 1199 361 348 21 23 63 77
internal_value=5.18699e-06 -0.000939325 -0.00220481 0.0010465 0.0120408 -0.00128371 0.0250589 -0.00516519 0.00765263 0.00979166 0.0174604 -0.00144781 -0.00584106 -0.00671734 0.0380827 -0.00405007 -0.00190237 0.0203642 0.0129242 0.0107205 -0.00792665 -0.0209487 0.00954779 -0.00725262 -0.0100096 -0.00271636 0.0245712 0.00360501 -0.00550403 0.00586269
internal_weight=2574.85 2467.49 2225.91 1060.83 185.519 875.312 94.4065 1165.08 125.844 174.936 116.518 91.1126 83.3949 1039.23 56.2458 700.376 584.747 69.3002 54.4582 241.585 56.544 32.3996 24.1444 1021.75 635.509 386.245 17.48 10.9151 58.418 38.1607
internal_count=10374 9919 8935 4263 751 3512 384 4672 507 706 471 367 336 4165 230 2806 2343 280 220 984 227 130 97 4094 2547 1547 71 44 235 154
is_linear=0
shrinkage=0.05


Tree=13
num_leaves=31
num_cat=0
split_feature=12 7 12 11 0 2 2 9 2 3 11 8 9 2 12 11 8 7 8 12 7 3 2 3 3 12 12 11 2 8
split_gain=19.1468 13.2402 9.11656 8.29469 10.139 8.37276 8.00694 8.00968 6.79865 6.06868 5.73066 5.48539 5.70855 5.3541 5.4883 4.92788 10.4018 6.27747 4.85777 6.92865 4.80526 4.78002 11.8979 8.58117 4.63413 4.52435 8.61515 4.36239 4.49201 5.403
threshold=-0.15665711307972899 0.015360612780278666 -0.10539243722268714 5.5000000000000009 -0.0023143383076426874 20.000000000000011 56.176307393535843 0.97483531744139984 68.989794917083728 0.24401050814967734 7.5000000000000009 11.77821692414159 2.3434593178482097 23.760245901639362 -0.084201483089166182 4.5000000000000009 4.0163644006166868 0.047184233139892069 0.40794200645658657 -0.05091458496394239 0.017124790552940233 1.1575055616543206 51.567413522012565 0.67876323045573439 0.30844908253402703 -0.021525649922596542 -0.018257219127580989 1.5000000000000002 26.730391933202522 -5.3612248602104344
decision_type=2 2 2 2 2 2 2 2 2 2 2 2 2 2 2 2 2 2 2 2 2 2 2 2 2 2 2 2 2 2
left_child=-1 3 6 21 5 -5 27 -8 13 -7 -9 -10 24 14 -4 16 -15 -17 -6 -20 -16 23 -23 25 -13 -2 -27 -3 29 -29
right_child=1 2 8 4 18 9 7 10 11 -11 -12 12 -14 15 20 17 -18 -19 19 -21 -22 22 -24 -25 -26 26 -28 28 -30 -31
leaf_value=0.020725148690150186 0.020695377499056235 0.037886286844186046 0.025131924116903844 -0.021494171840905799 -0.0065449933430204001 0.026603793182725793 0.044249059949266423 -0.030420055394395563 0.0058460222480900608 0.08649674553363601 0.022181763539738001 0.0048453348230724398 -0.050909643583694222 0.002547119147469508 0.014731590761811084 -0.008929073079900195 -0.019794014666337754 0.044672399442615737 0.036617078108773175 0.0015065930923875643 -0.046158744119105616 -0.077669094663285976 0.016978894723793585 0.063133158673930517 -0.045021827081358511 -0.016853604089007015 0.014690692818270921 0.017977294644872001 -0.0036188497411939907 -0.021238345628769761
leaf_weight=106.86733418703079 96.775325492024422 7.9740490764379492 26.45876307785511 7.9610348641872397 209.862837895751 28.087681457400322 23.810948804020882 8.2872180938720721 221.19561038911343 4.9792095720767966 13.799659579992293 24.976452589035038 8.4291744828224164 282.23230956494808 6.7346322536468488 891.31324489414692 63.894845902919769 5.4959300756454459 15.845332145690916 124.10043032467365 6.244331493973732 4.9527711421251288 10.074135497212408 8.8602178543806058 5.7271392941474906 30.185830667614937 76.502099514007568 54.446031719446182 186.59870858490467 10.47273477911949
leaf_count=455 393 34 106 32 844 113 101 34 887 20 56 100 34 1131 27 3570 256 22 64 502 25 20 41 36 23 123 313 221 749 42
internal_value=5.41437e-06 -0.000892401 -0.00301123 0.0054419 0.00102456 0.0245396 0.0048817 0.0241322 -0.00457369 0.0356225 0.00244503 0.00279325 -0.0144624 -0.00606921 0.0120682 -0.0066447 -0.00157704 -0.00860059 -0.00173344 0.00548197 -0.0145635 0.0130357 -0.0142165 0.0149645 -0.00445638 0.0128668 0.00576568 0.00147675 0.000322427 0.011651
internal_weight=2573.15 2466.28 1848.09 618.187 390.837 41.0279 305.389 45.8978 1542.7 33.0669 22.0869 260.328 39.1328 1282.37 39.4377 1242.94 346.127 896.809 349.809 139.946 12.979 227.35 15.0269 212.323 30.7036 203.463 106.688 259.492 251.517 64.9188
internal_count=10374 9919 7418 2501 1575 165 1237 191 6181 133 90 1044 157 5137 158 4979 1387 3592 1410 566 52 926 61 865 123 829 436 1046 1012 263
is_linear=0
shrinkage=0.05


Tree=14
num_leaves=31
num_cat=0
split_feature=12 7 12 0 2 8 7 9 12 0 2 3 9 3 0 0 12 2 8 7 2 3 3 8 8 8 9 12 12 0
split_gain=17.3595 12.5925 6.62588 7.98206 7.25983 6.50664 6.71154 5.31481 5.13008 5.07081 4.91169 5.08587 4.68067 4.46966 6.41688 4.90744 4.38984 4.38519 4.8977 6.4316 5.19752 5.0989 4.48897 4.34714 5.00513 4.04845 4.25431 6.91503 6.47433 3.92326
threshold=-0.15665711307972899 0.011214696758121203 -0.11103176474893568 0.010929175309834322 68.989794917083728 3.6133669623341071 0.012037271882128298 0.56053121687902319 -0.011038244316389991 -0.0051288853384413345 68.483503425136306 -1.1590610625839057 0.69860958784071459 0.41347259395777131 0.0052742242005848709 0.0018842712660684542 -0.011932101552811785 65.39126963002397 -10.96993815403548 0.0406098476364583 23.760245901639362 -0.21841429278087418 -0.52524052240041075 1.1039118197094784 1.7611083970018586 2.0784723126980755 1.2066170112533989 -0.019940390961185158 -0.026189848604014156 0.0027521487681822971
decision_type=2 2 2 2 2 2 2 2 2 2 2 2 2 2 2 2 2 2 2 2 2 2 2 2 2 2 2 2 2 2
left_child=17 8 3 -3 9 6 -6 -8 16 -4 11 -11 -10 15 -15 -7 25 18 20 22 -1 -21 -20 -14 -25 26 28 -28 -2 -12
right_child=1 2 4 -5 5 13 7 -9 12 10 29 -13 23 14 -16 -17 -18 -19 19 21 -22 -23 -24 24 -26 -27 27 -29 -30 -31
leaf_value=0.061454157868909023 0.019091096522477504 0.0039545702522781924 -0.029499555487259074 0.057103495236329294 -0.030282249063392875 0.022428602372227362 0.061542945793776949 0.017431685692487292 -0.013912470516278723 0.0073763261473957821 -0.0029441716590685521 -0.0045864854922853639 0.066233004202255516 -0.0055521413861552979 -0.066951430033497919 -0.00033480903861255633 -0.03243668548327798 0.064637301385242762 0.044731810044764536 0.05620268132910973 0.0052790860514257826 0.016079588483255591 -0.0080786664925261951 -0.016533108967885558 0.041453690299455295 0.024447940532458325 -0.02318918918184848 0.019501436243083269 -0.0010986040628594598 -0.054311734422108474
leaf_weight=11.439647927880289 80.416219219565392 247.90834215283394 19.965626016259193 7.2714544683694831 6.4452162832021704 26.769733473658562 7.9249102324247351 49.359945699572563 5.3883161842823055 94.476197883486748 6.4755759686231604 1490.8947479575872 8.6388572454452532 16.913453027606014 5.685934215784072 204.91473370790482 6.9085919708013526 5.1831602901220313 4.5395409762859336 10.424386411905287 6.4332734644412986 32.935841768980026 35.424974381923676 5.5040597021579769 11.489279508590696 32.262209802865982 27.98017330467701 14.35085481405258 78.43922033905983 8.726203188300131
leaf_count=52 327 1004 80 32 26 108 32 199 22 379 26 5978 36 68 23 822 28 24 20 47 27 140 145 23 49 133 113 58 318 35
internal_value=5.5609e-06 -0.000847853 -0.00210476 0.00546907 -0.00310173 0.00380545 0.0180915 0.0235341 0.00931257 -0.0044572 -0.00414482 -0.00387359 0.0284485 0.000224997 -0.021 0.00229536 0.00684289 0.0197813 0.0174838 0.0123895 0.0412342 0.0257257 -0.00207996 0.0373535 0.022672 0.00800531 0.00536858 -0.00871643 0.00912188 -0.0324304
internal_weight=2571.49 2465.11 2193.73 255.18 1938.55 318.014 63.7301 57.2849 271.378 1620.54 1600.57 1585.37 31.0205 254.284 22.5994 231.684 240.357 106.381 101.198 83.3247 17.8729 43.3602 39.9645 25.6322 16.9933 233.449 201.186 42.331 158.855 15.2018
internal_count=10374 9919 8812 1036 7776 1278 257 231 1107 6498 6418 6357 130 1021 91 930 977 455 431 352 79 187 165 108 72 949 816 171 645 61
is_linear=0
shrinkage=0.05


Tree=15
num_leaves=31
num_cat=0
split_feature=12 7 9 2 12 12 3 0 12 7 3 8 11 11 8 8 11 2 9 3 2 8 12 9 7 8 11 3 7 3
split_gain=15.7843 11.4697 7.40845 6.51915 7.01135 7.13132 6.46771 7.17241 6.34617 5.4717 5.47083 6.55611 5.77155 5.33581 5.18138 5.14709 9.07077 5.04244 5.55366 4.83145 4.74695 5.40554 4.51015 5.61151 4.29439 4.16769 4.9884 5.78404 7.3477 5.89223
threshold=-0.15665711307972899 0.010799108437434273 0.33197407145317887 68.989794917083728 -0.091932981769753466 -0.086940090045680138 0.30844908253402703 0.0052742242005848709 -0.050353467226218966 0.032847076807191795 -1.0054291466514589 0.19553492352055313 4.5000000000000009 4.5000000000000009 0.91350366494786039 0.16265698496725511 10.500000000000002 66.089455272363878 0.8983580811055577 -0.54595770544265931 26.411772521923989 1.9643444550359737 -0.06258965124511344 0.9692453164844459 0.0173075559337659 4.575556264141281 18.500000000000004 -0.0050325812737729734 0.042074657551904308 -0.17758196519867867
decision_type=2 2 2 2 2 2 2 2 2 2 2 2 2 2 2 2 2 2 2 2 2 2 2 2 2 2 2 2 2 2
left_child=25 10 15 4 20 9 22 8 -8 -6 11 -2 14 -7 -12 16 -3 18 -16 -14 -4 -22 23 -5 -24 26 27 28 -1 -30
right_child=1 2 3 6 5 13 7 -9 -10 -11 12 -13 19 -15 17 -17 -18 -19 -20 -21 21 -23 24 -25 -26 -27 -28 -29 29 -31
leaf_value=-0.030458594345322849 -0.063458437069473558 -0.044393737920834064 0.012636875372200216 0.044985988123248881 -0.014517713381653072 0.00058333353511812083 0.037010377541656404 -0.050433594963699181 -0.015916776128570592 -0.052369798931778178 0.037602435299168756 0.0052672472802261054 0.042616121383628747 -0.0063206771704820246 -0.056823167702977496 0.044863915185972596 0.030247931134290064 0.022461900512860598 0.010153226317915588 0.0035137033943008333 -0.0032818620135698323 0.013212937957550611 0.014561555310032753 0.0077003765409063701 -2.2900046266789839e-05 0.052923515775037525 0.032449478698922438 0.021552765661660749 0.05845515520805359 -0.0093288251967293036
leaf_weight=16.451534509658817 5.4453065246343604 6.2348487675190034 86.241095945239067 16.223904252052307 56.90151509642601 394.03422638773918 7.675845578312873 10.368567302823065 21.604515522718433 11.472248077392576 32.940832808613777 9.5668285191059095 8.3731818497180921 965.8174901753664 4.8688480705022803 13.893782407045363 11.72385700047016 31.181778103113174 8.4959471225738508 139.69722367823124 290.22089223563671 59.924607545137405 71.194069370627403 26.695096522569656 173.41897317767143 8.3077327758073789 31.355361327528954 36.453238263726234 5.6133193820714951 7.475731432437895
leaf_count=67 22 25 349 67 228 1582 31 42 87 46 135 39 34 3871 20 56 47 131 35 568 1166 247 288 108 695 40 137 155 25 31
internal_value=5.97744e-06 -0.000805426 -0.00192743 -0.00227535 -0.00341761 -0.00511239 0.00423443 -0.0146968 -0.00204192 -0.0208688 0.00956555 -0.0196614 0.0115108 -0.00432015 0.022567 0.0220128 0.00433406 0.0114487 -0.0142465 0.00572489 0.00212915 -0.000458909 0.00684493 0.0217948 0.00422187 0.0189302 0.0160292 0.00822751 -0.00821592 0.0197407
internal_weight=2569.87 2464.22 2223.65 2191.79 1864.61 1428.23 327.181 39.6489 29.2804 68.3738 240.57 15.0121 225.558 1359.85 77.4874 31.8525 17.9587 44.5466 13.3648 148.07 436.387 350.145 287.532 42.919 244.613 105.657 97.3492 65.9938 29.5406 13.0891
internal_count=10374 9919 8935 8807 7489 5727 1318 160 118 274 984 61 923 5453 321 128 72 186 55 602 1762 1413 1158 175 983 455 415 278 123 56
is_linear=0
shrinkage=0.05


Tree=16
num_leaves=31
num_cat=0
split_feature=12 7 12 2 0 0 12 2 8 9 2 2 3 0 3 0 0 9 9 2 2 12 2 2 3 2 3 2 2 12
split_gain=14.3442 10.5726 7.05167 6.97406 11.1888 9.69312 9.16906 7.50589 6.8666 6.84722 5.81445 7.22764 7.06604 5.5445 5.53134 5.20768 11.6425 6.89521 6.48188 5.06245 5.31591 5.39441 4.65483 6.79993 4.16598 6.51742 4.8787 3.99937 11.5549 5.99814
threshold=-0.15665711307972899 0.015360612780278666 -0.10539243722268714 20.000000000000011 -0.0023143383076426874 -0.00018422597243552345 -0.043918032142299217 55.07692307692313 -0.70316659246234015 0.64608684559211793 39.044357469014983 41.39609248717408 -0.03466129206200444 -0.00039666687803643035 0.24401050814967734 0.0019298452930141547 0.0032435435927936989 1.2918150192261681 1.3458784215456816 71.875000000000014 23.760245901639362 -0.084201483089166182 49.047532656023229 56.176307393535843 1.1575055616543206 51.567413522012565 0.71790485475112331 68.989794917083728 67.00168350168353 -0.033872722661714559
decision_type=2 2 2 2 2 2 2 2 2 2 2 2 2 2 2 2 2 2 2 2 2 2 2 2 2 2 2 2 2 2
left_child=-1 3 8 -2 14 6 7 -6 10 -10 -3 -12 -13 -8 -5 19 17 -17 -19 20 21 -4 -11 -24 26 -26 -7 28 -18 -29
right_child=1 2 15 4 5 24 13 -9 9 22 11 12 -14 -15 -16 16 27 18 -20 -21 -22 -23 23 -25 25 -27 -28 29 -30 -31
leaf_value=0.01810684426442739 -0.025648963039419714 0.004247413268188986 0.024023834421540213 0.025525187020630766 0.0023671119235383633 0.0090628298647629224 -0.008877530164977632 0.051240355459736722 0.048521765516908372 0.030392390100418578 -0.042055768396170895 -0.02714363673160182 0.016092046996312198 -0.037055061901583183 0.082834218300917639 0.014550477953718978 -0.0058319486409016547 -0.058972419748143649 -0.00069436177416379568 0.015572808344907952 -0.0076713026181737497 -0.015592736982723912 -0.019968033283875891 0.015624152754905061 -0.050222364197595439 0.0061328199724125267 0.042477898959152917 0.0095027054703895608 -0.042988022356968851 -0.008751982694565591
leaf_weight=104.97949859499931 18.130350053310394 156.92275634407997 26.435285270214081 28.040409713983536 68.977761000394821 344.1287030428648 86.647815778851509 8.8657019734382612 13.536168918013571 20.702944785356522 16.729573115706444 16.706624060869217 21.756300374865532 21.863143101334572 4.9543236643075934 153.65129642188549 178.73361863195896 5.4802631437778464 36.878135845065117 25.783740937709808 898.28251516819 12.730833306908606 20.990010440349579 37.206620961427689 7.4546717852354076 16.454440921545029 11.281535625457762 86.983758270740509 23.698380693793297 93.230910867452621
leaf_count=455 73 633 106 113 277 1402 349 36 57 84 67 67 88 88 20 616 716 22 148 104 3600 51 85 156 30 67 46 349 95 374
internal_value=6.21173e-06 -0.00076521 -0.00265847 0.00490244 0.00582767 0.00417682 -0.00516113 0.00793335 0.00429409 0.0156671 -0.000662066 -0.0146206 -0.00268766 -0.0145548 0.0341304 -0.00403173 -0.000282685 0.00962661 -0.00823429 -0.00628395 -0.0068851 0.0111466 0.0100305 0.00278698 0.00876443 -0.0114383 0.0101235 -0.00535869 -0.0101817 5.89614e-05
internal_weight=2568.22 2463.24 1846.44 616.799 598.669 565.674 186.354 77.8435 304.551 92.4357 212.115 55.1925 38.4629 108.511 32.9947 1541.89 578.656 196.01 42.3584 963.232 937.449 39.1661 78.8996 58.1966 379.319 23.9091 355.41 382.647 202.432 180.215
internal_count=10374 9919 7418 2501 2428 2295 750 313 1237 382 855 222 155 437 133 6181 2320 786 170 3861 3757 157 325 241 1545 97 1448 1534 811 723
is_linear=0
shrinkage=0.05


Tree=17
num_leaves=31
num_cat=0
split_feature=12 7 9 7 9 11 7 2 2 2 8 8 0 8 11 12 8 12 12 12 3 2 0 0 2 8 7 2 3 3
split_gain=13.0035 9.98979 7.24089 5.61297 12.3702 8.3884 6.05476 6.56634 7.43541 6.1618 6.92969 6.5896 5.11845 5.01611 8.18804 4.77832 4.60894 4.58484 6.09433 6.11064 6.78111 4.7987 4.35855 4.21351 4.02719 4.51277 5.53464 4.967 4.70156 4.0805
threshold=-0.15665711307972899 0.010612982147635624 0.33197407145317887 0.042822809035846683 0.96198572045547925 9.5000000000000018 0.0406098476364583 60.122814948764329 72.893879936545048 63.694267515923578 3.1232500995314214 -5.3612248602104344 0.0023810937305803795 0.16265698496725511 10.500000000000002 -0.074254461374281072 0.70617614653104976 -0.042075463226407019 -0.036179506064646129 -0.033248796467334391 -1.0054291466514589 25.243085056169139 0.010929175309834322 0.010929175309834322 65.39126963002397 -10.96993815403548 0.0406098476364583 23.760245901639362 -0.21841429278087418 -0.52524052240041075
decision_type=2 2 2 2 2 2 2 2 2 2 2 2 2 2 2 2 2 2 2 2 2 2 2 2 2 2 2 2 2 2
left_child=24 12 13 6 15 22 9 16 -9 11 -11 -4 17 14 -3 23 -8 21 -19 -20 -21 -2 -6 -5 25 27 29 -1 -28 -27
right_child=1 2 3 4 5 -7 7 8 -10 10 -12 -13 -14 -15 -16 -17 -18 18 19 20 -22 -23 -24 -25 -26 26 28 -29 -30 -31
leaf_value=0.058566487984769926 -0.0072439875692609269 -0.042153717648227756 0.0075508247079123965 0.028829985031663227 -0.025661703599344634 0.04324921144305939 -0.02407960308654606 -0.085636318769041181 -0.0081518743710337765 0.012351240473014615 -0.0010871462235521009 -0.0047418203756443653 0.033974539552130471 0.043835768178028547 0.028789012685562849 -0.0092493765314425463 0.036017258100564442 -0.029804531813705876 0.045936635582461471 -0.033360198762787195 0.0070841370815208421 0.039575316756405812 0.007701505121291777 0.078387648577664171 0.061377157972410584 0.042033353009009809 0.052721417549645044 0.0030948419204622777 0.013515394279776854 -0.0088833817057565462
leaf_weight=11.013601973652841 7.6518511474132564 6.2309730350971249 117.71018064022064 34.924806281924248 30.992017269134521 7.1222029328346244 8.9516864717006701 7.2281149178743345 5.4160130470991135 132.62042075395584 346.76083935797215 1476.7880625724792 19.10947248339653 14.319352388381956 11.712894856929777 7.2374658286571494 4.9569963365793219 12.341432005167006 9.323336720466612 11.12676204741001 151.17249761521816 19.218724459409714 14.308764591813086 4.8895341753959647 4.9330905824899665 4.4283390492200843 10.003716766834257 6.3691466003656378 32.455215141177177 35.312879040837288
leaf_count=52 31 25 476 144 125 29 36 29 22 535 1395 5926 83 58 47 29 20 50 38 45 617 79 58 22 24 20 47 27 140 145
internal_value=6.23946e-06 -0.000727017 -0.00174923 -0.0020941 0.00951135 -0.00719301 -0.00264372 -0.0263684 -0.0524465 -0.00233997 0.00263057 -0.00383434 0.00919606 0.0217661 0.00415429 0.0281226 -0.00266133 0.00695021 0.00413226 0.00657267 0.00431139 0.0262427 -0.0151236 0.0349161 0.0172798 0.0150953 0.0102007 0.0382413 0.0227527 -0.00320976
internal_weight=2566.63 2462.11 2232.17 2199.91 99.4748 52.423 2100.43 26.5528 12.6441 2073.88 479.381 1594.5 229.944 32.2632 17.9439 47.0518 13.9087 210.835 183.964 171.623 162.299 26.8706 45.3008 39.8143 104.516 99.5829 82.2001 17.3827 42.4589 39.7412
internal_count=10374 9919 8976 8846 407 212 8439 107 51 8332 1930 6402 943 130 72 195 56 860 750 700 662 110 183 166 455 431 352 79 187 165
is_linear=0
shrinkage=0.05


Tree=18
num_leaves=31
num_cat=0
split_feature=8 7 7 2 12 9 11 8 8 8 12 8 7 0 0 7 11 2 7 7 0 3 11 0 12 0 0 7 9 9
split_gain=12.0288 9.01595 10.2001 7.20909 10.12 7.1569 9.15932 6.64724 6.37979 6.18971 5.65629 10.7693 7.61293 6.66033 11.1547 6.51784 6.45475 6.12829 5.7487 5.48597 5.41541 5.31904 5.36068 6.26711 5.20798 5.28591 4.90278 7.66011 4.66279 4.48316
threshold=-10.96993815403548 0.042822809035846683 0.016943636159716387 65.39126963002397 -0.053199173683661533 0.97483531744139984 9.5000000000000018 3.4057678343148043 4.4853418738469557 -5.2244702922296957 -0.11455300489082441 -0.70316659246234015 0.0406098476364583 0.0019298452930141547 0.0028025998611221261 0.029832707760295934 18.500000000000004 60.122814948764329 0.032107465880783011 0.049536068653547503 -0.0044877756239138271 0.33602190679971539 2.5000000000000004 0.010929175309834322 -0.15388698350481786 0.0050510281650781872 -0.0029666192680542604 0.048196211683053797 0.84032892415501159 1.3677265533933003
decision_type=2 2 2 2 2 2 2 2 2 2 2 2 2 2 2 2 2 2 2 2 2 2 2 2 2 2 2 2 2 2
left_child=19 2 3 7 -5 21 24 9 -6 -2 11 16 13 18 -15 -13 -4 -14 -12 -1 -18 22 23 -3 -7 -26 27 -24 -17 -27
right_child=1 5 10 4 8 6 -8 -9 -10 -11 12 15 17 14 -16 28 20 -19 -20 -21 -22 -23 26 -25 25 29 -28 -29 -30 -31
leaf_value=0.057975875304484142 0.054784768143950058 -0.01210006104549969 -0.0090340913492032143 0.078577249136823568 0.014880210788495342 0.034289295911031296 0.030826301962366603 0.052694446234781513 -0.0098040909387816112 7.9293094610142828e-05 -0.0055007921528144902 -0.0025450200345018964 -0.0036068683878133128 0.014228801935989561 -0.0035683462598782747 0.055664165943974324 0.0044455239631928717 -0.057955891015405631 -0.021478541574174143 -0.0020401547520118731 0.044164808369239722 -0.0052851945361037326 0.057103534303228703 0.048402496045569517 -0.045484187040578467 0.010713359944684836 0.0539533255644363 -0.032332251062732825 0.020042056529475976 -0.027211869918084625
leaf_weight=12.95942395925522 5.2157848030328742 12.103612899780275 116.58568328619003 5.6084585189819327 142.37711763381958 5.739039033651351 18.527413323521614 6.1748182177543631 32.072623983025551 598.13059620559216 822.05137544870377 16.806402608752251 9.1901111304759997 115.9440481364727 365.87096056342125 15.744668632745741 56.648704901337624 11.906735643744467 60.434831723570824 5.3918719887733451 10.113720431923864 12.540268823504446 4.7439426332712156 6.6217975318431845 11.475158497691153 17.815653696656231 25.3742895424366 4.8335156142711639 22.054234579205513 13.850252643227575
leaf_count=61 21 50 472 23 584 26 80 25 131 2414 3297 69 37 465 1467 67 233 48 243 23 41 52 21 29 46 72 108 21 92 56
internal_value=6.63724e-06 -0.000284035 -0.000984151 0.00367716 0.0124674 0.0123583 0.000889444 0.00108044 0.010342 0.000552209 -0.00325136 0.00387013 -0.00447453 -0.00401363 0.000714363 0.0233613 -0.0019348 -0.0342806 -0.00659499 0.0403423 0.0104625 0.0240333 0.0308828 0.00929523 -0.0104578 -0.0164104 0.0424484 0.0119674 0.03488 -0.00587464
internal_weight=2564.91 2546.56 2412.93 789.579 180.058 133.625 67.4075 609.521 174.45 603.346 1623.35 237.953 1385.4 1364.3 481.815 54.6053 183.348 21.0968 882.486 18.3513 66.7624 66.2174 53.6772 18.7254 48.8801 43.1411 34.9517 9.57746 37.7989 31.6659
internal_count=10374 10290 9729 3198 738 561 280 2460 715 2435 6531 974 5557 5472 1932 228 746 85 3540 84 274 281 229 79 200 174 150 42 159 128
is_linear=0
shrinkage=0.05


Tree=19
num_leaves=31
num_cat=0
split_feature=8 7 7 9 2 2 0 0 12 2 3 12 0 7 2 7 12 12 2 8 3 7 3 2 0 0 11 0 7 8
split_gain=11.0363 8.17456 9.27549 6.60003 7.76254 6.12373 10.2662 8.37713 8.15561 5.34311 5.07042 4.5384 7.54813 9.18746 7.97334 7.2846 8.0566 6.50296 6.42355 7.90407 7.13605 5.7395 6.36015 5.4401 5.39252 4.24207 5.70213 4.83326 6.22375 4.62381
threshold=-10.96993815403548 0.042822809035846683 0.015360612780278666 1.3372032047073457 54.766111391553103 20.000000000000011 -0.0023143383076426874 -0.00018422597243552345 -0.043918032142299217 23.760245901639362 0.24401050814967734 -0.091932981769753466 -0.0016961184587748551 0.025237896248918566 42.91644540372635 0.034970983827660014 -0.085600988331761482 -0.06258965124511344 55.07692307692313 0.96143294175645333 0.11692743190020258 0.018517848771013323 0.11053098190247976 49.047532656023229 -0.00084717194776394347 0.010929175309834322 10.500000000000002 -0.0039911193499093172 0.048196211683053797 0.57674438025430019
decision_type=2 2 2 2 2 2 2 2 2 2 2 2 2 2 2 2 2 2 2 2 2 2 2 2 2 2 2 2 2 2
left_child=9 2 5 25 -5 -2 10 8 -8 -1 -7 18 13 17 -15 24 -17 -13 21 -20 -21 22 -4 -23 -14 26 29 28 -28 -3
right_child=1 3 11 4 -6 6 7 -9 -10 -11 -12 12 15 14 -16 16 -18 -19 19 20 -22 23 -24 -25 -26 -27 27 -29 -30 -31
leaf_value=0.058889433383154492 -0.024263992060792713 0.020404530954580512 0.0096895199877623413 0.031525397811265975 -0.026728948798228781 0.024162499439281802 0.0073354027151182376 0.0079221369734516888 -0.013885225942058647 0.0018816355172760636 0.079247492350716459 -0.010848236338308646 0.0089505043312453434 -0.015538425421561586 0.024083957817492771 -0.068390421341124469 -0.012024244383898725 -0.030205484018630543 0.061387359294860305 0.028185910843673962 -0.012522808639372961 -1.1883716567203614e-05 0.074209201057530663 -0.020240368756425525 -0.002522420955373284 0.041422101236098768 0.050037464292872993 0.069574219726016961 -0.017695647980189737 -0.0056206931497322157
leaf_weight=11.747943177819254 18.132252037525177 31.625647008419037 16.6372634023428 8.0474742054939288 19.760324269533157 27.967670917510986 77.686316251754761 378.32315546274185 108.53195931017399 6.3221346586942664 4.9110694378614417 152.91467840969563 115.74070404469967 22.201195627450943 29.659093767404556 6.9567724764347068 71.447055175900459 60.57462739944458 8.7769782990217191 23.26840603351593 20.034078359603882 336.58606250584126 4.9578974097967139 36.878512173891068 889.88602329790592 15.777642771601675 7.3556407541036624 7.1415265202522269 6.2930361181497574 37.073430493474007
leaf_count=57 73 130 67 35 81 113 313 1545 437 27 20 613 464 89 119 28 287 243 36 99 82 1363 20 149 3569 68 33 31 28 155
internal_value=6.99321e-06 -0.000269454 -0.000935032 0.0117946 -0.00987036 0.00436193 0.00523075 0.00364897 -0.00503243 0.0389443 0.0323905 -0.00274996 -0.0041966 -0.0117551 0.00712176 -0.00234643 -0.0170256 -0.0163406 0.00161571 0.0181214 0.00935185 -0.000560183 0.0245022 -0.00200939 -0.00120197 0.0175177 0.0133032 0.0362461 0.0188076 0.00636003
internal_weight=2563.22 2545.15 2412.07 133.075 27.8078 615.552 597.42 564.541 186.218 18.0701 32.8787 1796.52 1349.38 265.35 51.8603 1084.03 78.4038 213.489 447.139 52.0795 43.3025 395.06 21.5952 373.465 1005.63 105.267 89.4893 20.7902 13.6487 68.6991
internal_count=10374 10290 9729 561 116 2501 2428 2295 750 84 133 7228 5412 1064 208 4348 315 856 1816 217 181 1599 87 1512 4033 445 377 92 61 285
is_linear=0
shrinkage=0.05


Tree=20
num_leaves=31
num_cat=0
split_feature=8 7 7 9 9 11 2 3 0 12 12 0 2 3 12 8 11 3 12 0 0 0 11 3 3 8 3 3 2 3
split_gain=10.1318 7.62314 8.60044 6.25081 6.18892 7.99819 5.06165 6.45409 7.72038 5.1193 8.10824 7.99157 5.03304 4.80288 5.10637 4.68431 5.89433 4.64767 4.54745 4.8733 4.5468 4.33891 5.91522 4.24159 3.83122 8.5669 4.2243 4.57488 3.74526 3.44017
threshold=-10.96993815403548 0.010612982147635624 0.042822809035846683 0.33197407145317887 0.97483531744139984 9.5000000000000018 68.989794917083728 0.30844908253402703 0.0052742242005848709 -0.020424290392166006 -0.031760041468779351 0.00048880559335053194 23.760245901639362 0.33602190679971539 -0.074254461374281072 0.16265698496725511 10.500000000000002 0.27562528754568266 -0.15388698350481786 0.0050510281650781872 0.0023810937305803795 0.0018025380095504048 1.0000000180025095e-35 1.0875981672583359 -0.89764782996566639 0.19553492352055313 -0.54595770544265931 -0.41387816584498149 64.955978628941253 -0.17758196519867867
decision_type=2 2 2 2 2 2 2 2 2 2 2 2 2 2 2 2 2 2 2 2 2 2 2 2 2 2 2 2 2 2
left_child=12 20 3 15 13 18 9 17 -9 10 -5 -11 -1 14 28 16 -3 -8 -6 -20 21 24 -23 -15 25 -2 -26 -28 -4 -7
right_child=1 2 4 6 5 29 7 8 -10 11 -12 -13 -14 23 -16 -17 -18 -19 19 -21 -22 22 -24 -25 26 -27 27 -29 -30 -31
leaf_value=0.05736414422631201 -0.062378807776325866 -0.03537477892307888 0.029863326171769889 -0.0038946247614563183 0.032164567074599505 0.066248977655144134 0.005436286211676483 -0.0026797654589414367 -0.054350417869993742 0.032597761129117997 0.0073832347382232046 -0.028472178407078094 0.0017883814908779133 -0.029574687503259273 -0.011947097931772099 0.041350590389508432 0.023491790541308191 0.049159862419330694 -0.04344995568089971 -0.0054168635196099038 0.031975442587347067 0.024920210872418053 -0.041253692078756683 0.029772229126369006 0.04367212552758435 0.015170767113298372 -0.030734471686299187 0.010291012111526408 0.076850293812548376 0.016220753418658241
leaf_weight=11.464534729719164 5.9695306122303 6.4607675224542644 41.602130979299545 1616.6803086698055 5.6506068259477606 4.5830939263105419 265.49061986804008 29.723543852567673 9.5525299012660962 6.227070525288581 176.80168083310127 38.337058499455452 6.3192875832319251 7.4808281064033491 6.7330199629068366 14.230938807129858 12.440983906388281 6.2201636880636206 11.476581484079359 31.649733200669289 18.839156538248062 5.0479752868413916 10.202279910445212 5.0385554432868958 9.0348277837038022 8.8275850713253003 7.088807374238967 164.15507964789867 4.7223987728357306 13.732797116041182
leaf_count=57 24 26 180 6504 26 21 1073 120 39 25 712 154 27 31 27 58 50 25 46 128 83 21 42 21 37 36 29 671 22 59
internal_value=7.158e-06 -0.000255746 -0.00111692 -0.00186839 0.0112434 0.000566852 -0.00220067 0.00369864 -0.0152468 -0.0031988 -0.00278285 -0.0199387 0.0376159 0.0221667 0.0287397 0.0196836 0.00337073 0.00643723 -0.0100119 -0.0155381 0.00844315 0.00633533 -0.0193495 -0.00568991 0.00834327 -0.0161147 0.0103508 0.00859272 0.0346533 0.0287391
internal_weight=2561.78 2544 2314.84 2182.17 132.67 67.0928 2149.03 310.987 39.2761 1838.05 1793.48 44.5641 17.7838 65.5769 53.0575 33.1327 18.9018 271.711 48.7769 43.1263 229.165 210.326 15.2503 12.5194 195.076 14.7971 180.279 171.244 46.3245 18.3159
internal_count=10374 10290 9347 8786 561 280 8652 1257 159 7395 7216 179 84 281 229 134 76 1098 200 174 943 860 63 52 797 60 737 700 202 80
is_linear=0
shrinkage=0.05


Tree=21
num_leaves=31
num_cat=0
split_feature=8 7 7 9 9 2 2 3 0 3 7 12 0 12 12 9 12 9 3 3 9 9 8 8 11 12 0 8 11 0
split_gain=9.30458 6.94898 7.74528 5.93681 5.77339 6.73933 5.27948 5.0375 8.55744 5.35675 4.9236 4.73544 7.44518 5.77463 4.28418 5.55802 5.84422 6.07682 5.40682 5.35953 4.85102 4.54837 4.70906 4.53449 7.73432 6.3828 4.16117 4.0453 4.75096 3.90627
threshold=-10.96993815403548 0.010225120097529775 0.042822809035846683 0.33197407145317887 1.3372032047073457 54.766111391553103 68.989794917083728 0.2992584644273717 0.0052742242005848709 0.27562528754568266 0.049536068653547503 -0.019055283790563062 0.00052020052081453935 -0.031760041468779351 -0.011038244316389991 1.3981749036880753 -0.026189848604014156 1.2331709870973901 -0.65669051721270322 1.448432739123735 0.88885107977028077 0.75649761196913901 1.140219240775435 -0.06852667492387822 10.500000000000002 -0.032025477216748761 0.010194863754946938 0.16265698496725511 11.500000000000002 0.010929175309834322
decision_type=2 2 2 2 2 2 2 2 2 2 2 2 2 2 2 2 2 2 2 2 2 2 2 2 2 2 2 2 2 2
left_child=10 14 3 27 29 -6 11 9 -9 -8 -1 13 -13 -5 15 16 17 20 -18 -20 -2 -16 -23 25 -25 -17 -7 28 -3 -4
right_child=1 2 4 6 5 26 7 8 -10 -11 -12 12 -14 -15 21 23 18 -19 19 -21 -22 22 -24 24 -26 -27 -28 -29 -30 -31
leaf_value=0.053893987453113967 0.011983352489937385 -0.026162039507585434 0.012069675698771619 -0.0037029586758792459 0.029409800373304207 -0.048055447278386544 0.0054018428268630203 0.00023796774703454556 -0.053311982144423731 0.056615694003879738 -0.0037419502327388551 0.03516973490986184 -0.030951270624984324 0.0053889102353168539 -0.0077008461207380046 0.0035182485910123344 -0.035803467416464056 -0.030794635945948157 0.0086320412129921829 -0.041770609846743557 0.040922145127628762 0.072317102012661588 0.021466829142336306 -0.024134159159622987 0.051938635425083438 -0.071880031449579662 -0.0021669500935292459 0.039483177434027517 0.024669998249548172 0.039218921219947273
leaf_weight=12.169232264161112 30.680442541837692 7.6895731985569027 88.800193980336189 1621.560397207737 7.9184825718402889 9.9112775325775164 269.58048944175243 31.877196192741394 9.7399825900793058 5.2044042497873297 5.3276107013225547 4.9743326157331458 29.535413563251495 195.7259005010128 6.9851007759571102 4.9499045014381409 8.8772595226764661 5.1961203366518012 78.180789262056351 5.6557870060205451 27.427462175488472 6.9786081165075329 13.098403751850126 9.4353357553482038 5.1730750203132621 6.4834231585264224 9.84986963868141 14.160602763295172 11.428453817963598 15.572542846202849
leaf_count=61 126 31 377 6524 35 41 1091 129 40 21 23 20 119 789 29 20 36 21 320 23 113 30 57 39 21 26 40 58 46 68
internal_value=7.4061e-06 -0.000242641 -0.00102513 -0.00173064 0.0107365 -0.00956494 -0.00205231 0.00391657 -0.0122947 0.00637183 0.0363444 -0.00307217 -0.0214204 -0.00272374 0.00848897 0.0057298 0.009299 0.0210102 0.00130269 0.00523178 0.0256427 0.0270512 0.039142 -0.0156535 0.00280445 -0.0392374 -0.0251825 0.0192277 0.00422455 0.0161204
internal_weight=2560.15 2542.65 2333.53 2201.48 132.052 27.6796 2168.2 316.402 41.6172 274.785 17.4968 1851.8 34.5097 1817.29 209.122 182.06 156.018 63.304 92.7138 83.8366 58.1079 27.0621 20.077 26.0417 14.6084 11.4333 19.7611 33.2786 19.118 104.373
internal_count=10374 10290 9429 8868 561 116 8733 1281 169 1112 84 7452 139 7313 861 745 639 260 379 343 239 116 87 106 60 46 81 135 77 445
is_linear=0
shrinkage=0.05


Tree=22
num_leaves=31
num_cat=0
split_feature=8 7 12 8 9 0 0 0 12 2 2 7 7 0 12 0 12 2 12 3 3 11 3 9 12 9 12 11 9 3
split_gain=8.54389 6.28849 7.12934 6.81982 6.51713 5.73311 7.25569 6.35224 7.08123 7.75757 7.43183 5.82901 5.51538 6.23009 5.34506 4.92109 5.8945 4.65711 4.65512 4.64924 4.24969 4.84913 8.02999 5.23562 3.91548 5.02093 5.30494 5.77279 5.27728 4.88769
threshold=-10.96993815403548 0.010225120097529775 -0.11103176474893568 -0.811158707947082 0.64608684559211793 0.00065044103703873078 0.00068328219209867096 -0.00049855503084430478 -0.034937128426369188 62.074751214996546 68.483503425136306 0.02118812682525437 0.029832707760295934 -0.0026792106438764387 -0.019055283790563062 -0.0054279090843211185 -0.06258965124511344 23.760245901639362 -0.042424242424242344 0.28186116846964343 1.1575055616543206 15.500000000000002 -0.071462546555547027 1.1257816669112641 -0.011038244316389991 1.3981749036880753 -0.026189848604014156 5.5000000000000009 1.2331709870973901 -0.72653197896609656
decision_type=2 2 2 2 2 2 2 2 2 2 2 2 2 2 2 2 2 2 2 2 2 2 2 2 2 2 2 2 2 2
left_child=17 24 3 20 -5 7 -7 15 9 -9 -10 14 13 -6 -8 -4 -17 -1 -13 -14 21 22 -3 -23 25 26 27 -2 -29 -28
right_child=1 2 5 4 12 6 11 8 10 -11 -12 18 19 -15 -16 16 -18 -19 -20 -21 -22 23 -24 -25 -26 -27 29 28 -30 -31
leaf_value=0.054807148581011336 0.056826459618198349 -0.026044251080099508 -0.032498617044623701 0.045492279175723412 0.015701651356846716 0.050562660285969285 0.0073447090512857253 -0.019048510449021241 0.0087613965387255618 0.0073673222195222744 -0.052220290654808689 0.00031219960365374525 0.025213741327554051 -0.045339479898337517 -0.0073582840338446143 0.0017032434810484898 -0.0077123427466304672 0.00077573102684360448 -0.0093047991897808602 -0.0045756372102332176 -0.031676616748099996 0.0030123208339624744 0.003920025546849228 0.026359843003299563 0.025907105877504395 -0.014865937845995401 -0.036316261572768543 0.018792150429218561 -0.035346641985576674 0.004750062992983548
leaf_weight=10.940767362713816 9.1213312894105893 32.598408982157707 13.207994431257246 16.389036193490028 8.3990784287452716 7.2227453589439383 343.60708248615265 191.50199644267559 58.969896361231804 32.511576548218727 5.4586482495069495 350.79643228650093 49.882510706782341 8.3217799961566907 75.372290700674057 459.8568008095026 260.32129581272602 6.2756601125001898 196.21547374129295 17.761515378952026 9.486935079097746 91.144488498568535 71.180082961916924 32.600424349308014 26.855498373508453 26.045549139380455 7.9229863137006751 48.989295780658722 4.9566833525896064 84.743117213249207
leaf_count=57 38 134 53 71 34 29 1388 770 237 131 22 1409 221 34 305 1846 1045 27 787 75 39 374 290 135 116 106 32 202 20 347
internal_value=7.54203e-06 -0.000230264 -0.000974066 0.00574369 0.0166406 -0.00211139 0.000635068 -0.00472719 -0.0110133 -0.0152147 0.00359478 0.000261758 0.0110357 -0.0146778 0.00469971 -0.00225486 -0.00170019 0.0351118 -0.00313746 0.0173918 0.00111139 0.00247854 -0.00549221 0.00916319 0.00808641 0.00545363 0.00885197 0.020038 0.0138178 0.00123888
internal_weight=2558.66 2541.44 2332.81 337.764 100.754 1995.04 973.214 1021.83 288.442 224.014 64.4285 965.991 84.3649 16.7209 418.979 733.386 720.178 17.2164 547.012 67.644 237.01 227.523 103.778 123.745 208.634 181.779 155.733 63.0673 53.946 92.6661
internal_count=10374 10290 9429 1407 435 8022 3918 4104 1160 901 259 3889 364 68 1693 2944 2891 84 2196 296 972 933 424 509 861 745 639 260 222 379
is_linear=0
shrinkage=0.05


Tree=23
num_leaves=31
num_cat=0
split_feature=12 7 2 12 8 12 3 8 7 0 11 12 0 3 13 0 0 2 12 3 8 8 7 7 12 9 7 11 2 3
split_gain=7.85268 6.31981 5.68507 9.25137 6.02349 5.98363 9.80653 5.8061 5.38558 5.44355 5.32985 5.2409 5.56774 4.78041 4.32426 4.31575 10.9495 6.63298 4.59938 6.30708 4.84633 7.38486 7.09564 4.52792 5.37148 4.33228 4.29777 4.19261 6.81505 6.05476
threshold=-0.15665711307972899 0.016943636159716387 65.39126963002397 -0.053199173683661533 3.4057678343148043 -0.063943439010824443 0.37002368087594756 4.4853418738469557 0.0099952522891580877 0.0010247070695032364 17.500000000000004 -0.11103176474893568 0.0073999881961986933 -0.0025208633730633896 1.0000000180025095e-35 0.0019298452930141547 0.0026503281405473537 75.517339803054071 -0.028749278177816421 -0.20939012380561814 -3.0551844183145884 -3.1228515733045792 0.018517848771013323 0.059962499895075259 -0.042870513568655295 0.67128587117973371 0.026013785272929153 18.500000000000004 46.472473604826526 -0.054412225554269479
decision_type=2 2 2 2 2 2 2 2 2 2 2 2 2 2 2 2 2 2 2 2 2 2 2 2 2 2 2 2 2 2
left_child=26 2 4 -4 5 6 10 -5 14 -10 -2 12 -3 -14 -7 18 17 25 20 -20 21 -13 -22 24 -18 -17 -1 28 29 -28
right_child=1 11 3 7 -6 8 -8 -9 9 -11 -12 15 13 -15 -16 16 23 -19 19 -21 22 -23 -24 -25 -26 -27 27 -29 -30 -31
leaf_value=-0.039342894044182369 -0.0041242683331972211 0.0025010878550295952 0.074794923207096922 0.013301184591824916 0.050151382141669865 0.00069556965797713778 0.062226009723620239 -0.010283737310532108 -0.0085690782364244017 0.0050383428606700928 0.022769807365479063 -0.001017241152248292 0.053945079453976412 -0.007220968040907748 0.019378236526005701 0.043554121764254015 0.0028127911285054565 -0.039805592923649082 -0.028553101319828279 0.033833735049216974 -0.020289803394015329 0.057803424195113633 -0.0060462671063406335 -0.048715923244768922 -0.008178321990630873 0.013578217749108334 -0.020432055567086452 0.031947282540238965 0.035191221193032626 0.014452040076714294
leaf_weight=3.6843831390142432 45.315528467297554 237.46534651517868 5.5036538988351813 141.39162994921207 6.1290026456117621 99.904535904526711 8.9151379615068418 32.000916182994843 271.01249150931835 100.84604330360889 31.041643843054771 191.74542570114136 9.9314579069614393 4.7089561671018592 44.888739958405495 14.215296551585196 219.21095640957355 5.2147198915481559 5.4909680783748653 15.450283303856848 104.12304256856441 5.4888284951448432 545.62424595654011 5.4254530668258658 225.52061638236046 79.258524641394615 21.612110495567322 28.135515108704567 18.341999724507332 29.306083232164383
leaf_count=15 182 964 23 584 25 408 36 131 1089 409 125 769 47 21 186 57 881 21 22 62 418 22 2192 22 905 318 91 130 88 131
internal_value=7.67283e-06 -0.000554482 0.00313922 0.0109741 0.000834097 0.000331931 0.0126028 0.00894841 -0.00169336 -0.00487882 0.00680904 -0.00229623 0.00434608 0.0342716 0.00648756 -0.00347819 -7.91168e-06 0.0150752 -0.00567268 0.0174754 -0.00624501 0.000619678 -0.00832882 -0.0033146 -0.00276073 0.0181369 0.0136657 0.015671 0.00905903 -0.000354434
internal_weight=2556.9 2455.82 786.949 178.896 608.053 601.924 85.2723 173.393 516.652 371.859 76.3572 1668.87 252.106 14.6404 144.793 1416.77 548.846 98.6885 867.923 20.9413 846.982 197.234 649.747 450.157 444.732 93.4738 101.08 97.3957 69.2602 50.9182
internal_count=10374 9919 3198 738 2460 2435 343 715 2092 1498 307 6721 1032 68 594 5689 2204 396 3485 84 3401 791 2610 1808 1786 375 455 440 310 222
is_linear=0
shrinkage=0.05


Tree=24
num_leaves=31
num_cat=0
split_feature=8 9 7 7 9 11 2 8 3 0 3 0 3 7 12 0 12 11 0 0 9 0 7 8 3 3 9 8 12 3
split_gain=7.52355 5.6995 5.75391 5.63835 5.36341 6.94879 4.80035 4.7015 6.98582 4.80659 4.57934 7.71015 4.89664 4.56155 4.33672 6.72968 4.74496 4.09422 4.83882 6.21077 4.69464 3.82201 5.17026 3.9079 3.81763 3.82306 3.36541 3.31245 2.77385 2.74144
threshold=-10.96993815403548 0.33197407145317887 0.042822809035846683 0.010225120097529775 0.94375802855882984 10.500000000000002 68.989794917083728 -0.90748145914914213 -0.20484286163487025 -0.002006120654745609 0.2992584644273717 0.0052742242005848709 0.27562528754568266 0.049536068653547503 -0.019055283790563062 0.00052020052081453935 -0.031760041468779351 2.5000000000000004 0.010929175309834322 0.0071744557495509809 0.80091114784164097 0.0095036313553859206 0.056371742635609276 0.8810976656786762 2.1243946271890457 0.71790485475112331 1.3981749036880753 3.0187280729924475 -0.19148462437768471 1.1575055616543206
decision_type=2 2 2 2 2 2 2 2 2 2 2 2 2 2 2 2 2 2 2 2 2 2 2 2 2 2 2 2 2 2
left_child=13 7 3 24 17 21 14 9 -9 -2 12 -12 -8 -1 16 -16 -5 18 19 -4 27 23 -23 -6 25 26 -3 -19 -7 -27
right_child=1 2 4 6 5 28 10 8 -10 -11 11 -13 -14 -15 15 -17 -18 20 -20 -21 -22 22 -24 -25 -26 29 -28 -29 -30 -31
leaf_value=0.050963360477187247 0.025845416496582143 0.0091755480984180935 0.018388320773241533 -0.0033469890452555379 0.0025881216663671599 0.0091562444608403824 0.0052896164651632044 -0.010577741719468986 0.048951620876487051 -0.030162180566719595 0.00026162260495626015 -0.050747159930699649 0.054348852628119393 -0.0051620817310901838 0.033509636240138488 -0.02941289912247343 0.0048990386290626107 0.0077127730446217152 0.041172863465127614 -0.043663195180527109 0.055147291074701059 0.02795286755196268 -0.023899042795066636 -0.031947617607886766 -0.036394741936589099 0.059416024721775998 -0.0093235829808817894 0.051201908367277782 0.050450329175517498 0.011576407528195037
leaf_weight=11.534106507897379 7.4095340520143509 155.14495395123959 8.640516355633741 1620.3009368181229 13.530316412448881 8.4182308465242404 269.28123310208321 6.8552413433790234 17.532464250922203 7.9311966449022275 31.845711916685104 9.6539932787418348 5.1841616779565802 5.2762519419193259 4.9637459814548484 29.525035947561264 195.50421757996082 18.642264217138294 6.2652166783809653 7.5615771859884253 12.988136813044546 13.080593109130861 7.6012343168258658 20.757865369319916 4.9598084092140189 5.963802292942999 29.214850336313248 5.7225875258445731 7.8673910647630683 6.0149267017841339
leaf_count=61 30 643 35 6524 56 39 1091 28 72 32 129 40 21 23 20 119 789 80 29 32 57 54 32 86 20 25 121 27 34 25
internal_value=7.78769e-06 -0.000213004 -0.000511756 -0.00107632 0.00968564 0.000418542 -0.00182013 0.0185764 0.0322183 -0.00311065 0.00387564 -0.0116044 0.00621626 0.0333473 -0.00279276 -0.0203569 -0.00245916 0.0207242 0.003858 -0.0105714 0.0308691 -0.00808019 0.00889563 -0.0183196 0.00692812 0.00802252 0.00624406 0.0179271 0.0291049 0.0353941
internal_weight=2555.17 2538.36 2498.63 2367.56 131.076 71.2556 2166.26 39.7284 24.3877 15.3407 315.965 41.4997 274.465 16.8104 1850.29 34.4888 1815.81 59.8203 22.4673 16.2021 37.353 54.97 20.6818 34.2882 201.298 196.339 184.36 24.3649 16.2856 11.9787
internal_count=10374 10290 10128 9567 561 301 8733 162 100 62 1281 169 1112 84 7452 139 7313 260 96 67 164 228 86 142 834 814 764 107 73 50
is_linear=0
shrinkage=0.05


Tree=25
num_leaves=31
num_cat=0
split_feature=8 9 7 7 9 0 12 0 9 2 2 8 3 0 12 2 8 7 7 12 11 8 3 3 7 3 9 2 3 9
split_gain=6.91028 5.16299 5.21357 5.25254 7.55883 5.27786 7.89841 7.00079 4.9639 5.8535 4.35682 4.27109 6.36972 4.34364 4.26019 5.57726 7.69413 5.56328 10.2925 7.38455 5.46019 3.82798 3.52609 7.21693 4.9177 4.11746 3.14904 1.72048 1.66407 1.27103
threshold=-10.96993815403548 0.33197407145317887 0.042822809035846683 0.016943636159716387 0.36020582267916035 0.00098898899637192344 -0.054741228039777469 0.0013027916566925428 1.3372032047073457 54.766111391553103 23.760245901639362 -0.90748145914914213 -0.20484286163487025 -0.002006120654745609 -0.10692156773281013 55.860721982758612 1.5667807258012763 0.032382044560943644 0.027333668922776135 -0.088955555955358007 18.500000000000004 6.6629522528900784 1.448432739123735 0.35052572207851612 0.047184233139892069 -0.071462546555547027 1.6343062251447187 68.78691897765502 0.14044297412849671 1.0001124382510389
decision_type=2 2 2 2 2 2 2 2 2 2 2 2 2 2 2 2 2 2 2 2 2 2 2 2 2 2 2 2 2 2
left_child=10 11 3 4 -3 6 -6 -7 22 -10 29 13 -13 -2 15 20 -17 18 -16 -19 -5 -11 23 25 -25 -4 -23 28 -14 -1
right_child=1 2 8 14 5 7 -8 -9 9 21 -12 12 27 -15 17 16 -18 19 -20 -21 -22 26 -24 24 -26 -27 -28 -29 -30 -31
leaf_value=0.030323491973674944 0.024607382350180951 -0.059355531801457841 0.0075986939846657778 -0.004621281102583503 0.0098080957813486587 0.026475518337850265 -0.0041998846141680533 0.0048089358595325531 0.027098328717130839 -0.062478645421119597 -0.00088887288611681943 -0.010037996731946478 0.072704531836945877 -0.028672411505007035 -0.0047589011152090735 0.068831519860926907 0.0090343978067856049 -0.033137273643092088 0.0079920454172968235 -0.0070402692724822833 0.010531005638103531 -0.037293189370703965 0.05620905979850295 -0.059228516876877552 0.0023080646180648249 0.029738889444699313 0.0091250613465934903 0.021284384750938707 0.036173444955099235 0.066228217276782214
leaf_weight=4.0614221543073672 7.3936107009649277 4.9254636168479911 46.128109112381935 176.41041220724583 140.17717817425728 44.956380173563957 356.69195479154587 218.41787725687027 7.7705426067113903 4.8948540985584286 6.2060862481594077 6.8624651134014156 7.0311021804809588 7.9262384325265867 952.1464726626873 7.0832263678312328 22.364547565579414 34.245158538222313 189.81176593899727 130.04721538722515 89.680259734392166 6.5684642493724814 4.7791672348976126 5.2866281270980826 8.4137076884508115 38.548011034727097 8.2340167015790922 4.7781465500593177 5.6003503650426865 6.2702504843473434
leaf_count=22 30 20 202 714 565 184 1445 899 35 20 27 28 29 32 3822 30 97 138 762 523 368 27 20 22 35 166 34 20 23 35
internal_value=7.91167e-06 -0.000202077 -0.000486057 -0.00102271 0.00238516 0.00278517 -0.00024794 0.00850729 0.00923833 -0.00965048 0.0322237 0.0177123 0.0307593 -0.00295871 -0.00265064 0.00277047 0.0234177 -0.00387716 -0.00263949 -0.0124799 0.000485478 -0.0241478 0.014268 0.0122305 -0.0214374 0.0176778 -0.0114726 0.0468406 0.0565079 0.0521139
internal_weight=2553.71 2537.17 2497.58 2366.96 765.169 760.243 496.869 263.374 130.624 27.4679 16.5378 39.5919 24.2721 15.3198 1601.79 295.538 29.4478 1306.25 1141.96 164.292 266.091 19.6973 103.156 98.3765 13.7003 84.6761 14.8025 17.4096 12.6315 10.3317
internal_count=10374 10290 10128 9567 3113 3093 2010 1083 561 116 84 162 100 62 6454 1209 127 5245 4584 661 1082 81 445 425 57 368 61 72 52 57
is_linear=0
shrinkage=0.05


Tree=26
num_leaves=31
num_cat=0
split_feature=8 9 7 11 8 2 8 2 9 2 11 8 8 2 7 2 11 9 7 7 7 8 3 3 0 7 8 0 2 8
split_gain=6.35121 4.6796 4.71937 5.03706 8.41895 7.80433 7.00224 6.00859 5.58542 5.09935 7.75954 7.10157 6.59581 6.33523 4.84973 4.82068 4.69522 6.50319 4.63618 4.38773 4.18789 3.88303 5.81406 3.96912 3.31185 4.48681 3.63321 3.29795 5.22206 2.70954
threshold=-10.96993815403548 0.33197407145317887 0.042822809035846683 4.5000000000000009 3.3377858500789537 73.333333333333357 3.4767879141469717 74.014209207912259 0.78199110603968525 65.39126963002397 15.500000000000002 5.3042487195173473 0.80722812525808096 29.452054794520517 0.013940300079159284 66.089455272363878 10.500000000000002 0.93072135215566265 0.027333668922776135 0.054730877967777099 0.049536068653547503 -0.90748145914914213 -0.20484286163487025 -0.020542441927198556 0.0095036313553859206 0.056371742635609276 0.8810976656786762 0.010929175309834322 63.220403808603585 -6.1744155501228226
decision_type=2 2 2 2 2 2 2 2 2 2 2 2 2 2 2 2 2 2 2 2 2 2 2 2 2 2 2 2 2 2
left_child=20 21 3 4 8 6 -6 -7 14 10 11 -5 -11 -12 -3 -10 17 27 -14 29 -1 23 -23 -2 26 -26 -19 28 -4 -18
right_child=1 2 16 9 5 7 -8 -9 15 12 13 -13 18 -15 -16 -17 19 24 -20 -21 -22 22 -24 -25 25 -27 -28 -29 -30 -31
leaf_value=0.048680137638566365 0.024377741134560652 0.014285051924280362 0.02061209083286732 -0.0068124128012529983 -0.065437012976882147 0.050716375018296837 -0.010823378339603423 0.0018244768774206576 0.0082032829422770924 0.058693434545325773 0.010996801205261563 0.03061192770185658 -0.00071542549535334992 -0.0016817361601178618 -0.0062217445839797001 0.025703523086938976 0.0089123149283219447 0.0030648010903366616 0.016429543719365499 -0.0052839347991109837 -0.0055793457817838749 -0.0095268036047114237 0.044855524885915141 -0.026673626593005612 0.025333199505951604 -0.022647933173353309 -0.029955927130229366 0.049112962944283203 -0.025846653022374669 0.051302526867449898
leaf_weight=11.010067790746691 7.1477995961904517 39.247022837400436 32.982474863529205 907.92323929071426 6.1843480914831153 6.6955858319997779 115.15361925959587 102.23628252744675 221.15658694505692 5.4967423379421225 126.59211756289005 12.855606809258459 170.56652833521366 444.46264426410198 108.63589495420456 47.869006723165512 5.1347790956497237 13.711941987276075 51.285769656300545 7.3833360224962226 5.2528059780597678 6.868985682725909 17.275270998477936 8.1467251777648908 13.543623775243761 7.6100603789091101 21.224478393793106 7.0686576515436164 7.4067874401807776 14.179607883095741
leaf_count=61 29 162 139 3656 25 27 464 415 895 23 513 52 693 1795 437 199 23 57 211 34 23 28 72 33 56 32 88 34 32 66
internal_value=8.00852e-06 -0.000191725 -0.000461675 -0.000971685 0.00278813 -0.00488528 -0.0136069 0.00482966 0.00702637 -0.00238705 -0.0034501 -0.00628991 0.00458853 0.00112886 -0.000779394 0.0113172 0.0088044 0.00398401 0.00324799 0.0275005 0.0311547 0.016897 0.0293839 -0.00281509 -0.00754185 0.00807194 -0.0169959 0.0176063 0.0120923 0.040033
internal_weight=2552.31 2536.05 2496.61 2366.36 647.178 230.27 121.338 108.932 416.909 1719.18 1491.83 920.779 227.349 571.055 147.883 269.026 130.246 103.548 221.852 26.6977 16.2629 39.4388 24.1443 15.2945 56.0901 21.1537 34.9364 47.4579 40.3893 19.3144
internal_count=10374 10290 10128 9567 2624 931 489 442 1693 6943 6016 3708 927 2308 599 1094 561 438 904 123 84 162 100 62 233 88 145 205 171 89
is_linear=0
shrinkage=0.05


Tree=27
num_leaves=31
num_cat=0
split_feature=8 7 12 2 8 12 12 2 9 8 8 2 8 12 7 7 11 12 8 9 0 2 12 2 0 3 8 11 12 2
split_gain=5.83374 4.43974 5.17878 5.83481 6.17919 6.66869 9.49232 5.57859 5.37144 11.6603 6.97699 5.79789 4.89932 4.66907 6.22588 5.46015 4.61433 6.5958 6.27473 11.0899 6.67399 4.03595 3.93315 4.73171 4.48577 3.7333 3.43181 5.80118 3.50164 6.06795
threshold=-10.96993815403548 0.011214696758121203 -0.091932981769753466 50.363204643391079 -0.6012450591599886 -0.036422530189342044 -0.050598577260032022 48.693375825176425 0.64608684559211793 -0.811158707947082 -2.5775291003092544 31.893606158196587 -1.8999611381865436 -0.086940090045680138 0.029832707760295934 0.036415904311185736 1.0000000180025095e-35 -0.10770211305584154 4.8679118706108424 1.0652514016948478 -0.0016961184587748551 23.760245901639362 -0.013928074015121321 84.379692192192195 0.00058743273007416587 -0.19613623745672484 2.3927277821937909 9.5000000000000018 -0.042075463226407019 25.243085056169139
decision_type=2 2 2 2 2 2 2 2 2 2 2 2 2 2 2 2 2 2 2 2 2 2 2 2 2 2 2 2 2 2
left_child=21 26 8 7 5 6 -5 13 9 10 11 -3 -9 14 -4 -15 17 -10 20 -20 -18 -1 24 -24 -6 -12 28 -28 29 -2
right_child=1 2 3 4 22 -7 -8 12 16 -11 25 -13 -14 15 -16 -17 18 -19 19 -21 -22 -23 23 -25 -26 -27 27 -29 -30 -31
leaf_value=0.049996945163171186 -0.016666769479801984 -0.0042963284250028292 -0.012066383972299905 0.023948080084720651 -0.0063240680602804442 0.070501082731415657 -0.028502265580361952 0.022912143259139813 -0.00075897905639168463 0.043329670483143116 0.0099903148496851002 0.028287711525995147 -0.024743893049340854 -0.0036694412808486567 -0.063632033841224789 0.036825248358351985 0.0038826208126339027 -0.073790323117381512 0.054053923637012405 -0.0023857103988223498 -0.01114239396467843 -0.0015994465381079402 -0.0074424849026783176 -0.055954236007031921 0.0017072319869541703 -0.04143577318474706 0.030370241887861672 -0.026604233803433693 0.0013079248802335712 0.031629068572152051
leaf_weight=9.8311454951763135 8.8554925024509412 26.85068853199482 46.549526661634445 34.86532661318779 228.48375464975834 5.2361948341131201 11.461960598826407 5.970915123820304 8.2718039304018003 25.170608058571815 5.1801078915596035 27.773407697677612 55.732759192585945 570.51288084685802 6.6955151855945578 8.4475702941417676 296.71722982823849 4.9368055015802375 15.374927848577498 20.058717802166939 98.425354242324829 6.1679062396287909 19.900021478533748 6.7251773178577414 727.2753281891346 11.072874024510382 27.398931339383125 5.3383139669895163 201.00615409016609 24.489644259214401
leaf_count=57 36 110 187 140 919 21 46 24 38 109 21 114 224 2292 27 34 1215 20 73 85 402 27 80 27 2930 45 119 22 828 102
internal_value=8.17358e-06 -0.000181796 -0.000899945 -0.00223552 0.000144781 0.0170164 0.0109712 -0.00578224 0.00337486 0.0140957 0.00371382 0.0122709 -0.0201323 -0.00438167 -0.0185507 -0.00307859 0.00105457 -0.0280549 0.00194755 0.0221039 0.000140067 0.0301057 -0.000740776 -0.0196959 -0.000212731 -0.0250454 0.00591558 0.0210797 0.00379726 0.0188031
internal_weight=2550.78 2534.78 2267.69 1727.86 1033.95 51.5635 46.3273 693.909 539.833 96.0477 70.8771 54.6241 61.7037 632.205 53.245 578.96 443.785 13.2086 430.576 35.4336 395.143 15.9991 982.384 26.6252 955.759 16.253 267.089 32.7372 234.351 33.3451
internal_count=10374 10290 9183 6951 4163 207 186 2788 2232 399 290 224 248 2540 214 2326 1833 58 1775 158 1617 84 3956 107 3849 66 1107 141 966 138
is_linear=0
shrinkage=0.05


Tree=28
num_leaves=31
num_cat=0
split_feature=8 9 7 7 9 12 3 2 7 9 11 9 0 12 7 12 0 7 7 7 2 3 8 3 0 3 3 8 3 3
split_gain=5.35995 4.19915 4.0883 4.47229 6.71163 4.59124 7.56944 7.54402 4.28565 6.44944 5.83972 4.03285 4.59471 4.44464 3.84549 3.53146 8.035 6.37754 5.86637 5.66203 4.47924 4.34545 3.51742 5.32061 3.81993 3.4555 2.45149 1.66004 1.35546 1.07715
threshold=-10.96993815403548 0.33197407145317887 0.042822809035846683 0.016943636159716387 0.36020582267916035 -0.060442473751063271 0.51822614881113138 50.523574561403514 0.056371742635609276 1.3677265533933003 15.500000000000002 0.97889741517388551 0.0095036313553859206 -0.074254461374281072 0.049536068653547503 -0.091932981769753466 -0.0025346845843529152 0.025237896248918566 0.018170222766520458 0.0406098476364583 55.07692307692313 -0.044788700838287447 -0.90748145914914213 -0.20484286163487025 -0.002006120654745609 -0.36033469690784864 -0.057493218502550146 0.80722812525808096 0.11349020326321048 -0.060090305646155064
decision_type=2 2 2 2 2 2 2 2 2 2 2 2 2 2 2 2 2 2 2 2 2 2 2 2 2 2 2 2 2 2
left_child=14 22 3 4 -3 6 -6 -7 10 25 11 13 -13 -4 28 18 17 -17 21 -18 -20 -5 24 -24 -2 -10 -27 -25 -1 -12
right_child=1 2 8 15 5 7 -8 -9 9 -11 29 12 -14 -15 -16 16 19 -19 20 -21 -22 -23 23 27 -26 26 -28 -29 -30 -31
leaf_value=0.02043491770398731 0.023210809509146245 -0.055809833581689519 0.026415580302481464 0.00060291099401500649 0.0079990715723531874 -0.0057812061223844659 0.053990310056065041 0.0052775449838364978 0.037580750486597148 -0.05252713938642805 0.069866337826256147 -0.012118708699382315 0.023773451425266573 -0.018428691768754238 -0.0059311361565476499 -0.022241681702304877 -0.0019574971460610199 0.0045285488596921433 -0.0013666359092843875 -0.032394381898053312 0.014901575653412156 0.061966311226952057 -0.0091623239526125548 0.060135762998001697 -0.026829777449702566 -0.027597552310504161 0.0079653643310333335 0.028834045584274444 0.058895233911018086 0.035962978881542665
leaf_weight=3.3752620518207532 7.3645693212747574 4.9461603611707678 38.236797988414764 4.9783750623464584 95.70215305685997 249.25519363582134 9.8691038489341718 404.45813918113708 5.7923855334520367 6.3911956995725623 4.1238276213407516 30.223116815090179 12.648121654987333 6.4586931169033042 5.2304415106773368 94.06644631922245 1029.0444649904966 29.13983342051506 373.25799071788788 15.509876251220701 47.72177492082119 6.8613619506359083 6.8738519251346615 7.7001872062683132 7.9098344594240171 8.0631133764982259 12.145014181733128 9.4141775220632535 7.1306237131357193 5.424480274319647
leaf_count=20 30 20 168 20 386 1007 40 1660 27 27 21 125 52 26 23 378 4133 117 1513 63 202 28 28 32 32 36 53 40 41 26
internal_value=8.25064e-06 -0.000172435 -0.000427821 -0.000901532 0.00224523 0.00262341 0.0122985 0.00106094 0.00822221 -0.00752698 0.0134752 0.00942648 -0.0015296 0.0199354 0.0290989 -0.00240402 -0.00383385 -0.0159102 0.00145372 -0.00240943 0.00047751 0.0361642 0.016052 0.027994 -0.00270266 0.00353453 -0.00622436 0.0429175 0.046539 0.0506055
internal_weight=2549.32 2533.58 2494.32 2364.81 764.231 759.285 105.571 653.713 129.507 32.3917 97.115 87.5667 42.8712 44.6955 15.7363 1600.58 1167.76 123.206 432.82 1044.55 420.98 11.8397 39.2626 23.9882 15.2744 26.0005 20.2081 17.1144 10.5059 9.54831
internal_count=10374 10290 10128 9567 3113 3093 426 2667 561 143 418 371 177 194 84 6454 4691 495 1763 4196 1715 48 162 100 62 116 89 72 61 47
is_linear=0
shrinkage=0.05


Tree=29
num_leaves=31
num_cat=0
split_feature=8 7 12 2 9 2 8 3 9 0 8 2 9 8 8 11 12 8 9 0 3 2 12 12 12 12 2 9 12 0
split_gain=4.92308 3.99905 4.13127 5.48048 6.00989 6.15437 5.91316 5.22233 4.72704 11.3095 7.04983 10.1687 4.67811 4.45425 4.27742 4.25507 5.9372 5.5981 9.41993 6.22628 4.11074 3.74183 3.32498 7.79792 3.23855 4.5135 10.2094 8.45489 4.90659 6.11034
threshold=-10.96993815403548 0.010225120097529775 -0.091932981769753466 50.523574561403514 1.7436394501872743 48.511157085857839 -0.6012450591599886 -1.0769524651140319 0.64608684559211793 0.0028466281650612185 -0.811158707947082 43.67370578276752 1.8707258496465238 -0.50359168543398003 -0.42872849290964099 1.0000000180025095e-35 -0.10770211305584154 2.661480661544914 0.87778289126163722 -0.0016961184587748551 0.76446028481745254 23.760245901639362 -0.036716862922705241 -0.050598577260032022 -0.011038244316389991 -0.026189848604014156 35.309396485867083 1.2331709870973901 -0.024825140621178694 0.00058743273007416587
decision_type=2 2 2 2 2 2 2 2 2 2 2 2 2 2 2 2 2 2 2 2 2 2 2 2 2 2 2 2 2 2
left_child=21 24 8 4 5 7 22 -4 9 10 11 -3 -6 -8 -15 16 -10 19 -19 -17 -7 -1 23 -5 25 27 -27 -2 -28 -30
right_child=1 2 3 6 12 20 13 -9 15 -11 -12 -13 -14 14 -16 17 -18 18 -20 -21 -22 -23 -24 -25 -26 26 28 -29 29 -31
leaf_value=0.048010545163525625 0.022613610382114232 0.0068826073327864406 0.014226484057998576 0.024900826917443785 0.055108853935408514 -0.015100684961267234 -0.04027444764091874 -0.0056248086062626211 -0.0011216219966296106 0.059055979785168078 0.033844301167307286 -0.050302739043668845 0.0061602168301483958 0.04495053823730448 -0.00041930435908426082 0.002935037209734365 -0.070443446937887511 0.048398673888168937 0.0039052431965529879 -0.012647830662342461 -0.049911995458917703 -0.0022487574792475324 0.055895568161577619 -0.022825452973901442 0.022882913244093184 -0.072399352330098851 -0.038423496398291027 -0.018689693124245451 0.017377569814077062 -0.0079946754130989141
leaf_weight=9.3551501333713514 57.347248300909996 56.174341127276421 35.118819326162338 33.877575382590294 6.4650645554065731 67.337225615978241 6.9763541668653479 585.13389053940773 8.2521141171455366 11.772149384021757 18.631270349025726 9.0224222093820554 19.924640104174614 5.2221406400203696 1000.2617890238762 287.03590086102486 4.9364404976367942 16.264371767640114 44.289345279335976 82.534297347068787 9.7023735046386701 6.1298995316028586 4.9772318303585044 11.451711192727087 26.318693414330482 4.9696497172117224 7.334464654326438 15.804961338639258 45.067734718322754 50.117973431944847
leaf_count=57 239 230 141 136 26 271 28 2353 38 52 80 37 80 21 4035 1175 20 76 189 336 39 27 20 46 116 20 30 64 183 209
internal_value=8.32692e-06 -0.000163544 -0.000756316 -0.00191384 -0.0052699 -0.00615632 0.000371436 -0.00450082 0.00308078 0.0131647 0.00672014 -0.00103113 0.0181519 -0.000459914 -0.000183669 0.000906179 -0.0270686 0.00176395 0.0158559 -0.000545008 -0.0194848 0.0281149 0.017103 0.0128436 0.0064967 0.00410931 -0.00241069 0.0136898 0.000982002 0.00401836
internal_weight=2547.81 2532.32 2325.36 1786.45 723.682 697.292 1062.77 620.253 538.913 95.6002 83.828 65.1968 26.3897 1012.46 1005.48 443.312 13.1886 430.124 60.5537 369.57 77.0396 15.485 50.3065 45.3293 206.961 180.642 107.49 73.1522 102.52 95.1857
internal_count=10374 10290 9429 7196 2910 2804 4286 2494 2233 399 347 267 106 4084 4056 1834 58 1776 265 1511 310 84 202 182 861 745 442 303 422 392
is_linear=0
shrinkage=0.05


Tree=30
num_leaves=31
num_cat=0
split_feature=12 7 7 2 0 0 12 3 0 12 2 2 11 7 9 7 9 3 3 11 9 3 3 2 3 8 0 9 11 8
split_gain=4.5932 5.68553 3.88608 5.13901 8.43464 5.82194 6.7792 6.872 5.23068 4.67116 3.99803 4.02387 4.52523 4.36516 4.07636 4.01225 8.04726 4.84086 9.34835 3.89208 5.38688 3.64416 3.46984 5.4432 4.21629 3.00465 9.74747 11.7557 5.31573 5.1954
threshold=-0.18388396197634374 0.059962499895075259 0.015360612780278666 19.38155243656735 -0.0023143383076426874 -0.00018422597243552345 -0.043918032142299217 -0.45815408896967275 -0.00039666687803643035 -0.058527371941559554 19.38155243656735 18.604651162790663 17.500000000000004 0.020349377336371079 0.97213913857563006 0.044394441164678271 1.0079270953360775 0.14804590347549354 0.046680017718267471 1.0000000180025095e-35 0.73658675390189665 0.12014081004508727 1.1575055616543206 49.710084033613455 0.71790485475112331 5.3042487195173473 0.0060480702069804727 2.2517434714608022 13.500000000000002 4.0887368898771914
decision_type=2 2 2 2 2 2 2 2 2 2 2 2 2 2 2 2 2 2 2 2 2 2 2 2 2 2 2 2 2 2
left_child=1 -1 3 -2 9 6 7 -6 -8 -5 11 12 -4 -14 -15 25 19 18 -18 20 -17 -21 24 -24 -7 29 28 -28 -27 -12
right_child=2 -3 10 4 5 22 8 -9 -10 -11 15 -13 13 14 -16 16 17 -19 -20 21 -22 -23 23 -25 -26 26 27 -29 -30 -31
leaf_value=0.026051081977148768 -0.02533462253121891 -0.01703586716895579 -0.0061665347929801186 0.039613282019176493 0.042827011344391153 0.0063419605694569935 -0.0073136425424395572 0.00044831250299428801 -0.034705625311345766 -0.002852878847785038 -0.0022926239442929899 0.04982274688479834 0.06327496187588999 -0.025206941289323572 0.036914131906782853 0.037374294541926409 -0.0057316243357002344 0.019999239842631886 -0.081275591903218744 0.043101242270891467 -0.032769386308113171 0.010640474273032189 -0.052704581687466223 0.0018141078981628784 0.037746950316316641 0.01610506924996917 -0.0029936633044051128 -0.06190128957921031 -0.017922720708711891 -0.014028691993036524
leaf_weight=33.34380966424942 15.384561046957968 9.9383176863193494 25.019265875220299 24.493294313549995 11.147495612502096 340.32474094629288 86.574669599533081 67.425126045942307 21.820854276418686 8.802918538451193 1441.990079715848 6.3906321227550498 5.6373043954372433 4.8131084442138654 5.8511013239622116 4.7477356046438199 28.965919956564903 12.514580160379408 4.7695162892341605 22.476003363728523 6.4634754061698914 14.051371812820433 6.1975148469209698 17.523203819990158 11.033920109272001 108.33359456062317 77.074111729860306 9.5148047953844053 12.837186962366102 100.89878253638744
leaf_count=165 62 44 104 100 45 1404 350 273 88 36 5811 27 23 20 24 22 121 52 20 101 28 61 25 72 46 439 311 39 53 408
internal_value=8.38674e-06 0.0161576 -0.000270858 0.00319703 0.00393433 0.00248579 -0.00472188 0.00646079 -0.0128279 0.028386 -0.00139007 0.0129001 0.00718967 0.0276885 0.00887685 -0.00175968 0.00830432 -0.00655967 -0.016412 0.0227048 -0.00306487 0.0306142 0.00607865 -0.01243 0.00732819 -0.0023 0.00334487 -0.00946672 0.0125001 -0.00306012
internal_weight=2546.36 43.2821 2503.08 610.728 595.344 562.048 186.968 78.5726 108.396 33.2962 1892.35 47.7114 41.3208 16.3015 10.6642 1844.64 93.9886 46.25 33.7354 47.7386 11.2112 36.5274 375.079 23.7207 351.359 1750.65 207.76 86.5889 121.171 1542.89
internal_count=10374 209 10165 2501 2439 2303 756 318 438 136 7664 198 171 67 44 7466 405 193 141 212 50 162 1547 97 1450 7061 842 350 492 6219
is_linear=0
shrinkage=0.05


Tree=31
num_leaves=31
num_cat=0
split_feature=8 2 9 11 8 11 8 9 7 11 8 2 9 7 2 12 7 13 9 12 12 9 3 8 8 7 8 3 0 3
split_gain=4.37876 3.9012 3.69842 3.65113 8.10655 7.3394 6.90581 6.21918 5.35912 4.41185 6.17399 6.05476 5.80948 5.47314 7.37334 5.434 4.41002 4.58177 6.37737 5.70631 4.39671 4.4937 5.02082 4.97167 3.72445 4.54974 3.18788 4.89582 3.46481 1.78295
threshold=-10.96993815403548 27.786652467163645 0.33197407145317887 4.5000000000000009 3.3377858500789537 2.5000000000000004 3.5551934111427004 0.86080001052697486 0.042822809035846683 15.500000000000002 2.2899737028971985 65.39126963002397 0.98668964690708394 0.025684039328306114 31.034482758620694 -0.074878672822968742 0.059962499895075259 1.0000000180025095e-35 1.1522499379971334 -0.10876752971157257 -0.16389465191332406 0.78199110603968525 -1.2773690423579926 1.7611083970018586 3.8769523416545195 0.028088094592597999 -0.90748145914914213 -0.20484286163487025 -0.002006120654745609 -0.12561875166625425
decision_type=2 2 2 2 2 2 2 2 2 2 2 2 2 2 2 2 2 2 2 2 2 2 2 2 2 2 2 2 2 2
left_child=1 -1 26 4 20 6 -6 -8 9 10 11 -5 -12 14 -11 -15 17 19 -19 -10 -4 23 -23 -22 -7 -26 28 -28 -2 -18
right_child=2 -3 3 8 5 24 7 -9 16 13 12 -13 -14 15 -16 -17 29 18 -20 -21 21 22 -24 -25 25 -27 27 -29 -30 -31
leaf_value=0.042509699464440935 0.021988147850408583 -0.014262844818540425 0.06344157897523052 -0.0069651704249549945 -0.052105361547128227 -0.017939060365989357 -0.024109843972480761 -0.0022147614486259857 0.019011011882956702 0.0095604816046013352 0.012392346890995819 0.012183158641533777 -0.0028523332544820824 0.0062382531425217887 -0.0055592372021382496 0.037415255477478947 0.0099873522333466403 0.024561208097026822 -0.043353442606494146 0.069645852878143094 0.0043931927794435425 -0.012525285805498118 0.012028442601622343 -0.016676629260380126 0.033551094701262343 0.0010724030312430921 -0.0090535171971213926 0.040983781988146721 -0.025737370860613808 -0.030213913862374289
leaf_weight=10.951963469386099 7.3379472494125366 4.1811720579862586 3.3938443213701239 821.26049438118935 8.6636426746845228 8.3633790314197523 40.396114483475685 164.51598876714706 29.992488890886303 109.12854453921318 97.751590430736542 43.468444719910622 173.26710924506187 147.42135189473629 308.80921633541584 15.440062448382376 4.4534299075603485 7.898566856980322 6.1465646028518677 6.8314807713031795 122.39215752482414 22.618959248065948 261.76928195357323 36.301753997802734 23.272989079356194 20.091423124074936 6.8714317381382015 16.940320074558258 7.8940788209438306 7.2447969019412977
leaf_count=66 30 18 15 3310 35 34 168 668 139 441 400 179 701 604 1246 62 21 36 25 28 497 92 1068 149 94 84 28 72 32 32
internal_value=8.3669e-06 0.0268239 -0.000152033 -0.000391377 0.00263508 -0.00428709 -0.00837984 -0.00653113 -0.00160219 -0.0021261 -0.0039388 -0.00600262 0.00264615 0.0014186 -0.0016113 0.00919399 0.0127715 0.0191373 -0.00516025 0.0284046 0.00674836 0.00631411 0.0100755 -0.000426598 0.0126112 0.0185032 0.0151175 0.0265444 -0.00274586 -0.0149096
internal_weight=2545.07 15.1331 2529.94 2490.89 711.78 265.304 213.576 204.912 1779.11 1716.55 1135.75 864.729 271.019 580.799 417.938 162.861 62.5673 50.8691 14.0451 36.824 446.476 443.082 284.388 158.694 51.7278 43.3644 39.0438 23.8118 15.232 11.6982
internal_count=10374 84 10290 10128 2904 1083 871 836 7224 6943 4590 3489 1101 2353 1687 666 281 228 61 167 1821 1806 1160 646 212 178 162 100 62 53
is_linear=0
shrinkage=0.05


Tree=32
num_leaves=31
num_cat=0
split_feature=8 2 7 12 2 8 9 2 12 9 9 0 8 0 8 7 12 7 9 2 12 3 7 0 9 12 12 0 0 9
split_gain=4.02068 3.62907 3.50466 3.38709 4.69091 5.40443 5.38515 5.60107 4.73464 4.24153 4.23167 10.3287 6.40128 9.42866 3.96025 3.98088 3.90537 5.86839 4.4538 7.30223 4.96307 3.714 3.68664 3.15936 3.12858 3.06166 6.99993 3.04755 4.62873 3.14607
threshold=-10.96993815403548 27.786652467163645 0.010225120097529775 -0.091932981769753466 50.523574561403514 -0.6012450591599886 1.7436394501872743 48.511157085857839 -0.08244510760123254 1.8707258496465238 0.64608684559211793 0.0028466281650612185 -0.811158707947082 -0.0030205650450173915 -0.50359168543398003 0.02118812682525437 -0.097918527090523622 0.033684460968588313 0.79173519908658674 56.176307393535843 -0.10692156773281013 0.76446028481745254 0.018031794237614682 -0.00135458745590644 0.58637800884051494 -0.036716862922705241 -0.050598577260032022 0.0023810937305803795 0.0018025380095504048 1.7157437682208003
decision_type=2 2 2 2 2 2 2 2 2 2 2 2 2 2 2 2 2 2 2 2 2 2 2 2 2 2 2 2 2 2
left_child=1 -1 27 10 6 25 7 8 -5 -8 11 12 13 -4 -7 -16 18 22 19 -12 -20 -9 -18 -11 -14 26 -6 28 29 -2
right_child=2 -3 3 4 5 14 9 21 -10 23 16 -13 24 -15 15 -17 17 -19 20 -21 -22 -23 -24 -25 -26 -27 -28 -29 -30 -31
leaf_value=0.041366560754739781 0.0081507531241345708 -0.013503526705963395 0.014233223646592364 -0.014423726249638275 0.023705351274583931 -0.038004249679401136 0.052528338441798918 -0.014251168517997402 -0.0022606753096003434 -0.012125941243126949 -0.01738825611277035 0.056611729208417033 0.017430165003865246 -0.024703324975894919 0.0030074563668159712 -0.0032869087686073425 0.048937585768169423 -0.023337396189180848 0.0049196761669716956 0.026305806118808034 -0.011079084510408775 -0.047388109669126835 0.013164329903425174 0.027902159994991373 0.060888294157173353 0.053649657928069895 -0.021536595093093597 0.028485165696641647 -0.023900150790067316 -0.021358994512526673
leaf_weight=10.698396369814871 169.20698979496956 4.1951005458831778 39.32872773706913 94.383297055959702 33.870985060930252 6.9632032811641684 6.4603490382432964 67.259949147701263 525.37617456912994 10.944222912192348 70.808564811944962 11.576236203312872 12.182601466774942 25.713427603244781 498.17089591920376 506.68989282846451 8.6695636063814145 9.6224034577608091 238.78886818885803 11.054902926087378 60.822054922580719 9.6717765629291517 42.545878931879997 8.9697961658239329 6.2742839753627768 4.9635763615369788 11.436494648456572 14.162210345268248 13.392816573381422 9.5411478728055936
leaf_count=66 701 18 163 380 136 28 26 271 2114 44 290 52 53 104 2019 2037 35 39 1001 53 245 39 171 36 27 20 46 65 56 39
internal_value=8.34835e-06 0.0259111 -0.000144204 -0.00069896 -0.00174659 0.000368203 -0.00485296 -0.00569251 -0.00411299 0.0173244 0.00278118 0.0123512 0.00621495 -0.00115975 -0.000426801 -0.000166407 0.000724094 0.0124888 -0.00115216 -0.0114878 0.00167187 -0.0184171 0.0192199 0.00590376 0.0322034 0.0163696 0.0122854 0.0061012 0.00445134 0.00657559
internal_weight=2543.74 14.8935 2528.85 2322.55 1785.16 1062.1 723.066 696.691 619.759 26.3744 537.388 95.0753 83.499 65.0422 1011.82 1004.86 442.312 60.8378 381.474 81.8635 299.611 76.9317 51.2154 19.914 18.4569 50.2711 45.3075 206.303 192.141 178.748
internal_count=10374 84 10290 9429 7196 4286 2910 2804 2494 106 2233 399 347 267 4084 4056 1834 245 1589 343 1246 310 206 80 80 202 182 861 796 740
is_linear=0
shrinkage=0.05


Tree=33
num_leaves=31
num_cat=0
split_feature=8 2 9 11 8 11 8 9 7 8 9 12 12 7 13 9 12 11 8 8 2 7 9 3 9 8 7 8 3 3
split_gain=3.69141 3.37585 3.32172 3.24332 7.22579 6.63753 6.2049 5.71328 4.75409 4.1661 7.91819 6.35317 4.1583 4.04023 4.13501 5.73084 5.22493 3.97004 5.49128 5.648 5.34171 4.89418 6.42285 5.35679 3.92931 3.37764 4.08944 2.87923 4.47893 3.26485
threshold=-10.96993815403548 27.786652467163645 0.33197407145317887 4.5000000000000009 3.3377858500789537 2.5000000000000004 3.5551934111427004 0.86080001052697486 0.042822809035846683 3.0187280729924475 1.2066170112533989 -0.041715318530252739 -0.16389465191332406 0.059962499895075259 1.0000000180025095e-35 1.1522499379971334 -0.10876752971157257 15.500000000000002 2.2899737028971985 3.0187280729924475 65.39126963002397 0.026940147220910097 1.3677265533933003 0.98326301898207447 0.78199110603968525 3.8769523416545195 0.028088094592597999 -0.90748145914914213 -0.20484286163487025 -0.020542441927198556
decision_type=2 2 2 2 2 2 2 2 2 2 2 2 2 2 2 2 2 2 2 2 2 2 2 2 2 2 2 2 2 2
left_child=1 -1 27 4 9 6 -6 -8 17 12 11 -11 -4 14 16 -16 -10 18 20 -20 -5 22 -19 -23 -14 -7 -27 29 -29 -2
right_child=2 -3 3 8 5 25 7 -9 13 10 -12 -13 24 -15 15 -17 -18 21 19 -21 -22 23 -24 -25 -26 26 -28 28 -30 -31
leaf_value=0.040250908673156803 0.022187221614663213 -0.012788083755232899 0.061047301023188033 -0.0065675228666248024 -0.049363637425124229 -0.017049597505412063 -0.023038278231171688 -0.0020459321469702839 0.01803587895155612 0.055419008013627646 0.074756669443505383 -0.013006855085259459 -0.0015165658201837407 -0.014388336106205983 0.023424964970776622 -0.041099138183852427 0.066699460447947362 -0.003614027305580159 0.016366869192063115 -0.0012631719067712844 0.011437868476431632 0.0129489804662916 0.013252958409445008 -0.022741049031024099 0.008512783710395334 0.031942161869547916 0.0011299594297457228 -0.0087036880170671387 0.039224017686875945 -0.024273974340578673
leaf_weight=10.451525196433066 7.0850149095058432 4.2079694718122473 3.3159520328044882 820.8841251283884 8.6716523021459562 8.3657743185758573 40.36694660782814 164.4688181579113 29.772969767451283 4.9521198570728311 6.3352126926183692 10.769527599215508 154.19961389899254 11.711365625262259 7.8305360078811628 6.1391893178224564 6.7701057642698315 382.25924372673035 57.736823901534081 213.09837259352207 43.368491426110268 120.39715027809143 66.217883914709091 11.519506111741064 266.33572071790695 23.22283461689949 20.079631447792053 6.8728984892368343 16.765875995159149 8.1084563434123975
leaf_count=66 29 18 15 3310 35 34 168 668 139 20 26 45 628 53 36 25 28 1544 234 867 179 495 267 47 1087 94 84 28 72 33
internal_value=8.30052e-06 0.0250262 -0.000136796 -0.000363208 0.00249071 -0.00404523 -0.00793669 -0.00618289 -0.00150477 0.00637754 0.0275635 0.00854643 0.00527504 0.0120717 0.0182064 -0.00493105 0.0270515 -0.00199722 -0.00371719 0.00249521 -0.00566401 0.00136656 -0.00112361 0.00983238 0.00483528 0.0120353 0.0176543 0.0143741 0.0252892 -0.0026082
internal_weight=2542.28 14.6595 2527.62 2488.79 711.084 265.176 213.507 204.836 1777.71 445.908 22.0569 15.7216 423.851 62.2242 50.5128 13.9697 36.5431 1715.48 1135.09 270.835 864.253 580.394 448.477 131.917 420.535 51.6682 43.3025 38.8322 23.6388 15.1935
internal_count=10374 84 10290 10128 2904 1083 871 836 7224 1821 91 65 1730 281 228 61 167 6943 4590 1101 3489 2353 1811 542 1715 212 178 162 100 62
is_linear=0
shrinkage=0.05


Tree=34
num_leaves=31
num_cat=0
split_feature=8 0 0 7 8 7 7 12 8 9 11 3 9 9 7 3 3 2 12 12 3 3 0 7 9 7 3 8 12 12
split_gain=3.40367 7.10682 4.95457 5.92605 10.5392 4.86197 12.7184 7.10995 4.41632 7.36262 3.80343 8.79504 3.67669 3.95095 3.7053 4.02877 5.23061 3.77128 4.742 4.40757 3.50756 6.9253 5.08685 3.5075 3.4957 3.41025 2.96529 2.90008 7.08379 2.73481
threshold=-5.5154683945869092 -0.0027809023866280104 -0.0024881115779446079 0.034338924008561443 -6.1744155501228226 0.025153589627412286 0.026940147220910097 -0.13536845233578668 -4.809614867320593 0.95474058625944236 11.500000000000002 0.1689742277201412 0.33197407145317887 0.36020582267916035 0.0099952522891580877 1.448432739123735 0.76446028481745254 68.989794917083728 -0.020424290392166006 -0.074254461374281072 -0.18224330822006127 -0.065977175474899535 -0.007873959567034133 0.033158470634545682 1.1257816669112641 0.024805139763887301 0.28747679590709213 -6.3705911374249782 -0.10237965143040699 -0.08619597045583674
decision_type=2 2 2 2 2 2 2 2 2 2 2 2 2 2 2 2 2 2 2 2 2 2 2 2 2 2 2 2 2 2
left_child=1 5 -3 10 26 27 7 -7 9 29 11 -4 -10 -14 15 16 -15 18 -16 -19 -8 22 -22 -23 -11 -26 -5 -1 -29 -2
right_child=8 2 3 4 -6 6 20 -9 12 24 -12 -13 13 14 17 -17 -18 19 -20 -21 21 23 -24 -25 25 -27 -28 28 -30 -31
leaf_value=0.040879351159110754 0.0084541042522717422 -0.058109502351939193 0.037017607571572873 -0.078300534332012922 0.033158099597733463 -0.085326255956482577 0.044988528803071054 -0.0094398526516549629 0.015381072249219778 -0.065523605830531018 0.046508558283664958 -0.039144862558440491 -0.032391304708179539 0.0062000252676226771 -0.0013739020554079263 -0.028630258183621155 0.049013200652134492 0.021510328881762034 -0.017227212606549799 0.0021015030494237808 0.012981394186063583 0.0035525250391997831 -0.049887931520535889 0.028940548695318993 0.0021060953859045593 -0.049362068611490506 -0.025708744331798334 -0.015459276986127849 0.056664613501653686 -0.028217178289675383
leaf_weight=20.382487878203392 23.691078484058384 4.9135220199823371 7.665507838129999 6.1114581823348981 4.8856166601181021 5.0655621737241745 8.3698960989713651 7.9006995707750303 37.44810938835144 7.4764446020126369 5.9566914886236182 7.4983111768960953 9.618722051382063 172.93719840049744 1704.9187194705009 7.8474683314561835 7.4410374760627738 32.384947195649147 48.511650741100311 302.26968640089035 5.7670128792524338 23.324352040886879 7.2777144461870176 32.645697094500065 6.7178021818399412 6.1785947978496552 4.7738277912139893 9.0623071640729886 5.4529899209737769 6.473282814025878
leaf_count=84 96 20 31 25 20 21 37 32 157 30 24 31 39 723 6911 32 32 142 196 1224 25 98 30 156 27 26 20 37 22 26
internal_value=8.30134e-06 0.0069067 -0.0109439 -0.00466196 -0.0278527 0.0128648 0.00674239 -0.0390866 -0.000477143 -0.0150997 0.0126548 -0.000643743 -0.00015908 -0.000413659 -0.000278535 0.0064404 0.00796617 -0.000884198 -0.00181251 0.00397972 0.0144213 0.0107142 -0.0220937 0.0183606 -0.0383218 -0.022552 -0.055236 0.0287158 0.0116356 0.000584434
internal_weight=2540.97 167.054 41.8049 36.8914 15.7709 125.249 90.3509 12.9663 2373.91 50.5372 21.1205 15.1638 2323.38 2285.93 2276.31 188.226 180.378 2088.09 1753.43 334.655 77.3847 69.0148 13.0447 55.97 20.3728 12.8964 10.8853 34.8978 14.5153 30.1644
internal_count=10374 713 171 151 65 542 399 53 9661 205 86 62 9456 9299 9260 787 755 8473 7107 1366 346 309 55 254 83 53 45 143 59 122
is_linear=0
shrinkage=0.05


Tree=35
num_leaves=31
num_cat=0
split_feature=8 3 2 7 0 0 2 8 0 12 3 2 8 11 0 0 12 8 8 9 12 3 2 3 0 8 11 11 9 7
split_gain=3.20358 3.30514 4.48766 2.93277 4.71341 5.72188 5.42147 5.33149 7.3273 5.12512 4.36449 3.72514 3.51205 5.76185 3.48556 6.03495 3.45282 5.39995 4.69857 7.63884 4.59646 7.46415 5.70131 5.54209 5.80719 4.67394 4.36262 5.07771 4.00539 4.30072
threshold=-10.96993815403548 0.21496895787844786 22.120513894707418 0.015360612780278666 -0.0023143383076426874 -0.00018422597243552345 20.000000000000011 0.96143294175645333 -0.00039666687803643035 -0.069842671705553819 0.24401050814967734 49.453535594839948 -3.1842710809081747 17.500000000000004 -0.00056627813697075291 -0.0011269966913187051 -0.10539243722268714 -0.811158707947082 -1.4389199386920482 0.7455282001098722 -0.10237965143040699 0.28186116846964343 19.38155243656735 0.024331807315006511 -0.0032188651013769264 -4.5137916300236292 18.500000000000004 3.5000000000000004 0.64608684559211793 0.056371742635609276
decision_type=2 2 2 2 2 2 2 2 2 2 2 2 2 2 2 2 2 2 2 2 2 2 2 2 2 2 2 2 2 2
left_child=1 2 -1 4 6 7 -2 8 9 -6 12 -10 -8 -14 15 -9 17 18 26 -20 21 23 25 24 -18 -22 27 -5 -19 -30
right_child=3 -3 -4 16 5 -7 10 14 11 -11 -12 -13 13 -15 -16 -17 20 28 19 -21 22 -23 -24 -25 -26 -27 -28 -29 29 -31
leaf_value=0.041082774607698963 -0.017600234497042368 0.058535206716566014 -0.026918025846540031 0.029195968558381743 -0.043178849295186131 0.0053306909756005161 0.050358460224936279 0.040491684666308564 -0.021326571861017378 -0.0020089178334962324 0.072787603756450311 -0.066232282413038843 -0.028240315632870196 0.028650410776477543 0.042788760343457855 -0.036240960783377629 0.021914578662961943 0.03488472358564821 -0.07220495623135699 0.0025717779565154041 0.055289046441929363 0.033017458721905535 -0.0020447768082742556 -0.066625747901098306 -0.038906555386673002 -0.005617643765957676 0.010465306163855596 -0.0058160624544133024 0.012211022342281528 -0.021165862943482588
leaf_weight=4.8499527499079687 7.947013407945632 4.5960999131202689 4.8549731522798538 11.058797731995581 7.9748142957687369 374.95195853710175 7.4026250243186942 4.8553364276885986 14.849702447652819 145.0967859774828 4.7449923455715171 6.7028634846210471 6.6010972559452101 13.661481633782387 8.8580856472253782 5.4260917901992816 6.2278524339199128 16.799887180328369 5.8922063261270514 8.1247635185718519 7.908594936132431 5.2047207802534095 1491.9375007301569 8.1571509391069394 10.612005561590196 5.2348247319459897 80.893780320882797 162.84671218693256 84.87948215007782 10.889612808823584
leaf_count=33 32 27 24 46 32 1552 30 20 60 587 20 27 27 56 36 22 25 78 24 33 32 21 6006 33 43 21 340 666 370 51
internal_value=8.30623e-06 0.0236065 0.00706479 -0.000125309 0.0028971 0.0017254 0.0194087 -0.00525119 -0.007997 -0.00415381 0.0284834 -0.0352923 0.0208845 0.0101167 0.0198009 -4.47683e-06 -0.00108576 0.00317214 -0.000677889 -0.0288615 -0.00214348 -0.0214566 -0.00175594 -0.0327988 -0.0164132 0.0310308 0.000872545 -0.00358962 0.0123661 0.00841584
internal_weight=2540.04 14.301 9.70493 2525.74 609.073 568.716 40.3572 193.764 174.624 153.072 32.4102 21.5526 27.6652 20.2626 19.1395 10.2814 1916.67 381.385 268.816 14.017 1535.28 30.2017 1505.08 24.997 16.8399 13.1434 254.799 173.906 112.569 95.7691
internal_count=10374 84 57 10290 2501 2336 165 784 706 619 133 87 113 83 78 42 7789 1608 1109 57 6181 122 6059 101 68 53 1052 712 499 421
is_linear=0
shrinkage=0.05


Tree=36
num_leaves=31
num_cat=0
split_feature=12 9 9 3 2 3 11 3 3 7 7 11 11 3 9 9 0 9 9 9 3 12 3 9 12 12 12 0 12 3
split_gain=3.04065 5.45003 7.01502 5.24093 4.78171 4.21205 3.77349 3.17045 4.43088 6.28402 5.26967 5.37172 5.468 10.1198 9.88326 5.08689 10.1231 5.45064 5.0303 5.01514 4.07564 6.0273 3.984 3.93136 3.91312 3.7081 3.75758 12.7885 3.66234 3.60795
threshold=-0.18388396197634374 0.66730894313150024 0.7755787418806428 -0.23310782499032448 41.39609248717408 0.19934544586402939 15.500000000000002 -0.065977175474899535 0.062443478198833065 0.0042516847646405995 0.038459113701832144 15.500000000000002 7.5000000000000009 0.046680017718267471 1.4387241205804038 1.3458784215456816 0.0064669239778938755 2.3434593178482097 1.9939528439632328 1.3301045699919292 -0.20017353114404332 -0.16389465191332406 -0.0079177990271754439 0.33197407145317887 -0.018662773793370776 -0.011038244316389991 -0.020424290392166006 0.00061742286349448139 -0.018662773793370776 0.0075670730803758446
decision_type=2 2 2 2 2 2 2 2 2 2 2 2 2 2 2 2 2 2 2 2 2 2 2 2 2 2 2 2 2 2
left_child=1 -1 -3 -4 5 6 -5 20 10 -10 11 12 13 -9 -14 19 18 -18 -17 24 25 -22 -12 -23 -11 26 -2 -28 -29 -24
right_child=7 2 3 4 -6 -7 -8 8 9 15 22 -13 14 -15 -16 16 17 -19 -20 -21 21 23 29 -25 -26 -27 27 28 -30 -31
leaf_value=0.052523771923101883 0.00059578760239149104 -0.0530130036359188 0.060239252247845314 -0.021476461968601271 -0.037417210584904478 0.058864703396746168 0.028398480277033556 0.0031154724803471195 0.061716538051770069 -0.0013611930819936715 0.052673736124979935 0.015232254717194511 -0.00039468298558539242 0.040718456987407767 -0.03661656529635831 0.015627541089185525 -0.0081739869797462072 -0.057680964548083372 -0.0032521219828900052 -0.042213539481537915 -0.058961425411538995 0.030072003350230303 -0.026410185485110638 -0.0065710611193626894 -0.017042602840127773 0.038675906223519262 0.026473293140685267 -0.064269475860098735 -0.023040742966554208 0.025582914713117539
leaf_weight=7.3321165144443503 594.98795694112778 4.5196198523044577 5.0535282790660885 7.617253199219709 5.3656011074781409 4.4111057817935935 7.5527772381901741 128.22078675031662 4.0363431423902503 780.86866202950478 9.5570204406976718 85.173084169626236 169.28780341148376 20.794005766510963 21.189221635460854 131.37179777026176 20.079001143574718 7.6886999160051337 48.23551969230175 7.8902028501033774 5.4140801429748526 7.4748693704605094 4.4371411502361324 352.82548820972443 41.918210819363594 6.1454669535160056 11.838760420680044 8.1471555531024915 15.895581617951395 13.453035384416578
leaf_count=36 2417 21 26 37 25 25 39 522 17 3180 42 345 687 85 86 534 82 32 196 32 23 32 20 1428 174 27 48 33 65 58
internal_value=8.29783e-06 0.0133738 0.00505826 0.0138068 0.00440091 0.0158599 0.00335502 -0.000215727 0.00124381 -0.000549607 0.00537752 0.00400517 0.00118847 0.00836271 -0.00442411 -0.000791722 0.00621354 -0.0218822 0.0105572 -0.00254056 -0.00239063 -0.0065977 0.0266106 -0.00581086 -0.00216011 2.46768e-05 -0.000351835 -0.0160653 -0.0370116 0.0126875
internal_weight=2538.78 41.852 34.5199 30.0003 24.9467 19.5811 15.17 2496.93 1494.2 1042.09 452.112 424.665 339.492 149.015 190.477 1038.05 207.375 27.7677 179.607 830.677 1002.73 365.714 27.4472 360.3 822.787 637.015 630.869 35.8815 24.0427 17.8902
internal_count=10374 209 173 152 126 101 76 10165 6092 4247 1845 1725 1380 607 773 4230 844 114 730 3386 4073 1483 120 1460 3354 2590 2563 146 98 78
is_linear=0
shrinkage=0.05


Tree=37
num_leaves=31
num_cat=0
split_feature=8 0 8 9 0 0 8 0 7 11 7 7 8 9 3 7 2 3 2 9 9 7 3 3 2 12 3 2 12 7
split_gain=2.86994 5.6758 5.4995 6.96535 6.05952 5.40473 5.20313 9.0173 9.09001 5.74811 4.00738 4.7082 6.16223 5.91206 5.88948 5.42674 5.02965 3.22675 3.21188 3.17055 3.57355 3.18456 3.60115 4.81597 3.43682 4.39372 4.06806 2.85661 2.70466 3.75062
threshold=-5.3612248602104344 -0.0027809023866280104 -4.809614867320593 0.9269314071906819 -0.0037789746796736408 -0.0024881115779446079 -5.9999118345100468 -0.00039666687803643035 0.032610528070983691 9.5000000000000018 0.023237312410053678 0.033158470634545682 -8.504160240682948 1.3797462035553127 0.1689742277201412 0.03448645749530705 20.000000000000011 -0.14763066396848026 24.377863067970804 0.33197407145317887 0.36020582267916035 0.0099952522891580877 1.448432739123735 0.76446028481745254 68.989794917083728 -0.01268345756443991 0.2992584644273717 19.38155243656735 -0.099745326481505969 0.020882429265269651
decision_type=2 2 2 2 2 2 2 2 2 2 2 2 2 2 2 2 2 2 2 2 2 2 2 2 2 2 2 2 2 2
left_child=1 10 3 -2 -5 -3 7 8 -7 -8 18 12 14 15 -12 -13 -17 -14 28 -4 -21 22 23 -22 25 -23 -26 -19 29 -1
right_child=2 5 19 4 -6 6 9 -9 -10 -11 11 13 17 -15 -16 16 -18 27 -20 20 21 24 -24 -25 26 -27 -28 -29 -30 -31
leaf_value=0.0063161061461461474 -0.00043999015550765175 -0.057064171570633475 0.014328226826814023 -0.078355924730409518 -0.018498385465346323 0.035525461025901851 0.055748205989618896 -0.05499073194025407 -0.036898918050710536 -0.0093540787250868136 -0.060720250961596313 0.063346402616879779 0.04250676496697528 0.065340535168221359 0.0099523567195115587 0.053166741866765746 -0.0013743153559553833 0.028789054164926123 -0.0069192881840517174 -0.03077591591071235 0.0057559720628538782 -0.0015518142930592024 -0.027122538496861599 0.047084123108227141 0.0059321416144024596 -0.047819720599280219 -0.010728464136041241 -0.0054231478672044711 0.069358016899216487 0.056160193504232216
leaf_weight=8.8836207836866397 22.714869767427444 5.176428720355033 37.29456539452076 7.0214328914880779 10.627636313438414 10.440281286835672 6.6326686441898328 9.4228014051914233 7.4056154787540427 6.9364034831523895 7.6839056611061078 4.5979044288396826 5.3706668317317954 5.9593307152390471 4.7828401774168015 4.8635119944810858 32.297153525054455 7.5605040639638892 4.9471801817417136 9.6218433380126935 172.56612060964108 1747.3490628451109 7.8640157431364051 7.3492704182863227 292.40289303660393 5.1462387591600409 41.887850269675255 31.614985525608063 5.1419537067413339 6.5618627369403848
leaf_count=37 92 21 157 29 43 43 27 39 30 28 33 20 22 33 22 26 146 31 20 39 723 7086 32 32 1194 21 172 128 21 27
internal_value=8.42954e-06 0.00616267 -0.000450901 -0.0187484 -0.0423119 -0.00893296 -0.00283205 -0.0154217 0.0054711 0.0224684 0.011495 0.00716471 -0.00253401 0.0187527 -0.0336069 0.0121041 0.00576391 0.00616207 0.0292556 -0.000132759 -0.000368868 -0.00024024 0.00599654 0.00744416 -0.000801457 -0.00168768 0.00384451 0.00117949 0.0379484 0.0274919
internal_weight=2538.13 176.28 2361.85 40.3639 17.6491 46.0142 40.8378 27.2687 17.8459 13.5691 130.265 104.731 57.0129 47.7179 12.4667 41.7586 37.1607 44.5462 25.5346 2321.48 2284.19 2274.57 187.779 179.915 2086.79 1752.5 334.291 39.1755 20.5874 15.4455
internal_count=10374 754 9620 164 72 188 167 112 73 55 566 461 236 225 55 192 172 181 105 9456 9299 9260 787 755 8473 7107 1366 159 85 64
is_linear=0
shrinkage=0.05


Tree=38
num_leaves=31
num_cat=0
split_feature=7 9 9 9 11 9 2 7 8 2 12 2 8 8 7 11 7 3 7 9 12 8 2 8 8 3 0 7 8 9
split_gain=2.85647 5.93928 10.5878 6.02803 5.14989 4.18849 3.75094 3.2815 4.17533 3.83296 4.81985 7.41661 5.5543 4.78767 4.41611 4.0341 3.52948 3.14285 3.12711 4.54702 5.83502 4.67665 5.02491 4.15957 5.41679 3.86918 2.86258 3.46865 2.83496 2.75161
threshold=0.043580589018418193 0.73658675390189665 0.77157413446297995 0.9269314071906819 16.500000000000004 0.6835961401138736 63.220403808603585 0.016943636159716387 -5.2244702922296957 19.38155243656735 -0.054741228039777469 65.207814594905201 -0.21222688958821762 0.030358856615780448 0.013245998230864106 8.5000000000000018 0.013554662611714329 0.12014081004508727 0.017383989906070384 0.85418483717465188 -0.032387765879102914 1.843187464729467 38.008264462809912 1.2895722019332594 -0.29169350109431769 -0.20017353114404332 0.0095036313553859206 0.059962499895075259 -10.96993815403548 0.64608684559211793
decision_type=2 2 2 2 2 2 2 2 2 2 2 2 2 2 2 2 2 2 2 2 2 2 2 2 2 2 2 2 2 2
left_child=7 5 -3 6 26 29 17 8 -1 16 11 15 14 -14 -12 -11 -10 -4 19 21 23 22 -9 24 -21 -24 -5 -28 -20 -2
right_child=1 2 3 4 -6 -7 -8 18 9 10 12 -13 13 -15 -16 -17 -18 -19 28 20 -22 -23 25 -25 -26 -27 27 -29 -30 -31
leaf_value=0.047429900049613449 0.029700890984215335 -0.063741991428115874 0.06108103626469788 -0.012980884952757357 0.037141242685850992 0.069669736975741109 -0.0037380993212364545 -0.055370241118790187 -0.042654608625319335 0.036540467831554305 -0.00035553370361293983 0.06954833672987118 0.02277043858770161 0.0023791617708172536 -0.016012216375645771 0.005909362689049044 0.0025124415475909919 0.015717562103896472 0.031487424395161806 -0.019900397992697175 0.038121303284778425 -0.073879926555682165 0.034159661369415582 -0.0448862635010783 0.044213121469512569 -0.026134417952058755 0.022456722378117387 -0.023486362944505696 -0.0013948768709490991 -0.011864885556470887
leaf_weight=5.0895595103502265 15.222680509090429 5.7954549193382254 9.0493079423904437 43.783406600356102 7.8473979234695426 5.0419660657644263 6.3038787692785254 5.9540721178054872 9.1243302524089831 11.907003983855246 116.2932503670454 5.2553665339946738 30.957616627216339 410.27513901889324 73.505402058362961 110.50672797858715 8.2232919931411725 6.6049086004495612 6.5822775810956946 9.9252091050148028 7.1873837858438483 4.9574206322431555 4.9794355630874669 7.2181447446346274 4.9312684088945415 5.7141728848218865 14.766227558255197 5.691877305507659 1573.128100335598 5.3918385654687873
leaf_count=21 71 26 42 187 42 23 30 24 37 48 473 23 126 1694 296 447 33 29 46 40 29 20 20 29 20 23 62 24 6365 24
internal_value=8.46834e-06 0.0073629 0.00184901 0.00589093 -0.00109539 0.0288202 0.0288272 -0.000374236 0.00229047 0.00199444 0.00252578 0.0113858 0.000733242 0.00380985 -0.00641907 0.00888881 -0.0212441 0.041941 -0.00165078 -0.0138531 -0.00100786 -0.0312506 -0.0185563 -0.0137481 0.00138062 0.00194128 -0.00576617 0.00967438 -0.00125786 0.0188291
internal_weight=2537.21 125.499 99.8425 94.047 72.0889 25.6565 21.9581 2411.72 781.138 776.048 758.701 127.669 631.031 441.233 189.799 122.414 17.3476 15.6542 1630.58 50.8671 29.262 21.6051 16.6477 22.0746 14.8565 10.6936 64.2415 20.4581 1579.71 20.6145
internal_count=10374 560 442 416 315 118 101 9814 3198 3177 3107 518 2589 1820 769 495 70 71 6616 205 118 87 67 89 60 43 273 86 6411 95
is_linear=0
shrinkage=0.05


Tree=39
num_leaves=31
num_cat=0
split_feature=3 3 12 9 12 7 9 8 9 0 9 11 0 8 0 9 2 0 0 7 0 12 0 2 12 9 12 9 0 0
split_gain=2.60072 4.55847 5.95317 4.47334 3.43728 4.52676 4.38481 10.0034 6.67058 6.14501 6.11764 9.19807 5.40564 9.13104 5.73255 4.18596 3.9168 4.827 4.13665 3.89065 3.72207 3.61739 3.42361 7.5404 4.84422 4.29235 9.22238 4.73993 3.26667 4.40545
threshold=-0.065977175474899535 -0.21398505590840519 -0.18388396197634374 0.33197407145317887 -0.09545698924731183 0.018170222766520458 1.3458784215456816 11.03046731492134 1.4492245989070571 0.0086848952416330952 1.2188227955996715 10.500000000000002 0.0037861443165731969 4.9513479641625127 0.0064669239778938755 2.3434593178482097 61.456439393939412 0.0018842712660684542 -0.0015377969111604265 0.016645434263158596 0.00074657966968112656 -0.057411046638261555 -0.0044877756239138271 40.525755089113481 -0.1285639018515731 1.3797462035553127 -0.078947368421052613 1.2066170112533989 -0.0042965583590263918 -0.0039046613032606421
decision_type=2 2 2 2 2 2 2 2 2 2 2 2 2 2 2 2 2 2 2 2 2 2 2 2 2 2 2 2 2 2
left_child=1 2 -1 -3 5 19 9 8 16 10 28 20 13 -10 -14 -7 18 -18 -8 -2 -12 -13 23 -4 -24 27 -27 -26 -6 -30
right_child=4 3 22 -5 6 15 7 -9 12 -11 11 21 14 -15 -16 -17 17 -19 -20 -21 -22 -23 24 -25 25 26 -28 -29 29 -31
leaf_value=0.039638619745033667 0.0035997011596846798 0.031289276775654233 0.0012329662971644851 -0.0068189890770186268 -0.025464877332171378 0.0057399924852294358 0.051940302610365932 -0.022246496237376068 0.0072858696225211739 0.029779138213333146 -0.027634029652239558 -0.019216704351979714 0.034678590764827773 -0.024574058318067069 -0.0073454568787364978 -0.037411526522687415 0.076944076785449594 0.026402647934054696 -0.00014335472248436899 0.062587396653020905 0.0063902646896039283 -0.053370413758030935 0.026746827438301569 -0.042780222822282568 0.00036533974799198157 -0.043735484875782493 -0.0012224573663828118 0.016720818133217626 0.036225638564669461 -0.00067081013187967069
leaf_weight=9.6907834410667402 4.9325563907623273 7.8536950945854178 29.4863391071558 395.43789514899254 13.11436243355274 284.35497912019491 4.958841040730479 27.634315982460976 107.911248087883 15.569882556796072 10.361880853772162 15.371766790747644 26.680725201964378 28.40968245267868 11.662176489830015 5.7334067597985259 6.8008963316679027 15.470410674810408 16.488207578659058 6.4516037851572037 35.839908361434937 15.641879454255102 17.947277650237083 14.524809241294859 424.31785063445568 16.590482637286186 55.204274520277977 49.461842730641365 8.1675931662321073 854.1141661554575
leaf_count=50 21 34 121 1606 53 1214 20 113 438 63 42 62 108 115 47 25 28 63 67 27 146 63 81 59 1720 67 223 200 33 3465
internal_value=8.51044e-06 -0.00194277 0.000758442 -0.00607687 0.00132232 0.00610087 0.00013586 0.00609656 0.00968312 -0.00137876 -0.00188802 -0.0153793 0.00531119 0.000646167 0.0218968 0.00488713 0.0271499 0.0418363 0.0118991 0.0370291 -0.00124052 -0.0364423 0.000138262 -0.0132925 0.00118721 0.000346396 -0.0110465 0.00207283 -0.000698001 -0.000321324
internal_weight=2536.19 1020.52 617.224 403.292 1515.67 301.473 1214.2 246.017 218.382 968.181 952.612 77.2154 174.664 136.321 38.3429 290.088 43.7184 22.2713 21.447 11.3842 46.2018 31.0136 607.533 44.0111 563.522 545.574 71.7948 473.78 875.396 862.282
internal_count=10374 4161 2521 1640 6213 1287 4926 999 886 3927 3864 313 708 553 155 1239 178 91 87 48 188 125 2471 180 2291 2210 290 1920 3551 3498
is_linear=0
shrinkage=0.05


Tree=40
num_leaves=31
num_cat=0
split_feature=7 9 9 9 11 9 7 11 7 8 2 12 2 0 12 11 11 7 7 9 12 8 2 8 8 3 0 7 8 9
split_gain=2.44889 5.42373 9.45133 5.44626 4.65661 3.90409 3.70438 4.53738 2.96925 3.76566 3.42514 4.37485 6.84425 5.11908 7.05594 4.9436 3.65606 3.19828 2.81624 4.14736 5.31956 4.17554 4.63895 3.69795 4.84431 3.47247 2.66984 3.70789 2.58603 2.50045
threshold=0.043580589018418193 0.73658675390189665 0.77157413446297995 0.9269314071906819 16.500000000000004 0.6835961401138736 0.049536068653547503 2.5000000000000004 0.016943636159716387 -5.2244702922296957 19.38155243656735 -0.054741228039777469 65.207814594905201 0.00098898899637192344 -0.020773754333077491 2.5000000000000004 6.5000000000000009 0.013554662611714329 0.017383989906070384 0.85418483717465188 -0.032387765879102914 1.843187464729467 38.008264462809912 1.2895722019332594 -0.29169350109431769 -0.20017353114404332 0.010929175309834322 0.059962499895075259 -10.96993815403548 0.64608684559211793
decision_type=2 2 2 2 2 2 2 2 2 2 2 2 2 2 2 2 2 2 2 2 2 2 2 2 2 2 2 2 2 2
left_child=8 5 -3 6 26 29 7 -4 9 -1 17 12 16 15 -15 -13 -12 -11 19 21 23 22 -10 24 -21 -24 -5 -28 -20 -2
right_child=1 2 3 4 -6 -7 -8 -9 18 10 11 13 -14 14 -16 -17 -18 -19 28 20 -22 -23 25 -25 -26 -27 27 -29 -30 -31
leaf_value=0.045259217895605053 0.028317895793435102 -0.059977037342773369 0.010941129255904375 -0.011390817140681313 0.035618207686080608 0.067419932636765115 0.0061527237935166054 0.075317974039366353 -0.053211993832728538 -0.040482646376805244 0.046755301783993446 0.024512878438383939 0.067359347305782316 0.013279256550945763 -0.003135438132323161 -0.0043552879891006436 0.0065328045746845297 0.0025349319695998438 0.030430768191264099 -0.018917626970151535 0.036550692678810962 -0.070015327494928767 0.032410272165547371 -0.042406104447178967 0.041726343227323444 -0.024713001555592848 0.028437266111884785 -0.024432764326459785 -0.001316460625456629 -0.011334579781058942
leaf_weight=5.0424537360668173 15.048851728439336 5.8691386580467215 4.8229176700115222 48.529868707060814 7.6720636934041968 4.9275791347026816 10.558146938681601 6.3286614269018173 5.9318073689937654 9.1054271459579486 5.9376709908246985 15.48630531132221 5.1438487917184821 147.48953165113926 117.72349846363068 350.0098547488451 116.43286539614201 8.2227302044630033 6.4407631382346144 9.9063733220100421 7.1679251790046683 4.9627518355846396 4.984931960701946 7.2107412517070761 4.9327692091465023 5.7053337842225975 10.898540943861006 4.7666833400726309 1572.6313305199146 5.4032095223665229
leaf_count=21 71 26 20 207 42 23 50 31 24 37 24 65 23 608 493 1423 471 33 46 40 29 20 20 29 20 23 46 20 6365 24
internal_value=8.30627e-06 0.00683702 0.0015718 0.00543215 -0.0011976 0.0274679 0.027379 0.0474758 -0.000345317 0.00219044 0.00191042 0.00241274 0.0108595 0.000705011 0.00599306 -0.00313213 0.00848448 -0.0200695 -0.00155976 -0.0131472 -0.000868151 -0.0297684 -0.0177521 -0.0130322 0.0012414 0.00192391 -0.00559752 0.0123497 -0.00118697 0.0178421
internal_weight=2535.29 124.826 99.446 93.5769 71.8672 25.3796 21.7097 11.1516 2410.47 780.594 775.552 758.224 127.514 630.709 265.213 365.496 122.371 17.3282 1629.87 50.8026 29.2178 21.5848 16.6221 22.0499 14.8391 10.6903 64.1951 15.6652 1579.07 20.4521
internal_count=10374 560 442 416 315 118 101 51 9814 3198 3177 3107 518 2589 1101 1488 495 70 6616 205 118 87 67 89 60 43 273 66 6411 95
is_linear=0
shrinkage=0.05


Tree=41
num_leaves=31
num_cat=0
split_feature=7 12 2 8 9 2 2 0 9 2 9 9 7 11 3 9 12 8 9 8 3 8 12 9 2 12 13 7 7 8
split_gain=2.35998 4.06656 4.14808 8.23679 2.81316 3.18504 4.62681 7.51925 4.31639 4.01305 5.1509 4.71742 4.66629 5.45904 4.50859 3.90008 3.76725 3.4034 12.5206 7.30248 2.99887 7.82576 7.03021 5.99938 5.79439 6.71481 5.09225 5.76243 5.3517 4.11689
threshold=0.011214696758121203 -0.013928074015121321 84.379692192192195 3.0841780018746445 0.49761670988484791 68.989794917083728 67.721518987341781 0.0026021985096615729 0.80091114784164097 70.784064420428123 0.98668964690708394 1.0974906612733306 0.012420129221103722 2.5000000000000004 -0.017374702360423985 1.4387241205804038 -0.023176889489153019 5.3042487195173473 1.7157437682208003 4.766718288884956 0.1364368533820158 -0.9488968712451199 -0.05776010834391767 0.41038784475030893 53.246753246753258 -0.066943452162934222 1.0000000180025095e-35 0.025153589627412286 0.017024757978293 -3.4558460298664415
decision_type=2 2 2 2 2 2 2 2 2 2 2 2 2 2 2 2 2 2 2 2 2 2 2 2 2 2 2 2 2 2
left_child=-1 4 3 -3 20 6 17 15 -9 10 14 -12 16 -14 -7 -8 -11 19 -19 -6 21 22 23 -2 25 29 27 -23 -28 -22
right_child=1 2 -4 -5 5 9 7 8 -10 12 11 -13 13 -15 -16 -17 -18 18 -20 -21 24 26 -24 -25 -26 -27 28 -29 -30 -31
leaf_value=0.0044784040817138901 0.019572435731607999 -0.040924077929557587 -0.053881015359495125 0.023118445070957616 -0.001138802498776007 0.052780942163418956 0.020586079342329196 -0.078075869952786758 -0.025799456023800599 -0.06223590236017798 -0.034651425224362223 0.012893052277280851 -0.0055592714622266538 0.0099029352132671 0.0088788353946949051 -0.026535372745954244 -0.002257495324613638 0.019755348169572019 -0.04416521124871748 -0.030557660387914715 0.037894949476353045 0.018798184475895399 -0.062164340896048491 -0.024263748165569234 -0.011519923676955895 0.058280695755932733 0.025918777926588789 0.077619462126981814 -0.030237876980044077 -0.020732759092760338
leaf_weight=264.46403126418591 14.064173653721811 9.9154407680034691 6.7187023460865012 10.170462340116499 1708.0326111540198 13.525370344519617 12.774274781346323 5.2223289757967022 16.190277621150017 5.0765778720378876 6.5801674276590374 25.189568057656288 105.49515378475189 124.39376381039619 10.302649185061453 6.691229283809661 5.4058937281370145 52.658037200570107 8.9653036743402463 21.357770636677742 5.5199994891881925 19.426647335290912 6.4151970893144599 17.538341701030731 10.551569342613218 12.600916713476183 7.9337132424116161 5.2995043694972983 9.1189661771059018 6.544405072927475
leaf_count=1107 58 40 27 41 6957 56 52 21 66 21 27 103 427 510 43 27 22 226 37 88 23 80 26 72 44 51 33 23 38 28
internal_value=8.40448e-06 -0.000512442 -0.0198722 -0.00849626 -0.000281074 -0.000692761 -0.00147031 -0.0181031 -0.0385492 0.00411987 0.0162258 0.00304561 0.00131978 0.00280739 0.0337988 0.00438817 -0.0313046 -0.00109069 0.0104558 -0.00150212 0.00733554 0.00197192 -0.0144425 -0.00475518 0.0194888 0.032754 0.0169087 0.0314052 -0.00411114 0.00609201
internal_weight=2534.14 2269.68 26.8046 20.0859 2242.87 2127.86 1831.89 40.8781 21.4126 295.969 55.5978 31.7697 240.371 229.889 23.828 19.4655 10.4825 1791.01 61.6233 1729.39 115.013 79.7965 38.0177 31.6025 35.2169 24.6653 41.7788 24.7262 17.0527 12.0644
internal_count=10374 9267 108 81 9159 8683 7474 166 87 1209 229 130 980 937 99 79 43 7308 263 7045 476 330 156 130 146 102 174 103 71 51
is_linear=0
shrinkage=0.05


Tree=42
num_leaves=31
num_cat=0
split_feature=3 3 12 7 7 3 0 0 2 3 0 7 7 3 3 9 2 9 8 9 11 8 8 12 9 3 7 7 2 8
split_gain=2.30316 4.11359 5.43185 4.01828 3.87244 3.41093 6.20706 5.48533 6.36785 5.34312 6.38963 4.93397 6.37445 5.36438 5.68089 4.11992 8.09836 4.70446 4.94372 10.4523 4.80674 4.77251 9.20958 4.92022 4.50327 6.75398 3.94476 3.34744 3.33069 7.42371
threshold=-0.065977175474899535 -0.21398505590840519 -0.18388396197634374 0.0093653284853372695 0.0057115090318313145 0.25147034631897619 0.0058438724652459095 0.0073999881961986933 60.122814948764329 0.23383629890641536 -0.0016961184587748551 0.039912516783399875 0.059962499895075259 -0.0079177990271754439 0.14804590347549354 1.3458784215456816 35.049888951503313 1.1057922945125644 1.843187464729467 1.1361934875112603 5.5000000000000009 2.2899737028971985 2.838922244551227 -0.1607940842672719 1.8707258496465238 0.62352067557173174 0.0406098476364583 0.016548024876824267 69.230769230769269 3.1232500995314214
decision_type=2 2 2 2 2 2 2 2 2 2 2 2 2 2 2 2 2 2 2 2 2 2 2 2 2 2 2 2 2 2
left_child=1 2 -1 4 -3 9 15 -8 -9 11 -11 -2 13 -13 -15 17 -17 21 20 -20 -19 23 -23 -7 27 -26 -10 -18 29 -5
right_child=5 3 -4 28 -6 6 7 8 26 10 -12 12 -14 14 -16 16 24 18 19 -21 -22 22 -24 -25 25 -27 -28 -29 -30 -31
leaf_value=0.038267243595998063 0.0014463983331075173 -0.023013951994163558 0.0001520164483017241 -0.0067701595247167254 0.02398854706151381 0.041898339316909172 -0.053532410288687042 0.043257089857329761 0.0010387502244088938 -0.01317259999724989 0.038422749346482446 0.0593163906032435 -0.023137208419028828 0.0040838684204813408 0.044411578708979091 0.047235235175347501 -0.0071651506345971235 0.020116732763163139 -0.094718040286443095 -0.016235602111808634 -0.013736997864943441 0.056647611443230467 0.0034854766569088324 -0.0035206643006763603 0.0084885175796216208 -0.038110599049558165 -0.054261143958927671 0.018788643414795109 0.0038773789925501227 -0.034408764351626972
leaf_weight=9.4935760200023633 847.89571133255959 5.636983901262286 607.06880249083042 292.34659675508738 19.684746533632278 6.0819488391280165 10.407744020223619 4.5410384535789516 6.7003596574068052 8.3378305733203906 21.406521916389465 8.5174437686800939 8.7294473350048047 29.993753597140312 12.319570474326609 11.860585249960421 17.44491970539093 14.532374396920202 5.1392395198345211 24.309400111436844 37.649818897247314 10.07028293609619 42.645891681313515 304.32460096478462 17.711375027894977 13.861260905861853 6.2171887755393982 43.16297236084938 58.869482815265656 26.497772470116615
leaf_count=50 3461 23 2471 1185 83 29 43 20 28 35 87 39 39 135 57 52 72 59 21 99 156 41 176 1235 72 56 26 175 241 108
internal_value=8.14542e-06 -0.00182883 0.000738899 -0.00575694 0.0135251 0.00124536 -0.00178029 -0.0248009 -0.007673 0.00310705 0.0239597 0.00242355 0.0163342 0.0231129 0.0158253 -0.000611362 0.00834572 -0.00270669 -0.0135526 -0.029932 -0.00430897 -0.000268511 0.013641 -0.00263075 0.00334193 -0.0119698 -0.025577 0.0113183 -0.00704959 -0.00906708
internal_weight=2533.46 1019.6 616.562 403.036 25.3217 1513.86 576.661 27.8663 17.4586 937.2 29.7444 907.456 59.5602 50.8308 42.3133 548.795 104.041 444.754 81.6308 29.4486 52.1822 363.123 52.7162 310.407 92.1805 31.5726 12.9175 60.6079 377.714 318.844
internal_count=10374 4161 2521 1640 106 6213 2360 117 74 3853 122 3731 270 231 192 2243 427 1816 335 120 215 1481 217 1264 375 128 54 247 1534 1293
is_linear=0
shrinkage=0.05


Tree=43
num_leaves=31
num_cat=0
split_feature=11 8 3 2 2 3 8 9 9 12 9 9 2 2 9 12 0 12 0 2 3 7 12 2 9 0 8 7 12 9
split_gain=2.30275 7.02506 5.66518 8.00175 8.74218 9.11142 4.95346 6.18795 5.96205 4.88687 4.46983 8.66225 4.75474 7.53754 4.30073 5.40304 4.89862 8.51043 8.07981 10.917 9.72381 4.57899 4.78094 7.00317 10.3233 7.75785 6.92977 5.11535 6.49484 6.97367
threshold=4.5000000000000009 3.3377858500789537 -0.087437073614694619 56.934306569343072 61.275791920953168 0.25147034631897619 3.0187280729924475 1.2066170112533989 0.76256060843503493 -0.024549272609793869 1.0652514016948478 1.1257816669112641 65.559234731420176 61.682242990654181 0.66730894313150024 -0.18388396197634374 0.0020467623963547998 -0.029381857060203877 0.00055347695410141637 65.39126963002397 -0.60721213834266108 0.0048057776061599415 -0.070336592287565836 55.480589814772721 0.95474058625944236 0.0012737587949247485 2.0784723126980755 0.019879766448987191 -0.017045454545454513 1.5385037893984759
decision_type=2 2 2 2 2 2 2 2 2 2 2 2 2 2 2 2 2 2 2 2 2 2 2 2 2 2 2 2 2 2
left_child=1 6 10 -4 -5 -6 -1 8 -8 -10 -3 -12 13 -13 15 -2 18 -18 -17 20 -20 -16 23 25 -25 26 -23 28 -24 -30
right_child=14 2 3 4 5 -7 7 -9 9 -11 11 12 -14 -15 21 16 17 -19 19 -21 -22 22 27 24 -26 -27 -28 -29 29 -31
leaf_value=0.0049754114076103924 0.048508864965410715 -0.026338519678164769 -0.050495757784061117 0.044473225993401366 0.0074316831820975277 -0.018666047930016406 0.058755829996556257 0.07124764185057969 0.02081330184477672 -0.0444094463664624 0.057997393599437855 -0.026871736753805553 -0.023997484294227059 0.055958914376747861 0.026722570735382783 0.004972902015319163 0.041819681263834695 -0.0240914466214497 0.032235596753413386 0.031186062360484563 -0.041742214911566711 -0.0011196765281142743 -0.00043024705851934104 0.03377250503954534 -0.00010716107774032896 -0.031004549044162867 0.031695485940056931 -0.01011869058186392 -0.033121461074082419 0.025345706792031082
leaf_weight=430.48534198105335 6.7527216076850882 42.057765260338783 7.2845125198364249 11.840826869010924 117.2436475455761 46.791675195097923 4.9965246021747651 6.2482650876045218 6.8837213665246999 4.9278338998556084 5.0781481564044944 5.3634938895702344 24.650824755430222 5.6291203051805496 13.667853668332098 251.11142766475677 18.591454491019253 6.6490306854248038 5.2156647443771353 8.9131793081760389 29.943507388234138 518.09465028345585 490.20505887269974 37.602030113339424 55.924575969576836 21.109165236353874 16.603869438171387 297.72497898340225 28.734231889247894 6.2006427347660056
leaf_count=1764 35 176 31 48 477 192 21 26 28 21 21 22 100 23 57 1025 77 27 21 37 121 2143 1986 164 232 86 70 1199 118 26
internal_value=8.05062e-06 0.00240143 -0.00405069 0.000855341 0.00298222 -1.279e-05 0.0061847 0.0287634 0.0129703 -0.00639792 -0.0149059 -0.00309824 -0.0118026 0.0155444 -0.000941727 0.00424789 0.00331512 0.0244569 0.00150734 -0.0182384 -0.030768 -0.00208444 -0.00235189 0.000855662 0.013514 -0.00127438 -0.000100675 -0.00488301 -0.00191467 -0.022744
internal_weight=2532.53 719.482 265.94 183.161 175.876 164.035 453.542 23.0563 16.8081 11.8116 82.7794 40.7216 35.6434 10.9926 1813.04 327.177 320.424 25.2405 295.184 44.0724 35.1592 1485.87 1472.2 649.334 93.5266 555.808 534.699 822.865 525.14 34.9349
internal_count=10374 2950 1090 748 717 669 1860 96 70 49 342 166 145 45 7424 1343 1308 104 1204 179 142 6081 6024 2695 396 2299 2213 3329 2130 144
is_linear=0
shrinkage=0.05


Tree=44
num_leaves=31
num_cat=0
split_feature=9 9 7 7 7 8 0 11 8 8 2 9 9 3 8 8 12 2 9 2 8 8 8 0 11 9 12 8 9 9
split_gain=2.16434 2.48657 3.08163 2.4542 3.18666 3.75609 7.00346 5.17851 4.14485 6.75708 3.66955 11.386 7.71798 5.94105 4.09816 3.93183 2.67716 6.79706 7.66383 7.16162 7.18923 6.5877 6.29678 5.44414 3.65533 6.84881 8.56012 7.06727 6.61724 9.70536
threshold=0.33197407145317887 0.36020582267916035 0.017206094879224077 0.0099952522891580877 0.0079620210657362373 0.37564291653947496 0.00030607350688769932 4.5000000000000009 0.030358856615780448 -0.42872849290964099 61.057289240801104 0.90108595185836304 1.409483231878726 0.15667117957079937 2.3927277821937909 0.96143294175645333 -0.06936905216004996 52.683371735791106 0.9692453164844459 48.693375825176425 0.70617614653104976 -1.564968058612678 1.5667807258012763 -0.0046618609717841595 8.5000000000000018 0.80936048930500393 -0.046501798737934773 11.03046731492134 0.95474058625944236 1.3198695093319606
decision_type=2 2 2 2 2 2 2 2 2 2 2 2 2 2 2 2 2 2 2 2 2 2 2 2 2 2 2 2 2 2
left_child=-1 2 -2 4 10 8 -7 -8 9 -6 12 15 13 -3 -13 -12 17 19 23 20 -5 -21 -20 -19 25 26 -18 -27 -26 -30
right_child=1 3 -4 16 5 6 7 -9 -10 -11 11 14 -14 -15 -16 -17 24 18 22 21 -22 -23 -24 -25 28 27 -28 -29 29 -31
leaf_value=0.011773324040182933 -0.051780828783896088 0.023738947971094503 0.0035981322722840447 -0.00017511446382662886 -0.0030561302310748457 0.062728488300095697 0.024561845061285552 -0.016733232713457211 -0.038925335253687181 0.058016822824091013 -0.08325462336438591 -0.0024776094603230774 -0.035372457619501793 -0.010024257791693433 0.04893041288397558 -0.028527416359211261 0.0063574318639227443 -0.036853194320962339 0.026211983571044317 0.015187582490919596 0.028432201914597468 -0.024355737018914598 -0.0055294526964316353 0.02157426304890827 0.00033948935682164558 0.0046704818867800198 -0.013500614924149593 -0.018839694732097938 -0.017756152080265906 0.0014267138242467529
leaf_weight=38.494903936982155 5.1913687735795957 40.882926627993584 4.8673329949378967 622.72371134907007 25.111995294690132 8.679310277104376 26.829083576798439 10.587933257222174 5.5714073330163947 5.5255249142646816 5.0317485779523841 15.856944039463999 9.5694919824600202 19.123769506812096 5.1312423944473258 9.4374017268419248 81.975073158740997 4.1546943187713614 18.995393767952919 13.157965674996374 22.764658451080322 52.782842144370079 88.044865876436234 98.718992695212364 286.73118968307972 531.15967507660389 160.56218765676022 34.012240827083588 173.54869711399078 106.33679343760014
leaf_count=164 21 169 20 2573 104 36 118 45 23 23 21 68 39 79 23 40 330 19 78 54 95 218 365 427 1157 2148 649 139 700 429
internal_value=7.99772e-06 -0.000173668 -0.0249834 -7.31638e-05 0.00542955 0.0127963 0.022263 0.0128765 0.000744539 0.00795847 -0.00034308 -0.0134346 0.0063286 0.0129788 0.0100907 -0.0475592 -0.000522215 0.00156317 0.00946932 -0.000769614 0.00083379 -0.0164652 0.000103391 0.0192146 -0.00192025 0.00023951 -0.0067888 0.00325563 -0.00499898 -0.010468
internal_weight=2531.56 2493.07 10.0587 2483.01 187.339 82.3053 46.0963 37.417 36.2089 30.6375 105.034 35.4573 69.5762 60.0067 20.9882 14.4692 2295.67 921.343 209.914 711.429 645.488 65.9408 107.04 102.874 1374.33 807.709 242.537 565.172 566.617 279.885
internal_count=10374 10210 41 10169 788 349 199 163 150 127 439 152 287 248 91 61 9381 3829 889 2940 2668 272 443 446 5552 3266 979 2287 2286 1129
is_linear=0
shrinkage=0.05


Tree=45
num_leaves=31
num_cat=0
split_feature=8 0 9 9 2 2 7 7 12 8 9 8 9 11 8 12 3 3 9 3 3 0 7 0 11 8 8 3 0 2
split_gain=2.14445 5.51882 4.19426 6.18821 5.99687 5.03053 4.18631 10.8453 6.34 3.70417 6.04462 3.69549 3.13785 3.21015 3.01174 5.583 2.93486 5.67923 3.41916 2.51334 5.23902 2.93747 2.38106 4.5518 4.71652 5.72865 6.71332 4.5689 4.34077 3.50703
threshold=-5.5154683945869092 -0.0027809023866280104 1.4888696431748263 0.90108595185836304 27.786652467163645 36.05046669830724 0.025153589627412286 0.026940147220910097 -0.13536845233578668 -4.809614867320593 0.95474058625944236 -6.7593057563042489 1.1257816669112641 15.500000000000002 -6.3705911374249782 -0.10237965143040699 -0.18224330822006127 -0.13311673059951964 1.3797462035553127 1.0000000180025095e-35 0.22697502815618806 -0.0048401827259105983 0.015360612780278666 -0.0023143383076426874 12.500000000000002 1.2895722019332594 2.127269436244116 0.11692743190020258 -0.0014467589614625422 88.380316518298756
decision_type=2 2 2 2 2 2 2 2 2 2 2 2 2 2 2 2 2 2 2 2 2 2 2 2 2 2 2 2 2 2
left_child=1 6 3 11 -5 -6 14 8 -8 10 19 -3 -12 -14 -1 -16 -9 -18 -19 21 -21 -2 23 27 29 28 -27 -11 -26 -25
right_child=9 2 -4 4 5 -7 7 16 -10 22 12 -13 13 -15 15 -17 17 18 -20 20 -22 -23 -24 24 25 26 -28 -29 -30 -31
leaf_value=0.038108676126306251 0.0056249247388630982 -0.02168027108853297 0.03011004568052841 -0.0043496380708809282 -0.098882712686964747 -0.028173776221559418 -0.080734942591782835 0.04088573764964698 -0.0091130075195898688 0.010174307702890954 -0.060718953598464923 0.023696958962999195 0.0074252773721918078 -0.042741386742599925 -0.015762767716500564 0.048861480435355223 -0.052323959644929231 0.0078332862065029051 0.041799391196336078 0.027768135107715669 -0.029199877667159441 -0.047134737282910982 -0.0010372181347222658 0.0048260105082557113 0.0019061266451782799 0.043158746772478329 -0.013065068963954605 0.051975445496833139 -0.016567118500681953 -0.037765954308197403
leaf_weight=20.126664713025093 5.6140850782394409 7.9279773533344278 5.5861060470342627 7.74689553678036 4.9389981478452665 5.1260419636964798 5.0767816007137299 8.0458375066518766 7.8948299735784513 30.008667781949043 7.4389768540859249 10.336888149380684 5.850093945860861 7.0099313259124756 9.0415182411670667 5.3018349707126609 3.5822587162256232 55.485394954681396 8.5509681403636915 13.785895839333536 5.7062825858592978 4.9770710617303866 1711.074727922678 403.76433853805065 50.767183780670166 11.919463872909548 9.5737225562334043 8.3575194925069791 85.111951380968094 4.8916387408971778
leaf_count=84 23 33 23 32 20 21 21 37 32 123 30 42 24 29 37 22 15 248 46 56 23 20 6964 1674 206 49 39 35 345 21
internal_value=7.98813e-06 0.00552331 -0.0102064 -0.016449 -0.0374186 -0.0628712 0.0108467 0.00509681 -0.0371441 -0.000376125 -0.0137884 0.00400069 -0.0348718 -0.0199203 0.025632 0.00812475 0.0123384 0.00894162 0.0123689 0.000437842 0.0110909 -0.0191683 -8.42872e-05 0.00261351 0.00148383 -0.00587107 0.0181149 0.0192801 -0.00966514 0.00431618
internal_weight=2530.62 164.769 41.6629 36.0768 17.8119 10.065 123.106 88.6361 12.9716 2365.85 50.3823 18.2649 20.299 12.86 34.47 14.3434 75.6645 67.6186 64.0364 30.0833 19.4922 10.5912 2315.47 604.394 566.028 157.372 21.4932 38.3662 135.879 408.656
internal_count=10374 713 171 148 73 41 542 399 53 9661 205 75 83 53 143 59 346 309 294 122 79 43 9456 2492 2334 639 88 158 551 1695
is_linear=0
shrinkage=0.05


Tree=46
num_leaves=31
num_cat=0
split_feature=8 2 11 8 11 9 0 8 8 8 9 9 12 3 12 9 7 0 12 0 8 3 12 2 9 0 7 7 8 7
split_gain=2.10921 3.21417 2.06454 6.1484 5.45796 5.88751 6.92028 4.61829 4.77693 4.47353 5.69937 5.49972 4.46041 4.1153 3.82954 3.62862 4.20198 4.17958 7.53887 7.09483 9.98367 8.20453 3.65247 6.32873 8.88774 6.7707 4.51509 6.03897 5.88474 3.3537
threshold=-10.96993815403548 28.225806451612879 4.5000000000000009 3.3377858500789537 2.5000000000000004 0.86080001052697486 0.010929175309834322 3.5551934111427004 11.03046731492134 3.0187280729924475 1.2066170112533989 0.76256060843503493 -0.024549272609793869 -0.060090305646155064 -0.16389465191332406 0.66730894313150024 0.0048057776061599415 0.0020467623963547998 -0.029381857060203877 0.00055347695410141637 2.1664301224480922 -0.47349021858649359 -0.070336592287565836 55.480589814772721 0.72685730638902901 0.0012737587949247485 0.019879766448987191 0.019010875353839666 5.1753774031976851 0.0054264148615145507
decision_type=2 2 2 2 2 2 2 2 2 2 2 2 2 2 2 2 2 2 2 2 2 2 2 2 2 2 2 2 2 2
left_child=1 -1 3 9 5 6 13 -7 -9 14 11 -11 -13 -5 -2 17 -17 19 -19 -4 21 -21 23 25 -25 -18 27 -24 -28 -16
right_child=2 -3 15 4 -6 7 -8 8 -10 10 -12 12 -14 -15 29 16 22 18 -20 20 -22 -23 26 24 -26 -27 28 -29 -30 -31
leaf_value=0.035690339843437127 0.058977155466019351 -0.018236841815875492 0.0053378237595348658 -0.048223795788987014 0.010691529861572145 -0.049555122023733779 0.032292850726539889 0.0022404520251447673 -0.020382838991275697 0.056396610632639448 0.068348832287165484 0.019657739223223072 -0.042613510271082525 -0.015947131913171476 -0.030422902201016962 0.025591119737771506 -0.0004156629856060368 0.039782031503514677 -0.022279471774242127 0.02822168249452783 0.036424872408965456 -0.03700651198435044 -0.0032107124832515634 0.071744653803212474 0.008536032242075128 -0.029300075354981209 -0.012863910199238354 0.017676480571407412 0.0050001540845541316 0.0047234591326613447
leaf_weight=9.4078766629099828 3.2094494551420203 3.9120399802923194 255.94004243612289 17.885855689644814 51.81369960308075 5.1904479414224616 4.946614444255828 135.67766562104225 28.179610595107079 4.9436175227165284 6.1628232151269904 6.8690278828144109 4.9464871287345833 22.051023885607719 6.8989779800176612 13.613744542002676 522.11967366933823 18.4893101900816 6.6544291377067557 5.6992138028144828 7.4686574339866629 31.27956211566925 487.67377744615078 5.9398389607667914 87.272070094943047 21.108556553721428 240.44430835545063 37.248485252261162 57.036261022090912 419.67584812641144
leaf_count=67 15 17 1052 73 214 21 24 552 116 21 26 28 21 90 29 57 2136 77 27 23 31 127 1980 26 370 86 969 150 230 1719
internal_value=7.86204e-06 0.019852 -9.71762e-05 0.00216842 -0.00386868 -0.00739513 -0.0234927 -0.0031211 -0.00165022 0.00571228 0.0272345 0.0121155 -0.00641171 -0.0304023 0.00456443 -0.00100248 -0.00205862 0.00377471 0.0233571 0.00213558 -0.0163038 -0.0269535 -0.00231665 0.000527309 0.0125639 -0.00153804 -0.00451752 -0.00172856 -0.00943881 0.00415504
internal_weight=2529.76 13.3199 2516.44 718.451 265.745 213.931 44.8835 169.048 163.857 452.706 22.922 16.7591 11.8155 39.9369 429.784 1797.99 1472.46 325.531 25.1437 300.387 44.4474 36.9788 1458.84 636.44 93.2119 543.228 822.403 524.922 297.481 426.575
internal_count=10374 84 10290 2949 1090 876 187 689 668 1859 96 70 49 163 1763 7341 6004 1337 104 1233 181 150 5947 2618 396 2222 3329 2130 1199 1748
is_linear=0
shrinkage=0.05


Tree=47
num_leaves=29
num_cat=0
split_feature=0 12 8 2 2 7 11 11 9 7 7 7 12 2 0 3 8 9 8 0 0 8 9 7 7 9 7 9
split_gain=2.07065 4.18532 3.86348 4.56441 2.73739 6.51244 3.25044 5.94396 5.93811 4.7061 7.68802 6.80889 4.56261 2.93293 8.89799 3.00354 4.92483 3.27794 2.2029 4.53163 4.79515 4.41832 5.81173 3.50326 2.94436 2.03954 1.72476 1.14788
threshold=0.013454294945522804 -0.062212912410127039 13.82166037696882 84.379692192192195 68.989794917083728 0.0057115090318313145 1.5000000000000002 1.0000000180025095e-35 1.0974906612733306 0.026309619970767018 0.025378210170612904 0.028241321445521723 -0.033248796467334391 67.721518987341781 0.0044095582587581755 0.10805010814923575 2.046437066863724 1.4387241205804038 -5.3612248602104344 -0.0027809023866280104 -0.0024881115779446079 -4.809614867320593 0.9269314071906819 0.025153589627412286 0.056371742635609276 1.0741555256695026 0.056371742635609276 2.1792583452841603
decision_type=2 2 2 2 2 2 2 2 2 2 2 2 2 2 2 2 2 2 2 2 2 2 2 2 2 2 2 2
left_child=2 26 4 -4 13 -6 7 12 -9 10 -8 -11 -7 18 15 16 -15 -17 19 23 -21 22 -20 -1 -23 -16 -2 -5
right_child=1 -3 3 27 5 6 9 8 -10 11 -12 -13 -14 14 25 17 -18 -19 21 20 -22 24 -24 -25 -26 -27 -28 -29
leaf_value=0.022717092586507916 0.062540262105856545 -0.0092077589009666571 -0.053515961346712854 0.014914490597409201 -0.050727365922149138 0.022259471005185355 0.0066414840155960388 -0.050206090547989239 -0.0027325395193136355 0.057080462014850612 -0.048342241289831819 0.012800859720940359 -0.0020214833331233233 0.017650369344226906 -0.076988862965621047 0.03235495831203173 -0.030986166847248881 -0.017476232130747171 -0.00049019664424955727 -0.05373873370837759 -0.0026772868154782293 -0.00029529900706687346 -0.038810508784542702 0.0045545065228713971 -0.021900051183421365 -0.031689785787306815 0.020500520021863991 -0.019359303875806377
leaf_weight=37.511477932333946 4.3053535521030444 8.4130352735519391 7.3595900237560299 5.1307273060083372 5.3192744106054297 26.228985264897346 150.26122263073921 11.07179579138756 16.261346131563187 10.676932260394095 6.6383647918701163 46.460134282708168 73.741829589009285 8.1889746934175509 5.1087972372770292 9.8871896266937238 14.282813727855681 4.953632026910781 22.656361475586891 5.1848624497652045 40.612052798271179 1868.8360003530979 17.565442278981209 90.85145653039217 15.904223144054411 4.8378483504056931 5.6304105967283249 4.6633306741714478
leaf_count=156 20 34 32 21 23 106 621 45 67 43 27 196 304 34 21 41 58 20 92 21 167 7606 72 410 71 20 26 20
internal_value=7.79364e-06 0.0167433 -0.000114538 -0.0237624 4.8174e-05 0.00417082 0.00502632 -0.00130028 -0.0219626 0.00878923 0.00431514 0.0210752 0.00434902 -0.00061767 -0.0129357 -0.00173406 -0.0132625 0.0157221 -0.000340343 0.00504466 -0.00845817 -0.000827548 -0.0172252 0.00986216 -0.000477609 -0.0549563 0.0387171 -0.00140459
internal_weight=2528.54 18.3488 2510.19 17.1536 2493.04 346.66 341.341 127.304 27.3331 214.037 156.9 57.1371 99.9708 2146.38 47.2593 37.3126 22.4718 14.8408 2099.12 174.16 45.7969 1924.96 40.2218 128.363 1884.74 9.94665 9.93576 9.79406
internal_count=10374 80 10294 73 10221 1432 1409 522 112 887 648 239 410 8789 194 153 92 61 8595 754 188 7841 164 566 7677 41 46 41
is_linear=0
shrinkage=0.05


Tree=48
num_leaves=31
num_cat=0
split_feature=3 3 0 8 12 12 9 0 3 9 2 2 7 7 3 11 3 9 9 9 8 2 9 9 2 11 12 9 3 0
split_gain=1.93752 3.53182 6.24659 3.834 4.38286 7.27793 5.04602 5.84868 5.13392 4.8275 3.46321 7.52837 6.99028 9.35929 4.94338 4.77917 4.35978 4.11593 5.84941 5.84794 4.07351 6.17341 6.24727 9.28894 5.13205 6.03755 5.84668 4.87925 4.76544 4.09266
threshold=-0.065977175474899535 -0.33953104507820603 -0.0070070421960991272 -4.5137916300236292 -0.042424242424242344 -0.037013416477702121 1.550299577326635 -0.0046618609717841595 -1.0769524651140319 0.93512801136823231 46.942670197850155 38.674995668662284 0.032610528070983691 0.013806643941072628 -0.13311673059951964 18.500000000000004 -0.19216175675711988 0.67128587117973371 0.71941240277713525 0.57064698754564736 2.7696460285970974 70.000000000000014 0.50603518670108028 0.57064698754564736 69.230769230769269 2.5000000000000004 -0.040190703414571816 0.86080001052697486 -0.12561875166625425 0.004253566685301865
decision_type=2 2 2 2 2 2 2 2 2 2 2 2 2 2 2 2 2 2 2 2 2 2 2 2 2 2 2 2 2 2
left_child=1 2 -1 -4 6 9 7 -5 -8 -6 11 17 13 16 -14 -15 -13 19 -19 -3 21 22 -12 -24 26 27 29 -26 -23 -22
right_child=-2 10 3 4 5 -7 8 -9 -10 -11 20 12 14 15 -16 -17 -18 18 -20 -21 24 28 23 -25 25 -27 -28 -29 -30 -31
leaf_value=0.047507061503503971 0.0011437958984739352 -0.0061821786944260444 -0.028823764919856699 -0.018805359067406647 -0.045134449658790737 0.00047012018676237215 -0.04980347033357168 0.009833090876283198 -0.00032810822405654407 -0.0053951525722492873 0.03856244323914227 0.031685609032016018 0.032355473434316155 -0.040504426980859258 -0.024065730589121176 -0.0068143851763774483 -0.01692233513853297 -0.050429537123542714 -0.0033254200433508415 0.034642530037200497 -0.036573839063039799 0.058998031614794971 -0.049132830351421936 0.0013636148541418701 -0.040015665014513875 0.020868425102712029 -0.046928726216708787 -0.00027320461981875208 8.5301367360194214e-05 0.0028821702284325653
leaf_weight=7.3257956951856604 1510.3485546186566 18.303246602416039 10.550746425986288 19.343303561210632 16.63486069440842 116.17017927765846 7.7906637489795711 227.55430430173874 16.036431178450584 14.136942788958548 10.445734009146689 8.8862488120794314 10.097378313541414 52.914470970630646 6.3071803897619239 13.140828296542166 9.5930715650320035 6.9983490854501715 113.16001918911934 16.845091685652733 9.403934910893442 8.4183033555746061 9.5810525566339475 184.13830567896366 10.769957661628721 23.138942644000053 15.05795496702194 27.297552108764648 5.7959347218275061 21.82716016471386
leaf_count=37 6213 75 43 80 67 474 32 928 65 57 44 36 42 214 26 53 39 29 462 69 38 36 39 746 44 96 61 111 24 94
internal_value=7.56261e-06 -0.00167876 0.00172656 0.000943367 0.00169532 -0.00525692 0.00546881 0.0075894 -0.0165049 -0.0268777 -0.00422662 -0.00857573 -0.0192063 -0.0250026 0.0106628 -0.0338022 0.00645202 -0.00166654 -0.00606889 0.0133834 -0.000806783 0.00311531 0.000897129 -0.00113386 -0.00877461 0.000726205 -0.0213372 -0.011517 0.034976 -0.00899835
internal_weight=2528.01 1017.66 435.543 428.217 417.667 146.942 270.725 246.898 23.8271 30.7718 582.121 256.246 100.939 84.5346 16.4046 66.0553 18.4793 155.307 120.158 35.1483 325.875 218.379 204.165 193.719 107.496 61.2065 46.2891 38.0675 14.2142 31.2311
internal_count=10374 4161 1783 1746 1703 598 1105 1008 97 124 2378 1045 410 342 68 267 75 635 491 144 1333 889 829 785 444 251 193 155 60 132
is_linear=0
shrinkage=0.05


Tree=49
num_leaves=31
num_cat=0
split_feature=8 2 11 8 2 8 8 11 9 2 3 3 8 9 9 3 7 8 7 2 13 11 11 8 7 8 8 7 7 8
split_gain=1.88891 2.97096 1.92053 5.49093 5.14946 5.12119 4.99694 4.60514 5.93544 4.21332 4.0821 4.7388 4.0382 5.19569 4.99383 3.55794 4.55319 6.73254 5.58489 8.01105 5.62305 8.15479 4.78368 3.57896 3.48762 3.3318 5.16087 7.27862 6.19094 3.83306
threshold=-10.96993815403548 28.225806451612879 4.5000000000000009 3.3377858500789537 73.333333333333357 3.4767879141469717 -5.9999118345100468 3.5000000000000004 0.99162369740635958 74.014209207912259 0.62352067557173174 -0.11923623200703583 3.0187280729924475 1.2066170112533989 0.76256060843503493 -1.1590610625839057 0.028088094592597999 -2.2785482855093444 0.0178699406657481 48.693375825176425 1.0000000180025095e-35 11.500000000000002 10.500000000000002 0.37564291653947496 0.03523219457828914 -5.5154683945869092 -7.2856330940714802 0.024932902725803178 0.031261731085181731 -4.809614867320593
decision_type=2 2 2 2 2 2 2 2 2 2 2 2 2 2 2 2 2 2 2 2 2 2 2 2 2 2 2 2 2 2
left_child=1 -1 3 6 5 -5 -2 -7 -9 -6 11 -11 -8 14 -14 16 18 -18 20 23 21 -4 -22 -20 -19 26 27 -17 -29 -27
right_child=2 -3 15 4 9 7 12 8 -10 10 -12 -13 13 -15 -16 25 17 24 19 -21 22 -23 -24 -25 -26 29 -28 28 -30 -31
leaf_value=0.034523158834466418 -0.052664860522646899 -0.017470530283527484 -0.052252648089348964 -0.051903231239183716 0.040163253775892582 -0.011160470454382209 0.0048232198466347329 0.051210220933731898 -0.0077758083336476507 -0.023800334321002457 -0.039127703631130432 0.00812091368566723 0.054597514702935272 0.066018872496862668 -0.0055222265385718649 0.033414671389291738 -0.013993725357297768 0.075154267510899556 -0.0024836525649176264 -0.04067013637022722 0.067416810556709422 0.019926430443029546 0.0049689464076924051 0.045006203440310921 0.020341396053112068 -0.0164826165049155 0.013686345412454498 -0.037254923725219109 0.00015654519057534119 -0.0017123965364782131
leaf_weight=9.1719672158360463 3.669463485479354 3.9224789440631858 5.2188754230737713 6.8868502378463736 7.6257441043853751 123.79752172529697 425.81384479999542 7.1660829633474377 10.533689275383948 13.346126705408095 5.7913418710231772 90.233935326337814 4.8783604204654756 6.0768354833126059 11.831355303525923 9.8035947978496534 5.5388644635677364 7.0703779608011228 19.594494059681896 13.62563209235668 8.0873821675777418 15.64101894199848 4.9398089051246634 4.9744919240474692 4.9224905222654343 45.232140213251114 84.772210970520973 17.744684860110283 29.346818193793297 1520.0229851007462
leaf_count=67 15 17 21 28 31 511 1748 30 43 54 24 369 21 26 49 41 24 29 79 55 33 63 20 20 22 184 352 72 127 6199
internal_value=7.25582e-06 0.0189483 -9.13934e-05 0.00209507 -0.00361445 -0.00979902 0.00544529 -0.00774976 0.0161058 0.00422927 0.00172383 0.00400791 0.00592062 0.0264277 0.0120296 -0.000964808 0.00874636 0.0315993 0.00318807 -0.00992127 0.0179638 0.00186816 0.0437371 0.00713164 0.0526562 -0.00147464 0.00586813 -0.00578079 -0.0139406 -0.00213922
internal_weight=2527.28 13.0944 2514.19 717.651 265.381 148.384 452.27 141.497 17.6998 116.997 109.371 103.58 448.6 22.7866 16.7097 1796.54 89.6134 17.5317 72.0817 38.1946 33.8871 20.8599 13.0272 24.569 11.9929 1706.92 141.667 56.8951 47.0915 1565.26
internal_count=10374 84 10290 2949 1090 612 1859 584 73 478 447 423 1844 96 70 7341 366 75 291 154 137 84 53 99 51 6975 592 240 199 6383
is_linear=0
shrinkage=0.05


Tree=50
num_leaves=24
num_cat=0
split_feature=0 12 8 2 0 12 3 9 0 9 3 3 0 8 8 13 11 2 3 3 9 7 9
split_gain=1.84211 3.82866 3.5422 4.10884 2.65301 3.05448 2.1885 3.92833 5.68681 5.08544 4.74932 5.24131 4.63005 3.70333 5.98504 6.36511 5.87773 5.70008 4.80065 4.78224 2.97974 1.6111 1.03823
threshold=0.013454294945522804 -0.062212912410127039 13.82166037696882 84.379692192192195 0.010929175309834322 -0.073106078874103905 -0.065977175474899535 1.3458784215456816 0.0064669239778938755 1.7157437682208003 0.076963181771232722 0.086958950711607599 0.0037861443165731969 4.3288535221835245 5.3042487195173473 1.0000000180025095e-35 1.5000000000000002 69.773830820342454 -0.093052098369456313 -0.45815408896967275 1.2331709870973901 0.056371742635609276 2.1792583452841603
decision_type=2 2 2 2 2 2 2 2 2 2 2 2 2 2 2 2 2 2 2 2 2 2 2
left_child=2 21 4 -4 6 -6 13 10 12 -10 20 -12 -9 17 15 -15 -16 19 -19 -1 -8 -2 -5
right_child=1 -3 3 22 5 -7 7 8 9 -11 11 -13 -14 14 16 -17 -18 18 -20 -21 -22 -23 -24
leaf_value=0.0031344114005096967 0.060214027357923416 -0.008951384817008759 -0.051034750291511645 0.013953791209223014 0.047413212537335853 -0.00023719043416339672 0.0053300247480226699 0.0058429869631754358 0.0071911862487925964 -0.042156703944190188 -0.025670096184602142 -0.0016566615115883466 0.02489742960655288 0.0126282281408661 -0.018432495082291358 -0.044818021924880325 0.017543210346994239 0.022083328150551924 -0.027427577762876933 -0.0046063057347911938 -0.011129662155192888 0.019388820232547933 -0.018665322848522559
leaf_weight=305.30708521604538 4.2454059720039385 8.4106891602277738 7.3439720422029522 5.1327888220548612 6.3437891155481339 7.1578088998794538 395.99559956789017 209.96280122548342 10.060870423913004 10.851982563734053 23.423577412962914 760.04347357898951 37.58858335018158 6.2877525091171291 24.437200844287872 20.684362769126892 21.205683067440987 40.557277724146843 5.5681395679712287 575.91100341081619 29.548053584992886 5.6099131256341934 4.6488747894763947
leaf_count=1248 20 34 32 21 32 29 1629 871 41 44 96 3118 153 26 99 85 90 170 23 2345 122 26 20
internal_value=7.1932e-06 0.015828 -0.000108029 -0.0227699 4.77755e-05 0.0221516 -7.26865e-05 0.00114988 0.00662112 -0.0184161 -6.50232e-05 -0.0023746 0.00873624 -0.00187907 -0.0127529 -0.0314261 -0.00171818 -0.00102761 0.0161065 -0.00192445 0.00418713 0.0369752 -0.00154891
internal_weight=2526.33 18.266 2508.06 17.1256 2490.94 13.5016 2477.43 1477.47 268.464 20.9129 1209.01 783.467 247.551 999.959 72.615 26.9721 45.6429 927.344 46.1254 881.218 425.544 9.85532 9.78166
internal_count=10374 80 10294 73 10221 61 10160 6074 1109 85 4965 3214 1024 4086 300 111 189 3786 193 3593 1751 46 41
is_linear=0
shrinkage=0.05


Tree=51
num_leaves=31
num_cat=0
split_feature=7 9 9 9 11 2 7 9 9 2 3 9 2 7 12 8 9 11 8 11 12 0 7 9 0 0 3 11 0 3
split_gain=1.79355 4.51425 8.40466 4.50929 3.90232 4.29759 4.00012 3.93688 3.72421 3.70864 2.97807 2.40296 3.77615 2.23547 7.14686 5.41043 4.76678 5.85099 5.36293 4.93308 4.46613 4.84443 4.10354 5.66995 5.55504 5.05359 8.0936 5.74284 4.23053 6.91339
threshold=0.043580589018418193 0.73658675390189665 0.77157413446297995 0.9269314071906819 9.5000000000000018 40.525755089113481 0.052398495887159439 1.3677265533933003 0.6835961401138736 63.220403808603585 0.12014081004508727 0.64608684559211793 57.942789968652065 0.032382044560943644 -0.13536845233578668 -0.35054950006349134 0.80936048930500393 14.500000000000002 -5.8436545012100654 12.500000000000002 -0.16772551472588518 -0.0046618609717841595 0.027333668922776135 2.4427477077863933 0.0080344818118911511 0.0055606423617909949 -0.11923623200703583 4.5000000000000009 0.0031276565839427296 -0.068241506290856971
decision_type=2 2 2 2 2 2 2 2 2 2 2 2 2 2 2 2 2 2 2 2 2 2 2 2 2 2 2 2 2 2
left_child=13 8 -3 9 5 -5 -6 -7 11 10 -4 12 -2 22 15 16 20 19 -19 -18 -15 -22 25 24 -24 27 -27 -1 -29 -30
right_child=1 2 3 4 6 7 -8 -9 -10 -11 -12 -13 -14 14 -16 -17 17 18 -20 -21 21 -23 23 -25 -26 26 -28 28 29 -31
leaf_value=0.0047657164201659399 0.04213287988541875 -0.056778144994563295 0.057540184189219856 -0.050270967727465171 0.031820727329563633 0.0070203114868908987 -0.017230764002801126 -0.02401584103474062 0.064910143041224416 -0.0079579212704222971 0.012624506250296591 -0.013190142643109914 -0.01391388349245385 -0.0094342764524290371 -0.0088929074775733318 0.034696393966795788 -0.0039241843534627415 0.027058833982131505 -0.027609285481943097 -0.066624289555648045 0.07019545684637056 0.0092717395917392472 0.0056216438750337303 -0.03843020302749605 0.041091559082804735 -0.061707609415330246 -0.0067490459181033862 -0.0013104452014210274 -0.057493266888208022 -0.0068379740969601215
leaf_weight=442.56933553516865 10.446702435612684 5.8976783603429785 8.6335917040705699 5.5142732709646216 14.181557506322862 30.047293350100517 5.8794652521610251 15.482802122831343 4.7265190109610549 6.064927026629447 6.4456539303064337 5.3305224329233161 4.2190320789813986 7.8837910071015385 217.3933484852314 16.34735968708992 5.9602678120136279 12.170657537877561 7.1051326841115943 6.6228186339139938 6.2141657918691644 6.8705431222915623 254.11621321737766 6.9988012909889212 11.539686471223829 8.3793284147977811 33.406402498483658 1319.869164288044 8.6288142055273038 30.700987204909325
leaf_count=1819 50 26 42 23 72 127 28 65 23 30 29 24 21 38 884 76 27 62 31 29 26 28 1032 29 47 34 135 5358 35 124
internal_value=6.95597e-06 0.00589911 0.00108907 0.00478862 -0.00123956 -0.00858271 0.0174448 -0.00353373 0.0249946 0.0250607 0.0383409 0.0155597 0.0260094 -0.000294349 -0.00443876 0.00955914 0.00178045 -0.0104044 0.00690795 -0.0369249 0.0202938 0.0382055 0.00026687 0.00599208 0.0071624 -0.000579868 -0.0177699 -0.000181204 -0.00179197 -0.0179516
internal_weight=2525.65 122.87 98.1472 92.2496 71.1054 51.0444 20.061 45.5301 24.7228 21.1442 15.0792 19.9963 14.6657 2402.78 286.568 69.1747 52.8274 31.8589 19.2758 12.5831 20.9685 13.0847 2116.21 272.655 265.656 1843.55 41.7857 1801.77 1359.2 39.3298
internal_count=10374 560 442 416 315 215 100 192 118 101 71 95 71 9814 1201 317 241 149 93 56 92 54 8613 1108 1079 7505 169 7336 5517 159
is_linear=0
shrinkage=0.05


Tree=52
num_leaves=25
num_cat=0
split_feature=9 9 7 8 3 0 7 3 3 3 11 3 12 3 2 12 7 2 12 2 2 0 2 3
split_gain=1.79046 2.34665 2.73636 2.17868 3.93233 3.09977 2.01706 3.10331 4.42898 3.34432 5.72351 5.36631 2.72013 3.60206 3.16954 4.86454 6.67856 5.10552 2.25952 7.18013 1.93691 1.92691 1.58217 1.58068
threshold=0.33197407145317887 0.36020582267916035 0.017206094879224077 -0.90748145914914213 -0.20484286163487025 -0.002006120654745609 0.0099952522891580877 1.448432739123735 0.76446028481745254 0.15236063458408577 14.500000000000002 0.0500980663623199 -0.01268345756443991 0.0075670730803758446 77.500000000000057 -0.064792774483328264 0.022247490046084898 83.333333333333357 -0.019055283790563062 57.289049413735327 80.72092290731554 0.00065044103703873078 68.78691897765502 0.14044297412849671
decision_type=2 2 2 2 2 2 2 2 2 2 2 2 2 2 2 2 2 2 2 2 2 2 2 2
left_child=3 2 -2 5 -5 -1 7 8 9 11 -11 -3 14 -14 18 17 -17 -16 21 -20 -15 -8 23 -6
right_child=1 6 -4 4 22 -7 12 -9 -10 10 -12 -13 13 20 15 16 -18 -19 19 -21 -22 -23 -24 -25
leaf_value=0.019145797457009089 -0.049519040451127407 0.0035259784490265012 0.0027203659986846352 -0.011369544908004237 0.060292869776780361 -0.025761244484742707 -0.001708219700697235 -0.025825759501623163 0.04473309177032319 0.0025704522896696255 -0.040558044346605669 0.028806621739581175 -0.041742743121533726 0.014828334972375005 0.059619404980708085 0.019321643118262941 -0.0077492325397943256 -0.00010182187936138675 0.032843767034065025 -0.019995474215886752 -0.023653417467872136 0.0013725082078215045 0.0084672957549393798 0.023327062234841035
leaf_weight=7.5163026601076126 5.1892608255147916 101.3892475515604 4.8493861854076385 6.7954605966806438 6.4136057049036044 7.8624342083930951 1262.9540789946914 7.8525066971778861 7.1906685978174201 33.74648728966713 9.9639067649841291 26.471996650099754 9.2338146120309847 7.8549275696277601 8.6011246591806394 39.855164229869843 53.189263761043549 6.1286150589585295 7.6632071584463111 39.926876053214073 5.6020289957523346 848.61949890106916 4.4075492471456519 5.2666258960962296
leaf_count=32 21 427 20 28 29 32 5182 32 32 143 41 113 38 32 37 163 216 27 31 162 23 3470 20 23
internal_value=7.12986e-06 -0.000158055 -0.0242837 0.0107409 0.0205219 -0.00381309 -6.02498e-05 0.00493828 0.00628965 0.00467847 -0.00726081 0.00876 -0.000467652 -0.0176934 -0.000295232 0.008073 0.00384646 0.0347711 -0.000712931 -0.011487 -0.00119133 -0.000470107 0.0339929 0.043625
internal_weight=2524.54 2486.28 10.0386 38.262 22.8832 15.3787 2476.24 186.615 178.762 171.572 43.7104 127.861 2289.63 22.6908 2266.94 107.774 93.0444 14.7297 2159.16 47.5901 13.457 2111.57 16.0878 11.6802
internal_count=10374 10210 41 164 100 64 10169 788 756 724 184 540 9381 93 9288 443 379 64 8845 193 55 8652 72 52
is_linear=0
shrinkage=0.05


Tree=53
num_leaves=16
num_cat=0
split_feature=8 3 2 3 0 12 8 2 7 7 0 7 9 9 7
split_gain=1.73314 3.01456 3.86696 1.80538 1.70811 3.39902 3.08909 3.75027 3.00181 2.48789 3.45151 2.43441 1.55378 1.48673 0.730758
threshold=-10.96993815403548 0.21496895787844786 23.760245901639362 16.536060538208265 0.013454294945522804 -0.062212912410127039 13.82166037696882 84.379692192192195 0.070725601258957785 0.043580589018418193 0.010929175309834322 0.03781866878285884 1.3055859899774152 1.0001124382510389 0.030797357546759458
decision_type=2 2 2 2 2 2 2 2 2 2 2 2 2 2 2
left_child=1 2 13 4 6 12 8 -8 9 11 -11 -2 -6 -1 -9
right_child=3 -3 -4 -5 5 -7 7 14 -10 10 -12 -13 -14 -15 -16
leaf_value=0.0049692379029539387 0.00011908322384559683 0.0545057738341337 -0.036344789378011777 -0.021714575012180659 0.055673783203889472 -0.0080475289355279606 -0.048400164258703575 0.012874827083731499 -0.0396235625668728 0.0054857100332638201 0.043253864781260309 -0.0080805368189150496 0.015767145608122871 0.058988496142827029 -0.014525775803568975
leaf_weight=2.7018260210752469 2273.921620503068 3.975524775683879 3.7640560120344162 9.6120142638683301 4.787544362246992 8.3965725898742658 7.3078135550022152 4.8027702122926694 4.7631108313798896 86.705018855631351 6.5028762221336356 94.273307010531425 4.9725683927536011 2.4097616672515869 4.9320964813232422
leaf_count=20 9258 27 17 39 25 34 32 20 21 391 32 396 21 20 21
internal_value=7.04982e-06 0.018322 0.00211482 -8.66861e-05 -3.5765e-06 0.0152766 -0.000115302 -0.0213292 3.12991e-05 0.000108036 0.0081207 -0.000207328 0.0353422 0.0304356 -0.00100748
internal_weight=2523.83 12.8512 8.87564 2510.98 2501.37 18.1567 2483.21 17.0427 2466.17 2461.4 93.2079 2368.19 9.76011 5.11159 9.73487
internal_count=10374 84 57 10290 10251 80 10171 73 10098 10077 423 9654 46 40 41
is_linear=0
shrinkage=0.05


Tree=54
num_leaves=25
num_cat=0
split_feature=9 9 7 8 3 0 7 11 0 7 12 3 12 3 2 12 7 2 12 2 12 2 8 3
split_gain=1.62327 2.12548 2.47362 1.98822 3.59595 2.79715 1.82039 2.89904 6.16364 4.62932 4.0025 2.49501 2.45248 3.23621 2.94152 4.40315 5.93448 4.68914 2.03984 6.48304 1.75018 1.74685 1.52466 0.390834
threshold=0.33197407145317887 0.36020582267916035 0.017206094879224077 -0.90748145914914213 -0.20484286163487025 -0.002006120654745609 0.0099952522891580877 19.500000000000004 -0.001939053224797216 0.0079620210657362373 -0.011038244316389991 0.33602190679971539 -0.01268345756443991 0.0075670730803758446 77.500000000000057 -0.064792774483328264 0.022247490046084898 83.333333333333357 -0.019055283790563062 57.289049413735327 -0.027257248993911899 80.72092290731554 0.80722812525808096 0.01507652992578599
decision_type=2 2 2 2 2 2 2 2 2 2 2 2 2 2 2 2 2 2 2 2 2 2 2 2
left_child=3 2 -2 5 -5 -1 7 8 -3 10 -10 -11 14 -14 18 17 -17 -16 20 -20 -8 -15 -6 -24
right_child=1 6 -4 4 22 -7 12 -9 9 11 -12 -13 13 21 15 16 -18 -19 19 -21 -22 -23 23 -25
leaf_value=0.018213194380741062 -0.047158301518690882 -0.048583353242417408 0.002541608906521213 -0.010779788650356337 0.049753670974646905 -0.024509201720578588 -0.00086210689170102971 0.034845361963553589 -0.0066795315560454821 0.01901169471355596 0.019093929845209221 -0.0048521166245288905 -0.039535490985662947 0.014090315202848978 0.057278642931176564 0.018378533586632155 -0.0071595620958576356 -7.4217022185349421e-05 0.031234711633045531 -0.018999325712573206 0.0045935897591138138 -0.022459668185450254 0.02927219542931922 0.0081369635278609534
leaf_weight=7.4847038015723228 5.1775189042091352 5.5248228758573523 4.8476486355066299 6.8031589984893808 7.165056288242341 7.849100321531294 1952.1579998210073 7.645861789584159 81.605321243405342 59.666247233748436 18.47349414229393 13.415701538324354 9.2624718695879 7.8498461097478849 8.5144663453102094 39.777943924069405 53.134656175971031 6.129472777247428 7.6538465172052375 39.931613624095917 158.97247263789177 5.601970300078392 4.3510804176330549 4.3985717445611954
leaf_count=32 21 23 20 28 32 32 8004 32 336 256 84 57 38 32 37 163 216 27 31 162 648 23 20 20
internal_value=6.92661e-06 -0.000149989 -0.023126 0.0102559 0.0196457 -0.00365564 -5.6935e-05 0.00469549 0.00340539 0.00506413 -0.00192202 0.014631 -0.000443799 -0.0167915 -0.000279949 0.00779015 0.00377386 0.0332726 -0.000682036 -0.0109195 -0.000451282 -0.00113082 0.0326518 0.0186472
internal_weight=2523.4 2485.34 10.0252 38.0517 22.7179 15.3338 2475.32 186.331 178.686 173.161 100.079 73.0819 2288.99 22.7143 2266.27 107.557 92.9126 14.6439 2158.72 47.5855 2111.13 13.4518 15.9147 8.74965
internal_count=10374 10210 41 164 100 64 10169 788 756 733 420 313 9381 93 9288 443 379 64 8845 193 8652 55 72 40
is_linear=0
shrinkage=0.05


Tree=55
num_leaves=31
num_cat=0
split_feature=11 11 0 9 12 7 9 12 12 2 8 7 8 3 0 7 0 2 0 0 3 3 3 7 12 11 9 12 9 9
split_gain=1.65662 7.66982 11.0753 7.9574 6.31845 5.35742 5.16952 6.30675 5.36496 5.14088 8.21793 7.74081 6.93323 8.26951 5.99007 5.42599 8.75828 6.29151 5.26242 4.93262 4.42089 4.38975 4.26886 4.59152 4.21582 4.15566 4.99655 4.07551 3.61795 8.348
threshold=15.500000000000002 14.500000000000002 -0.00081702195619442499 0.78199110603968525 -0.055194755903572632 0.026940147220910097 1.3677265533933003 -0.08619597045583674 -0.097918527090523622 42.46943585211374 -2.4427266922126689 0.02258062516214689 -4.5137916300236292 -1.0769524651140319 -0.0047560838178056309 0.025153589627412286 -0.0018703884225157034 49.710084033613455 -0.0052735313136115436 -0.0012711445976546615 0.98326301898207447 0.60408747524443884 -0.72653197896609656 0.030583174850529523 -0.12313595794689369 17.500000000000004 1.9534287763784397 -0.091389242476330249 0.93512801136823231 0.86907907299548526
decision_type=2 2 2 2 2 2 2 2 2 2 2 2 2 2 2 2 2 2 2 2 2 2 2 2 2 2 2 2 2 2
left_child=1 -1 3 24 -4 6 9 8 -8 11 -11 12 -2 -14 18 16 -12 -17 -13 25 21 22 23 -7 -3 -9 -27 -16 29 -5
right_child=5 2 4 28 -6 20 7 19 -10 10 15 14 13 -15 27 17 -18 -19 -20 -21 -22 -23 -24 -25 -26 26 -28 -29 -30 -31
leaf_value=6.0840153185637393e-05 0.030499950170757895 0.010598962804997523 -0.062899322935596885 -0.004198644936633353 -0.019537827697235111 0.067315011683971984 0.0047229341743046521 0.060445215379758103 -0.055657349992710416 -0.055053772867349166 -0.022889644536180784 -0.018117779048545151 0.049768518778267462 0.00010965899488303659 0.015315228631152046 0.066588944427507443 0.0031409472800178039 -0.0066099356672233728 -0.070520534224579476 -0.0013984026748502865 -0.016983180287269955 0.051887883011027071 0.0078335812765077933 0.011569109507976731 -0.038585182311903131 0.034752929907403522 -0.019190056861810148 -0.016770230579008342 -0.00014710794016687962 0.070452895122694134
leaf_weight=1812.6579109728336 27.414905279874802 5.7770321816206005 13.916591778397558 8.3710896819829923 21.198209494352341 6.6304268389940253 12.651386171579363 9.6765895783901197 5.1872911453247061 9.4119023382663709 64.151194125413895 16.959320113062862 8.923841714859007 138.45882038772106 19.326869666576385 5.2261013090610486 65.112008467316628 6.6976103037595749 6.6771580576896659 15.361451312899588 13.240900978446005 6.986477702856063 112.18360606580973 8.3398754447698575 17.722710207104683 17.344492793083194 5.7047224491834632 20.284448981285095 34.258852981030941 6.7765308320522299
leaf_count=7446 113 25 57 34 86 27 52 39 21 38 261 69 36 561 78 21 264 27 27 62 56 30 488 40 72 70 23 82 141 28
internal_value=6.8366e-06 -0.000710474 -0.0136536 -0.0025425 -0.0367227 0.0022956 -0.000390288 0.0125559 -0.012835 -0.00258636 -0.00981625 0.00198761 0.00741122 0.00311644 -0.0130016 -0.00680059 -0.00977761 0.0254728 -0.0329212 0.0219751 0.0105797 0.0133004 0.0111802 0.0362593 -0.0264941 0.0329465 0.0214019 -0.00111532 0.00884984 0.0291979
internal_weight=2522.63 1920.68 108.021 72.9062 35.1148 601.951 454.57 65.9259 17.8387 388.644 150.599 238.045 174.798 147.383 63.2478 141.187 129.263 11.9237 23.6365 48.0873 147.381 134.14 127.154 14.9703 23.4997 32.7258 23.0492 39.6113 49.4065 15.1476
internal_count=10374 7889 443 300 143 2485 1844 267 73 1577 611 966 710 597 256 573 525 48 96 194 641 585 555 67 97 132 93 160 203 62
is_linear=0
shrinkage=0.05


Tree=56
num_leaves=31
num_cat=0
split_feature=3 3 7 11 11 3 9 9 3 12 8 3 3 9 12 9 8 12 2 0 9 0 9 9 3 0 2 9 2 9
split_gain=1.56711 2.83394 5.28471 4.9959 5.31891 6.30549 5.61424 4.17132 4.1113 6.84012 6.07455 4.08074 5.06779 3.99915 6.36897 5.90184 4.83985 3.98388 10.0607 7.91889 3.83571 7.13193 4.51558 4.21722 6.33275 3.77876 3.72551 3.65604 5.52535 6.01092
threshold=-0.065977175474899535 0.062443478198833065 0.0042516847646405995 15.500000000000002 4.5000000000000009 0.021934380241897557 0.70247347564098428 0.88291386491949198 -0.010343430507606619 -0.042870513568655295 1.1795277829726398 -0.060090305646155064 -0.023581077680840386 0.7974468253119612 -0.059929706093983508 0.72685730638902901 -4.3543561318369859 -0.078474956089879477 59.706118169483169 -0.00078482568427345285 1.3677265533933003 0.0064669239778938755 2.3434593178482097 1.9939528439632328 0.62352067557173174 0.0037144582466739243 79.582503733200653 0.95474058625944236 26.730391933202522 0.99495459411296727
decision_type=2 2 2 2 2 2 2 2 2 2 2 2 2 2 2 2 2 2 2 2 2 2 2 2 2 2 2 2 2 2
left_child=-1 3 -3 4 5 11 8 -7 9 -6 -10 -2 -13 14 15 16 -5 18 -8 -19 27 23 26 25 -25 -22 -23 -4 29 -29
right_child=1 2 20 13 6 7 17 -9 10 -11 -12 12 -14 -15 -16 -17 -18 19 -20 -21 21 22 -24 24 -26 -27 -28 28 -30 -31
leaf_value=-0.0015121409061339655 -0.039579727552400398 0.057629474517645191 0.00045021220716499438 0.04218391854223856 0.046080661368982846 0.0028528539496456354 -0.0057602098910075894 0.042736358696849372 -0.0093507316800936682 -0.0078277958817377299 0.039061867473224973 0.021835934697766745 -0.0056625317777145353 0.022228736604236649 0.044419397127621225 -0.053736683137827604 -0.016167533684592582 -0.035168579148595044 0.044720924057644697 -0.0049821833127268109 0.010740106257344104 -0.027036015588148627 -0.051686052062050986 0.0061603713836810223 -0.03789280259370853 0.036346741741166699 0.016915154986147454 -0.036534107162612038 -0.0085260419075697379 0.023281813237090821
leaf_weight=1015.0645174458623 5.1449959725141516 3.9087361693382254 528.88468778133392 5.3278182446956661 16.15110003948212 9.5000860095024127 48.895151600241661 21.153310254216194 31.338695138692856 9.2566544413566572 8.1682734787464124 30.25642841309309 37.547144085168839 60.459937810897827 6.1846542656421652 6.3409757614135733 10.67116202414036 27.014922961592674 12.366046674549578 110.97536636888981 108.87568279355764 9.9517700672149711 7.3974115103483191 38.394741490483284 10.358897924423216 16.604640066623688 9.3529180884361249 5.0049241334199932 285.34131915867329 26.114468075335026
leaf_count=4161 21 17 2174 22 67 40 202 87 130 38 35 126 155 252 25 26 43 109 57 451 452 42 32 160 42 68 38 22 1166 114
internal_value=6.47748e-06 0.00102941 -0.000400552 0.00431724 0.00174503 0.0113468 -0.00202062 0.0303757 0.0107498 0.0264405 0.000658828 0.00335069 0.00660829 0.0149481 -0.000483881 -0.012915 0.00326408 -0.00618114 0.0044298 -0.0108919 -0.000617342 0.00559216 -0.0184702 0.00927982 -0.0031998 0.0141286 -0.00574214 -0.00209332 -0.0063442 0.0136616
internal_weight=2522.01 1506.94 1050.19 456.753 367.768 103.602 264.166 30.6534 64.9147 25.4078 39.507 72.9486 67.8036 88.9845 28.5246 22.34 15.999 199.251 61.2612 137.99 1046.28 200.936 26.7021 174.234 48.7536 125.48 19.3047 845.345 316.461 31.1194
internal_count=10374 6213 4327 1886 1518 429 1089 127 270 105 165 302 281 368 116 91 65 819 259 560 4310 834 112 722 202 520 80 3476 1302 136
is_linear=0
shrinkage=0.05


Tree=57
num_leaves=29
num_cat=0
split_feature=8 3 2 3 7 0 3 11 3 3 0 8 8 11 11 0 3 12 7 9 3 11 12 2 12 12 11 9
split_gain=1.53589 2.80164 3.50348 1.61554 1.53218 4.12952 4.72923 3.79149 4.75858 6.57623 3.55164 3.54196 7.36176 3.48748 2.81776 2.34738 2.27341 7.84753 4.93844 5.96636 3.36773 3.30704 5.3983 3.31106 2.20132 3.44323 2.09583 1.4156
threshold=-10.96993815403548 0.21496895787844786 23.760245901639362 16.536060538208265 0.015360612780278666 -0.0023143383076426874 0.24401050814967734 12.500000000000002 0.93531199877707161 0.15667117957079937 -0.002579129399226283 4.766718288884956 2.5559850306734107 18.500000000000004 15.500000000000002 0.0044095582587581755 1.6750095181845817 -0.039366265495193155 0.019380450770710798 0.65854512433743018 1.0875981672583359 10.500000000000002 -0.059399939993999382 46.288644015916752 -0.01268345756443991 -0.022051245188958537 12.500000000000002 1.0001124382510389
decision_type=2 2 2 2 2 2 2 2 2 2 2 2 2 2 2 2 2 2 2 2 2 2 2 2 2 2 2 2
left_child=1 2 27 4 5 6 10 11 9 -9 13 12 -7 -2 -10 -13 20 18 26 -20 24 23 -23 -22 25 -6 -18 -1
right_child=3 -3 -4 -5 16 7 -8 8 14 -11 -12 15 -14 -15 -16 -17 17 -19 19 -21 21 22 -24 -25 -26 -27 -28 -29
leaf_value=0.0048843963856802924 -0.015836814694497138 0.053119206783980903 -0.03439118816630754 -0.020545265288019626 -0.00098559554616609512 0.00175689170644011 0.062764556036044347 -0.0014776339867279059 -0.0081064812607875968 -0.025174270868214887 0.045635583935963599 -0.029739183031161381 0.020976903747797662 0.019265419253111173 0.034763592278305909 0.0079855735601730843 0.019872669778729438 -0.040921080055565454 0.045097570987192082 -0.001405140336393231 0.030115888327822457 -0.014606751717892219 -0.073222643866278594 -0.013718324426607358 -0.028347553054132047 0.011560683704827705 0.06169851524516709 0.058374409292719025
leaf_weight=2.6983467414975149 12.670754566788675 3.8266799300909033 3.7887346893548965 9.6072871685028058 1724.7576780691743 328.49064175784588 5.0870399624109259 98.477748423814774 5.921093255281451 41.66561995446682 6.1504425704479209 12.741234496235849 58.72837121784687 16.024937257170677 10.868838131427763 6.0966635793447486 5.4309646934270841 7.1688794940710059 8.4351906180381757 37.837487772107124 6.1227876245975521 16.272752776741985 5.1777734607458106 14.535001650452612 7.1702819466590872 56.476652443408966 6.6776424795389175 2.2837665230035782
leaf_count=20 52 27 17 39 7059 1362 22 400 24 170 25 54 251 66 44 25 22 29 35 154 25 67 21 59 29 229 27 20
internal_value=6.38033e-06 0.0174212 0.00184637 -8.10727e-05 -2.39862e-06 0.00219312 0.0177303 0.00109106 -0.00550919 -0.00852281 0.011156 0.00364194 0.00467193 0.00376582 0.0196451 -0.01753 -0.000700546 0.00844864 0.014511 0.00707198 -0.00102818 -0.0150048 -0.0287556 -0.000726248 -0.000699095 -0.000587797 0.0429387 0.0294039
internal_weight=2521.19 12.5975 8.77085 2508.59 2498.99 602.923 39.9332 562.99 156.933 140.143 34.8461 406.057 387.219 28.6957 16.7899 18.8379 1896.06 65.5502 58.3813 46.2727 1830.51 42.1083 21.4505 20.6578 1788.4 1781.23 12.1086 4.98211
internal_count=10374 84 57 10290 10251 2495 165 2330 638 570 143 1692 1613 118 68 79 7756 267 238 189 7489 172 88 84 7317 7288 49 40
is_linear=0
shrinkage=0.05


Tree=58
num_leaves=24
num_cat=0
split_feature=0 12 8 11 7 0 8 3 9 9 2 2 3 3 8 8 8 13 2 11 3 3 9
split_gain=1.53879 3.09922 2.70062 3.54863 4.37669 2.62519 3.15647 1.75698 3.37583 4.69439 6.64484 4.47577 3.97606 4.87048 3.46407 3.08854 5.71916 5.72002 5.12819 4.99623 4.24349 4.12158 1.46719
threshold=0.013454294945522804 -0.062212912410127039 12.755898121751775 7.5000000000000009 0.034713667877604583 0.010929175309834322 8.1550680841674517 -0.065977175474899535 1.3458784215456816 1.4888696431748263 59.3369963369963 61.904761904761862 0.076963181771232722 0.097189793247971598 9.9230305818041202 4.3288535221835245 5.3042487195173473 1.0000000180025095e-35 69.773830820342454 1.5000000000000002 -0.093052098369456313 -0.45815408896967275 1.3055859899774152
decision_type=2 2 2 2 2 2 2 2 2 2 2 2 2 2 2 2 2 2 2 2 2 2 2
left_child=2 22 5 4 -4 7 -7 15 12 10 -10 -11 14 -14 -9 18 17 -17 21 -18 -20 -1 -2
right_child=1 -3 3 -5 -6 6 -8 8 9 11 -12 -13 13 -15 -16 16 19 -19 20 -21 -22 -23 -24
leaf_value=0.0029656476008041188 0.053938260949931094 -0.0076745757798068167 -0.0055601160952433006 0.00983689444791001 -0.056736405280267958 0.0012936821135890557 0.054940394909622742 0.0033174054381686171 0.0024773635463500748 0.010272949874348521 0.033431136348555705 -0.0049704583457160995 -0.01789408822765803 -0.0011840395972931425 0.042866447049612143 0.011914152667557973 -0.01632145828761403 -0.042607531382236087 0.021068621741731606 0.016957565790624244 -0.025420854331864164 -0.004224692328297394 0.014939474897044164
leaf_weight=304.94748167693615 4.6869248822331446 8.3894786685705167 8.8494036644697243 8.5669268071651441 7.9140114784240714 6.4175386577844602 4.7873279601335526 417.6595591083169 36.10376850515604 90.787009343504906 33.356599822640419 102.54940809309483 46.356277495622635 735.26184492558241 5.6111338958144179 6.2745839506387737 24.149298131465912 20.618031591176987 40.315833553671837 21.160801991820335 5.5890330821275702 575.26209799945354 4.9681014716625214
leaf_count=1248 25 34 37 37 34 30 22 1722 152 380 138 420 190 3022 25 26 98 85 170 90 23 2345 21
internal_value=6.29683e-06 0.0145551 -9.86071e-05 -0.0163418 -0.0297205 6.74858e-05 0.0242145 -4.22318e-05 0.00105848 0.00619309 0.0173421 0.00218755 -6.14223e-05 -0.00217508 0.00384169 -0.00166045 -0.0116207 -0.0298865 -0.000883927 -0.00077943 0.0154084 -0.00173361 0.033871
internal_weight=2520.58 18.0445 2502.54 25.3303 16.7634 2477.21 11.2049 2466 1467.69 262.797 69.4604 193.336 1204.89 781.618 423.271 998.317 72.2027 26.8926 926.114 45.3101 45.9049 880.21 9.65503
internal_count=10374 80 10294 108 71 10186 52 10134 6049 1090 290 800 4959 3212 1747 4085 299 111 3786 188 193 3593 46
is_linear=0
shrinkage=0.05


Tree=59
num_leaves=29
num_cat=0
split_feature=9 9 7 2 11 0 0 8 7 12 2 7 3 9 7 11 2 11 12 3 2 12 7 2 12 8 2 7
split_gain=1.46727 1.92768 2.25737 1.80654 4.82016 3.87507 3.67066 3.1535 1.53621 2.87652 9.05372 6.62629 5.75524 5.44328 5.88081 4.75457 3.85123 3.66156 2.17958 2.91065 2.4746 3.81984 5.18037 4.29724 2.018 6.20316 1.70292 1.55237
threshold=0.33197407145317887 0.36020582267916035 0.017206094879224077 59.114085816078891 6.5000000000000009 -0.0011269966913187051 -0.0024434373006808501 2.1951599496078402 0.0099952522891580877 -0.026189848604014156 35.309396485867083 0.0095933957136201311 1.448432739123735 1.2331709870973901 0.0070442841646802768 4.5000000000000009 48.888888888888893 14.500000000000002 -0.01268345756443991 0.0075670730803758446 77.500000000000057 -0.064792774483328264 0.022247490046084898 83.333333333333357 -0.019055283790563062 1.889890759734252 52.123706197780315 0.012817470458666472
decision_type=2 2 2 2 2 2 2 2 2 2 2 2 2 2 2 2 2 2 2 2 2 2 2 2 2 2 2 2
left_child=3 2 -2 4 -1 6 -6 -5 9 13 -11 12 -12 14 16 -16 -3 -15 20 -20 24 23 -23 -22 26 -26 -10 -21
right_child=1 8 -4 7 5 -7 -8 -9 18 10 11 -13 -14 17 15 -17 -18 -19 19 27 21 22 -24 -25 25 -27 -28 -29
leaf_value=-0.029827533954384634 -0.045056576299197251 0.074748315205162327 0.0024848798750737172 0.056324690682814253 0.024392136759561842 0.044245961112778974 -0.029079830614234126 -0.0017900603400913583 -0.0016275017375880973 -0.06808478959839695 0.0018006336103189799 0.044281603330531487 -0.051182924712671662 -0.034198124820625508 0.055971014526469569 0.0041448491742281136 0.016286876183374831 0.01894574542441381 -0.037368782792125119 0.016527067513119123 0.054357009156618889 0.017112259700348444 -0.0067880760864621834 -0.00090180004388432295 0.010390155046830579 -0.026195430980637886 0.0012424123712288413 -0.017486302994093397
leaf_weight=7.8507963418960598 5.1604137122631055 7.0961713045835477 4.8375525325536728 4.9338734596967679 6.8789123296737689 7.7132910490036002 6.0165951699018478 4.4304586946964264 1202.2338304966688 4.7189907580614081 103.06977094709873 8.7989475876092893 5.3935288339853278 8.8285217732191068 5.1113854497671118 32.974497973918915 4.6716964840888977 5.1212995946407309 9.2735796123743075 6.5296818166971189 8.3561369031667692 39.623356610536575 52.996035650372505 6.0768202245235434 19.994121745228767 27.550829663872719 906.72630426287651 6.8987521678209305
leaf_count=33 21 30 20 23 30 33 25 20 4936 19 440 39 22 36 23 138 20 21 38 27 37 163 216 27 81 112 3716 28
internal_value=6.10584e-06 -0.000142836 -0.0220535 0.00977979 0.00351171 0.0162121 -0.000556023 0.0288294 -5.422e-05 0.00431822 -0.000181386 0.00255125 -0.000834067 0.0129207 0.0206459 0.0111003 0.0515399 -0.0146878 -0.000409531 -0.015825 -0.000254924 0.00716508 0.00343669 0.031091 -0.000623265 -0.0108101 -0.000393611 -0.000947034
internal_weight=2519.87 2482.04 9.99797 37.8239 28.4596 20.6088 12.8955 9.36433 2472.04 185.785 121.981 117.262 108.463 63.8036 49.8538 38.0859 11.7679 13.9498 2286.26 22.702 2263.56 107.052 92.6194 14.433 2156.51 47.545 2108.96 13.4284
internal_count=10374 10210 41 164 121 88 55 43 10169 788 520 501 462 268 211 161 50 57 9381 93 9288 443 379 64 8845 193 8652 55
is_linear=0
shrinkage=0.05


Tree=60
num_leaves=27
num_cat=0
split_feature=0 7 7 9 2 2 3 12 3 11 0 11 7 12 12 12 9 9 0 0 7 0 9 0 12 2
split_gain=1.4243 1.80696 1.64103 3.8541 3.61484 5.58922 4.41299 5.17954 3.13143 3.04708 5.11667 2.71161 1.90447 6.16481 5.05748 6.66718 3.75629 8.22665 4.99105 3.57077 3.79851 4.72776 4.12449 2.94119 1.44541 1.20166
threshold=-0.010433720819822781 0.070725601258957785 0.043580589018418193 0.96198572045547925 63.043478260869584 66.523391381345903 -0.16880721396198251 -0.13009642719562034 0.71790485475112331 9.5000000000000018 0.0050510281650781872 13.500000000000002 0.032382044560943644 -0.13536845233578668 -0.16772551472588518 -0.18388396197634374 0.71941240277713525 0.83802384866479518 0.0016275754779789384 -0.0086207439321224315 0.027333668922776135 0.0055606423617909949 2.3434593178482097 -0.0054279090843211185 -0.10339971280417781 26.730391933202522
decision_type=2 2 2 2 2 2 2 2 2 2 2 2 2 2 2 2 2 2 2 2 2 2 2 2 2 2
left_child=25 2 12 4 6 -6 24 -8 9 10 -5 -11 19 14 15 -14 18 -18 -15 -2 21 -21 -22 -16 -4 -1
right_child=1 -3 3 8 5 -7 7 -9 -10 11 -12 -13 13 16 23 -17 17 -19 -20 20 22 -23 -24 -25 -26 -27
leaf_value=0.00052233806122998214 -0.054515368152317278 -0.024938159780746001 0.067221766500792243 -0.039726501125335295 -0.042398195257064605 0.028123216656516938 -0.0072671348601255391 0.035159673575683864 0.035937252098545112 0.039023773343661979 -0.0012987181032812238 -0.0075526626310288324 0.01849392754703242 -0.04030502838126275 0.038029929211379404 -0.032843116990078483 0.015747694032287013 -0.010641071137642994 -0.0064065636682217918 -9.3548646159468481e-05 0.0069811714499279634 -0.017130718719140556 -0.028586905742131647 0.010103655277956864 0.029677320673399156 0.040644975907644862
leaf_weight=3.5228978842496863 2.9715169072151175 7.2769378349184981 5.9718101322650909 12.269985884428023 5.903741389513014 5.3609407544136047 14.916870154440401 13.894098684191706 4.8215101957321158 6.1988238468766195 29.461963400244713 6.3015980273485184 12.09158354252577 19.275721311569214 14.630027905106543 13.259937971830366 37.808195278048515 134.95682160556316 24.866590291261673 1796.7142550870776 261.48670624196529 41.663522362709045 8.4128278195857984 26.517965197563171 4.4916962981224042 3.9681024253368378
leaf_count=22 12 34 34 51 29 26 71 61 21 29 125 33 67 79 62 63 154 549 102 7331 1064 169 35 113 19 19
internal_value=6.16705e-06 -5.87646e-05 1.35309e-05 0.00599653 0.0161321 -0.00883656 0.0232937 0.0131932 -0.00267767 -0.00611072 -0.0125972 0.0155441 -0.000260285 -0.00410887 0.00920955 -0.00835756 -0.00819203 -0.00486611 -0.0212091 0.000256335 0.000333533 -0.000479665 0.00587251 0.0200327 0.051105 0.0217759
internal_weight=2519.02 2511.53 2504.25 109.593 50.5392 11.2647 39.2745 28.811 59.0539 54.2324 41.7319 12.5004 2394.66 283.407 66.4995 25.3515 216.907 172.765 44.1423 2111.25 2108.28 1838.38 269.9 41.148 10.4635 7.491
internal_count=10374 10333 10299 499 240 55 185 132 259 238 176 62 9800 1189 305 130 884 703 181 8611 8599 7500 1099 175 53 41
is_linear=0
shrinkage=0.05


Tree=61
num_leaves=30
num_cat=0
split_feature=8 3 2 3 11 8 2 8 8 2 9 11 8 9 7 9 9 2 0 12 0 8 7 2 12 9 3 9 9
split_gain=1.39511 2.63257 3.19505 1.46169 1.46239 4.47858 4.39436 4.3463 4.27783 4.18754 3.88833 4.77294 3.67781 3.78127 3.75504 3.03278 3.91399 4.15012 3.74934 6.65565 6.57534 8.67064 3.47443 3.4181 3.34933 2.86554 2.49522 2.40504 1.36013
threshold=-10.96993815403548 0.21496895787844786 23.760245901639362 16.536060538208265 4.5000000000000009 3.3377858500789537 73.333333333333357 -5.9999118345100468 3.4767879141469717 65.559234731420176 0.68784673126947127 2.5000000000000004 3.0841780018746445 2.3434593178482097 0.012933334754833296 0.66730894313150024 0.68784673126947127 26.730391933202522 0.0020467623963547998 -0.029381857060203877 0.00055347695410141637 2.1664301224480922 0.0048057776061599415 52.123706197780315 -0.017045454545454513 0.62745258142654103 0.046680017718267471 0.54955999968984648 1.0001124382510389
decision_type=2 2 2 2 2 2 2 2 2 2 2 2 2 2 2 2 2 2 2 2 2 2 2 2 2 2 2 2 2
left_child=1 2 28 4 5 7 8 -2 -7 -10 -8 -12 13 -9 -14 18 17 -17 20 27 25 -22 26 -19 -24 -6 -18 -20 -1
right_child=3 -3 -4 -5 15 6 10 12 9 -11 11 -13 14 -15 -16 16 22 23 19 -21 21 -23 24 -25 -26 -27 -28 -29 -30
leaf_value=0.0047669525036204887 -0.049221343789049243 0.052003914266305074 -0.032623193355799246 -0.019555378109652934 0.0023985296933004292 -0.048373026147170185 -0.03199598912571177 0.0039244879534143014 0.0027194748259623458 -0.014734299395035478 0.0019098730867928362 0.031092834570748025 -0.012447478338124207 0.045254287107046473 0.040351186491296792 0.023643769394110586 0.0031177072942351041 -0.038567678248011307 0.057385630746805819 -0.020731247582791216 -0.025656837479836825 0.033790635342826378 -0.001186540048365902 -0.0018849497813566655 -0.016615196654697528 0.015379494955530587 0.046222288465775023 0.021056274888141994 0.057932626289267979
leaf_weight=2.6929715126752836 3.670459806919097 3.7088690102100363 3.8091635704040527 9.594066917896269 200.94879245012999 6.5951396673917762 7.0470620989799491 419.48175257444382 60.675007618963718 79.25283669680357 92.608311921358109 16.508574187755585 4.4600073695182827 5.608145907521247 13.747438058257101 4.9273521453142157 6.9439712315797788 18.655002549290661 8.4239343851804787 6.6245721876621237 36.81102642416954 7.360124632716178 1379.9619573429227 9.6278611719608289 36.095721617341042 53.922214731574059 6.5002629309892654 9.9206355959176999 2.1742157936096191
leaf_count=20 15 27 17 39 831 27 29 1730 256 325 380 69 20 23 57 20 29 76 36 27 150 31 5641 40 149 221 28 41 20
internal_value=6.22111e-06 0.0167461 0.00167446 -7.6512e-05 -1.65092e-06 0.00191857 -0.00326269 0.00496364 -0.00902082 -0.00716606 0.0040003 0.00632504 0.00541229 0.00446975 0.0274179 -0.000764328 -0.00173386 -0.0187029 0.00361251 0.0222262 0.00205833 -0.0157513 -0.00133964 -0.0260804 -0.00157982 0.00514487 0.0239587 0.0377389 0.0285165
internal_weight=2518.36 12.3852 8.67635 2505.97 2496.38 709.655 262.687 446.968 146.523 139.928 116.164 109.117 443.297 425.09 18.2074 1786.72 1462.71 33.2102 324.011 24.9691 299.042 44.1712 1429.5 28.2829 1416.06 254.871 13.4442 18.3446 4.86719
internal_count=10374 84 57 10290 10251 2931 1086 1845 608 581 478 449 1830 1753 77 7320 5983 136 1337 104 1233 181 5847 116 5790 1052 57 77 40
is_linear=0
shrinkage=0.05


Tree=62
num_leaves=20
num_cat=0
split_feature=0 12 8 2 0 12 2 0 8 9 7 8 3 2 12 0 0 11 7
split_gain=1.38882 2.7836 2.41563 3.45905 2.16053 2.63849 1.75297 1.6158 5.14846 6.1302 7.41188 4.02479 4.68364 4.51376 2.78135 2.11804 7.34805 5.70374 0.618975
threshold=0.013454294945522804 -0.073612834298318094 13.82166037696882 84.379692192192195 0.010929175309834322 -0.073106078874103905 80.103792308104929 0.0060480702069804727 2.1664301224480922 1.9939528439632328 0.038124089890496739 5.9610509824125151 -0.43045467402157206 61.456439393939412 -0.084201483089166182 0.0031810484608432539 0.0021579965755136881 4.5000000000000009 0.030797357546759458
decision_type=2 2 2 2 2 2 2 2 2 2 2 2 2 2 2 2 2 2 2
left_child=2 -2 4 -4 7 -6 -3 11 14 10 -10 15 -13 -14 -9 16 -1 -17 -5
right_child=1 6 3 18 5 -7 -8 8 9 -11 -12 12 13 -15 -16 17 -18 -19 -20
leaf_value=-0.00068178814357478857 0.036259255946874756 -0.023812588430014842 -0.045277558675418363 0.013364094886810167 0.044377634131527115 -0.00043680351179640103 0.017898662101233871 0.0040024992413149529 0.0025470369628577028 -0.052876085634656469 -0.026858269030183693 -0.035148551023858714 0.063179326675730452 0.010377208689771144 0.047567732968652472 -0.00095827913314629914 0.009494478531254116 -0.021038813506812758 -0.011967901515417517
leaf_weight=1818.5961377322674 7.8243508860468891 5.1687604337930662 7.1716402918100384 4.7755874395370466 6.0861649066209793 7.1347230076789838 4.9132723361253738 9.0246408283710462 72.321567222476006 7.5394641160964957 30.453478738665581 5.3893898576498023 4.2424287647008887 88.042724847793579 6.1673913598060599 187.72526459395885 196.56612035632133 43.5706567466259 4.8710658252239227
leaf_count=7481 39 21 32 20 32 29 20 39 293 31 132 22 19 364 25 768 808 178 21
internal_value=6.16804e-06 0.0138813 -9.32264e-05 -0.0189787 3.46992e-05 0.0201933 -0.00348546 -7.32171e-05 -0.00560042 -0.00935851 -0.00616611 0.000222713 0.0101587 0.0128046 0.0216883 -0.000209295 0.000310841 -0.00474097 0.000572734
internal_weight=2517.58 17.9064 2499.68 16.8183 2482.86 13.2209 10.082 2469.64 125.507 110.315 102.775 2344.13 97.6745 92.2852 15.192 2246.46 2015.16 231.296 9.64665
internal_count=10374 80 10294 73 10221 61 41 10160 520 456 425 9640 405 383 64 9235 8289 946 41
is_linear=0
shrinkage=0.05


Tree=63
num_leaves=31
num_cat=0
split_feature=11 11 0 9 12 7 7 2 0 9 8 0 3 12 3 3 12 8 12 2 12 7 7 3 0 7 7 7 2 12
split_gain=1.40924 6.63389 9.85909 7.24706 5.9111 4.77263 5.82194 5.45557 6.83638 6.23702 6.09913 5.36826 5.13032 5.52013 5.42013 7.99226 5.1043 5.62058 7.3925 7.07608 4.9313 4.90442 4.61246 5.83052 4.27745 4.26465 4.20256 5.46576 3.81241 3.8027
threshold=15.500000000000002 14.500000000000002 -0.00081702195619442499 0.78199110603968525 -0.055194755903572632 0.025684039328306114 0.019879766448987191 31.57894736842103 -0.0028669898862677397 0.56478107682773715 -2.8973801815249409 -0.0036184146920476604 0.93531199877707161 -0.061150259713187195 0.043620654249984625 -0.020542441927198556 -0.12102615930617898 -0.29169350109431769 -0.099745326481505969 42.91644540372635 -0.096227093234967323 0.016878320719366253 0.039388569740966238 0.98326301898207447 -0.0023143383076426874 0.01312013835352553 0.02258062516214689 0.020882429265269651 49.268292682926827 -0.12313595794689369
decision_type=2 2 2 2 2 2 2 2 2 2 2 2 2 2 2 2 2 2 2 2 2 2 2 2 2 2 2 2 2 2
left_child=1 -1 3 29 -4 6 12 26 9 -9 -11 22 13 -2 15 -15 -13 19 -19 20 -18 25 23 -7 -21 -14 27 -8 -16 -3
right_child=5 2 4 -5 -6 11 7 8 -10 10 -12 16 21 14 28 -17 17 18 -20 24 -22 -23 -24 -25 -26 -27 -28 -29 -30 -31
leaf_value=6.1624500975900864e-05 0.0097132013064572652 0.010169280962547551 -0.059944483187374956 0.0086627572292773038 -0.017902013340306923 0.0025394589693124043 -0.011210038444296549 0.029061088344038075 -0.0014727256773018806 -0.054816805142392136 -0.019121780371741351 0.061707667386788893 0.011212764980544316 -0.0026841984209549016 -0.030946156501114781 0.051627475635982183 0.036070400457015275 -0.055672270532817425 0.019566520357755846 0.08052897852556673 -0.018171177504786636 -0.0033825808368675436 0.024177475275374904 -0.041051632521916903 0.024330697862883884 0.065541821757668081 -0.0082856026774476652 0.040650029380705423 -0.0033900323351271607 -0.036584065563846906
leaf_weight=1808.7739813700318 111.47399927675724 5.7660511136055019 13.829326495528219 49.298011980950832 21.141636297106743 95.902888663113117 7.8322820067405727 4.9451591521501532 61.873299077153206 16.82315157353878 41.459679767489433 7.185920611023902 6.0712090283632305 59.739568680524826 27.12280061841011 7.6399204879999152 7.6973759829998025 5.431764304637908 8.1832199841737729 7.4377762675285339 9.1965530812740361 8.8632777184247953 22.148330986499786 8.3379252254962903 6.2154191285371763 8.917735889554022 22.247586354613304 14.462096989154814 23.363910421729088 17.699178948998451
leaf_count=7446 454 25 57 203 86 402 32 20 251 68 168 32 25 243 110 31 31 22 33 30 37 36 120 34 25 36 91 59 95 72
internal_value=5.97066e-06 -0.000656308 -0.0127098 -0.00222385 -0.0345278 0.00211939 -0.000770419 -0.00793804 -0.0132883 -0.0248507 -0.029425 0.00899423 0.00403201 0.0017367 -0.00580721 0.00347401 0.0226272 0.0162681 -0.0104504 0.0281767 0.0065429 0.0261015 0.00345557 -0.000947268 0.0549455 0.0435361 0.00708882 0.022431 -0.0181939 -0.0250955
internal_weight=2517.08 1916.51 107.734 72.7632 34.971 600.573 422.836 169.643 125.101 63.228 58.2828 177.737 253.192 229.34 117.866 67.3795 51.348 44.1621 13.615 30.5471 16.8939 23.8522 126.389 104.241 13.6532 14.9889 44.542 22.2944 50.4867 23.4652
internal_count=10374 7889 443 300 143 2485 1719 689 507 256 236 766 1030 933 479 274 210 178 55 123 68 97 556 436 55 61 182 91 205 97
is_linear=0
shrinkage=0.05


Tree=64
num_leaves=31
num_cat=0
split_feature=3 3 9 9 11 2 12 11 2 9 11 8 8 9 3 0 8 0 8 0 0 9 9 8 3 2 3 0 7 9
split_gain=1.3474 2.75464 4.79942 6.51609 4.95948 4.36651 3.4806 2.93385 2.89289 3.36373 2.84029 2.5609 4.94285 4.57426 4.38465 5.88517 3.65586 3.81513 2.7463 6.12178 4.48751 2.46799 7.20957 3.11528 2.31102 5.137 4.95969 5.94426 4.17087 5.64464
threshold=-0.065977175474899535 -0.087437073614694619 0.99162369740635958 1.0611665834306814 14.500000000000002 30.711473565804308 -0.031517150374365498 13.500000000000002 23.241339931480763 0.7428346177773234 17.500000000000004 -3.2404135503381073 -3.1842710809081747 1.0741555256695026 -0.17758196519867867 -0.0010968340205181886 -6.3705911374249782 -0.0015377969111604265 -1.9911422324856922 -0.0010968340205181886 -0.0049907365120310469 0.84032892415501159 0.7428346177773234 1.3198884887034297 0.25147034631897619 44.657141112535875 0.23383629890641536 -0.0016961184587748551 0.039912516783399875 1.0929111501083619
decision_type=2 2 2 2 2 2 2 2 2 2 2 2 2 2 2 2 2 2 2 2 2 2 2 2 2 2 2 2 2 2
left_child=1 8 4 -4 21 -6 7 -5 9 -1 -11 13 -13 16 15 -15 -10 -18 19 -14 -20 22 -3 -23 26 -26 28 -28 -2 -30
right_child=24 2 3 6 5 -7 -8 -9 11 10 -12 12 18 14 -16 -17 17 -19 20 -21 -22 23 -24 -25 25 -27 27 -29 29 -31
leaf_value=-0.0074985471998019367 0.00094178696764461462 0.01773154030382702 -0.075526753777891781 -0.044781877593180759 0.0065529770186905922 -0.051854769320092475 0.018527679963920223 -8.4180944768333428e-05 0.030039508260646847 0.010527603576774585 0.058794117733436749 0.064781320320487376 0.00047172968633048203 0.0061059499108133868 -0.059661916572857777 -0.059378541844585103 -0.013019334161401615 0.023487159599671049 -0.031883341627915028 0.031386752005843163 -0.00098963122359701323 0.002699953115602333 -0.050709753866967688 0.057586539209897716 0.005006698657677386 -0.0049654145815025202 -0.013343140454486938 0.036614645202645173 0.02784906721334909 -0.0039214026245716861
leaf_weight=7.8100182488560703 842.72934865951538 14.956708952784544 5.6122207939624813 9.3583420962095278 5.648400351405142 7.3816811889410019 5.6861322522163364 6.0410360693931588 7.7307655662298194 6.1289868056774122 6.063261553645134 2.9096675664186469 67.111193969845772 11.477880612015728 7.4861704409122458 4.893917828798295 42.402214668691158 8.6097930967807752 11.944914504885672 21.031502336263657 737.49444979429245 5.1645733118057233 5.1805685758590689 5.176487073302269 196.64188673347235 376.2386599779129 8.2652358561754244 21.296080842614174 34.107091888785362 23.692364946007729
leaf_count=33 3461 62 23 38 23 30 23 25 35 25 25 12 273 49 31 20 176 35 51 85 3024 21 21 21 812 1548 35 87 161 109
internal_value=5.70376e-06 -0.00140341 -0.0109582 -0.0276471 -0.000717593 -0.0265356 -0.0149032 -0.0272474 -0.000692122 0.0181201 0.0345308 -0.00109976 -0.000274161 -0.00950052 -0.0279634 -0.0134689 -0.00200196 -0.00685778 -0.000500157 0.00784828 -0.00148203 0.0103201 0.000124154 0.0301749 0.000955724 -0.00154248 0.00249447 0.0226466 0.00183294 0.0148261
internal_weight=2516.27 1013.3 70.2062 26.6977 43.5084 13.0301 21.0855 15.3994 943.095 20.0023 12.1922 923.092 840.492 82.6007 23.858 16.3718 58.7428 51.012 837.582 88.1427 749.439 30.4783 20.1373 10.3411 1502.97 572.881 930.09 29.5613 900.529 57.7995
internal_count=10374 4161 287 109 178 53 86 63 3874 83 50 3791 3445 346 100 69 246 211 3433 358 3075 125 83 42 6213 2360 3853 122 3731 270
is_linear=0
shrinkage=0.05


Tree=65
num_leaves=24
num_cat=0
split_feature=9 9 0 0 8 3 0 2 3 9 12 7 7 12 2 7 11 11 12 12 9 12 3
split_gain=1.33885 1.79171 5.05466 4.1367 1.72252 3.29258 2.30685 1.45313 1.42358 1.35542 2.86362 1.57614 4.07697 6.16119 11.4194 2.95784 4.70292 3.88455 2.3732 3.47339 2.8991 1.88963 0.385897
threshold=0.33197407145317887 0.38875348084063305 -0.0017284812162363201 0.0018025380095504048 -0.90748145914914213 -0.20484286163487025 -0.002006120654745609 68.78691897765502 0.14044297412849671 0.41038784475030893 -0.077442109856493205 0.014396572116728691 0.01312013835352553 -0.019367094514077244 52.853441894892683 0.011391236061893477 9.5000000000000018 19.500000000000004 -0.013928074015121321 -0.015527950310558999 1.3677265533933003 -0.06936905216004996 0.019294475348007292
decision_type=2 2 2 2 2 2 2 2 2 2 2 2 2 2 2 2 2 2 2 2 2 2 2
left_child=4 2 -2 22 6 -6 -1 8 -7 10 -3 12 15 14 -14 17 -17 -11 19 21 -20 -13 -4
right_child=1 9 3 -5 5 7 -8 -9 -10 11 -12 18 13 -15 -16 16 -18 -19 20 -21 -22 -23 -24
leaf_value=0.016387832133932117 0.03120695357154072 0.047099112841152591 -0.058103806307489271 0.0058299571893382154 -0.010928462729305088 0.056558373056432333 -0.022545817342787006 0.0061382975769427956 0.020955958563758835 0.0019374698772884201 -0.0070138099342918706 0.0009867543631987281 0.00088061664353031993 -0.027032086634735376 0.03592345939017267 0.0027884061624691321 -0.016719612971602387 0.035754600988689843 -0.042590783302056429 0.032432376353103642 0.0048856630452250999 -0.0021473002653018356 -0.038296122629254373
leaf_weight=7.4077201411128044 4.551204755902293 4.6312578916549683 4.9348165690898878 5.5259793996810904 6.7745710760355005 6.1217412352561933 7.8219648301601392 4.3199740350246438 5.1866743415594101 249.59897314012051 5.1787327677011472 885.14011847227812 58.137637883424759 9.6343691349029523 38.738479182124138 66.297076866030693 57.854922860860825 8.7910338789224607 7.3948746323585492 7.9348469674587241 5.6893742084503174 1053.2564092427492 4.9009810090065002
leaf_count=32 19 20 20 23 28 29 32 20 23 1054 21 3711 235 39 161 270 234 37 30 32 23 4261 20
internal_value=5.51404e-06 -0.000136624 -0.0150743 -0.028786 0.00936562 0.0181855 -0.00360849 0.0308058 0.0402291 -1.56231e-05 0.0185327 -8.99384e-05 0.00244931 0.0111011 0.0148934 4.04182e-05 -0.00630235 0.00308801 -0.000723712 -0.00058104 -0.0219468 -0.000716181 -0.048234
internal_weight=2515.82 2478.19 19.913 15.3618 37.6326 22.403 15.2297 15.6284 11.3084 2458.28 9.80999 2448.47 489.052 106.51 96.8761 382.542 124.152 258.39 1959.42 1946.33 13.0842 1938.4 9.8358
internal_count=10374 10210 82 63 164 100 64 72 52 10128 41 10087 2030 435 396 1595 504 1091 8057 8004 53 7972 40
is_linear=0
shrinkage=0.05


Tree=66
num_leaves=31
num_cat=0
split_feature=11 11 0 9 12 7 7 0 2 9 0 8 12 8 12 2 3 12 3 3 12 7 7 3 0 7 7 7 12 12
split_gain=1.28494 5.97243 8.96082 6.56407 5.38275 4.35539 5.26582 4.84584 4.80564 6.29376 7.7105 5.40922 4.74404 5.02222 6.6985 6.46367 4.68163 4.97109 4.80765 7.17589 4.44943 4.42847 4.12557 5.30425 3.8573 3.80111 5.07297 3.78268 3.5652 4.00275
threshold=15.500000000000002 14.500000000000002 -0.00081702195619442499 0.78199110603968525 -0.055194755903572632 0.025684039328306114 0.019879766448987191 -0.0036184146920476604 31.57894736842103 0.51985958848729485 -0.0028669898862677397 -2.8973801815249409 -0.12102615930617898 -0.29169350109431769 -0.099745326481505969 42.91644540372635 0.93531199877707161 -0.061150259713187195 0.043620654249984625 -0.020542441927198556 -0.096227093234967323 0.016878320719366253 0.039388569740966238 0.98326301898207447 -0.0023143383076426874 0.02258062516214689 0.020520748428698197 0.01312013835352553 -0.16772551472588518 -0.18388396197634374
decision_type=2 2 2 2 2 2 2 2 2 2 2 2 2 2 2 2 2 2 2 2 2 2 2 2 2 2 2 2 2 2
left_child=1 -1 3 -3 -4 6 16 22 25 -10 11 -11 -9 15 -15 20 17 -2 19 -19 -14 27 23 28 -17 26 -8 -18 29 -7
right_child=5 2 4 -5 -6 7 8 12 9 10 -12 -13 13 14 -16 24 21 18 -20 -21 -22 -23 -24 -25 -26 -27 -28 -29 -30 -31
leaf_value=5.3980679634650243e-05 0.0092110223174769676 -0.023894328321611862 -0.057305106786218363 0.0082674329833046997 -0.017080527640862587 0.01038419486191587 -0.019983136999991557 0.059593079542349103 0.031465603256297263 -0.052233062827269264 -0.0025226817288883513 -0.018658081181988227 0.034104757290642128 -0.052835317055532155 0.018789822396560074 0.076666409081401543 0.011063838105301815 -0.0026081490135584865 -0.017197223020965734 0.048943353577206007 -0.017435993802556143 -0.0030837783462794245 0.023057336793826072 -0.039040311079039498 0.023287132866306119 -0.0080594810235603276 0.035027690011888525 0.062282384890536363 0.0062866686038997206 -0.04634827230353275
leaf_weight=1807.8355964049697 111.39924106001854 23.393313512206078 13.72233861684799 49.29618152230978 21.113416373729706 5.4222007393836975 5.6019635498523739 7.0714563354849806 7.6145377606153479 16.733221247792244 58.182748064398766 42.375510290265083 7.695550113916398 5.4293331056833258 8.185830429196356 7.4253602176904678 6.0611013919115093 59.689324274659157 50.425307050347328 7.6112333089113227 9.1854883879423177 8.8583207726478559 21.908104494214058 8.3471630811691266 6.2188206464052183 22.247764304280281 16.637763574719429 8.8953113704919797 83.147604331374168 7.2881403267383558
leaf_count=7446 454 97 57 203 86 29 23 32 31 68 236 172 31 22 33 30 25 243 205 31 37 36 120 34 25 91 68 36 341 32
internal_value=5.42515e-06 -0.000626939 -0.0120753 -0.00208303 -0.0329256 0.00202525 -0.000735893 0.00860144 -0.00755827 -0.0125843 -0.015444 -0.0281629 0.0215722 0.0154811 -0.00977221 0.0267448 0.00383304 0.00164 -0.00552414 0.00322197 0.00605986 0.0249326 0.00333431 -0.000812263 0.0523369 0.00655313 0.021171 0.041526 0.00251658 -0.0221463
internal_weight=2515.02 1915.36 107.525 72.6895 34.8358 599.658 422.333 177.325 169.394 124.906 117.291 59.1087 51.2118 44.1404 13.6152 30.5252 252.94 229.125 117.726 67.3006 16.881 23.8147 126.113 104.205 13.6442 44.4875 22.2397 14.9564 95.8579 12.7103
internal_count=10374 7889 443 300 143 2485 1719 766 689 507 476 240 210 178 55 123 1030 933 479 274 68 97 556 436 55 182 91 61 402 61
is_linear=0
shrinkage=0.05


Tree=67
num_leaves=31
num_cat=0
split_feature=2 2 0 12 12 3 12 11 2 0 8 3 2 12 2 8 8 7 9 11 0 12 2 12 12 8 8 11 12 7
split_gain=1.29781 5.20979 6.60331 4.45407 7.5875 5.79291 5.77255 5.58289 5.20956 4.38373 4.27614 4.19323 4.02381 5.57687 7.73616 5.88174 4.79584 4.76623 5.95401 7.14522 4.42094 4.34803 3.99364 5.5267 5.12094 3.92864 4.78264 3.55854 3.84411 3.35528
threshold=52.31065849317779 54.103974848416776 -0.0034766494743691746 -0.073106078874103905 -0.076461156424809246 0.20456353619462339 -0.072527147618535653 10.500000000000002 62.83212936438742 0.013454294945522804 1.0318912714943662 0.84841635745763899 48.693375825176425 -0.077957550731856187 50.040257648953308 -0.06852667492387822 1.5334381079822728 0.02857665377782424 0.94375802855882984 12.500000000000002 0.0037861443165731969 -0.11867835684493226 60.294117647058833 -0.11352922417250012 -0.093419865080061296 0.27282020987556765 -0.67114934971238072 12.500000000000002 -0.036422530189342044 0.031680279095547832
decision_type=2 2 2 2 2 2 2 2 2 2 2 2 2 2 2 2 2 2 2 2 2 2 2 2 2 2 2 2 2 2
left_child=12 2 -2 4 5 7 -5 9 -9 -3 11 25 16 17 -15 27 -1 -14 19 20 -19 -20 24 -24 -7 26 -4 28 -16 -8
right_child=1 3 10 6 -6 22 29 8 -10 -11 -12 -13 13 14 15 -17 -18 18 21 -21 -22 -23 23 -25 -26 -27 -28 -29 -30 -31
leaf_value=-0.00029205721413904637 -0.043561457683504015 -0.002714589423929591 0.037518609786717831 -0.078000600032586631 0.038552089640065346 0.026409143029195531 0.00014659959630944559 0.0067749205475413346 0.043153907697761167 0.044046971219279724 0.00024109630663567261 -0.014129001695645814 -0.043524268054936574 -0.01736951737396265 -0.0008982101825054826 -0.0040787397903390863 0.028897083674277749 -0.040130903769746311 -0.0037127205104967192 0.061840467547300965 0.024967665238351568 -0.061646448770882982 -0.06706864793415647 -0.010922777096054043 -0.021322689646199551 0.042152742103425192 -0.00194090770457796 0.046591647405787966 0.041524914443559963 -0.0092696917445884725
leaf_weight=1110.3060961738229 5.0515305697917929 57.361866384744644 13.724408999085425 2.4366545528173438 17.853175267577171 11.952120155096056 819.17559613287449 19.241998881101608 20.142638452351093 5.4917820766568175 32.011960908770561 6.8801062852144232 17.438382431864738 57.828360110521317 17.864141345024109 56.645390927791595 14.25285157561302 6.0334987938404101 5.9677534550428391 4.737848922610282 4.5936676114797592 7.0821736454963666 5.9634272903203991 16.538163557648659 10.605062901973723 24.657616913318634 17.432959660887722 10.314373418688772 7.6165806204080608 106.95605419576168
leaf_count=4578 21 253 56 10 73 51 3360 82 94 28 131 28 71 235 72 230 60 25 26 21 20 29 26 69 43 101 71 42 31 437
internal_value=5.24633e-06 0.00120026 0.0121386 0.000202568 0.00776851 0.00403738 -0.00114307 0.0106201 0.0253804 0.00137116 0.0151095 0.0227013 -0.00107467 -0.00768339 -0.00302589 0.00594711 7.78909e-05 -0.0229468 -0.0103183 0.0107747 -0.0119916 -0.0351533 -0.0108988 -0.0258027 0.00396844 0.0272413 0.0154405 0.0218129 0.0117827 -0.000940859
internal_weight=2514.16 1193.48 99.7586 1093.72 165.15 147.297 928.568 102.238 39.3846 62.8536 94.7071 62.6951 1320.68 196.122 150.269 92.4405 1124.56 45.8533 28.4149 15.365 10.6272 13.0499 45.0588 22.5016 22.5572 55.815 31.1574 35.7951 25.4807 926.132
internal_count=10374 4934 408 4526 719 646 3807 457 176 281 387 256 5440 802 610 375 4638 192 121 66 45 55 189 95 94 228 127 145 103 3797
is_linear=0
shrinkage=0.05


Tree=68
num_leaves=31
num_cat=0
split_feature=3 3 9 8 9 2 12 8 9 0 11 2 9 11 8 8 2 9 8 12 11 3 3 8 8 3 3 11 2 2
split_gain=1.27319 2.529 4.34474 5.98219 4.65227 3.61038 3.16772 3.03456 6.12771 2.71688 2.60707 2.57205 3.01896 2.57986 2.35836 5.88235 5.48577 4.33102 3.82102 4.7033 4.6612 3.65522 3.64131 2.01087 9.44542 3.3794 6.62096 6.51011 7.78229 3.75997
threshold=-0.065977175474899535 -0.087437073614694619 0.97889741517388551 -1.8156431476745707 1.0611665834306814 33.780780780780745 -0.031517150374365498 -0.06852667492387822 0.87204053450695318 0.002120322405683103 13.500000000000002 23.241339931480763 0.7428346177773234 17.500000000000004 -3.5683335039470454 -3.7464714275274162 25.243085056169139 1.0741555256695026 -1.9911422324856922 -0.058204761041443225 19.500000000000004 -0.17758196519867867 -0.6874715895861635 -2.731517865981 -2.4727964358263339 1.045836565270067 0.47027442340715259 8.5000000000000018 36.363636363636353 30.711473565804308
decision_type=2 2 2 2 2 2 2 2 2 2 2 2 2 2 2 2 2 2 2 2 2 2 2 2 2 2 2 2 2 2
left_child=1 11 3 5 -4 -3 10 -5 9 -9 -6 12 -1 -14 15 17 -16 22 19 -18 -20 -19 -13 25 -25 26 -2 -27 29 -29
right_child=23 2 4 7 6 -7 -8 8 -10 -11 -12 14 13 -15 16 -17 18 21 20 -21 -22 -23 -24 24 -26 27 -28 28 -30 -31
leaf_value=-0.0071675386510757144 0.0032218281793091746 0.00017475130384864699 -0.061657665890480717 0.044440008239481153 -0.042585660183558888 -0.045424646603119817 0.017697095733085772 0.0070715943970893723 0.049358021102434771 -0.039170332689123837 -0.00039059154109632348 0.034301473368415984 0.0098438719504893857 0.055958195926769184 -0.06099518334692286 -0.052313738583092788 0.0038473665988963735 -0.0098376468184610735 -0.0022494571282870948 0.03131798431305325 0.016163753111271825 -0.059606280702791406 -0.0034354136167634138 -0.027729187404106344 0.00064357113465017633 0.024486106476466148 0.026942284899398868 -0.032836532963595455 -0.069022021054022761 0.025516394875220005
leaf_weight=7.8088749796152142 306.80530278384686 8.5719537287950534 6.8434469103813198 6.583617344498637 9.3155302852392214 8.794306352734564 5.681985288858411 6.9580516964197177 5.4275178611278525 5.8445138186216354 6.0305878072977075 7.9157273918390265 6.1220562607049924 6.0107380598783493 3.7153525799512854 7.3680817484855643 86.070262104272842 11.065807655453684 712.23036894202232 19.025603502988815 36.112632997334003 5.5344378501176825 33.217604622244835 30.132948160171509 1105.1054001525044 8.0497977435588854 32.538043864071369 5.364470526576044 7.4148831218481055 5.6872343719005585
leaf_count=33 1288 35 28 27 38 36 23 29 22 24 25 34 25 25 15 31 351 47 2924 77 149 23 140 123 4559 33 135 22 30 23
internal_value=5.23679e-06 -0.00136518 -0.0105308 -0.00040872 -0.0258493 -0.0229169 -0.0141957 0.015344 0.00483621 -0.0140384 -0.0260042 -0.000683719 0.017082 0.0326895 -0.00106786 -0.0102424 -0.00037105 -0.00487314 -0.00010713 0.0088204 -0.00136089 -0.0264303 0.0038267 0.00092936 -0.000109535 0.00415298 0.00549627 -0.0130378 -0.0293949 -0.00280797
internal_weight=2513.35 1012.25 70.0515 42.18 27.8716 17.3663 21.0281 24.8137 18.2301 12.8026 15.3461 942.198 19.9417 12.1328 922.256 65.1017 857.154 57.7336 853.439 105.096 748.343 16.6002 41.1333 1501.1 1135.24 365.86 339.343 26.5164 18.4666 11.0517
internal_count=10374 4161 287 173 114 71 86 102 75 53 63 3874 83 50 3791 275 3516 244 3501 428 3073 70 174 6213 4682 1531 1423 108 75 45
is_linear=0
shrinkage=0.05


Tree=69
num_leaves=31
num_cat=0
split_feature=2 2 0 12 12 3 12 11 12 0 3 0 8 11 7 12 2 8 0 0 9 9 2 0 0 7 9 9 12 9
split_gain=1.24112 4.7074 5.99226 4.02114 6.86319 5.27558 5.23498 5.04474 4.81269 4.04954 3.93466 4.11736 3.82524 3.64311 4.87971 4.01617 3.61964 5.98944 4.5408 4.72574 3.66762 5.2463 7.54432 5.94526 8.3462 5.17109 3.65895 3.6508 6.32111 4.87531
threshold=52.31065849317779 54.103974848416776 -0.0034766494743691746 -0.073106078874103905 -0.076461156424809246 0.20456353619462339 -0.072527147618535653 10.500000000000002 -0.081346239196345344 0.00036828315138162415 0.18600279762522015 0.0037144582466739243 2.7696460285970974 4.5000000000000009 0.025583545215529479 -0.053199173683661533 45.362780813600502 0.49584662663340412 -0.00078482568427345285 0.0011404612405778341 0.67128587117973371 0.62745258142654103 40.752535975465911 0.002120322405683103 0.00065044103703873078 0.025043793683955883 0.68784673126947127 1.4888696431748263 -0.049459736692871438 1.1723630657639252
decision_type=2 2 2 2 2 2 2 2 2 2 2 2 2 2 2 2 2 2 2 2 2 2 2 2 2 2 2 2 2 2
left_child=16 2 -2 4 5 7 -5 9 -9 -3 11 -4 -7 14 -12 -15 17 20 -19 -20 21 23 -23 24 -1 -24 -22 29 -29 -18
right_child=1 3 10 6 -6 12 -8 8 -10 -11 13 -13 -14 15 -16 -17 27 18 19 -21 26 22 25 -25 -26 -27 -28 28 -30 -31
leaf_value=0.0037709471015994409 -0.041523053033049921 -0.039188024683884069 0.025635289563665727 -0.074414701269314057 0.03674787214141597 0.0089102384109616389 -0.00085980253668562878 0.031306120438345596 -0.01942224723589335 0.0053649511347430056 0.054554249733547215 -0.018549533035793164 -0.021374054917910328 0.0066725723926140991 -0.0078929694957534328 -0.039944675519622219 -0.0042001535609510676 0.063783512888694258 -0.024736853840642791 0.034417491441440094 -0.026004923571946462 0.034405454712312843 -0.045483473125910022 0.040407264291198321 -0.032332136897723178 0.022009398476274783 -0.0011459982381970457 -0.0037484683769729841 0.049182136823651593 -0.021211144076899644
leaf_weight=131.7834582850337 5.0438192933797827 5.5994654148817053 57.478936702013016 2.425311177968978 17.79777155816555 16.377750143408775 926.00096255540848 33.691052041947842 5.4288687556982032 57.209098495543003 5.7686106264591235 5.804929018020629 28.698160588741302 10.373566702008249 6.8347616344690323 8.3303458243608457 291.17227197438478 6.0314276516437557 5.4232283681631079 8.9450608342885953 15.114801570773123 30.942393116652966 5.9361202865838987 9.3850216865539533 18.221524372696877 5.437573254108429 716.15580382198095 18.210524231195453 8.1715970039367658 49.242698565125465
leaf_count=545 21 24 234 10 73 69 3797 154 22 257 24 25 120 42 28 34 1191 25 22 38 62 127 24 40 74 22 2961 75 33 201
internal_value=4.93829e-06 0.00117389 0.0115782 0.000225657 0.00742315 0.00387282 -0.00105195 0.0101717 0.0242663 0.001393 0.0144097 0.0215823 -0.0103706 -8.87629e-05 0.0206894 -0.0140898 -0.00105129 0.000572645 0.0273738 0.01209 -1.33684e-05 0.0059557 0.0216057 0.00180081 -0.000614595 -0.0132163 -0.00165981 -0.0052722 0.0126463 -0.00666088
internal_weight=2513.04 1192.86 99.635 1093.23 164.802 147.004 928.426 101.928 39.1199 62.8086 94.5912 63.2839 45.0759 31.3073 12.6034 18.7039 1320.17 953.376 20.3997 14.3683 932.977 201.706 42.3161 159.39 150.005 11.3737 731.271 366.797 26.3821 340.415
internal_count=10374 4934 408 4526 719 646 3807 457 176 281 387 259 189 128 52 76 5440 3940 85 60 3855 832 173 659 619 46 3023 1500 108 1392
is_linear=0
shrinkage=0.05


Tree=70
num_leaves=31
num_cat=0
split_feature=2 7 8 7 0 7 7 7 11 9 0 11 12 12 3 7 7 0 2 0 3 8 11 8 9 11 8 8 9 2
split_gain=1.24164 5.86986 3.00387 3.66611 3.27474 3.13022 9.89461 8.14684 6.49106 3.95035 3.00119 3.51069 2.94529 2.53734 2.51846 2.50991 5.20367 2.83786 2.27869 4.98218 3.65646 5.22068 2.66417 1.79165 9.64391 7.74229 6.10373 5.60136 6.26754 3.17816
threshold=68.989794917083728 0.0057115090318313145 3.6133669623341071 0.023120389983923541 0.0039200816078869489 0.026309619970767018 0.025378210170612904 0.027786717932580658 7.5000000000000009 2.2517434714608022 -0.00021304958365674261 12.500000000000002 -0.06258965124511344 -0.059399939993999382 0.032237954461975186 0.016943636159716387 0.01554601706454394 0.0012102065495892972 68.000000000000028 0.0024714270646499967 0.10805010814923575 2.3927277821937909 3.5000000000000004 5.3042487195173473 1.7157437682208003 3.5000000000000004 5.5607607636394221 4.766718288884956 0.85700031109886232 67.209796243445993
decision_type=2 2 2 2 2 2 2 2 2 2 2 2 2 2 2 2 2 2 2 2 2 2 2 2 2 2 2 2 2 2
left_child=18 -2 3 4 15 6 10 14 9 -9 -4 -12 -10 -5 -7 16 -3 -17 23 20 21 -20 -21 27 25 -25 -27 29 -29 -1
right_child=1 2 5 13 -6 7 -8 8 12 -11 11 -13 -14 -15 -16 17 -18 -19 19 22 -22 -23 -24 24 -26 26 -28 28 -30 -31
leaf_value=-0.000426374943076608 -0.049464910414812685 0.0049186609766195969 -0.038548467151705755 0.067258169931053477 0.046320437568075121 0.062822968676700994 -0.051852016043523054 -0.0014208587042715036 0.01067100653760809 -0.042064080598419061 -0.0007390463636246826 0.042431006344380046 0.046933839261876976 0.018440293149454556 0.020022152542173346 -0.040526747585849648 0.053151316481977733 0.0023621814634117999 0.017206336151065239 -0.018317599207352608 0.027886009293914778 -0.053068380249538694 -0.059591648628110422 -0.0034035208241513224 -0.039745686051970472 0.083791856716094903 0.023302186253668141 0.021779004343241457 -0.040867932986575671 0.019455538609688527
leaf_weight=1997.2769345864654 5.3217493444681159 56.517365470528603 5.0274022966623297 4.4528437852859497 5.1055266410112372 7.4053854048252088 10.073432415723799 72.640937134623528 13.911376692354681 6.5147793889045706 134.28848379850388 4.8805731087923041 9.3715976625680906 6.6171729713678342 6.4135444313287735 5.7450105398893383 6.2060439437627783 11.735721051692961 5.7092654258012789 11.792080700397493 9.0763141363859159 4.9205605536699295 5.8490293174982062 26.410701602697372 9.0508995652198774 5.1037806719541576 22.80266123265028 5.2655950635671642 16.512026637792587 20.304503411054611
leaf_count=8213 23 244 21 20 22 30 41 299 67 28 551 20 38 27 26 24 26 48 24 49 38 20 24 115 38 22 101 23 68 84
internal_value=4.87989e-06 0.00267015 0.00342634 0.0110059 0.00749311 0.000725988 -0.00394299 0.00692156 0.00206019 -0.00476593 -0.000596106 0.000774901 0.0252671 0.038077 0.0429586 0.00502149 0.00969095 -0.0117332 -0.000458698 -0.0127009 0.00457784 -0.0153239 -0.0320023 -0.00024126 0.00803849 0.0160008 0.0343651 -0.000498532 -0.0257206 -0.000226288
internal_weight=2512.3 372.229 366.907 96.3797 85.3097 270.528 154.27 116.258 102.439 79.1557 144.196 139.169 23.283 11.07 13.8189 80.2041 62.7234 17.4807 2140.07 37.3473 19.7061 10.6298 17.6411 2102.73 63.368 54.3171 27.9064 2039.36 21.7776 2017.58
internal_count=10374 1555 1532 411 364 1121 633 488 432 327 592 571 105 47 56 342 270 72 8819 155 82 44 73 8664 276 238 123 8388 91 8297
is_linear=0
shrinkage=0.05


Tree=71
num_leaves=21
num_cat=0
split_feature=0 9 8 11 7 0 8 7 8 8 0 7 11 2 8 12 8 12 8 9
split_gain=1.22197 2.51855 2.11849 2.90836 3.86794 2.26584 3.13301 1.57957 4.20368 4.71554 4.58476 2.75367 5.4144 3.26083 1.64787 4.71123 3.73055 1.57631 1.46857 0.310295
threshold=0.013454294945522804 0.93072135215566265 12.755898121751775 7.5000000000000009 0.034713667877604583 0.010929175309834322 8.1550680841674517 0.054730877967777099 -1.4790431466460796 3.6133669623341071 -0.0037789746796736408 0.043580589018418193 15.500000000000002 62.83212936438742 11.03046731492134 -0.033626294554519022 9.3836576177309841 -0.060779507459863373 -5.2244702922296957 1.0122524024688861
decision_type=2 2 2 2 2 2 2 2 2 2 2 2 2 2 2 2 2 2 2 2
left_child=2 -2 5 4 -4 7 -7 11 10 -10 -9 14 13 -13 16 -16 -1 -3 -12 -14
right_child=1 17 3 -5 -6 6 -8 8 9 -11 18 12 19 -15 15 -17 -18 -19 -20 -21
leaf_value=-0.00027323196266098069 0.049689909486874961 0.018763332033859256 -0.0040802453791226071 0.0091918889848166454 -0.052582392415749968 -0.00037257248579755143 0.053573073482928169 -0.023638408013527387 -0.060043840344835599 -0.0038541544964246265 0.0097017984349242817 0.011943073703585588 0.063272140507655047 -0.015764273683010869 0.0066469984235306024 -0.055098602408073738 0.020359842080413634 -0.0149167141258763 0.04972394886440528 0.042307091669715691
leaf_weight=2327.2585149407387 3.7147710695862797 7.6057258248329171 8.7737340331077629 8.5017500221729261 7.7338878065347663 6.2912741154432279 4.7037919759750366 7.1571682840585735 7.0592132359743101 7.9264152646064758 4.5729784667491939 42.818903744220734 2.89501167833805 14.12076900154352 7.7352091819047928 5.1435723602771741 22.115272089838982 6.3951620161533329 4.5954792350530616 4.5212292745709419
leaf_count=9545 21 33 37 37 34 30 22 33 31 38 20 192 19 63 33 21 90 26 20 29
internal_value=4.83517e-06 0.0130901 -8.81167e-05 -0.0145673 -0.0268037 5.85528e-05 0.0227059 -4.2756e-05 -0.0112012 -0.0303232 0.00635121 0.000101225 0.0103058 0.00507178 -0.000176783 -0.0180132 -7.90074e-05 0.00337935 0.029762 0.050491
internal_weight=2511.64 17.7157 2493.92 25.0094 16.5076 2468.91 10.9951 2457.92 31.3113 14.9856 16.3256 2426.61 64.3559 56.9397 2362.25 12.8788 2349.37 14.0009 9.16846 7.41624
internal_count=10374 80 10294 108 71 10186 52 10134 142 69 73 9992 303 255 9689 54 9635 59 40 48
is_linear=0
shrinkage=0.05


Tree=72
num_leaves=31
num_cat=0
split_feature=3 3 12 12 12 7 7 8 8 2 3 2 2 0 2 0 9 12 12 9 3 7 11 11 9 12 3 0 12 9
split_gain=1.18428 2.29728 4.09377 3.71027 7.51412 3.26447 3.10887 4.24481 6.08254 2.8789 7.91489 3.54488 4.13687 2.66021 6.10772 5.32927 3.36924 5.12576 4.71519 2.79786 1.87535 4.59511 4.00346 4.87004 8.14387 7.22859 6.62628 5.44459 5.0385 3.7778
threshold=-0.065977175474899535 -0.21398505590840519 -0.18388396197634374 -0.13922623118424418 -0.13330066350968431 0.042074657551904308 0.045138568365158803 -6.7593057563042489 -3.5683335039470454 23.241339931480763 -0.10050716082393939 25.243085056169139 27.786652467163645 -0.0044877756239138271 40.525755089113481 -0.0044055053741882703 1.3797462035553127 -0.078947368421052613 -0.058204761041443225 1.0493061027792543 0.062443478198833065 0.0042516847646405995 15.500000000000002 5.5000000000000009 1.5385037893984759 -0.013432925317040855 0.057847268079224537 0.0086848952416330952 -0.19938671152545306 2.1108253813986901
decision_type=2 2 2 2 2 2 2 2 2 2 2 2 2 2 2 2 2 2 2 2 2 2 2 2 2 2 2 2 2 2
left_child=1 2 5 6 -5 -1 7 -3 -9 10 -6 -11 -13 14 -4 -15 18 -18 -17 -16 22 -22 23 26 25 28 27 29 -25 -2
right_child=20 3 13 4 9 -7 -8 8 -10 11 -12 12 -14 15 19 16 17 -19 -20 -21 21 -23 -24 24 -26 -27 -28 -29 -30 -31
leaf_value=0.0035723364780996694 0.00074823577196571497 0.027297070235454659 0.0013429354643313372 0.060050135990261683 0.050946613254116618 0.064365711111677257 -0.050491767067960519 -0.049815421356110501 0.012004306707602318 -0.047756297571353828 -0.030068478339443067 0.031812079572332154 -0.0048186096146283957 0.074977913930287438 -0.054114337437142758 0.0081440366078700463 -0.032534881348806645 -0.0017179478248270414 -0.0018871277718352734 -0.0075296591594347477 0.054568632680027054 -0.00046928996256899989 0.013125522705888477 -0.065327342714455935 -0.032080032298450238 -0.059142050597229615 0.061877793961427376 0.038488581357807063 0.0022867451383066979 0.041112702794011122
leaf_weight=4.3549814224243146 97.897967956960201 5.1732800900936189 29.313362404704094 4.6768451929092398 7.8025982528924942 4.4796051532030106 7.0262695252895346 9.7624918371439033 6.7164477258920625 4.6889122426509848 4.9130720198154432 7.8859068304300299 340.97948133945465 2.426659867167472 9.5569922327995283 198.54321645200253 17.918123260140419 54.641270264983177 285.75611732900143 4.8633284717798224 3.8062357455492011 1041.6340053603053 88.438309423625469 2.791167624294757 21.653081230819225 5.041926681995391 5.7384462654590598 12.165722675621508 214.34006857126951 6.161528304219245
leaf_count=22 406 22 121 20 32 28 31 40 29 19 20 32 1395 10 39 821 74 222 1164 20 17 4310 368 14 90 21 24 53 885 25
internal_value=4.8122e-06 -0.00131734 0.000608418 -0.0042658 -0.00292622 0.0343978 -0.0215928 -0.012215 -0.0246191 -0.00373036 0.0196441 -0.00457102 -0.00399059 0.000113383 -0.0117626 0.00104204 0.000719842 -0.00932801 0.00222525 -0.0384034 0.00089656 -0.000268908 0.00357897 0.00127087 -0.00280946 4.3262e-05 0.00942815 0.00683853 0.00141758 0.00313828
internal_weight=2511.15 1011.48 611.854 399.625 370.947 8.83459 28.6785 21.6522 16.4789 366.27 12.7157 353.554 348.865 603.019 43.7337 559.285 556.859 72.5594 484.299 14.4203 1499.67 1045.44 454.228 365.79 243.826 222.173 121.964 116.225 217.131 104.059
internal_count=10374 4161 2521 1640 1518 50 122 91 69 1498 52 1446 1427 2471 180 2291 2281 296 1985 59 6213 4327 1886 1518 1010 920 508 484 899 431
is_linear=0
shrinkage=0.05


Tree=73
num_leaves=31
num_cat=0
split_feature=7 12 11 3 3 9 11 0 0 3 7 11 3 0 7 2 7 0 7 9 0 12 7 7 0 0 7 12 2 12
split_gain=1.19965 3.69391 7.45484 7.41776 6.08027 12.839 6.31959 5.29266 5.79336 5.09692 5.02714 5.07489 4.30561 4.47451 4.11474 4.10466 5.26053 6.54768 4.98896 3.84323 5.12348 5.49269 3.78125 3.37098 3.32399 3.23784 3.15197 3.12566 2.84246 2.11068
threshold=0.015151515151515161 -0.042075463226407019 8.5000000000000018 -0.45815408896967275 -0.020542441927198556 0.64608684559211793 19.500000000000004 -0.00018422597243552345 -0.00039666687803643035 -0.85992222589668443 0.010799108437434273 11.500000000000002 0.0053554892206054564 -0.0023143383076426874 0.012817470458666472 88.380316518298756 0.01480646545538796 0.0015535783931431371 0.014396572116728691 0.82520014412859544 -0.0014877325795672651 -0.034191598411781966 0.012933334754833296 0.013554662611714329 -0.0010564288304045117 6.1431144377782531e-05 0.012304081561218429 -0.025204511512827911 45.362780813600502 -0.01268345756443991
decision_type=2 2 2 2 2 2 2 2 2 2 2 2 2 2 2 2 2 2 2 2 2 2 2 2 2 2 2 2 2 2
left_child=1 2 23 9 5 -5 -7 8 19 14 11 -10 -6 -14 -4 16 18 -18 25 22 28 -22 24 26 -3 -9 -1 -20 -21 -2
right_child=29 7 3 4 12 6 -8 15 10 -11 -12 -13 13 -15 -16 -17 17 -19 27 20 21 -23 -24 -25 -26 -27 -28 -29 -30 -31
leaf_value=0.039856900269549654 -0.00049296136388720302 0.014823687952913611 -0.021549925719996536 0.044549261215797449 0.048462748418647408 -0.034207633797239984 0.018718546395023721 0.020873377860725774 -0.043715934068565582 0.066442714085192256 -0.063861730455430296 0.019958566182506434 0.029482010726625846 -0.0025669554505117625 0.043233242970154219 -0.044221325880160575 -0.0022590171951935275 0.065591989669974371 -0.0039251340756908852 0.0098144042292147692 -0.034432012505769952 0.0086127197859754805 -0.053830854771282202 0.058927137396776068 -0.022832240218714318 0.0019663009641227532 -0.0060045639931277511 -0.04416149843578257 0.060680702871589824 -0.027272441165933903
leaf_weight=8.6572785675525683 1921.2408347949386 9.1024039834737831 4.8534090816974658 7.8216572701930991 6.3103112727403632 33.895772516727448 6.7659388780593863 24.763380795717239 6.6799496263265628 7.2569759190082541 8.393515616655348 5.8869448304176331 14.285001143813131 45.834717571735382 4.9519112855195999 4.6070424765348426 6.8391383141279203 7.4058673977851868 10.397369876503946 5.6113182753324491 10.623872622847552 24.50722919404507 5.8994185179471961 8.7570214271545392 16.454568833112717 264.53642083704472 6.604783132672309 9.0085479915142042 5.3794352859258652 7.3862475007772437
leaf_count=36 7925 37 20 32 26 138 28 103 27 30 34 24 60 188 20 20 28 31 43 23 43 100 24 36 67 1115 27 37 22 30
internal_value=4.9191e-06 0.00199434 0.00857723 0.00391423 -0.00065342 -0.0141161 -0.0254009 -0.000415666 -0.0105757 0.034677 -0.0338996 -0.0138877 0.00917221 0.00504818 0.0111671 0.00264075 0.00330926 0.0330162 0.00193845 -0.0042739 0.00491681 -0.00440429 -0.0177495 0.0341986 -0.00942066 0.0035847 0.02001 -0.0226035 0.034711 -0.000595521
internal_weight=2510.72 582.091 155.995 131.976 114.913 48.4834 40.6617 426.096 98.5387 17.0623 20.9604 12.5669 66.43 60.1197 9.80532 327.558 322.951 14.245 308.706 77.5782 46.1219 35.1311 31.4564 24.0191 25.557 289.3 15.2621 19.4059 10.9908 1928.63
internal_count=10374 2419 641 542 472 198 166 1778 401 70 85 51 274 248 40 1377 1357 59 1298 316 188 143 128 99 104 1218 63 80 45 7955
is_linear=0
shrinkage=0.05


Tree=74
num_leaves=31
num_cat=0
split_feature=12 12 8 8 3 9 2 3 2 8 0 2 7 3 9 2 12 8 2 8 7 9 11 9 11 7 2 12 9 2
split_gain=1.19019 5.86134 3.78549 4.63813 5.74946 4.91235 4.30373 5.73209 1.25169 4.4633 8.23999 5.87309 5.74143 7.37331 3.77305 3.55402 4.90063 7.09605 7.60285 4.32634 4.26432 5.29418 3.10479 6.9851 4.40171 2.96945 7.41462 4.15223 2.74706 2.56647
threshold=-0.011038244316389991 -0.011932101552811785 5.1753774031976851 3.0187280729924475 -0.15599090885161526 0.7455282001098722 72.164948453608289 0.046680017718267471 52.31065849317779 0.55424389503079052 0.0049493848949817487 65.559234731420176 0.0073737246019365309 0.28186116846964343 1.6134181535951404 48.693375825176425 -0.077957550731856187 -2.0348494794486673 50.040257648953308 1.5334381079822728 0.02857665377782424 0.94375802855882984 2.5000000000000004 0.86080001052697486 4.5000000000000009 0.0054264148615145507 36.363636363636353 -0.025204511512827911 0.98668964690708394 50.523574561403514
decision_type=2 2 2 2 2 2 2 2 2 2 2 2 2 2 2 2 2 2 2 2 2 2 2 2 2 2 2 2 2 2
left_child=1 8 3 4 -2 -6 7 -7 15 10 11 14 13 28 -10 19 20 -18 -19 25 29 -22 23 -14 -24 26 -1 -27 -11 -17
right_child=2 -3 -4 -5 5 6 -8 -9 9 12 -12 -13 22 -15 -16 16 17 18 -20 -21 21 -23 24 -25 -26 27 -28 -29 -30 -31
leaf_value=-0.020390719779830212 0.046165116856841798 -0.040520934610099694 -0.032169763025271796 0.047017902824223842 -0.049818120957548458 -0.010823098740442617 -0.027485226535309007 0.063840189528976771 0.0068265619091610096 -0.072141310274256826 0.073191598420311907 0.06086632734869777 -0.013293255752112182 0.024353122464672236 -0.032279900897273318 -0.025031177823355705 0.051787878556863343 -0.019763452485705171 0.0039602473483950854 0.02749040807243372 0.010315503624806181 -0.033078039022693399 0.012133090348761248 0.0015471780564011639 0.00072806478641541852 -0.00011022682500734392 0.059948510242724941 -0.020894234277367422 -0.02526877096557565 -0.064094375915777435
leaf_weight=5.1078388690948469 6.3641919493675223 8.9520508795976621 5.0452940464019767 8.2467929124832136 5.2828614115715089 5.3016732633113879 6.1510039418935767 4.9902436584234238 147.73851524293423 6.2756158113479632 4.8306085914373389 4.8874245136976233 116.25467232614756 4.7553758323192588 6.4366012662649146 10.209824204444887 5.7075273990631095 54.500150829553604 88.793298572301865 14.174382224678991 15.284152068197729 13.013707160949705 102.07573924958706 249.37013825774193 494.13861118257046 1071.7659933641553 6.5607844442129135 24.581677973270416 6.2280470430850983 7.1489057242870322
leaf_count=21 29 37 21 37 22 23 28 24 603 26 21 22 484 20 26 42 23 222 360 60 66 55 424 1028 2043 4424 27 101 26 29
internal_value=4.87913e-06 -0.000136079 0.00841423 0.0140492 0.00437015 -0.00787297 0.00560337 0.0253789 1.08929e-05 0.00122152 0.00885829 0.00690453 -5.68094e-05 -0.0286399 0.00519392 -0.0010399 -0.00727667 -0.00288513 -0.00506281 4.1939e-05 -0.0216086 -0.00964045 0.00045608 -0.00317151 0.00268068 -0.000309198 0.0247807 -0.000576234 -0.0487942 -0.0411187
internal_weight=2510.17 2468.79 41.3821 36.3368 28.09 21.7258 16.4429 10.2919 2459.84 1142.99 163.893 159.063 979.098 17.259 154.175 1316.85 194.658 149.001 143.293 1122.19 45.6566 28.2979 961.839 365.625 596.214 1108.02 11.6686 1096.35 12.5037 17.3587
internal_count=10374 10190 184 163 126 97 75 47 10153 4723 672 651 4051 72 629 5430 797 605 582 4633 192 121 3979 1512 2467 4573 48 4525 52 71
is_linear=0
shrinkage=0.05


Tree=75
num_leaves=31
num_cat=0
split_feature=8 3 2 0 3 7 12 2 8 3 0 0 9 12 0 12 3 3 8 7 12 3 12 9 8 3 3 12 11 2
split_gain=1.17839 2.4452 2.95526 1.66879 1.26039 1.23361 2.74407 3.27787 6.94489 2.37937 3.57099 9.1308 3.32681 3.29328 3.16841 3.79624 6.94433 2.6637 2.65897 4.83114 2.50438 1.73229 6.48529 8.03688 4.55358 3.09701 3.83831 2.34348 1.45136 0.383957
threshold=-10.96993815403548 0.21496895787844786 23.760245901639362 -0.0070070421960991272 16.536060538208265 0.011214696758121203 -0.013928074015121321 84.379692192192195 3.0841780018746445 0.0500980663623199 0.0023369697917204287 0.0013740975602599564 1.1723630657639252 -0.015128069477978642 -0.00018422597243552345 -0.026189848604014156 0.13247156188737058 0.13247156188737058 0.85662612394000204 0.0057115090318313145 -0.018257219127580989 1.6750095181845817 -0.040800067603890079 0.93512801136823231 -3.0155326238054658 1.1575055616543206 1.2253360972164888 -0.027257248993911899 2.5000000000000004 78.431372549019642
decision_type=2 2 2 2 2 2 2 2 2 2 2 2 2 2 2 2 2 2 2 2 2 2 2 2 2 2 2 2 2 2
left_child=1 2 3 -1 5 9 21 8 28 10 11 12 -2 -12 18 17 -17 -16 19 -11 -13 25 24 -24 -23 27 -27 -7 -8 -10
right_child=4 -3 -4 -5 -6 6 7 -9 29 14 13 20 -14 -15 15 16 -18 -19 -20 -21 -22 22 23 -25 -26 26 -28 -29 -30 -31
leaf_value=-0.00027799622360588112 0.0078686623365696248 0.0505069317375074 -0.031726687029421496 0.059260063184575877 -0.018192689653594187 -0.00076040891936286455 -0.055316327667535241 -0.046811236561050087 0.013445992538839277 0.033545479417805807 -0.00068017404874304299 -0.056242737903841045 -0.011650500501304804 0.052871404891881725 0.0023636987450919977 0.035855539766570958 -0.0026738216426922387 0.043169084216428233 0.029551569766172372 -0.017999826232615812 -0.020697915969613304 -0.014198342366428508 -0.04850324210031344 0.02319421903486435 0.020947078192938038 -0.04390006900872398 -0.0062483953554652791 0.0047373811503997219 -0.016898665739381157 0.032964886244918605
leaf_weight=2.5247492939233771 79.877913653850555 3.5424359440803519 3.8028433918952942 2.2046437785029402 9.5576194971799833 1864.6094987019897 4.9209818989038521 6.6303567588329306 5.1869862675666791 5.5026746243238476 5.8317290544509888 7.4410944581031826 30.038868859410286 5.6547734588384611 5.4094005078077343 16.000174269080162 43.459523513913155 15.342802211642264 5.1974411010742179 26.141782641410828 14.8352203220129 11.270457744598387 10.10113498568535 6.3755929321050635 50.565742000937462 8.5231640338897687 32.884594693779945 216.31914339959621 4.9126445204019547 4.899178147315979
leaf_count=22 335 27 17 18 39 7664 20 27 21 23 26 31 124 28 23 71 187 66 22 107 63 46 41 26 207 35 135 883 20 20
internal_value=5.03245e-06 0.0155873 0.00108926 0.0274761 -7.03034e-05 -6.84643e-07 -0.000381627 -0.0163599 -0.0062241 0.00325334 -0.00105785 -0.00338143 0.00253432 0.0256831 0.0085452 0.0141203 0.00769415 0.0325325 -0.00359279 -0.00903658 -0.0325712 -0.000188854 0.00711405 -0.0207602 0.0145414 -0.000458326 -0.0139984 -0.000188896 -0.0361238 0.022927
internal_weight=2509.57 12.0747 8.53224 4.72939 2497.49 2487.93 2227.2 26.5501 19.9198 260.733 143.68 132.193 109.917 11.4865 117.054 80.2119 59.4597 20.7522 36.8419 31.6445 22.2763 2200.65 78.3129 16.4767 61.8362 2122.34 41.4078 2080.93 9.83363 10.0862
internal_count=10374 84 57 40 10290 10251 9145 108 81 1106 607 553 459 54 499 347 258 89 152 130 94 9037 320 67 253 8717 170 8547 40 41
is_linear=0
shrinkage=0.05


Tree=76
num_leaves=25
num_cat=0
split_feature=0 7 2 7 12 11 9 0 11 7 12 8 9 2 7 12 0 11 12 9 9 0 9 9
split_gain=1.15702 1.65856 1.28873 1.18779 6.75751 4.64236 3.26098 3.39727 2.98538 1.69059 4.01772 4.89006 4.56406 3.57818 3.19251 9.20192 4.2687 5.3021 3.47764 3.11665 2.80972 2.38067 1.42129 1.87256
threshold=-0.010433720819822781 0.070725601258957785 26.730391933202522 0.043580589018418193 -0.23717589734544492 10.500000000000002 0.94375802855882984 0.0048484632929444386 2.5000000000000004 0.032107465880783011 -0.13536845233578668 -0.35054950006349134 0.80936048930500393 82.421312139769483 0.029047335937942374 -0.030572631016730401 -0.0054279090843211185 19.500000000000004 -0.15085332633501983 1.0652514016948478 1.3458784215456816 -0.0032953145678641933 0.70983750316580818 0.98668964690708394
decision_type=2 2 2 2 2 2 2 2 2 2 2 2 2 2 2 2 2 2 2 2 2 2 2 2
left_child=2 3 -1 9 -5 6 8 -8 -6 14 11 12 -11 19 16 18 17 -2 -16 -12 -18 -13 -7 -24
right_child=1 -3 -4 4 5 22 7 -9 -10 10 13 21 -14 -15 15 -17 20 -19 -20 -21 -22 -23 23 -25
leaf_value=-0.0026250734056758483 -0.034594731225818569 -0.024023633207869561 0.03959418804739083 -0.083176692392107315 -0.0024464180811506128 -0.00060621829113820312 -0.02536601817938193 0.0028163759670626395 0.025122062826016024 0.017894379841846914 -0.0038515269816475823 0.0085676328389830587 -0.012586873153535766 0.024001511343701876 -0.016126142220434708 -0.044812095941445688 -0.00074886755459503207 -0.00058009229853477789 0.012572067929259249 -0.016444741931318032 0.0044314270281194034 0.047875983711635546 0.066460445753364641 0.025958054838533695
leaf_weight=3.3832053840160361 20.07757194340229 7.195316717028617 3.8809647262096405 2.1225425824522963 17.508920468389988 2.9020653665065792 15.755498133599756 33.282160066068172 22.361967146396637 20.314169593155384 139.79528251290321 6.6657000035047522 31.054542750120163 8.9416213333606702 11.485275134444235 8.0157459378242475 1584.7536538243294 26.6816501095891 130.52331732213497 75.755069196224213 313.54217778146267 9.1245943456888181 4.048110991716384 9.6722224801778776
leaf_count=22 82 34 19 10 80 17 67 143 108 90 572 31 145 37 50 33 6479 111 531 310 1284 45 24 50
internal_value=5.14341e-06 -5.27181e-05 0.019931 1.64286e-05 0.00515386 0.00693046 0.00239601 -0.00623845 0.0130156 -0.000215295 -0.00378191 0.00694751 -0.000532817 -0.00699172 0.000281204 0.00730903 -0.00026086 -0.0151854 0.010251 -0.00827741 0.000106763 0.0312824 0.031184 0.0379081
internal_weight=2508.84 2501.58 7.26417 2494.38 107.653 105.531 88.9085 49.0377 39.8709 2386.73 291.651 67.159 51.3687 224.492 2095.08 150.024 1945.06 46.7592 142.009 215.55 1898.3 15.7903 16.6224 13.7203
internal_count=10374 10333 41 10299 499 489 398 210 188 9800 1230 311 235 919 8570 614 7956 193 581 882 7763 76 91 74
is_linear=0
shrinkage=0.05


Tree=77
num_leaves=29
num_cat=0
split_feature=9 11 11 7 2 9 0 0 9 11 0 8 8 0 2 11 3 0 8 9 2 2 9 7 7 3 2 3
split_gain=1.12694 1.74525 3.60291 5.2252 2.2174 1.62622 4.17974 3.53933 1.49464 1.38328 6.87526 4.96775 4.30048 7.75478 3.53825 3.32129 6.35582 5.48221 5.46945 6.83275 3.78625 5.11993 4.87253 3.94886 2.92565 1.77081 0.856089 0.344557
threshold=0.33197407145317887 17.500000000000004 10.500000000000002 0.020520748428698197 59.114085816078891 0.38875348084063305 -0.0017284812162363201 0.0018025380095504048 0.25360638860852919 7.5000000000000009 -0.0028223932769870503 -6.1744155501228226 11.03046731492134 0.0080344818118911511 23.760245901639362 15.500000000000002 -3.234438294330205 -0.00075452151880292648 3.7552478471161455 1.7743567128775515 13.802438437474843 16.724941724941718 0.97213913857563006 0.025684039328306114 0.032107465880783011 0.28747679590709213 11.895420632878855 0.019294475348007292
decision_type=2 2 2 2 2 2 2 2 2 2 2 2 2 2 2 2 2 2 2 2 2 2 2 2 2 2 2 2
left_child=1 2 3 4 -1 6 -2 27 -4 10 -7 25 14 -14 -13 16 17 -11 24 -20 26 22 -22 -23 -18 -12 -17 -8
right_child=5 -3 8 -5 -6 9 7 -9 -10 15 11 12 13 -15 -16 20 18 -19 19 -21 21 23 -24 -25 -26 -27 -28 -29
leaf_value=-0.0016916671025974522 0.027871272238294366 -0.015146735786578207 0.01689317186862364 -0.043970882763288935 0.037802206994933897 0.073028161937344169 -0.054227903010111024 0.0052143397979320782 0.052920507051871728 0.071084877209796116 -0.052822208931686598 0.038438797462982878 -0.049206120112246093 -0.00099938316857711815 0.0019438026974999329 0.017885850163254145 -0.0040699081146741414 0.0060566475852246683 0.012566345534321195 -0.020369420574063577 -0.070083340837000796 -0.00068479753040267969 -0.0049653243541445827 0.0084468910155039312 -0.014225869822688626 -0.013270645358702194 0.048994269849672423 -0.03547520524341409
leaf_weight=8.1311387568712288 4.5173656195402172 6.3960211873054496 5.523205101490019 4.9464533925056449 6.313772201538085 3.3377569466829291 4.9182983487844449 5.5053649917244902 6.0128092616796494 5.2083082199096671 5.3025116920471174 6.6873093843460074 11.464855149388312 30.631946101784706 968.1723870113492 4.1958848908543569 632.08040018379688 8.5810041427612287 90.091649807989597 19.082486838102341 4.7844101339578611 394.40459413826466 7.1895581856369972 169.16772890836 79.872951321303844 6.0691418349742889 4.6764715239405632 4.8797605186700821
leaf_count=35 19 27 24 21 29 14 20 23 28 21 22 27 48 131 3993 20 2572 35 384 79 20 1607 32 729 346 26 22 20
internal_value=5.20796e-06 0.00862853 0.0135454 0.000382615 0.0155708 -0.000125053 -0.0143893 -0.0268641 0.0356714 -9.7004e-06 0.00138354 0.001151 0.00151849 -0.0141282 0.00219415 -0.0010224 -0.00304598 0.0306182 -0.00361131 0.00680952 0.00186855 0.00136887 -0.0309844 0.00205627 -0.00520929 -0.0317132 0.0342826 -0.0448884
internal_weight=2508.15 37.3234 30.9274 19.3914 14.4449 2470.82 19.8208 15.3034 11.536 2451 1031.67 1028.33 1016.96 42.0968 974.86 1419.34 834.917 13.7893 821.127 109.174 584.419 575.546 11.974 563.572 711.953 11.3717 8.87236 9.79806
internal_count=10374 164 137 85 64 10210 82 63 52 10128 4261 4247 4199 179 4020 5867 3437 56 3381 463 2430 2388 52 2336 2918 48 42 40
is_linear=0
shrinkage=0.05


Tree=78
num_leaves=31
num_cat=0
split_feature=8 8 0 9 0 9 9 7 9 7 7 11 9 7 9 3 11 2 9 9 7 2 2 8 0 9 3 8 12 7
split_gain=1.13267 4.21574 4.82495 3.75536 3.6145 4.84305 6.57468 3.45525 4.14794 2.88929 3.14116 5.47008 3.07518 2.97054 2.83401 2.8077 3.85464 4.37777 2.39942 2.31062 3.34874 3.30416 5.69578 4.55609 1.80296 5.24145 4.66455 4.64087 3.92886 5.38219
threshold=-5.3612248602104344 -4.809614867320593 -0.003418241972059755 0.93512801136823231 -0.0037789746796736408 1.6343062251447187 1.389721570559973 0.019179839298795454 0.95474058625944236 0.023237312410053678 0.026940147220910097 15.500000000000002 0.82284382486551022 0.025484031187914712 0.88885107977028077 0.002467677759565723 15.500000000000002 20.840694935217922 1.0611665834306814 1.3797462035553127 0.035832596971266652 27.380952380952404 29.166666666666604 -7.2856330940714802 -0.0048401827259105983 0.96587438112592261 -0.54595770544265931 -2.3999131932711215 -0.16389465191332406 0.03020044333016424
decision_type=2 2 2 2 2 2 2 2 2 2 2 2 2 2 2 2 2 2 2 2 2 2 2 2 2 2 2 2 2 2
left_child=4 2 3 -2 9 6 15 -4 -9 14 11 -11 -13 -14 -1 -6 17 -17 -16 21 -21 23 -23 -12 25 27 -27 -3 -28 -30
right_child=1 24 7 -5 5 -7 -8 8 -10 10 19 12 13 -15 18 16 -18 -19 -20 20 -22 22 -24 -25 -26 26 28 -29 29 -31
leaf_value=0.05339282331757958 -0.014832220096901353 -0.0059463805554607245 0.036275840530725016 -0.060862815858504365 -0.028571196139110046 0.041542614212487235 -0.05817675719765214 0.0075485285553492697 -0.043559639568929429 0.03459465521691598 0.0089643815059781869 -0.058165751769825372 0.016279360986455844 -0.035713535319834497 -0.012155233002197625 0.028752740935123661 0.036016638500761172 -0.012822467899095316 0.034760362958404394 -0.0019433258257057833 0.068733996075371381 -0.055589052259461175 0.0056673305598738746 0.054906740765153721 0.00025048859631777179 0.052183017240127361 -0.034873025307560306 -0.039802810217729523 -0.01243442188056915 0.041735314734165301
leaf_weight=6.8329861760139492 9.7781342118978518 26.260143205523491 4.9054318666458157 8.1027204990386945 9.3636764585971815 5.1382223367691031 6.1189732402563086 10.737842932343485 6.2988310754299155 5.027406409382821 23.159401081502438 4.9042454957962045 5.3222097903490049 5.6780459433794022 5.2202844768762571 7.9051518663763991 6.869400516152381 31.812451243400574 5.7020888924598694 2.9052718356251708 3.9608092047274113 4.5158742517232922 23.766192466020584 7.0358512550592449 2223.600713096559 5.0329899042844799 6.2586871087551144 16.470052734017372 10.648040503263475 8.0537852048873884
leaf_count=29 40 111 20 34 39 22 25 44 26 21 115 20 22 23 22 36 29 131 25 15 27 20 103 30 9145 23 30 71 43 33
internal_value=5.1232e-06 -0.000282591 -0.0164116 -0.035691 0.00393031 -0.00510751 -0.00896928 -0.000700536 -0.0113473 0.0097691 0.00598898 -0.0108676 -0.0252381 -0.010558 0.0281372 -0.00358777 0.00143373 -0.00454759 0.0123373 0.0113887 0.038828 0.00816698 -0.00411364 0.0196695 -2.88212e-06 -0.00774995 0.00827187 -0.0189961 -0.000582293 0.0108933
internal_weight=2507.39 2336.15 39.823 17.8809 171.239 67.2079 62.0697 21.9421 17.0367 104.031 86.2753 20.9319 15.9045 11.0003 17.7554 55.9507 46.587 39.7176 10.9224 65.3434 6.86608 58.4773 28.2821 30.1953 2296.32 72.7237 29.9935 42.7302 24.9605 18.7018
internal_count=10374 9620 164 74 754 282 260 90 70 472 396 86 65 45 76 235 196 167 47 310 42 268 123 145 9456 311 129 182 106 76
is_linear=0
shrinkage=0.05


Tree=79
num_leaves=22
num_cat=0
split_feature=12 12 8 8 3 9 8 8 0 9 2 8 2 8 9 0 12 0 9 0 7
split_gain=1.08593 5.2658 3.29118 4.74755 5.23657 4.35051 3.88753 4.02049 1.23539 2.25431 1.93386 1.89752 3.01177 1.90283 4.07319 8.50733 3.09095 2.58594 5.70941 5.33518 0.542098
threshold=-0.011038244316389991 -0.011932101552811785 4.766718288884956 3.0187280729924475 -0.15599090885161526 0.7455282001098722 1.140219240775435 1.7611083970018586 0.013454294945522804 0.93072135215566265 79.039858427475025 13.82166037696882 84.379692192192195 6.9250506593193668 1.6776566817245471 0.0060480702069804727 -0.033872722661714559 0.0031810484608432539 1.6550342211432771 0.0019298452930141547 0.030797357546759458
decision_type=2 2 2 2 2 2 2 2 2 2 2 2 2 2 2 2 2 2 2 2 2
left_child=1 8 3 4 -2 -6 -7 -8 11 -10 -11 13 -13 17 16 -16 -15 19 -19 -1 -14
right_child=2 -3 -4 -5 5 6 7 -9 9 10 -12 12 20 14 15 -17 -18 18 -20 -21 -22
leaf_value=-0.00060281179245579605 0.044552760049086516 -0.038397491894974572 -0.027440405960020089 0.049081709497167003 -0.046822962334126875 0.042634838871076719 -0.046541230217730045 0.013840236614612089 0.048235756503775762 -0.012820323777270213 0.024945804354652396 -0.041862941754337718 0.013247433192819609 0.017686480239033926 0.01276372010973191 -0.038159729829472133 -0.0021182649656365073 -0.0065183796942929195 0.018096707448860532 0.0072710805778219735 -0.0105584276968895
leaf_weight=1737.9414904676378 6.2482915669679668 8.9565441906452161 5.6270505338907233 7.4859774857759467 5.290058225393298 4.895478010177615 4.6324290484189969 6.8090146332979202 3.6474893614649799 7.6059181541204435 6.1148748695850372 7.0026075541973141 4.7617938667535764 62.978909745812416 19.307706698775291 14.258236229419706 28.669760316610336 288.65545826405287 25.65083384513855 245.52788373082876 4.803935319185257
leaf_count=7171 29 37 24 34 22 24 20 31 21 33 25 32 20 271 79 59 116 1191 106 1008 21
internal_value=5.2058e-06 -0.000128962 0.00807684 0.0137287 0.00423457 -0.00741383 0.00534723 -0.0106071 1.0543e-05 0.0132984 0.00401071 -8.40587e-05 -0.0169474 3.12523e-05 0.00603358 -0.00886769 0.0114911 -0.000295838 -0.00450952 0.000371874 0.00129206
internal_weight=2506.87 2465.88 40.9883 35.3612 27.8753 21.627 16.3369 11.4414 2456.93 17.3683 13.7208 2439.56 16.5683 2422.99 125.215 33.5659 91.6487 2297.78 314.306 1983.47 9.56573
internal_count=10374 10190 184 160 126 97 75 51 10153 79 58 10074 73 10001 525 138 387 9476 1297 8179 41
is_linear=0
shrinkage=0.05


Tree=80
num_leaves=31
num_cat=0
split_feature=7 2 0 2 8 8 8 8 12 0 8 9 8 12 8 9 7 2 9 8 7 9 9 8 11 9 12 9 9 8
split_gain=1.05608 3.50393 3.24086 4.0557 5.4355 3.18164 2.97556 5.254 3.88891 2.67681 1.60538 5.91587 6.44033 4.80299 4.57482 5.08945 7.7431 4.13928 3.71508 7.20149 6.94654 3.62935 4.11047 5.79544 3.5292 2.98098 4.99884 8.31085 5.40529 5.27212
threshold=0.015151515151515161 88.380316518298756 -0.0042363926564690383 19.38155243656735 -3.1842710809081747 -3.8182632982165061 2.5559850306734107 4.766718288884956 -0.042075463226407019 -0.0024434373006808501 5.3042487195173473 1.7157437682208003 5.4330052130700892 -0.017766510178416704 4.0887368898771914 0.8171567140023499 0.027443593972505578 60.294117647058833 1.2118016640979354 7.3777885007243915 0.033459851420451596 1.8029190336478724 1.8707258496465238 6.6629522528900784 2.5000000000000004 1.6550342211432771 -0.048677158133300015 2.0478343373342396 2.1792583452841603 -0.46893382150828267
decision_type=2 2 2 2 2 2 2 2 2 2 2 2 2 2 2 2 2 2 2 2 2 2 2 2 2 2 2 2 2 2
left_child=1 2 -1 5 9 -4 8 -8 -6 -5 14 12 -12 21 25 16 24 -14 19 -19 -20 -13 -23 -24 -16 -2 27 29 -28 -27
right_child=10 -3 3 4 6 -7 7 -9 -10 -11 11 13 17 -15 15 -17 -18 18 20 -21 -22 22 23 -25 -26 26 28 -29 -30 -31
leaf_value=0.053294563879576817 -0.00094191513517343146 -0.041496353241414187 -0.057152831510835438 0.055585842244436003 0.008083324876017664 -0.0064644358474438184 0.017526572097243186 -0.015307484307930342 -0.0023938237900483837 0.013896225275033119 0.054287032973605868 -0.046389204741965791 0.041805092611025475 0.033030081396849285 -0.051166866976120606 -0.016770255764122687 0.039745486303353082 -0.01585261877827111 0.02495821808191287 0.010807260221846115 -0.0074613476990088613 0.036359878671186001 -0.06597658313510095 -0.0077541993365462698 0.0050242484178074469 0.032681087084731733 0.0098299710330867623 -0.025868277369236983 0.055129449626907134 -0.0069985556251178863
leaf_weight=3.0895842611789694 1492.1838988550007 4.619819000363349 4.9454714953899375 6.6715037673711768 118.67787747085094 8.2773322314023954 60.69078528881073 15.24402107298374 349.10635498166084 9.1054473519325239 7.0876771584153166 8.0841412693262082 7.6004670262336722 5.625435382127761 4.865313187241556 84.231507450342178 11.093227326869963 48.859808929264545 44.414049744606018 52.600687876343727 26.311952650547028 4.3234496712684622 4.8829599469900122 34.278838649392128 6.5647708028554916 18.624684400856495 19.053475931286815 19.910614810883999 10.063340872526167 15.205772861838339
leaf_count=13 6137 20 20 28 488 34 262 64 1453 37 31 33 36 23 20 345 51 204 180 230 111 18 20 144 27 81 77 84 41 62
internal_value=5.14344e-06 0.00187471 0.00222269 0.00194717 0.00259401 -0.0254224 0.00175452 0.0109351 0.000264252 0.0315253 -0.000558317 0.00323113 0.00753764 -0.0108397 -0.00110826 -0.0111249 0.00998725 0.00569465 0.00410071 -0.0020312 0.0128973 -0.0156252 -0.00990602 -0.0150138 -0.018894 -0.000429338 0.00880163 -0.00023812 0.0254864 0.0148463
internal_weight=2506.29 580.428 575.808 572.719 559.496 13.2228 543.719 75.9348 467.784 15.777 1925.87 244.069 186.875 57.1948 1681.8 106.755 22.5233 179.787 172.186 101.46 70.726 51.5694 43.4852 39.1618 11.4301 1575.04 82.8579 53.7411 29.1168 33.8305
internal_count=10374 2419 2399 2386 2332 54 2267 326 1941 65 7955 1030 792 238 6925 443 98 761 725 434 291 215 182 164 47 6482 345 227 118 143
is_linear=0
shrinkage=0.05


Tree=81
num_leaves=31
num_cat=0
split_feature=7 12 3 2 9 12 12 2 9 9 8 3 12 2 9 0 2 12 3 9 11 11 7 9 3 7 3 9 9 3
split_gain=1.05393 2.50764 2.9312 3.91141 3.38935 2.25584 5.33701 4.76122 4.24192 4.12113 4.44532 4.08851 3.26439 8.86245 5.2694 5.34091 4.56307 4.51082 3.26229 1.59202 3.29757 4.0181 5.17792 5.75059 4.32952 3.64293 3.90721 3.04384 2.70004 6.64952
threshold=0.011214696758121203 -0.013928074015121321 -0.08370722980207923 84.379692192192195 1.3562374464936582 -0.042075463226407019 -0.036179506064646129 25.243085056169139 1.0611665834306814 0.64608684559211793 -1.0000000180025095e-35 -1.6787218103267696 -0.026189848604014156 35.309396485867083 1.2848223178475862 -9.1619549876422246e-05 47.602627257799661 -0.020187896965419967 -0.013068114610492379 0.49761670988484791 17.500000000000004 12.500000000000002 0.020446185101357522 0.42813442045559347 -0.071462546555547027 0.022136133798938345 -1.0000000180025095e-35 0.41038784475030893 0.58637800884051494 -0.20017353114404332
decision_type=2 2 2 2 2 2 2 2 2 2 2 2 2 2 2 2 2 2 2 2 2 2 2 2 2 2 2 2 2 2
left_child=5 19 -3 4 -4 7 18 -1 9 -9 -11 -8 14 -14 16 -16 -13 -15 -7 20 21 22 23 -2 -24 27 -27 -23 29 -21
right_child=1 2 3 -5 -6 6 11 8 -10 10 -12 12 13 17 15 -17 -18 -19 -20 28 -22 25 24 -25 -26 26 -28 -29 -30 -31
leaf_value=-0.016407785140479768 0.00018070187809493134 -0.045960740254940541 -0.011315779043337875 -0.040073155656039861 0.03898636498490321 -0.0018315303735049679 -0.031249561198289671 0.052383728019394706 0.059504038312022306 0.020649711914309237 -0.041234082591161264 0.040933543541541072 -0.064871684081910477 -0.010263398425986954 -0.054076128976865603 0.019014425834345157 0.0079310754591562956 0.0089786807837190109 -0.047041756016250935 0.01011392914805634 -0.016164115073839923 0.030581187298647242 -0.034141931506724142 0.040796185897315568 0.0019889654391198651 0.017972358280150768 0.081682134411117727 -0.016636813599202261 -2.9864592009777478e-05 -0.015434925935252903
leaf_weight=8.7676375657320005 21.244592308998108 6.1295751482248333 8.7804678827524203 6.0755087584257117 5.4133219420909873 7.308714076876643 8.2037992626428586 4.8747225254774156 6.9744425863027564 8.0056546777486819 4.5519785881042436 19.596695676445961 4.9351929277181616 43.348936289548874 4.9383417218923569 5.0606818944215757 22.498540714383125 102.41450209915638 8.7877790331840497 36.471200227737427 15.043888509273527 8.0846947729587573 12.210869908332823 14.776843830943106 25.830336093902588 4.6986454129219055 4.9332508593797666 5.9066759049892417 1985.243395421654 84.411388359963894
leaf_count=36 90 25 36 25 22 30 34 21 30 34 20 82 20 182 20 21 96 445 36 153 63 35 51 60 110 20 23 24 8182 348
internal_value=5.1081e-06 -0.000344035 -0.0156634 -0.00650131 0.00786879 0.00301707 0.00123791 0.0151962 0.0265492 0.0133645 -0.00178236 0.00335503 0.00475492 0.00102513 0.0155445 -0.0170837 0.0232948 0.00325623 -0.0265138 -0.000161772 0.00562722 0.00898314 0.00325604 0.0168421 -0.00960871 0.0269385 0.0506031 0.0106474 -0.000471627 -0.00772664
internal_weight=2505.52 2245.25 26.3989 20.2693 14.1938 260.268 227.093 33.1744 24.4068 17.4324 12.5576 210.997 202.793 150.699 52.0943 9.99902 42.0952 145.763 16.0965 2218.86 112.73 97.6859 74.0626 36.0214 38.0412 23.6233 9.6319 13.9914 2106.13 120.883
internal_count=10374 9267 108 83 58 1107 966 141 105 75 54 900 866 647 219 41 178 627 66 9159 476 413 311 150 161 102 43 59 8683 501
is_linear=0
shrinkage=0.05


Tree=82
num_leaves=31
num_cat=0
split_feature=8 8 0 9 0 9 9 7 9 0 0 0 7 3 3 0 3 11 2 12 7 9 7 9 0 0 8 8 7 8
split_gain=1.04469 3.75319 4.35083 3.41186 3.26685 4.25558 5.92733 3.11109 3.80781 2.82189 3.57786 3.44351 5.12451 3.038 5.13126 3.2775 2.54124 3.51562 3.96109 2.0668 1.73696 3.75028 2.85047 3.34094 3.46945 4.71871 2.61693 5.03399 2.15562 5.28748
threshold=-5.3612248602104344 -4.809614867320593 -0.003418241972059755 0.93512801136823231 -0.0037789746796736408 1.6343062251447187 1.389721570559973 0.019179839298795454 0.95474058625944236 -0.0044877756239138271 -0.0040789619065891795 -0.0048401827259105983 0.024282993277981058 -0.17758196519867867 -0.13311673059951964 -0.0051288853384413345 0.002467677759565723 15.500000000000002 20.840694935217922 -0.116997885439473 0.056371742635609276 1.3677265533933003 0.044394441164678271 0.73658675390189665 0.0011404612405778341 0.0095036313553859206 3.6133669623341071 -0.42872849290964099 0.032382044560943644 -3.6358621704988909
decision_type=2 2 2 2 2 2 2 2 2 2 2 2 2 2 2 2 2 2 2 2 2 2 2 2 2 2 2 2 2 2
left_child=4 2 3 -2 9 6 16 -4 -9 11 19 13 -13 -1 -15 -16 -6 18 -18 -11 22 26 28 -24 -25 -26 27 -22 -3 -30
right_child=1 20 7 -5 5 -7 -8 8 -10 10 -12 12 -14 14 15 -17 17 -19 -20 -21 21 -23 23 24 25 -27 -28 -29 29 -31
leaf_value=0.037643225689378404 -0.014001772032733402 0.00038429965906663373 0.034574318570475077 -0.057947271487364775 -0.027056772348593668 0.03912494774825611 -0.055086408466083495 0.00739182349670333 -0.041662479565116629 0.07289900848243229 0.0027747490895617959 0.024373878278485736 -0.042730482050635621 -0.049940156468329222 0.0058641314443012562 0.045372010693826272 0.02756511476179721 0.034611787892937854 -0.012067541345586678 0.025885121642139703 0.015566419234496077 -0.049073299110101547 0.035130182081609833 0.035172027471200337 -0.01208132645273146 0.023564583965369885 0.016667274619462432 -0.058161199896287125 -0.029743461501074216 -0.0024420925303321062
leaf_weight=8.6284824907779676 9.7838611602783221 1967.3888414055109 4.8898231834173229 8.0514197349548322 9.3704302757978422 5.0928187668323508 6.1317832022905341 10.73754006624222 6.2638283669948569 4.5432865545153627 7.7499235570430747 4.4293224066495878 7.9542525410652161 3.8474300503730765 55.860774014145129 5.7939425781369271 7.8613252565264693 6.8323372453451148 31.834169924259186 4.8153871148824701 4.6523779779672623 5.6345743536949149 11.425579972565172 8.1011583656072599 28.670326456427574 13.730442263185976 9.0649641379713994 4.6087036132812553 19.275676727294922 221.81184552609921
leaf_count=41 40 8049 20 34 39 22 25 44 26 20 34 19 34 16 262 26 36 29 131 20 21 24 58 42 126 63 46 20 80 927
internal_value=5.16047e-06 -0.000271017 -0.0155081 -0.0338402 0.00378051 -0.00481263 -0.00842002 -0.000572573 -0.0106813 0.00934682 0.0279013 0.00567758 -0.0187288 0.00975468 0.00608097 0.00957685 -0.00330093 0.00148336 -0.00421866 0.0487086 -7.18973e-06 -0.0133989 0.000134139 0.010714 0.00519011 -0.000538278 -0.00243035 -0.0211235 -0.00016253 -0.00462492
internal_weight=2504.84 2334.09 39.7265 17.8353 170.746 67.1229 62.03 21.8912 17.0014 103.623 17.1086 86.5142 12.3836 74.1306 65.5021 61.6547 55.8983 46.5278 39.6955 9.35867 2294.36 23.9606 2270.4 61.9275 50.5019 42.4008 18.326 9.26108 2208.48 241.088
internal_count=10374 9620 164 74 754 282 260 90 70 472 74 398 53 345 304 288 235 196 167 40 9456 111 9345 289 231 189 87 41 9056 1007
is_linear=0
shrinkage=0.05


Tree=83
num_leaves=31
num_cat=0
split_feature=12 0 9 9 0 2 3 3 3 8 2 12 12 12 7 3 0 11 9 9 0 11 3 9 8 0 3 12 7 9
split_gain=1.07082 3.93529 6.22793 6.66341 5.3283 6.08771 5.14349 11.0557 6.45656 4.68623 3.33922 6.85984 3.33364 4.21019 4.30347 3.67226 3.32604 6.2736 3.22016 8.22928 7.70507 5.44303 5.96469 3.9939 4.56725 6.04527 3.99106 3.71728 3.71012 3.45642
threshold=-0.091932981769753466 -0.0016961184587748551 1.3301045699919292 1.9534287763784397 -0.0016247363673556096 45.722156631247536 -1.3807786349065936 -0.65669051721270322 -0.47349021858649359 -0.35054950006349134 39.755294469804674 -0.073612834298318094 -0.097918527090523622 -0.096881916948121261 0.018031794237614682 0.24401050814967734 -0.0034766494743691746 13.500000000000002 0.64608684559211793 0.58637800884051494 0.0026503281405473537 12.500000000000002 0.052648335820034149 0.7946005528136848 -9.7942670583742704 -0.007873959567034133 0.67876323045573439 -0.11455300489082441 0.029207406872317324 0.86080001052697486
decision_type=2 2 2 2 2 2 2 2 2 2 2 2 2 2 2 2 2 2 2 2 2 2 2 2 2 2 2 2 2 2
left_child=12 2 6 10 5 -3 -2 -8 -9 -10 11 -4 18 -14 -15 16 -16 -18 19 20 21 22 -1 24 -20 -26 -27 -21 -23 -25
right_child=1 4 3 -5 -6 -7 7 8 9 -11 -12 -13 13 14 15 -17 17 -19 23 27 -22 28 -24 29 25 26 -28 -29 -30 -31
leaf_value=-0.0037215140343577983 0.023826949892224905 0.0025486145590507148 0.043299854139015187 -0.020377562294464378 0.00020780292133071199 0.065911233215996165 -0.056514932499056016 0.028020004108069447 -0.006140854475195045 -0.02443471825531195 0.037278783781113406 -0.020631382131443443 0.042108365225699773 0.03829965553558852 -0.013070921131621966 -0.019650038089526131 0.0015616980575373868 0.053092235377928725 0.046670427036828707 0.051314072982479302 0.051110588996893129 -0.0094410941076384074 -0.059689976317437013 0.01432924819226057 -0.072288218797337822 -0.0070291615379524238 -0.050322428421116561 0.0089432502409585776 0.024097959869640268 -0.00098342963196607395
leaf_weight=11.171289548277857 12.055177077651022 8.8527915030717832 7.2974332869052914 12.291105255484579 1612.8764280825853 6.6295514255762091 11.983852878212927 12.25763016939163 214.5559358894825 41.832101866602898 18.201172336935997 9.8724478334188444 10.022276967763899 9.3790979683399183 11.051162496209136 14.703333541750906 16.786667972803127 9.1128755062818509 3.2788771986961356 13.86594455689192 6.50375211238861 18.250666633248329 8.2951474785804731 43.031939677894115 4.1513440310955039 70.01933041960001 5.7614069283008567 8.260125517845152 15.041440747678278 256.62193686515093
leaf_count=48 49 36 30 50 6606 27 49 50 874 171 74 40 41 39 45 60 69 37 17 63 33 77 35 187 18 302 24 34 70 1119
internal_value=5.18569e-06 -0.000533979 -0.00542368 0.0113371 0.000488028 0.0296805 -0.00815308 -0.00952687 -0.0074308 -0.00912567 0.0223576 0.00654026 0.00198807 0.0120738 0.00714177 0.00148427 0.00989399 0.019693 0.000444424 0.00947619 -0.000238582 -0.00656859 -0.0275711 -0.00147552 -0.0111665 -0.013539 -0.0103206 0.0354962 0.00571192 0.00121555
internal_weight=2504.01 1968.71 340.347 47.6622 1628.36 15.4823 292.685 280.63 268.646 256.388 35.3711 17.1699 535.309 71.0554 61.0331 51.654 36.9507 25.8995 464.253 81.3884 59.2623 52.7585 19.4664 382.865 83.211 79.9321 75.7807 22.1261 33.2921 299.654
internal_count=10374 8056 1387 194 6669 63 1193 1144 1095 1045 144 70 2318 291 250 211 151 106 2027 360 263 230 83 1667 361 344 326 97 147 1306
is_linear=0
shrinkage=0.05


Tree=84
num_leaves=26
num_cat=0
split_feature=9 2 11 0 0 8 9 0 0 2 12 12 8 7 8 9 12 8 8 12 0 2 12 0 3
split_gain=1.03698 1.6286 3.88047 3.43701 2.92954 2.75814 1.47066 3.80868 3.18301 1.26062 3.43812 3.02338 2.74263 2.18611 3.55947 2.10527 4.28151 2.09029 8.62043 5.13299 1.76098 1.46934 4.70315 2.88065 0.307636
threshold=0.33197407145317887 59.114085816078891 6.5000000000000009 -0.0011269966913187051 -0.0024434373006808501 2.1951599496078402 0.38875348084063305 -0.0017284812162363201 0.0018025380095504048 76.205987280905859 -0.053968253968253978 -0.050598577260032022 4.9513479641625127 0.0063667731771180234 4.4159651879594088 0.97213913857563006 -0.071974662700964129 11.03046731492134 9.9230305818041202 -0.10692156773281013 0.010194863754946938 39.044357469014983 -0.02392172333516859 -0.0042965583590263918 0.019294475348007292
decision_type=2 2 2 2 2 2 2 2 2 2 2 2 2 2 2 2 2 2 2 2 2 2 2 2 2
left_child=1 2 -1 4 -4 -3 7 -2 24 17 12 -12 -11 -13 -15 -14 -17 18 21 -19 -21 22 -8 -23 -9
right_child=6 5 3 -5 -6 -7 9 8 -10 10 11 13 15 14 -16 16 -18 19 -20 20 -22 23 -24 -25 -26
leaf_value=-0.027578375116238663 0.02673401906316171 0.053324533961035009 0.020745618816848808 0.040760372464412803 -0.027345667342497548 -0.0017813824411047553 0.0021091361490927075 -0.051598401973129274 0.0048246323882428577 0.053250178149931007 -0.041141825330827463 -0.034655873657648599 0.039820396006128217 0.018805981162625704 -0.0009792359013315302 -0.027994963854243039 0.029033762045037909 0.024400394795832253 0.053761898875726383 -0.049710344708733069 -0.013178759974795368 -0.012175999665736958 -0.046996829983195626 -0.00073451599554048147 -0.033851504965195546
leaf_weight=7.8173980414867428 4.4971343278884914 4.6975084543228132 6.7159963026642817 7.4956793636083594 5.9920230060815811 4.3953220844268799 617.42870020121336 4.8961781412363035 5.4939363300800315 5.379726946353915 4.085708573460578 3.8344085663557044 5.1334462240338352 29.705555289983749 96.837709054350853 6.2394528239965474 6.9650662988424248 5.3587149307131794 7.3848961293697348 7.442925885319708 5.9247485399246216 56.9939039722085 4.9147717654705039 1582.9006831943989 4.8715814650058746
leaf_count=33 19 23 30 33 25 20 2575 20 23 24 17 17 25 129 399 27 29 27 33 32 25 244 20 6505 20
internal_value=5.14445e-06 0.00830065 0.00233421 0.0139083 -0.00193015 0.0266873 -0.00011969 -0.0137059 -0.0256223 -9.96457e-06 0.00430692 0.00121101 0.0218586 0.00253824 0.00366527 0.0126494 0.00208632 -0.000308367 -0.000171101 -0.0169449 -0.033519 -0.000347161 0.00172134 -0.00113216 -0.0427473
internal_weight=2503.4 37.1139 28.0211 20.2037 12.708 9.09283 2466.29 19.7588 15.2617 2446.53 158.181 134.463 23.7177 130.378 126.543 18.338 13.2045 2288.35 2269.62 18.7264 13.3677 2262.24 622.343 1639.89 9.76776
internal_count=10374 164 121 88 55 43 10210 82 63 10128 667 562 105 545 528 81 56 9461 9377 84 57 9344 2595 6749 40
is_linear=0
shrinkage=0.05


Tree=85
num_leaves=31
num_cat=0
split_feature=11 11 8 12 3 0 7 3 3 12 2 2 7 0 8 12 9 9 7 3 0 8 9 0 7 7 7 7 0 2
split_gain=1.01229 3.87519 5.33102 5.28959 5.34669 5.18744 7.74331 6.05472 4.92004 7.92937 4.60405 5.24735 6.10897 4.25734 3.93359 6.23845 5.15604 3.74379 5.68719 6.68992 4.94681 3.67165 5.96588 3.65101 3.44012 5.48122 7.23365 4.07813 3.94412 3.42182
threshold=4.5000000000000009 2.5000000000000004 0.91350366494786039 -0.15085332633501983 0.15236063458408577 0.0015905375232083221 0.013806643941072628 -2.5587403353781735 1.1575055616543206 -0.0359130914793949 64.311178864228367 54.474578327872827 0.0178699406657481 0.0024714270646499967 1.6519569423250677 -0.02843458540123801 0.81166259500312188 1.550299577326635 0.011214696758121203 -0.047590981413238899 0.0019298452930141547 4.6818662487737255 1.2696156429466006 0.0013027916566925428 0.028088094592597999 0.017958466853227679 0.015650421729656718 0.030583174850529523 0.0028025998611221261 66.523391381345903
decision_type=2 2 2 2 2 2 2 2 2 2 2 2 2 2 2 2 2 2 2 2 2 2 2 2 2 2 2 2 2 2
left_child=1 2 8 -3 10 6 23 -7 17 -10 11 13 -13 -5 15 -9 -16 18 19 -1 -20 29 -23 -4 25 26 -6 -26 -27 -12
right_child=-2 3 5 4 24 7 -8 14 9 -11 21 12 -14 -15 16 -17 -18 -19 20 -21 -22 22 -24 -25 27 28 -28 -29 -30 -31
leaf_value=0.0077414046190107076 -0.00062746078896756873 0.075545638779702676 0.021569838983745638 0.027518999579682624 0.0022689067371951441 -0.055661902016250313 -0.063665618839516283 0.028396619006691284 0.0096448854747510342 -0.063840647375459345 0.073153049785871935 -0.033344487172854903 0.0078893570215105829 -0.0080527054496307704 -0.015202431514745391 -0.010311170317471051 0.0001123433277340395 -0.027846537667556584 -0.011275417920652703 0.066174734161921975 0.016120999222767163 -0.018010154994777181 0.041439673026669781 -0.031275863844588067 -0.06086298466900443 0.0079951884451973584 -0.055683807975717925 -0.0092550464902238297 0.051004468212480884 0.028489103709646042
leaf_weight=9.3249998837709445 1793.2185851708055 2.8019592911005011 7.0200076103210467 30.96923902630806 21.651114404201511 5.2335331290960303 8.7893620729446393 25.59638124704361 9.7868636250495893 5.8742834329605094 5.3343702256679562 14.426528394222258 23.803817123174667 11.547892302274702 71.737503066658974 17.543796256184578 234.97231760621071 5.5648704916238776 22.851003929972649 10.31814359128475 59.070533104240894 9.7475053295493144 7.4418112039566031 6.1157984733581543 4.7321372181177166 21.123861059546474 7.1669482588767996 20.034357711672783 7.1295864284038535 21.867365032434464
leaf_count=40 7424 14 30 126 91 22 36 105 40 24 22 60 97 47 303 74 976 23 93 47 242 41 31 26 19 85 29 84 29 94
internal_value=5.08564e-06 0.00160363 -0.000790227 0.00730703 0.00638325 -0.00373726 -0.0273401 -0.00227986 0.00825814 -0.0179185 0.0128821 0.00577111 -0.00767057 0.0178575 -0.0014813 0.0126553 -0.00346969 0.0120849 0.0142728 0.0384352 0.00847911 0.0258169 0.0077276 -0.00303418 -0.00355409 0.00319899 -0.0121437 -0.0191158 0.0188483 0.0372479
internal_weight=2502.8 709.578 499.799 209.778 206.977 377.009 21.9252 355.084 122.791 15.6611 125.139 80.7475 38.2303 42.5171 349.85 43.1402 306.71 107.13 101.565 19.6431 81.9215 44.3911 17.1893 13.1358 81.838 57.0715 28.8181 24.7665 28.2534 27.2017
internal_count=10374 2950 2081 869 855 1572 92 1480 509 64 518 330 157 173 1458 179 1279 445 422 87 335 188 72 56 337 234 120 103 114 116
is_linear=0
shrinkage=0.05


Tree=86
num_leaves=31
num_cat=0
split_feature=11 11 0 9 9 12 9 3 2 7 0 7 3 12 12 8 12 2 12 2 9 0 8 3 3 7 7 3 0 8
split_gain=1.03662 5.32029 8.02109 6.15423 8.89349 5.12076 4.31749 4.7624 4.03071 3.66612 4.28611 4.22679 4.56317 4.52132 4.16457 4.3413 5.94844 5.71233 4.192 4.07902 5.48493 6.48115 4.82706 4.05509 6.30594 3.74466 3.51167 3.43006 3.42079 3.39889
threshold=15.500000000000002 14.500000000000002 -0.00081702195619442499 0.85700031109886232 0.93512801136823231 -0.055194755903572632 1.0331185550807307 -0.25917571566837688 27.380952380952404 0.025684039328306114 -0.0036184146920476604 0.019879766448987191 0.93531199877707161 -0.061150259713187195 -0.12102615930617898 -0.29169350109431769 -0.099745326481505969 42.91644540372635 -0.096227093234967323 31.57894736842103 0.51985958848729485 -0.0028669898862677397 -2.8973801815249409 0.043620654249984625 -0.020542441927198556 0.016878320719366253 0.014705072468463103 0.097189793247971598 -0.0023143383076426874 -1.0718522330364921
decision_type=2 2 2 2 2 2 2 2 2 2 2 2 2 2 2 2 2 2 2 2 2 2 2 2 2 2 2 2 2 2
left_child=1 -1 3 8 -5 -4 -6 -8 -3 11 -11 12 13 -2 -12 17 -17 18 -16 -13 -21 22 -22 24 -15 26 -14 -25 -19 -10
right_child=9 2 5 4 6 -7 7 -9 29 10 14 19 25 23 15 16 -18 28 -20 20 21 -23 -24 27 -26 -27 -28 -29 -30 -31
leaf_value=7.9844459452556353e-05 0.008465368529679591 0.022968466825552626 -0.055239877494017042 0.059120897748116491 -0.032838164644580684 -0.015781267025403785 0.056431748451349253 -0.00031175853215745144 -0.043134259663128463 0.0029098644874384089 0.056593017068428612 0.0062089790023026805 0.022429379012330952 -0.0030324104044420746 0.032816780636156978 -0.049730271753274796 0.017915518184756576 0.072160176952325891 -0.017257851427289677 0.029714851501843071 -0.048762677664221488 -0.0023071113857096167 -0.016888164975088729 -0.052200495728250584 0.045496278958621489 -0.0015225528978606712 0.074009603722411041 -0.011596940640072084 0.021792176772415572 -0.0065947931611476706
leaf_weight=1799.5541431158781 110.83205704391003 4.8230878710746792 13.518296003341673 7.6869723796844474 7.8913117796182624 20.987492382526398 4.4572002440691021 21.700926676392555 14.268505632877353 124.7907619215548 6.7876764610409728 44.207211300730705 9.906400606036188 59.446900978684425 7.6762373596429834 5.3989285975694647 8.1642014831304532 7.3718271255493164 9.1751350164413488 7.589548096060752 16.534911781549454 58.072373360395432 42.171446919441223 5.8925759196281424 7.5435618907213202 8.8175088763236982 4.9479522556066504 44.338251873850822 6.2112606316804868 11.488815441727635
leaf_count=7446 454 20 57 32 32 86 18 91 58 556 32 182 41 243 31 22 33 30 37 31 68 236 172 24 31 36 20 181 25 49
internal_value=5.26195e-06 -0.000563706 -0.0114051 -0.00194093 0.0105444 -0.0312399 -0.000422152 0.00935702 -0.0189811 0.00182555 0.00789351 -0.000709273 0.00339399 0.0012251 0.0201394 0.0145156 -0.00901151 0.0250005 0.00555244 -0.00683646 -0.0114735 -0.0141504 -0.0258658 -0.00562054 0.00243224 0.024289 0.0396106 -0.0163601 0.0491279 -0.0268362
internal_weight=2502.25 1906.38 106.823 72.3168 41.7364 34.5058 34.0494 26.1581 30.5804 595.877 175.576 420.301 251.725 228.053 50.7853 43.9976 13.5631 30.4345 16.8514 168.575 124.368 116.779 58.7064 117.221 66.9905 23.6719 14.8544 50.2308 13.5831 25.7573
internal_count=10374 7889 443 300 173 143 141 109 127 2485 766 1719 1030 933 210 178 55 123 68 689 507 476 240 479 274 97 61 205 55 107
is_linear=0
shrinkage=0.05


Tree=87
num_leaves=31
num_cat=0
split_feature=3 3 9 9 11 2 11 11 2 2 0 12 11 9 0 9 12 2 8 9 3 11 9 9 8 8 8 12 12 8
split_gain=0.995407 2.03606 3.80526 5.35197 4.41243 3.71861 2.96419 5.81709 2.09704 2.21846 8.64412 3.47137 4.45953 4.39983 2.73706 3.23452 2.21362 5.8481 6.43251 4.5273 6.12347 3.51041 2.04223 6.40515 2.61729 1.81517 8.46527 3.32409 3.88957 3.22373
threshold=-0.065977175474899535 -0.087437073614694619 0.99162369740635958 1.0611665834306814 14.500000000000002 30.711473565804308 7.5000000000000009 14.500000000000002 81.627382511275997 69.773830820342454 0.0031276565839427296 -0.033872722661714559 3.5000000000000004 1.1305792299553001 0.0027078371026616941 0.78199110603968525 -0.055892156394885685 30.711473565804308 -1.9911422324856922 1.4629747699870486 -1.0769524651140319 18.500000000000004 0.84032892415501159 0.7428346177773234 1.3198884887034297 -2.731517865981 -2.4727964358263339 -0.059929706093983508 -0.048092706540242926 -2.6281328775571682
decision_type=2 2 2 2 2 2 2 2 2 2 2 2 2 2 2 2 2 2 2 2 2 2 2 2 2 2 2 2 2 2
left_child=1 8 4 -4 22 -6 -5 -8 9 16 14 12 -12 -13 15 -11 19 -18 -19 20 -1 -21 23 -3 -24 -2 27 29 -29 -27
right_child=25 2 3 6 5 -7 7 -9 -10 10 11 13 -14 -15 -16 -17 17 18 -20 21 -22 -23 24 -25 -26 26 -28 28 -30 -31
leaf_value=0.017246726620748269 0.0038962459074083004 0.017460469782628368 -0.067910026104478188 0.0068504971486067065 0.0058063971957058773 -0.048262587072750558 -0.069661946049902612 0.0036470003390234721 -0.030286270965165035 -0.0027917897749582311 -0.0072163452412422656 -0.0059793723247404925 0.042057022770230011 -0.057102754517794313 0.063130464350791698 0.036893580629750206 -0.044664422561722802 0.030662019644547497 -0.0040596616610042774 -0.022096900391207583 0.00033455211012510652 0.010548908095244844 0.0030391275588526022 -0.047207795693724845 0.053516179408375157 -0.036472810713094071 0.00054972593618571699 -0.070244253715272112 -0.012423279145580009 0.0062204947496830015
leaf_weight=63.443418897688389 363.77521141991019 14.884925737977033 5.5758171528577831 10.015700519084932 5.6252126246690732 7.3154997229576111 5.1126717031002027 5.7486809343099594 5.9100319147109976 8.0534383356571251 14.911789551377298 14.51064518094063 6.6353680267930022 5.9278746247291556 5.0984029918909064 14.165445506572722 8.5488736033439618 13.809763103723524 391.19138015806675 32.902240507304668 342.28209253400564 10.983497232198713 5.1429495811462385 5.155123531818389 5.1292731463909149 7.9502339363098171 1099.4891457036138 7.141159251332283 4.907129153609274 9.9621062427759188
leaf_count=265 1531 62 23 41 23 30 21 24 25 35 62 60 28 24 22 61 35 56 1596 136 1423 46 21 21 21 33 4559 29 20 41
internal_value=4.97368e-06 -0.00120898 -0.00945362 -0.0243919 -0.000317614 -0.0247593 -0.0127691 -0.0308611 -0.000596538 -0.000408362 0.00819861 -0.00604509 0.00795721 -0.0208069 0.0300907 0.0225093 -0.00109941 -0.00373957 -0.00287572 0.00132899 0.00297911 -0.0139265 0.0101169 0.000825137 0.0282441 0.000824517 -0.000164831 -0.0263875 -0.0466944 -0.0127286
internal_weight=2501.31 1008.08 69.7059 26.4529 43.253 12.9407 20.8771 10.8614 938.374 932.464 69.303 41.9857 21.5472 20.4385 27.3173 22.2189 863.161 413.55 405.001 449.611 405.726 43.8857 30.3123 20.04 10.2722 1493.22 1129.45 29.9606 12.0483 17.9123
internal_count=10374 4161 287 109 178 53 86 45 3874 3849 292 174 90 84 118 96 3557 1687 1652 1870 1688 182 125 83 42 6213 4682 123 49 74
is_linear=0
shrinkage=0.05


Tree=88
num_leaves=31
num_cat=0
split_feature=7 7 2 12 11 9 0 12 8 2 8 9 12 9 7 7 2 8 2 8 12 12 0 0 11 2 12 9 3 12
split_gain=0.958364 2.9915 5.57501 10.0961 7.75425 6.67158 5.70666 5.84988 4.57311 3.95126 5.54114 4.85955 3.32176 5.61286 4.84552 2.85243 4.52829 5.12709 7.29921 8.8932 4.88786 4.11361 4.66599 4.7242 4.71763 3.74854 3.46642 2.63899 1.61811 1.60967
threshold=0.014396572116728691 0.01312013835352553 52.853441894892683 -0.022051245188958537 18.500000000000004 0.95474058625944236 -0.00033737330238090474 -0.058204761041443225 1.6519569423250677 55.07692307692313 2.3440483258652551 0.98668964690708394 -0.043918032142299217 0.78507165974127713 0.013940300079159284 0.011904761904761899 77.089248714603656 0.55424389503079052 38.674995668662284 -1.1859829308828631 -0.033626294554519022 -0.057011087645195337 -0.0020747783601939569 -0.0014877325795672651 17.500000000000004 37.070308303792039 -0.06258965124511344 0.81166259500312188 -0.19613623745672484 -0.013928074015121321
decision_type=2 2 2 2 2 2 2 2 2 2 2 2 2 2 2 2 2 2 2 2 2 2 2 2 2 2 2 2 2 2
left_child=1 15 4 9 5 12 7 -7 -5 -4 11 -11 14 -14 -3 21 17 18 -17 -20 -19 25 -23 27 -25 26 -1 -24 -22 -2
right_child=29 2 3 8 -6 6 -8 -9 -10 10 -12 -13 13 -15 -16 16 -18 20 19 -21 28 22 23 24 -26 -27 -28 -29 -30 -31
leaf_value=-0.017071689704560609 -0.0003757556773700559 0.0009225358896624283 0.078956244086325178 0.030288702653236438 0.037657388270911647 -0.047351011252723708 -0.069443576067451496 0.01903781985633872 -0.025150361978944869 -0.0062051868258811748 0.060796044613024007 0.050584239221537312 -0.038866402266311516 0.027725216370537445 0.058065721994937092 -0.026460829640761709 0.031594769772850854 -0.052755535480099071 0.065965018509446235 0.00023780283990683474 -0.031078461132919528 -0.045054522240733398 0.0012953168280799114 0.0015899432022922343 -0.0315195004595075 0.062819506788020757 0.039878031125667457 0.044368718391042762 -0.0047467184768289735 -0.018119693763758625
leaf_weight=5.5339740216732016 1978.3755410276353 10.611107081174852 5.1070592105388668 5.3179262578487423 10.701792076230047 6.3598043620586404 6.6497021019458762 6.9379609078168878 12.378001078963278 10.918213754892355 9.7799769043922407 5.7514340281486502 8.0775231420993823 5.2023738324642173 5.7040172070264807 16.462971836328506 6.7242709249258033 10.996266707777975 6.6540706753730801 22.714449778199196 8.5788899809122103 5.42553387582302 5.5855459719896308 261.8476328253746 11.219694077968596 5.0132276862859717 5.1666859984397879 9.786392927169798 18.236578911542892 12.864488393068312
leaf_count=23 8189 43 21 22 44 26 27 28 51 46 42 24 33 21 23 67 28 45 27 92 35 23 23 1112 46 22 22 41 75 53
internal_value=4.7077e-06 0.00193988 0.0092625 0.0217402 -0.000938635 -0.00927585 -0.031625 -0.0127134 -0.00848998 0.0386923 0.0309179 0.0133885 0.00578779 -0.0127793 0.0209007 -6.48989e-05 -0.00788039 -0.0110539 0.000190122 0.0151297 -0.0246827 0.00221648 0.000883684 0.00174778 0.000229554 0.0271411 0.0104258 0.0287176 -0.0131709 -0.000490391
internal_weight=2500.68 509.443 109.497 49.2526 60.2443 49.5425 19.9475 13.2978 17.6959 31.5567 26.4496 16.6696 29.595 13.2799 16.3151 399.946 90.3675 83.6432 45.8315 29.3685 37.8117 309.579 293.865 288.439 273.067 15.7139 10.7007 15.3719 26.8155 1991.24
internal_count=10374 2132 451 206 245 201 81 54 73 133 112 70 120 54 66 1681 369 341 186 119 155 1312 1245 1222 1158 67 45 64 110 8242
is_linear=0
shrinkage=0.05


Tree=89
num_leaves=31
num_cat=0
split_feature=11 11 12 3 8 2 2 12 3 2 9 7 9 0 0 0 2 12 12 9 8 0 2 9 9 9 2 7 7 7
split_gain=0.953257 3.48392 4.94475 4.90022 4.81857 4.63984 7.23913 7.28836 7.08646 5.62482 5.27533 4.62037 4.51314 7.57445 7.12528 6.49048 4.50417 3.99431 6.18729 5.64206 3.82245 3.74906 4.31603 3.1431 6.66632 4.82568 3.10809 3.07198 4.97118 6.45381
threshold=4.5000000000000009 2.5000000000000004 -0.15085332633501983 0.15236063458408577 0.80722812525808096 61.682242990654181 52.853441894892683 -0.055892156394885685 2.1243946271890457 55.480589814772721 1.3797462035553127 0.03523219457828914 0.94735197796013837 0.0017686585122452807 0.0020805231680397144 0.0021986211168500279 40.338521772345288 -0.057411046638261555 -0.047315267739769733 0.98937541420632313 11.03046731492134 0.0086848952416330952 79.039858427475025 1.8029190336478724 1.5700082881422601 3.0494825871991345 64.102564102564145 0.028088094592597999 0.017958466853227679 0.015650421729656718
decision_type=2 2 2 2 2 2 2 2 2 2 2 2 2 2 2 2 2 2 2 2 2 2 2 2 2 2 2 2 2 2
left_child=1 4 -3 16 5 6 8 9 11 -8 -9 -1 13 26 -15 -16 -4 19 -19 -18 23 -22 -23 24 -14 -25 -6 28 29 -5
right_child=-2 2 3 27 12 -7 7 10 -10 -11 -12 -13 20 14 15 -17 17 18 -20 -21 21 22 -24 25 -26 -27 -28 -29 -30 -31
leaf_value=0.011588230642238368 -0.00060933798435811514 0.073840713462345206 -0.038559656682948758 0.0019765393703051479 -0.063869162004330446 -0.038710444939424306 0.087852160957530942 0.020748257038525231 -0.058565572353099699 0.022500815429546475 -0.035556613507925799 -0.024733091778478621 0.0045253170421147796 0.032630195819074122 -0.070679190453919336 -0.0075948824797633695 0.019221400485399279 0.050162396771561348 0.013338020638470123 -0.034079232809725739 -0.048891023126289707 -0.031220586324821137 0.016241792640382908 0.027315027096255107 -0.026673036196918055 -0.024850774718140903 -0.013530356658463184 -0.018125567593151731 0.0178756910267301 -0.052758144888147875
leaf_weight=42.27695232629776 1791.4174451604486 2.7284035459160796 4.2041531652212134 21.626900076866153 8.5417734682559949 4.9855661243200293 6.8885032981634122 30.447068765759468 4.9342553019523612 6.3075002282857895 4.8183842301368704 11.042765103280543 147.89365640282631 10.815560027956961 4.2042723149061194 135.0242275968194 10.332355730235578 13.111823588609694 87.728565737605095 9.5575457066297513 6.7311064004898098 8.8563567996025103 10.431905850768088 25.556584432721142 19.364196464419365 5.3637413531541815 4.7836760580539694 24.778976157307625 28.21809296309948 7.1713838428258887
leaf_count=174 7424 14 17 91 35 21 29 127 20 27 20 46 613 45 17 567 45 53 364 39 29 38 43 107 81 22 20 103 114 29
internal_value=4.7539e-06 0.00155697 0.00696928 0.00608672 -0.000713663 0.00843604 0.0106386 0.0249165 -0.00123913 0.0566152 0.0130552 0.00406591 -0.00335071 -0.00967142 -0.00646299 -0.00949983 0.0123154 0.0140871 0.0181261 -0.00639075 0.0012551 -0.0167628 -0.00555093 0.00362073 0.000913343 0.0182658 -0.0457981 -0.00342706 0.00296082 -0.0116536
internal_weight=2500.14 708.726 209.458 206.73 499.268 111.701 106.715 48.4615 58.254 13.196 35.2655 53.3197 387.567 163.37 150.044 139.228 124.934 120.73 100.84 19.8899 224.198 26.0194 19.2883 198.178 167.258 30.9203 13.3254 81.7954 57.0164 28.7983
internal_count=10374 2950 869 855 2081 464 443 203 240 56 147 220 1617 684 629 584 518 501 417 84 933 110 81 823 694 129 55 337 234 120
is_linear=0
shrinkage=0.05


Tree=90
num_leaves=22
num_cat=0
split_feature=0 12 8 2 0 7 7 9 8 0 8 3 0 9 0 8 2 9 7 9 7
split_gain=0.967119 2.28815 1.66993 2.80628 1.79996 2.17698 1.36711 1.34164 3.19717 5.34431 4.06682 3.75354 2.86316 1.73493 5.42304 5.41133 3.52423 2.55103 5.26727 4.1355 0.488214
threshold=0.013454294945522804 -0.062212912410127039 13.82166037696882 84.379692192192195 0.010929175309834322 0.043580589018418193 0.056371742635609276 2.5976913601917699 3.7552478471161455 -0.00018422597243552345 5.6745518684716272 0.057847268079224537 0.0047477496608105034 2.0478343373342396 0.0037144582466739243 7.5704291576742966 62.074751214996546 1.8029190336478724 0.024710154332003097 1.7157437682208003 0.030797357546759458
decision_type=2 2 2 2 2 2 2 2 2 2 2 2 2 2 2 2 2 2 2 2 2
left_child=2 6 4 -4 7 -6 -2 13 9 -9 -10 -11 -12 17 16 -16 -15 19 -19 -1 -5
right_child=1 -3 3 20 5 -7 -8 8 10 11 12 -13 -14 14 15 -17 -18 18 -20 -21 -22
leaf_value=-2.3435297824293908e-05 0.051804841933399959 -0.0071882398207690108 -0.04025877636431735 0.01295905739833618 -0.0013382020279947232 0.039891398276560554 0.012548699830395789 -0.0099665599142199964 -0.043000153691347964 0.018219608690731689 0.033743367708842294 0.078261591554736262 -0.01779824330514591 -0.0057033416778858124 0.056919439668261532 -0.010988233788559496 -0.035646493831731289 0.020380544376760425 -0.014808322668112285 -0.019424608561160558 -0.0096735373704197707
leaf_weight=2285.7257427498698 3.8308587223291415 8.3326986432075483 6.8971625268459347 4.7531414330005628 6.581849738955496 6.2342320084571838 5.2671925276517868 6.6740387454628971 5.0971239209175137 5.3670952022075635 6.1268983036279661 5.0542285144329071 4.809569776058197 24.278507731854916 5.4973399788141233 6.2905756533145905 16.508566707372665 38.968810975551605 14.625789694488047 27.801157623529434 4.7779883146286011
leaf_count=9466 20 34 32 20 28 33 26 29 21 22 25 21 20 100 23 26 68 161 63 115 21
internal_value=4.76116e-06 0.0117411 -7.76592e-05 -0.0159661 2.82035e-05 0.0187175 0.029078 -6.94484e-05 0.00992438 0.0249671 -0.00611446 0.0473393 0.0110767 -0.000206278 -0.00918988 0.0206808 -0.0178228 -6.74706e-06 0.0107776 -0.000256575 0.00161326
internal_weight=2499.5 17.4307 2482.07 16.4283 2465.64 12.8161 9.09805 2452.83 33.129 17.0954 16.0336 10.4213 10.9365 2419.7 52.575 11.7879 40.7871 2367.12 53.5946 2313.53 9.53113
internal_count=10374 80 10294 73 10221 61 46 10160 138 72 66 43 45 10022 217 49 168 9805 224 9581 41
is_linear=0
shrinkage=0.05


Tree=91
num_leaves=20
num_cat=0
split_feature=0 7 2 3 12 8 8 8 8 8 12 12 8 12 7 3 0 3 11
split_gain=0.950046 1.37841 1.19685 1.01036 2.11207 5.41143 2.74538 2.43848 1.73175 7.67823 3.0077 3.52883 2.87719 2.84174 2.78274 2.78245 6.8925 5.72059 2.55779
threshold=-0.010433720819822781 0.070725601258957785 26.730391933202522 -0.065977175474899535 -0.19938671152545306 -8.504160240682948 -7.7339425530996992 -4.6107782716613466 -2.731517865981 -2.4727964358263339 -0.059929706093983508 -0.048092706540242926 -2.6281328775571682 -0.23717589734544492 0.0079620210657362373 1.045836565270067 0.00048880559335053194 0.84841635745763899 17.500000000000004
decision_type=2 2 2 2 2 2 2 2 2 2 2 2 2 2 2 2 2 2 2
left_child=2 3 -1 4 -2 -6 -7 -8 14 10 12 -12 -10 -11 -5 17 -17 -16 -15
right_child=1 -3 -4 8 5 6 7 -9 9 13 11 -13 -14 18 15 16 -18 -19 -20
leaf_value=-0.0036824131466829629 0.029308536923511288 -0.021968802123180704 0.037406896146291134 -0.093253149635864785 -0.090689250318772952 0.057119140940976601 -0.013606375979097765 -0.00084958512698481029 -0.034630687487906063 -0.12099371899104512 -0.067123408006793797 -0.011890382262624243 0.0057447152275108722 0.0013738614290533819 0.0044855655314529532 -0.024479051705150079 0.040405360094502518 0.057961207375145402 -0.0070724197303232463
leaf_weight=3.321487382054328 5.636370822787284 7.1504663527011862 3.799571804702282 0.73596473038196464 1.693444788455962 2.0116288661956778 38.994891494512558 952.1960127800703 7.9272292703390148 0.48060387372970481 7.0742593556642532 4.8913102000951749 9.9515507221221942 997.34686782956123 326.44168490543962 20.801774471998218 5.0955379307270041 5.0789470225572577 98.485401958227158
leaf_count=22 30 34 19 3 7 9 164 3918 33 2 29 20 41 4139 1369 85 21 21 408
internal_value=4.66475e-06 -4.74485e-05 0.0182415 1.56331e-05 -0.00121239 -0.0013853 -0.00123303 -0.00135146 0.000843406 -0.000119724 -0.0251426 -0.0445451 -0.0121572 0.00056146 0.00387182 0.00407181 -0.0117124 0.00530482 0.000614771
internal_weight=2499.12 2491.99 7.12106 2484.84 1000.53 994.896 993.203 991.191 1484.31 1126.16 29.8443 11.9656 17.8788 1096.31 358.154 357.418 25.8973 331.521 1095.83
internal_count=10374 10333 41 10299 4128 4098 4091 4082 6171 4672 123 49 74 4549 1499 1496 106 1390 4547
is_linear=0
shrinkage=0.05


Tree=92
num_leaves=31
num_cat=0
split_feature=11 11 0 9 9 12 9 3 2 2 2 2 9 2 3 7 12 0 8 12 9 8 3 8 12 11 0 3 0 0
split_gain=0.99384 4.80707 7.34209 5.54004 8.01171 4.67369 3.87315 4.28626 3.65999 3.57454 3.3182 4.68921 4.35037 3.42417 4.19345 3.72165 6.49057 4.20219 3.13922 7.19522 3.01869 2.92416 2.55438 2.20544 3.27227 4.4104 3.47051 4.78815 2.05215 3.07381
threshold=15.500000000000002 14.500000000000002 -0.00081702195619442499 0.85700031109886232 0.93512801136823231 -0.055194755903572632 1.0331185550807307 -0.25917571566837688 68.483503425136306 27.380952380952404 13.802438437474843 16.724941724941718 0.97213913857563006 29.452054794520517 -0.60721213834266108 0.025684039328306114 -0.11989933744703836 -0.0048401827259105983 -1.0718522330364921 -0.076461156424809246 0.76256060843503493 1.4618883485594723 -0.23934616596559877 -7.0528123371760794 -0.12650801851097274 13.500000000000002 -0.0024434373006808501 0.11349020326321048 -0.0070070421960991272 -0.0061127718403828409
decision_type=2 2 2 2 2 2 2 2 2 2 2 2 2 2 2 2 2 2 2 2 2 2 2 2 2 2 2 2 2 2
left_child=1 23 3 9 -5 -4 -6 -8 10 -3 -2 12 -12 14 -13 16 -15 -17 19 -11 -16 22 -7 24 25 26 27 -1 -25 -30
right_child=8 2 5 4 6 21 7 -9 -10 18 11 13 -14 15 20 17 -18 -19 -20 -21 -22 -23 -24 28 -26 -27 -28 -29 29 -31
leaf_value=-0.007916193503168507 0.032056279693691341 0.021562114869035288 -0.052990401706169345 0.056264408925951928 -0.031120794143871436 0.002025493801233499 0.053591193919633774 -0.00028025162153170867 0.039298678923228338 -0.067930544281534153 -0.067070757581352253 -0.043027510042428357 -0.0054251458020988753 -0.041248630606833564 0.026629462033782393 -0.0035310314969940731 -0.0019271287972697827 0.014102241308717976 -0.005992950513492505 0.0061828318642862838 0.0066686338145324903 0.013020865029056281 -0.042371990732608639 -0.041562893451713892 -0.044552883862644124 -0.04769033643311546 -0.025988846663163197 0.045297971601837239 0.083637786411190629 0.00032437612305151892
leaf_weight=9.452459275722509 8.6842953413724882 4.8068317025899914 13.381346985697745 7.6515694558620444 7.8673289269208899 4.8647801727056494 4.4504715651273754 21.675221964716911 6.4328065589070311 9.0624657422304171 4.7744588106870633 3.6576027274131766 7.1446666717529297 10.860877722501753 24.894608289003372 59.04077985137701 311.11488570272923 78.990550115704536 11.492773234844204 5.1278724223375329 79.19963962584734 6.3940347284078589 9.6985145658254641 2.9215872585773459 6.4307109564542762 5.0363640263676634 6.964803226292136 7.6470045745372763 1.1078000366687764 1757.9430242776871
leaf_count=45 42 20 57 32 32 20 18 91 29 37 20 15 32 44 105 260 1271 328 49 21 339 26 40 13 26 22 31 41 5 7263
internal_value=4.4773e-06 -0.00055286 -0.0108756 -0.00181659 0.0100398 -0.0299056 -0.000364956 0.00889667 0.00178855 -0.0180106 0.00137843 0.000918842 -0.0301186 0.00157042 0.00959339 -0.000308878 -0.00325352 0.00655988 -0.0254171 -0.0411487 0.0114424 -0.0151659 -0.0275413 5.85955e-05 -0.0122746 -0.0051417 0.00376322 0.0158816 0.000307303 0.000376845
internal_weight=2498.77 1903.98 106.473 72.1345 41.6446 34.3387 33.993 26.1257 594.795 30.4899 588.362 579.678 11.9191 567.759 107.752 460.007 321.976 138.031 25.6831 14.1903 104.094 20.9573 14.5633 1797.5 35.5313 29.1006 24.0643 17.0995 1761.97 1759.05
internal_count=10374 7889 443 300 173 143 141 109 2485 127 2456 2414 52 2362 459 1903 1315 588 107 58 444 86 60 7446 165 139 117 86 7281 7268
is_linear=0
shrinkage=0.05


Tree=93
num_leaves=31
num_cat=0
split_feature=9 9 9 7 3 8 8 8 3 3 8 3 13 12 7 11 9 3 7 3 7 0 8 9 3 7 0 7 0 9
split_gain=0.947705 3.64326 3.35833 4.60747 3.31321 3.17802 2.63075 6.26617 3.51747 5.39495 4.47369 8.22853 5.46877 4.12327 4.70151 3.47374 2.19376 1.94175 1.57472 3.7308 1.83821 4.3604 3.40868 2.92638 2.90978 2.27055 1.99976 1.99655 4.25546 4.75209
threshold=0.55577164666085799 0.56478107682773715 0.56053121687902319 0.023040587761589005 -0.093052098369456313 -7.2856330940714802 -3.9543573623157089 -4.5137916300236292 -0.52524052240041075 -0.32068331912245268 -0.98218771120786486 0.13247156188737058 1.0000000180025095e-35 -0.065705069029131438 0.017383989906070384 5.5000000000000009 0.48854379205758003 0.01507652992578599 0.059962499895075259 -0.21841429278087418 0.042822809035846683 -0.002006120654745609 -5.9999118345100468 1.0526925322819127 -0.34978554342896001 0.048196211683053797 -0.0086207439321224315 0.03781866878285884 0.0086848952416330952 1.8340482750213709
decision_type=2 2 2 2 2 2 2 2 2 2 2 2 2 2 2 2 2 2 2 2 2 2 2 2 2 2 2 2 2 2
left_child=5 2 3 -2 -4 -1 7 17 13 15 11 -11 -12 -8 16 -10 -15 -7 20 -20 27 23 -23 25 -24 -22 -25 28 -3 -30
right_child=1 18 4 -5 -6 6 8 -9 9 10 12 -13 -14 14 -16 -17 -18 -19 19 -21 21 22 24 26 -26 -27 -28 -29 29 -31
leaf_value=-0.037244137688123229 -0.033891140168373537 -0.00021413434011683253 -0.071113900226067769 0.034483150975103329 -0.012853769331494789 -0.020125438505960054 0.051799486929741671 0.058707739412868866 -0.065630064543794206 -0.02339676724905344 0.018763366645584711 0.015147599142296726 -0.0056507334122238287 0.0069905468654222151 -0.025303243893375155 -0.0086363803414879689 0.052295219015882327 0.019371487755943505 0.024465393478179144 -0.023658897581938367 0.031210102972160161 -0.045194957700894441 -0.013750122548211275 0.020969730408914089 0.0097374378612024165 -0.019899277679905333 0.070769071723685392 -0.0078663588481541324 0.031724884208243979 -0.023661617030689638
leaf_weight=4.752006657421588 5.1492311060428619 2040.1974619850516 4.9736074134707451 4.7245008498430252 4.7910707145929337 6.0848922729492205 7.1741967052221325 7.1855659931898108 4.9004484713077527 36.523128807544708 56.019412949681282 22.301287695765495 38.841637954115868 5.9012408405542391 6.9191907197237006 5.8832205832004547 4.8830360472202301 6.3686184734106064 5.1708043068647411 18.210779204964638 5.1383283436298388 3.680493786931037 17.322928726673126 3.3706037700176239 55.221292726695538 3.7655226513743401 5.0157561004161817 83.186825782060623 19.598806038498882 4.826434686779975
leaf_count=22 21 8378 21 20 20 26 33 30 20 150 240 92 165 25 28 24 20 27 27 80 30 15 77 23 250 20 27 362 80 21
internal_value=4.31385e-06 -0.000293581 -0.0217367 -0.0011746 -0.0425284 0.0031881 0.00410746 0.0215263 0.00230078 -0.000349668 0.0020491 -0.00878397 0.00876681 0.0198232 0.006865 -0.0345362 0.0275041 7.29505e-05 -0.000107637 -0.0130163 2.70261e-05 0.00688937 0.00174723 0.0295588 0.00412881 0.00959546 0.050754 -0.000271758 3.42398e-05 0.0207805
internal_weight=2498.08 2284.34 19.6384 9.87373 9.76468 213.738 208.986 19.6391 189.347 164.469 153.685 58.8244 94.8611 24.8777 17.7035 10.7837 10.7843 12.4535 2264.71 23.3816 2241.32 93.5149 76.2247 17.2902 72.5442 8.90385 8.38636 2147.81 2064.62 24.4252
internal_count=10374 9472 82 41 41 902 880 83 797 691 647 242 405 106 73 44 45 53 9390 107 9283 442 342 100 327 50 50 8841 8479 101
is_linear=0
shrinkage=0.05


Tree=94
num_leaves=28
num_cat=0
split_feature=9 12 9 11 11 9 0 0 2 12 12 8 3 8 7 9 12 8 8 3 12 9 2 0 2 0 7
split_gain=0.934324 1.59883 4.0611 3.48164 2.05858 1.34503 3.39349 2.74184 1.13741 3.1455 2.68689 2.41447 2.13483 10.4522 5.62271 1.88712 3.85951 1.78029 7.84508 4.64081 4.92342 2.74161 1.39829 4.56816 2.43705 0.773268 0.272558
threshold=0.33197407145317887 -0.045269153101722977 0.25360638860852919 3.5000000000000004 16.500000000000004 0.38875348084063305 -0.0017284812162363201 0.0018025380095504048 76.205987280905859 -0.053968253968253978 -0.050598577260032022 4.9513479641625127 -0.12860426499453229 2.661480661544914 0.020991070423876577 0.97213913857563006 -0.071255593577257151 11.03046731492134 9.9230305818041202 0.31737217749065633 -0.116997885439473 1.3562374464936582 39.044357469014983 0.0030042827295598431 41.66666666666665 -5.2493939937283985e-05 0.014705072468463103
decision_type=2 2 2 2 2 2 2 2 2 2 2 2 2 2 2 2 2 2 2 2 2 2 2 2 2 2 2
left_child=1 2 -1 -3 -4 6 -2 26 17 11 -11 -10 14 -14 -12 -13 -17 18 22 20 -19 -22 23 -7 -24 -5 -8
right_child=5 3 4 25 -6 8 7 -9 9 10 12 15 13 -15 -16 16 -18 19 -20 -21 21 -23 24 -25 -26 -27 -28
leaf_value=-0.029714923403523615 0.025095303944151867 -0.005944223694221748 0.040573920061705765 0.02385277287929112 -0.0043884288230112431 0.0012493343645561966 -0.031986883814213149 0.0038482927187180613 0.050788239077175092 -0.038848154116894351 0.061519217471793931 0.038332417794050604 -0.058092289514318746 0.0042242408696733262 -0.011476959189753996 -0.024095658297250022 0.03003228533196782 0.046241228006308387 0.051666459679370863 -0.060382996175924755 0.0053061067447566276 -0.046528625939795211 -0.0080056844879299177 0.043710871621567712 -0.0005607409910074469 0.051080174430691877 -0.048759222980709338
leaf_weight=7.8614390641450909 4.4784501194953945 8.3473006933927554 5.0983778014779073 5.2479023486375809 5.0845126509666443 614.46484185010195 4.816528767347334 5.4732888936996451 5.2680507898330715 4.0727670490741721 5.1245868355035764 5.0544588267803219 7.1578382998704901 112.26747514307499 5.4369120299816132 6.7286791354417836 6.4503341168165154 3.8804031014442453 7.2766404077410689 4.4279386550188056 5.2415984570980072 4.9694844633340836 118.49970117211342 6.4001411646604529 1518.3801446706057 5.1832940727472288 4.8726216405630112
leaf_count=34 19 37 24 23 22 2567 20 23 24 17 23 25 30 470 22 29 27 21 33 20 22 21 486 28 6263 24 20
internal_value=4.39599e-06 0.00791 -0.00271852 0.018123 0.0181234 -0.000113904 -0.013146 -0.0244412 -9.04882e-06 0.00409976 0.00114182 0.0209727 0.00239479 0.000489257 0.0239418 0.0123584 0.00239671 -0.000292551 -0.000166313 -0.015732 -0.00170147 -0.0199206 -0.000333369 0.00168705 -0.00109971 0.0373822 -0.0404216
internal_weight=2497.57 36.8228 18.0443 18.7785 10.1829 2460.74 19.6409 15.1624 2441.1 157.561 134.06 23.5015 129.987 119.425 10.5615 18.2335 13.179 2283.54 2265.02 18.5194 14.0915 10.2111 2257.74 620.865 1636.88 10.4312 9.68915
internal_count=10374 164 80 84 46 10210 82 63 10128 667 562 105 545 500 45 81 56 9461 9377 84 64 43 9344 2595 6749 47 40
is_linear=0
shrinkage=0.05


Tree=95
num_leaves=31
num_cat=0
split_feature=7 12 8 2 11 0 3 2 2 0 12 12 3 3 3 2 8 12 2 12 12 12 12 3 3 3 12 8 12 8
split_gain=0.913725 3.65702 3.27523 4.95706 2.65258 3.29828 3.11201 7.73532 4.73336 3.92664 3.29405 4.99702 4.79649 3.31477 6.71835 1.4745 4.22406 3.18005 4.50214 3.89655 4.88339 4.03441 1.68256 5.80996 8.69346 7.28035 2.22862 5.35142 2.6802 8.58806
threshold=0.011391236061893477 -0.013432925317040855 3.0841780018746445 80.72092290731554 19.500000000000004 -0.0018703884225157034 -0.17758196519867867 40.752535975465911 70.784064420428123 0.00061742286349448139 -0.026189848604014156 -0.027257248993911899 -0.08370722980207923 1.448432739123735 0.67876323045573439 77.500000000000057 3.6133669623341071 -0.064792774483328264 83.333333333333357 -0.025834121420021693 -0.02843458540123801 -0.02392172333516859 -0.019940390961185158 0.11053098190247976 -0.20017353114404332 -0.13659141728193588 -0.022051245188958537 0.77613940298632411 -0.025204511512827911 4.0887368898771914
decision_type=2 2 2 2 2 2 2 2 2 2 2 2 2 2 2 2 2 2 2 2 2 2 2 2 2 2 2 2 2 2
left_child=4 15 -3 -4 5 -1 7 -7 9 -9 11 12 -8 14 -12 22 -17 18 -18 20 -19 -21 26 24 -24 -26 28 -28 -2 -30
right_child=1 2 3 -5 -6 6 10 8 -10 -11 13 -13 -14 -15 -16 16 17 19 -20 21 -22 -23 23 -25 25 -27 27 -29 29 -31
leaf_value=-0.025957175812948097 -0.0001344462002369343 -0.04835436877449914 0.03309086568835528 -0.032260531713623933 0.028673918071115918 -0.054900851784888086 0.051846833553402999 0.0073397899089478538 0.049818409262968537 -0.019820149356726373 0.00023765502284541453 0.060960092512356637 0.0063477271640636004 -0.032698461649323211 0.0545745932679505 0.054788782197256913 0.053511848558191327 -0.0029711437055952631 -0.0062750626590368968 0.053915202728813387 -0.05022411916212921 0.0059093084234295998 -0.04481789233873535 -0.045222249747410181 0.060683623589796371 -0.00091631317304795051 -0.028363869148454651 0.021150763840663261 -0.00076869670995339363 -0.049102670075676105
leaf_weight=10.274189546704291 1969.7447273023427 7.3139412552118328 4.8573553860187513 7.2071877866983414 9.5233637988567335 7.2999893575906745 6.4551031887531272 30.928361639380455 4.3571625947952262 23.358120039105415 102.10014083981514 5.442343369126319 56.420068591833115 6.8107696771621695 6.0243446528911582 4.2034191787242881 7.0792804136872274 43.806627690792084 5.6714165657758713 5.0940053313970557 6.2474475502967826 31.073178723454475 8.6384297013282758 9.2827179133892042 6.1365123540163031 21.967033594846729 6.6852896064519873 29.696683958172798 41.350296422839165 11.81660123169422
leaf_count=43 8158 30 20 30 41 30 27 128 21 99 441 24 238 28 28 19 33 181 26 21 26 127 35 38 25 90 27 122 170 48
internal_value=4.42398e-06 -0.000327934 -0.021954 -0.00594914 0.00275709 0.00180587 0.00295052 -0.00636396 -0.000322061 -0.00434646 0.00630234 0.0149973 0.0110189 0.00113402 0.00326513 -0.000138176 0.00569781 0.00361288 0.0269191 0.000166281 -0.00886897 0.0126707 -0.00042418 -0.00987914 -0.000949842 0.0125343 -0.000212864 0.0120523 -0.000433453 -0.0115112
internal_weight=2496.87 2227.87 19.3785 12.0645 268.994 259.471 249.196 65.9436 58.6436 54.2865 183.253 68.3175 62.8752 114.935 108.124 2208.49 103.175 98.972 12.7507 86.2213 50.0541 36.1672 2105.32 46.0247 36.742 28.1035 2059.29 36.382 2022.91 53.1669
internal_count=10374 9226 80 50 1148 1107 1064 278 248 227 786 289 265 497 469 9146 433 414 59 355 207 148 8713 188 150 115 8525 149 8376 218
is_linear=0
shrinkage=0.05


Tree=96
num_leaves=26
num_cat=0
split_feature=12 12 8 8 3 9 0 9 9 9 7 3 8 8 8 3 3 12 3 7 3 8 8 2 8
split_gain=0.931149 4.58705 2.61723 4.09127 4.61737 3.82012 3.79537 1.00716 3.65344 3.45115 4.19257 3.67654 2.96509 2.26653 5.75947 3.09108 4.20564 3.7883 1.73419 1.42716 3.38587 1.85633 1.74128 1.9718 1.53867
threshold=-0.011038244316389991 -0.011932101552811785 4.766718288884956 3.0187280729924475 -0.15599090885161526 0.80668756778887329 0.0013027916566925428 0.55577164666085799 0.56478107682773715 0.56053121687902319 0.023040587761589005 -0.093052098369456313 -7.2856330940714802 -3.9543573623157089 -4.5137916300236292 -0.52524052240041075 -0.32068331912245268 -0.065705069029131438 0.01507652992578599 0.059962499895075259 -0.21841429278087418 -1.8999611381865436 -10.96993815403548 22.120513894707418 5.3042487195173473
decision_type=2 2 2 2 2 2 2 2 2 2 2 2 2 2 2 2 2 2 2 2 2 2 2 2 2
left_child=1 7 3 4 -2 -6 -7 12 9 10 -9 -11 -1 14 18 17 -17 -15 -14 22 -21 -22 23 -10 -24
right_child=2 -3 -4 -5 5 6 -8 8 19 11 -12 -13 13 15 -16 16 -18 -19 -20 20 21 -23 24 -25 -26
leaf_value=-0.035640660332303967 0.042352225393843389 -0.035864084421129663 -0.024332802193920977 0.045908232836448765 -0.039601317981782763 0.031157216201858285 -0.019041740932122714 -0.032382100497305631 0.04592009234861278 -0.074545044438933686 0.032900179876711268 -0.012446898657566945 -0.019148599548351176 0.049803764794413126 0.056215081206776402 -0.030544652033552645 0.0021354183968967824 0.0065589522043782355 0.018179970221940994 0.023512652711280713 -0.0078219689792412232 -0.039845806643128 -0.00052420709489201401 -0.0048881064968240252 0.0037457468564837237
leaf_weight=4.7682326361536971 6.0534819066524532 8.9425864666700345 5.5538967847824088 7.2978092133998862 6.3585105985403088 7.7010117471218091 7.3677260428667068 5.1424933075904846 4.3601081483066073 4.7454312294721603 4.7137588709592819 4.7889114916324615 6.102032423019411 7.1016732901334789 7.1400717794895163 10.541705802083014 148.91038122028112 17.652138918638229 6.3483784943819046 5.1219567656517055 9.8743227720260656 8.3537817448377574 1951.2540095224977 3.3975990936160088 236.55606245994568
leaf_count=22 29 37 24 34 27 36 34 21 44 20 20 20 26 33 30 43 628 73 27 27 43 37 8020 21 998
internal_value=4.49463e-06 -0.000119264 0.00754005 0.0126299 0.0037925 -0.00710113 0.00661288 1.13731e-05 -0.000298278 -0.0219074 -0.00116081 -0.0433544 0.00333454 0.00424645 0.0204154 0.00252686 -2.51284e-05 0.0189655 -0.00011502 -0.000109442 -0.0124055 -0.0224982 2.13278e-05 0.0236679 -6.25201e-05
internal_weight=2496.15 2455.82 40.3324 34.7785 27.4807 21.4272 15.0687 2446.87 2238.31 19.3906 9.85625 9.53434 208.565 203.796 19.5905 184.206 159.452 24.7538 12.4504 2218.92 23.3501 18.2281 2195.57 7.75771 2187.81
internal_count=10374 10190 184 160 126 97 70 10153 9271 81 41 40 882 860 83 777 671 106 53 9190 107 80 9083 65 9018
is_linear=0
shrinkage=0.05


Tree=97
num_leaves=31
num_cat=0
split_feature=3 12 3 12 9 9 2 8 2 7 8 9 2 11 3 2 2 9 3 0 7 3 0 3 12 0 7 3 9 0
split_gain=0.904418 1.51238 1.20507 5.27295 7.87528 4.24686 3.63983 3.62461 6.06414 3.67302 4.46504 3.43088 2.46108 1.83343 1.80384 2.83414 3.52047 5.20174 6.68759 2.41732 1.23164 8.01873 3.31077 3.13256 1.75664 3.71023 3.158 2.83505 2.68792 2.63657
threshold=16.536060538208265 -0.067944669956264872 1.6750095181845817 -0.042870513568655295 0.97213913857563006 1.1678101495349613 58.139534883720948 -2.8973801815249409 36.363636363636353 0.019380450770710798 -0.17681502534809612 0.67943433696383504 48.29164060871377 13.500000000000002 1.1575055616543206 66.089455272363878 60.294117647058833 1.0079270953360775 1.3257439977986014 -0.0021190597388806706 0.015151515151515161 1.045836565270067 -0.0044877756239138271 -0.54595770544265931 -0.11103176474893568 0.0073999881961986933 0.059962499895075259 -0.0025208633730633896 0.64134485077565884 -0.0051288853384413345
decision_type=2 2 2 2 2 2 2 2 2 2 2 2 2 2 2 2 2 2 2 2 2 2 2 2 2 2 2 2 2 2
left_child=2 -2 14 7 6 -6 12 8 -4 10 -9 -11 -5 -13 20 16 17 18 -16 -19 21 22 -1 -24 25 28 29 -27 -22 -26
right_child=1 -3 3 4 5 -7 -8 9 -10 11 -12 13 -14 -15 15 -17 -18 19 -20 -21 24 -23 23 -25 26 27 -28 -29 -30 -31
leaf_value=0.079050949876781351 0.0046911767243284688 -0.034847099160624458 0.029494653403035361 -0.026189584588631704 0.054689188462863025 -0.0065274753470746143 -0.001585413301809455 0.071543875545767271 -0.039678963972472767 0.040243158659942407 0.013524053932869368 0.014734337805650005 -0.074674066656968047 -0.012100791762074516 -0.024282352761371376 0.026586545178848939 -0.04834936874429787 -0.059758694965080232 0.032115349538520938 -0.016895364310719294 0.011840860958696433 0.067424510353178452 0.011710308641265191 -3.9749939406003949e-05 -0.019869745406566219 0.041642586911786426 -0.039018070679440443 -0.0077047153127795549 -0.00055828935498951793 -0.00091499122269543792
leaf_weight=1.3753673434257496 4.794809103012085 4.8804002553224546 5.6367201209068281 4.865294352173807 4.8445007503032667 6.8238388746976852 5.3369216173887244 6.7059348076581955 7.2350061684846878 8.0871019512414914 6.559612423181532 14.463439449667932 5.6647845357656479 11.367552220821379 9.172685772180559 4.8337034732103339 6.294282153248786 4.7287598252296439 12.311370030045508 10.805532738566397 53.088336043059826 4.6633253097534171 64.49239145219326 470.84367299079895 18.577908962965012 10.277058422565458 5.526519499719142 4.0605021715164176 247.40264280512929 1469.897787772119
leaf_count=6 20 20 23 20 20 28 22 27 30 34 27 59 23 47 38 21 26 20 51 44 238 20 268 1976 76 60 24 21 1097 5988
internal_value=4.56304e-06 -0.0152528 6.39444e-05 0.00582443 -0.0122931 0.0188887 -0.0352237 0.0141313 -0.00938681 0.020547 0.042854 0.0118227 -0.0522724 0.00292489 -0.000146435 -0.00972684 -0.0137794 -0.00790144 0.00803617 -0.0299433 4.98288e-05 0.00214206 0.00157484 0.00137579 -0.000576366 0.00281794 -0.00129164 0.0276671 0.00163229 -0.00115157
internal_weight=2495.62 9.67521 2485.94 87.5907 27.5353 11.6683 15.867 60.0554 12.8717 47.1836 13.2655 33.9181 10.5301 25.831 2398.35 48.1463 43.3126 37.0183 21.4841 15.5343 2350.21 541.375 536.711 535.336 1808.83 314.829 1494 14.3376 300.491 1488.48
internal_count=10374 40 10334 360 113 48 65 247 53 194 54 140 43 106 9974 200 179 153 89 64 9774 2270 2250 2244 7504 1416 6088 81 1335 6064
is_linear=0
shrinkage=0.05


Tree=98
num_leaves=31
num_cat=0
split_feature=11 11 0 9 12 2 12 2 2 9 2 3 7 12 0 2 9 9 9 3 8 12 2 3 7 7 0 12 0 0
split_gain=0.897503 4.36215 6.56324 5.07621 4.33651 3.32462 3.10715 2.98295 4.29784 3.94477 3.05465 3.79386 3.37575 5.83237 3.7895 2.95628 2.64165 6.09451 3.50996 3.85677 2.62573 2.3961 3.9882 2.33524 2.05981 4.29085 4.60145 3.83275 3.4822 3.90725
threshold=15.500000000000002 14.500000000000002 -0.00081702195619442499 0.78199110603968525 -0.055194755903572632 68.483503425136306 -0.12313595794689369 13.802438437474843 16.724941724941718 0.97213913857563006 29.452054794520517 -0.60721213834266108 0.025684039328306114 -0.11989933744703836 -0.0044877756239138271 25.243085056169139 0.93512801136823231 0.86907907299548526 1.0331185550807307 -0.25917571566837688 1.4618883485594723 -0.08244510760123254 45.544554455445571 -0.23934616596559877 0.031680279095547832 0.031261731085181731 -0.0052735313136115436 -0.058204761041443225 0.0086848952416330952 0.0077150417577745668
decision_type=2 2 2 2 2 2 2 2 2 2 2 2 2 2 2 2 2 2 2 2 2 2 2 2 2 2 2 2 2 2
left_child=1 24 3 6 -4 7 -3 -2 9 -9 11 -10 13 -12 -14 -13 17 -5 -18 -20 23 -8 -23 -6 25 26 -1 -27 29 -28
right_child=5 2 4 16 20 -7 21 8 10 -11 12 15 14 -15 -16 -17 18 -19 19 -21 -22 22 -24 -25 -26 27 28 -29 -30 -31
leaf_value=-0.057230157404691021 0.030556462190859147 0.011175886258040011 -0.05086236714706336 -0.0036636323264095869 0.0022366854392180452 0.037645854432002551 -0.058079559039040919 -0.064019679302429577 -0.040873803562534311 -0.0053175036511756224 -0.03913453668607364 0.0038774923814803154 -0.0019631343396445148 -0.0018207520743716201 0.014621520271581333 0.021053795345125095 -0.029698502911927407 0.060727325486084865 0.050909837689967631 -0.00026679394843509211 0.012419411382438537 0.0093416708892726241 -0.049030884183013414 -0.040294059982851807 -0.0034260418977000943 0.049237442761820883 0.0007920181947287402 -0.0061715897291759886 0.033956624335752125 -0.030650992684398744
leaf_weight=3.4294928163290015 8.5919990539550763 5.6250398010015514 13.215867117047308 8.2908575236797315 4.8537262678146353 6.3640417307615271 5.7227904051542327 4.7750949263572675 3.6699234396219245 7.1428878009319305 10.837514877319334 61.677930843085051 69.335357829928398 310.85474269092083 68.445061907172203 42.184888169169426 7.8494539856910697 6.600143924355506 4.4359245151281348 21.645462244749073 6.395955651998519 6.1101756095886195 5.6153750419616699 9.6329399794340151 343.38444662094116 8.5377791821956617 1416.945704780519 4.9191585332155219 7.8542465716600409 9.9495237469673139
leaf_count=14 42 25 57 34 20 29 24 20 15 32 44 267 303 1271 285 177 32 28 18 91 26 25 23 40 1481 35 5822 20 33 41
internal_value=4.46508e-06 -0.000525587 -0.0103821 -0.00181354 -0.0284485 0.00170117 -0.0211395 0.00131181 0.00087778 -0.0288373 0.00150237 0.00908843 -0.00027304 -0.00307782 0.00627561 0.0108538 0.00731998 0.0248764 -0.000384892 0.00843733 -0.0142635 -0.0315574 -0.018613 -0.0260442 5.64268e-05 0.000880205 0.000617251 0.0289828 0.000755524 0.000572771
internal_weight=2494.89 1901.01 105.994 71.8952 34.0985 593.879 23.0734 587.515 578.923 11.918 567.005 107.533 459.473 321.692 137.78 103.863 48.8218 14.891 33.9308 26.0814 20.8826 17.4483 11.7256 14.4867 1795.02 1451.64 1438.18 13.4569 1434.75 1426.9
internal_count=10374 7889 443 300 143 2485 97 2456 2414 52 2362 459 1903 1315 588 444 203 62 141 109 86 72 48 60 7446 5965 5910 55 5896 5863
is_linear=0
shrinkage=0.05


Tree=99
num_leaves=22
num_cat=0
split_feature=0 12 2 8 9 2 0 8 9 8 0 2 3 11 9 0 8 0 9 7 9
split_gain=0.869043 2.10938 1.53485 1.52699 2.55103 3.5466 1.55582 2.08776 1.20419 2.96064 4.95134 3.61963 3.49954 1.8016 1.56857 4.94115 4.82374 3.2545 2.33513 4.72069 3.68878
threshold=0.013454294945522804 -0.073612834298318094 80.103792308104929 13.82166037696882 2.3434593178482097 84.379692192192195 0.010929175309834322 9.3836576177309841 2.5976913601917699 3.7552478471161455 -0.00018422597243552345 79.582503733200653 0.057847268079224537 3.5000000000000004 2.0478343373342396 0.0037144582466739243 7.5704291576742966 0.002120322405683103 1.8029190336478724 0.024710154332003097 1.7157437682208003
decision_type=2 2 2 2 2 2 2 2 2 2 2 2 2 2 2 2 2 2 2 2 2
left_child=3 -2 -3 6 5 -5 8 -8 14 10 -10 13 -12 -11 18 17 -17 -16 20 -20 -1
right_child=1 2 -4 4 -6 -7 7 -9 9 11 12 -13 -14 -15 15 16 -18 -19 19 -21 -22
leaf_value=-2.1131562408220538e-05 0.031781143043493817 -0.022794806876836299 0.016440255550362475 -0.030858134814392424 -0.045507080220801424 0.024903605627494965 -0.00010581474092119373 0.04095175817973512 -0.0097135593811625634 -0.044198255823862553 0.017528049768643052 0.025494507190349642 0.075718331095803754 -0.0020759429863046841 -0.010599477490385261 0.054288271920198486 -0.010041801652681273 -0.048309604866876465 0.019434155686567613 -0.013955608040088852 -0.018360786782501436
leaf_weight=2281.4491246417165 7.2239612415432957 5.120288282632826 4.8571780622005463 5.5810258090496081 4.8977021425962439 5.8306051790714264 7.2095976844429952 5.4268379807472229 6.6490714028477678 5.2947500944137555 5.3588563650846481 5.7993338555097571 4.9893423020839691 4.8763810098171234 33.862703457474709 5.4476080387830716 6.2656905502080917 6.8847353458404532 38.844116672873497 14.55111889541149 27.751796647906303
leaf_count=9466 39 21 20 26 23 24 35 26 29 22 22 24 21 20 140 23 26 28 161 63 115
internal_value=4.21538e-06 0.0112039 -0.0036946 -7.35613e-05 -0.0153223 -0.00236749 2.7508e-05 0.0175268 -6.28212e-05 0.00942856 0.0239526 -0.0060293 0.0455843 -0.0240034 -0.000192387 -0.00874375 0.0198768 -0.016971 -2.50678e-06 0.0103349 -0.000241536
internal_weight=2494.17 17.2014 9.97747 2476.97 16.3093 11.4116 2460.66 12.6364 2448.02 32.9677 16.9973 15.9705 10.3482 10.1711 2415.06 52.4607 11.7133 40.7474 2362.6 53.3952 2309.2
internal_count=10374 80 41 10294 73 50 10221 61 10160 138 72 66 43 42 10022 217 49 168 9805 224 9581
is_linear=0
shrinkage=0.05


Tree=100
num_leaves=22
num_cat=0
split_feature=0 7 2 7 12 3 11 3 9 7 12 8 8 12 12 12 0 0 12 7 3
split_gain=0.845821 1.16615 1.15825 0.941674 5.57056 4.23308 4.73227 3.35843 1.31183 1.23581 3.79118 4.89366 4.90723 4.07682 7.90251 5.95396 4.02948 3.49808 3.37335 4.97487 2.90381
threshold=-0.010433720819822781 0.070725601258957785 26.730391933202522 0.043580589018418193 -0.23717589734544492 1.5528149618165379 10.500000000000002 0.35052572207851612 0.71609446064934834 0.031680279095547832 -0.11552386912211697 -0.70316659246234015 0.16265698496725511 -0.088955555955358007 -0.091932981769753466 -0.073106078874103905 -0.0054279090843211185 0.0090236510881207144 -0.15085332633501983 0.029047335937942374 -0.23934616596559877
decision_type=2 2 2 2 2 2 2 2 2 2 2 2 2 2 2 2 2 2 2 2 2
left_child=2 3 -1 9 -5 6 7 -6 -8 17 11 16 -13 14 -12 -15 -11 18 20 -20 -2
right_child=1 -3 -4 4 5 -7 8 -9 -10 10 13 12 -14 15 -16 -17 -18 -19 19 -21 -22
leaf_value=-0.0043172245585270759 0.016053730118427915 -0.020287115955906838 0.036329335803490279 -0.074946097470938472 0.0036337186761382619 0.055728822972751474 -0.00046120793901814508 -0.025117072271098159 0.037120089945029959 0.011296957502030041 -0.011384005452723266 0.064448052814516724 0.012075397046986243 0.013081023618706614 -0.06745073277955739 -0.009132109279232933 -0.012015558879003322 0.040460833740931706 -0.00025874535848847312 0.010370564068746367 -0.029228303558888332
leaf_weight=3.2937950678169718 4.4877073466777828 7.0947705060243598 3.74582140147686 2.1541257947683325 72.309913150966167 4.1560700833797446 2.8657594695687285 11.817192196846007 12.239315535873173 32.079283464699984 47.882284760475159 5.4915232807397869 24.107281468808651 42.151802733540535 7.2344054728746405 106.09537503123283 43.903970055282116 5.3941371142864218 1921.7087932527065 116.76970800757408 16.772715196013451
leaf_count=22 19 34 19 10 333 19 17 51 69 152 199 24 113 172 30 436 186 23 7895 477 74
internal_value=4.08319e-06 -4.49109e-05 0.017311 1.30067e-05 0.00463428 0.00629236 0.00422185 -0.000404856 0.0299901 -0.000192437 -0.00314182 0.00454519 0.0217922 -0.00713275 -0.0187431 -0.00281615 -0.00217327 0.000248794 0.000143485 0.000350131 -0.01967
internal_weight=2493.76 2486.72 7.03962 2479.62 105.542 103.388 99.2322 84.1271 15.1051 2374.08 308.946 105.582 29.5988 203.364 55.1167 148.247 75.9833 2065.13 2059.74 2038.48 21.2604
internal_count=10374 10333 41 10299 499 489 470 384 86 9800 1312 475 137 837 229 608 338 8488 8465 8372 93
is_linear=0
shrinkage=0.05


Tree=101
num_leaves=31
num_cat=0
split_feature=3 3 9 9 11 2 12 11 2 2 9 11 0 0 0 0 7 0 0 9 12 3 7 9 0 7 9 0 8 2
split_gain=0.836478 1.79828 3.38457 4.85321 4.04487 3.22815 2.63553 2.18807 2.08662 4.49468 2.74277 2.12922 2.07563 2.1025 1.94113 7.48119 8.91637 5.53718 3.80468 14.0265 3.55087 1.55208 3.8384 3.74585 6.99584 3.78509 3.55032 6.74619 6.62614 4.66765
threshold=-0.065977175474899535 -0.087437073614694619 0.99162369740635958 1.0611665834306814 14.500000000000002 30.711473565804308 -0.031517150374365498 13.500000000000002 23.241339931480763 23.760245901639362 0.7428346177773234 17.500000000000004 -2.1427444959052602e-05 -0.0013036843651747728 0.00028058686444212903 -0.00081702195619442499 0.023998870694522886 -0.0011269966913187051 0.00081328127198765008 0.7974468253119612 -0.014618256440686359 0.062443478198833065 0.0042516847646405995 1.5700082881422601 0.0086848952416330952 0.0042516847646405995 2.1108253813986901 0.0013740975602599564 1.4618883485594723 75.900974025974008
decision_type=2 2 2 2 2 2 2 2 2 2 2 2 2 2 2 2 2 2 2 2 2 2 2 2 2 2 2 2 2 2
left_child=1 8 4 -4 12 -6 7 -5 10 -10 -1 -12 13 -3 15 17 -17 -11 19 -16 -20 23 -23 24 25 -2 28 -28 -25 -30
right_child=21 2 3 6 5 -7 -8 -9 9 14 11 -13 -14 -15 18 16 -18 -19 20 -21 -22 22 -24 26 -26 -27 27 -29 29 -31
leaf_value=-0.0076474322094205426 -0.072351206620242289 0.0042394958933678287 -0.064643228577167297 -0.03819192249589063 0.0048057401386293998 -0.045652244721443254 0.017162404706576918 0.00071050424598953835 -0.095998448422314586 -0.0013291405963697894 0.0098970508141337423 0.052154118170245123 -0.00061827578771166689 0.046766347480969139 -0.023268168961296 -0.0067928662550592453 -0.040162102955199258 0.019837839122245186 0.00084873393253624772 0.029478552086162881 -0.021413232083446636 0.050961031347177457 -0.00048837689317014321 0.0077460271711596584 0.044265163850064244 0.0039239702437771475 -0.036802489130543625 0.036115860552661493 -0.063671559989060919 -0.011671440590305993
leaf_weight=7.7116622552275684 1.6332101374864567 5.6010579019784927 5.5279731601476696 9.1507612615823763 5.6119802892208082 7.2840869426727295 5.6632972657680485 5.9743064641952524 1.2402830868959416 299.98310028761625 6.0802298933267576 5.8483026027679443 18.583938628435135 6.0410031825304049 18.149118468165398 99.57405823469162 25.056025013327599 34.444165602326393 377.31575286388397 41.249538868665695 18.804873406887054 3.6379362642765036 1033.639738958329 12.208720929920675 10.8715448603034 394.90268072485924 4.9242061227560034 8.9137461930513364 9.5947654545307177 7.843128263950347
leaf_count=33 7 23 23 38 23 30 23 25 5 1245 25 25 77 25 74 407 103 141 1563 170 83 17 4310 52 49 1648 20 37 40 33
internal_value=4.07284e-06 -0.00111047 -0.00887383 -0.0230044 -0.00025031 -0.0236944 -0.0119319 -0.0228257 -0.000534199 -0.000880018 0.0155912 0.0306148 0.00975224 0.0263065 -0.000751025 -0.00304563 -0.0135015 0.000850942 0.0015614 0.0133619 -0.000208099 0.000756674 -0.000307934 0.0032058 0.00469469 0.00360982 -0.0107436 0.010168 -0.0205044 -0.0402832
internal_weight=2493.07 1004.9 69.4384 26.3163 43.1221 12.8961 20.7884 15.1251 935.457 915.817 19.6402 11.9285 30.226 11.6421 914.577 459.057 124.63 334.427 455.519 59.3987 396.121 1488.17 1037.28 450.892 407.407 396.536 43.4846 13.838 29.6466 17.4379
internal_count=10374 4161 287 109 178 53 86 63 3874 3791 83 50 125 48 3786 1896 510 1386 1890 244 1646 6213 4327 1886 1704 1655 182 57 125 73
is_linear=0
shrinkage=0.05


Tree=102
num_leaves=23
num_cat=0
split_feature=12 12 8 8 3 9 2 3 9 12 9 3 12 12 12 3 3 8 7 2 9 12
split_gain=0.855743 4.11447 2.47723 3.75641 4.32171 3.47244 3.45003 4.90958 0.965963 4.28751 3.32171 3.22095 3.43164 7.17659 5.13104 3.07451 4.28317 3.62068 2.62019 1.85123 4.24709 3.59058
threshold=-0.011038244316389991 -0.011932101552811785 4.766718288884956 3.0187280729924475 -0.15599090885161526 0.7455282001098722 72.164948453608289 0.046680017718267471 0.66730894313150024 -0.18388396197634374 0.68784673126947127 -13.999972528268371 -0.018257219127580989 -0.022051245188958537 -0.015527950310558999 0.44083510106106183 0.22697502815618806 -4.5137916300236292 0.070725601258957785 77.500000000000057 0.7755787418806428 -0.017045454545454513
decision_type=2 2 2 2 2 2 2 2 2 2 2 2 2 2 2 2 2 2 2 2 2 2
left_child=1 8 3 4 -2 -6 7 -7 9 -1 15 -11 13 -13 -14 16 17 -10 19 21 -21 -12
right_child=2 -3 -4 -5 5 6 -8 -9 10 11 18 12 14 -15 -16 -17 -18 -19 -20 20 -22 -23
leaf_value=0.043581184324268329 0.041327734469339156 -0.03395076830959156 -0.023772722026413215 0.044341281440741731 -0.041846980050875837 -0.0098875940601458132 -0.024509318390034226 0.060667654141785744 0.029091375650273751 -0.05834263775712191 -3.0092547328404695e-05 0.0022579326085793586 0.05620601861442584 -0.031421479476836531 0.0029521792799804096 0.020743364533530387 -0.05944090174441094 -0.017772051176517849 -0.033810821768125131 0.049920632910828523 0.0040889818983344791 -0.013521393999765896
leaf_weight=6.1570939049124709 5.9832121729850796 8.9516643434762937 5.5460936725139609 7.2064301371574393 5.2994866818189648 5.2719033658504504 6.175060659646987 4.6319257467985153 4.7076625898480406 2.2325366437435141 1799.8198053278029 387.07454621046782 7.1121517568826702 16.491066798567772 12.425554379820822 5.8430172502994528 5.4261840283870688 33.105398029088974 5.7573848515748969 5.3202964141964904 101.27911943942308 50.706464007496834
leaf_count=36 29 37 24 34 22 23 28 24 20 9 7453 1612 30 69 52 24 22 138 27 24 426 211
internal_value=3.88723e-06 -0.000114601 0.00724774 0.0122247 0.00376587 -0.00674665 0.00482217 0.0231104 9.35891e-06 0.00215606 -0.00045103 0.0015564 0.00187246 0.000881677 0.0223377 -0.0132987 -0.0178989 -0.0119376 -0.00012977 -3.0689e-05 0.00637641 -0.000399769
internal_weight=2492.52 2452.41 40.1141 34.568 27.3616 21.3784 16.0789 9.90383 2443.46 431.493 2011.97 425.336 423.103 403.566 19.5377 49.0823 43.2392 37.8131 1962.88 1957.13 106.599 1850.53
internal_count=10374 10190 184 160 126 97 75 47 10153 1808 8345 1772 1763 1681 82 204 180 158 8141 8114 450 7664
is_linear=0
shrinkage=0.05


Tree=103
num_leaves=29
num_cat=0
split_feature=9 11 11 7 2 11 9 0 0 11 0 8 2 0 8 8 11 3 0 9 7 8 7 3 9 3 7 7
split_gain=0.841325 1.58476 2.83558 4.27039 1.87037 1.31094 1.25621 2.9388 2.49191 1.03241 6.1 3.79794 3.57175 5.30152 3.17756 3.03344 3.00657 5.92721 8.37289 4.60231 2.96848 5.28242 2.35809 2.30397 1.65626 1.61636 0.604584 0.250443
threshold=0.33197407145317887 17.500000000000004 10.500000000000002 0.020520748428698197 59.114085816078891 14.500000000000002 0.38875348084063305 -0.0017284812162363201 0.0018025380095504048 7.5000000000000009 -0.0028223932769870503 -6.1744155501228226 39.044357469014983 0.0022940868228913652 11.03046731492134 9.3836576177309841 15.500000000000002 -2.5587403353781735 -0.00081702195619442499 2.0478343373342396 0.03523219457828914 -8.504160240682948 0.052398495887159439 0.27562528754568266 1.3372032047073457 0.28747679590709213 0.036415904311185736 0.014705072468463103
decision_type=2 2 2 2 2 2 2 2 2 2 2 2 2 2 2 2 2 2 2 2 2 2 2 2 2 2 2 2
left_child=1 2 3 4 -1 -4 7 -2 27 10 -8 25 13 -13 -14 16 17 18 -11 -19 21 -18 -22 24 -17 -12 -26 -9
right_child=6 -3 5 -5 -6 -7 9 8 -10 15 11 12 14 -15 -16 23 20 19 -20 -21 22 -23 -24 -25 26 -27 -28 -29
leaf_value=-0.0012047054294329373 0.023014115662877855 -0.015166435183255056 0.050467916890907273 -0.039294720181323899 0.035432091502644057 0.016069226107628197 0.069407813292842901 -0.030462032794934698 0.0037125110725122496 0.076206553290394288 -0.047960964426833619 0.0075156025308532083 0.0011256019054028358 0.052519689877010681 -0.013074765008406734 0.053407654661786708 -0.034130345409630357 -0.0030728766800918752 0.0022804808385389042 -0.024988575325121918 0.01746388714787947 0.0012709043138103345 -0.022843732863453304 -0.011577672352636625 0.029216747117333332 -0.010112942795545934 0.003793177173435882 -0.046584931850214124
leaf_weight=8.0802904814481789 4.4423569589853313 6.3585204184055319 5.2709322795271856 4.960977464914321 6.1237319260835639 5.836847186088562 3.2675577998161307 4.8014767616987211 5.4671287238597861 5.5735995471477535 5.2964434921741468 61.015726879239082 900.99286140501499 7.3300340622663489 41.195627614855766 4.6986435800790813 10.753870785236357 770.01584433764219 12.244942769408224 24.724697202444077 41.162885848432779 523.63707722723484 3.979257993400096 4.6010710000991812 4.8793350756168348 6.0354825630784035 4.4904981553554535 4.832990899682045
leaf_count=35 19 27 26 21 29 26 14 20 23 23 22 248 3740 32 179 25 49 3181 50 101 209 2148 21 20 20 26 20 20
internal_value=4.00037e-06 0.0075256 0.0122919 0.000641901 0.0145904 0.0323923 -0.00010821 -0.012734 -0.0232499 -6.90905e-06 0.00120064 0.000982534 0.00130533 0.0123423 0.000504714 -0.000884375 -0.00115287 -0.00311526 0.0254044 -0.00375468 0.00159857 0.000558504 0.0139108 0.0191363 0.0291812 -0.0278028 0.0170325 -0.0385499
internal_weight=2492.07 36.6313 30.2728 19.165 14.204 11.1078 2455.44 19.544 15.1016 2435.9 1025.13 1021.87 1010.53 68.3458 942.188 1410.76 1392.09 812.559 17.8185 794.741 579.533 534.391 45.1421 18.6695 14.0685 11.3319 9.36983 9.63447
internal_count=10374 164 137 85 64 52 10210 82 63 10128 4261 4247 4199 280 3919 5867 5782 3355 73 3282 2427 2197 230 85 65 48 40 40
is_linear=0
shrinkage=0.05


Tree=104
num_leaves=31
num_cat=0
split_feature=7 12 7 11 0 3 12 2 9 0 12 12 3 3 3 12 12 3 0 12 12 0 9 8 12 0 12 7 12 8
split_gain=0.824579 3.25042 2.7284 2.41252 2.94571 3.07741 7.26025 5.10725 4.36323 3.18475 2.87194 4.59784 4.34473 2.91716 5.97537 1.88211 1.7966 1.39858 1.35627 1.32093 6.85013 9.44405 7.24122 6.87762 6.74527 6.33052 6.14776 4.65622 4.47158 4.24495
threshold=0.011391236061893477 -0.013432925317040855 0.012420129221103722 19.500000000000004 -0.0018703884225157034 -0.17758196519867867 -0.018662773793370776 41.39609248717408 0.80091114784164097 0.00061742286349448139 -0.026189848604014156 -0.027257248993911899 -0.08370722980207923 1.448432739123735 0.67876323045573439 -0.011038244316389991 -0.011038244316389991 -0.026257765677830915 -0.0019693437906768488 -0.027257248993911899 -0.025204511512827911 0.0027078371026616941 0.80091114784164097 -0.29169350109431769 -0.02843458540123801 0.0016893362173579453 -0.024549272609793869 0.025237896248918566 -0.027876131150828536 0.60573453315025405
decision_type=2 2 2 2 2 2 2 2 2 2 2 2 2 2 2 2 2 2 2 2 2 2 2 2 2 2 2 2 2 2
left_child=3 19 -3 4 17 6 7 -6 -9 -8 11 12 -7 14 -12 -11 -4 -1 -5 24 21 -21 -23 -22 -2 28 -25 -24 -26 -28
right_child=1 2 16 18 5 10 9 8 -10 15 13 -13 -14 -15 -16 -17 -18 -19 -20 20 23 22 27 26 25 -27 29 -29 -30 -31
leaf_value=-0.0063819483604439916 -0.00019203110590726769 -0.051361520714690682 -0.031918221271327034 0.046654820583023678 -0.057318043023603486 0.049540448948359239 0.039632565955990191 0.011777113117691033 -0.024048095525519599 -0.012870617144808298 0.00048807460055837128 0.058839421962789275 0.0060517854423320387 -0.030516933051284528 0.052450998885932701 0.026891958664806554 0.0050413746020131558 -0.043253607220830291 0.0087951449973028319 0.045100320732454409 -0.059736288806097673 -0.048172679841487674 0.027506535533821094 -0.036639141133821794 0.035120538939497646 -0.045150882438822974 0.027469560417374406 -0.017757987574667369 -0.025501585102529947 6.7978286136773989e-05
leaf_weight=5.2345545738935471 1952.1791612841189 5.2903641909360912 5.3417889177799234 4.6555506139993668 7.043094038963317 6.3951629698276511 9.0533175468444842 13.479212701320646 23.003350481390953 8.4977856427431089 101.95143015682697 5.3343032300472251 56.331619992852211 6.7748399823904029 5.8499039858579627 4.5799729377031317 8.5521873086690867 5.0558275580406171 4.8091185986995679 21.148949891328812 4.9055535197257987 5.8604218661785117 18.070713728666309 10.523489862680433 5.6459190398454666 16.251710787415504 15.734895959496496 8.2867978066205961 6.5950952619314211 138.90950511395931
leaf_count=22 8112 22 22 21 29 27 38 56 96 36 441 24 238 28 28 23 36 21 20 87 20 24 74 43 23 67 64 34 27 571
internal_value=4.06623e-06 -0.000311781 -0.0208038 0.00262382 0.00171631 0.00280273 -0.00648125 -0.0183372 -0.0108118 0.016836 0.00614025 0.0142753 0.0104856 0.00130783 0.00330787 0.00105467 -0.00916841 -0.0244976 0.0274178 -0.000133421 0.00351092 0.0191395 0.00209801 -0.00139315 -0.00054454 -0.0246967 0.000339666 0.0132754 0.00245914 0.00285606
internal_weight=2491.35 2223.3 19.1843 268.049 258.584 248.294 65.6567 43.5257 36.4826 22.1311 182.637 68.0611 62.7268 114.576 107.801 13.0778 13.894 10.2904 9.46467 2204.11 223.44 53.3669 32.2179 170.073 1980.67 28.4927 165.168 26.3575 12.241 154.644
internal_count=10374 9226 80 1148 1107 1064 278 181 152 97 786 289 265 497 469 59 58 43 41 9146 917 219 132 698 8229 117 678 108 50 635
is_linear=0
shrinkage=0.05


Tree=105
num_leaves=31
num_cat=0
split_feature=8 8 0 9 7 7 9 7 12 12 0 3 8 0 0 7 0 9 3 8 12 7 9 7 7 12 3 8 0 12
split_gain=0.824611 3.52474 3.84486 3.071 2.85701 3.81205 2.96092 2.78241 3.26081 3.23064 3.31609 5.95844 4.24592 4.22025 5.18297 1.67459 1.44709 4.82198 4.27647 4.26118 3.60085 4.79166 3.31256 3.17902 5.03842 2.99779 4.08104 4.03175 7.49627 3.48195
threshold=-5.3612248602104344 -4.809614867320593 -0.003418241972059755 0.93512801136823231 0.019179839298795454 0.03146649298250271 0.94735197796013837 0.018117094205347649 -0.090539853179731053 -0.10237965143040699 -0.0040789619065891795 0.53517875619113953 -7.0528123371760794 -0.0044877756239138271 -0.0048401827259105983 0.024932902725803178 -0.0048401827259105983 0.96587438112592261 -0.54595770544265931 -2.3999131932711215 -0.16389465191332406 0.03020044333016424 0.61399110112556199 0.034970983827660014 0.023237312410053678 -0.1285639018515731 0.76446028481745254 -2.0348494794486673 0.0011115702852605811 -0.13922623118424418
decision_type=2 2 2 2 2 2 2 2 2 2 2 2 2 2 2 2 2 2 2 2 2 2 2 2 2 2 2 2 2 2
left_child=7 2 3 -2 -4 6 -6 -1 9 10 13 12 -12 14 -9 -11 17 19 -19 23 -20 -22 -21 24 -3 26 27 29 -29 -18
right_child=1 16 4 -5 5 -7 -8 8 -10 15 11 -13 -14 -15 -16 -17 25 18 20 22 21 -23 -24 -25 -26 -27 -28 28 -30 -31
leaf_value=0.034743172430873763 -0.013599920292845888 0.02161214286142793 0.032804985630823284 -0.055503110456463035 -0.0054285401604303807 0.025205843148912822 -0.056397307992428251 0.0086484691184774472 -0.037213325185727043 0.0099171780855186811 -0.030548529546255823 0.035719080242022055 -0.00062663776433113895 0.043363549287207676 -0.028886321980904586 0.04624547387080568 -0.020729783672777034 0.050929644077771966 -0.032853661679284517 -0.0021935873200111893 -0.011006700627236386 0.040202716444610653 -0.052099001966560636 0.028738295924313612 -0.031296755404700366 -7.9743534113157509e-05 -0.023573530386272357 0.045893682179547625 0.0017687413914740326 0.022422300290453955
leaf_weight=6.7861863672733298 9.7557390481233615 6.6419112384319368 4.8576887398958233 7.9238997846841803 6.9268750697374362 5.1436814069747916 4.8407027721405029 72.209784921258688 5.1174586713314048 6.5466977655887586 22.462385594844818 6.6662902534008017 25.108259648084641 7.3656336218118659 10.539474464952944 6.1541956812143326 11.564318135380747 4.9421090260148075 6.2439995110034969 4.653938531875613 10.620778039097788 8.0154643058776838 11.645695939660071 5.441788285970687 13.950633272528647 2144.5716471746564 7.6423337757587424 19.997186623513699 18.557967618107796 7.8466974645853034
leaf_count=30 40 27 20 34 28 22 20 341 21 27 100 28 105 32 45 25 49 23 30 21 43 33 50 27 57 8832 34 98 100 32
internal_value=4.14953e-06 -0.000241269 -0.0150595 -0.0323807 -0.000992156 -0.0107002 -0.026395 0.00337666 0.0020641 0.00334393 0.00121678 -0.00855161 -0.0147555 0.00709602 0.0038678 0.02752 1.48545e-05 -0.00695308 0.00844686 -0.0178016 8.25824e-06 0.0110185 -0.0378498 -0.00524983 -0.0142315 0.000242338 0.0107704 0.0152983 0.0246548 -0.00328601
internal_weight=2490.74 2321.79 39.4486 17.6796 21.7689 16.9113 11.7676 168.956 162.17 157.053 144.352 54.2369 47.5706 90.1149 82.7493 12.7009 2282.34 72.1563 29.8224 42.334 24.8802 18.6362 16.2996 26.0343 20.5925 2210.18 65.6085 57.9662 38.5552 19.411
internal_count=10374 9620 164 74 90 70 48 754 724 703 651 233 205 418 386 52 9456 311 129 182 106 76 71 111 84 9145 313 279 198 81
is_linear=0
shrinkage=0.05


Tree=106
num_leaves=26
num_cat=0
split_feature=8 3 2 3 3 8 12 8 7 3 2 2 2 3 9 2 9 7 9 7 3 0 2 9 11
split_gain=0.831553 2.23411 2.53306 0.96471 1.08883 5.14573 6.15038 5.9839 4.98659 4.4592 4.88239 3.47552 5.2399 1.64726 2.63683 4.70613 6.48757 1.6542 1.55945 1.1314 7.1978 2.84626 1.40016 8.92931 1.47819
threshold=-10.96993815403548 0.21496895787844786 22.120513894707418 16.536060538208265 1.6750095181845817 1.3579165908922015 -0.041208791208791291 2.005897088943033 0.013806643941072628 2.1243946271890457 51.392768466790812 60.644058683462653 67.209796243445993 1.1575055616543206 0.7455282001098722 65.207814594905201 1.0079270953360775 0.018437288492998801 0.88038076206800608 0.015151515151515161 1.045836565270067 -0.0023143383076426874 88.380316518298756 1.4888696431748263 12.500000000000002
decision_type=2 2 2 2 2 2 2 2 2 2 2 2 2 2 2 2 2 2 2 2 2 2 2 2 2
left_child=1 2 -1 4 13 6 9 -7 18 -6 -11 -9 -13 19 17 16 -16 -15 -8 20 21 -2 24 -24 -21
right_child=3 -3 -4 -5 5 7 8 11 -10 10 -12 12 -14 14 15 -17 -18 -19 -20 22 -22 -23 23 -25 -26
leaf_value=0.031022052357081484 0.014953343774790779 0.048407332996311198 -0.025172230063470559 -0.015974662382600025 0.038911902508106444 0.061905530596880233 -0.027569245269387435 0.032261727680963061 -0.065777260376419427 0.0087649885935335795 -0.036510632985106019 -0.044696516865391805 0.026443907419974089 -0.0094503811708565519 0.013166571745854106 0.043095019029494822 -0.031396504806764168 -0.049384078584028469 0.011443085090126419 -0.0018419782368899115 0.064397727516999445 0.00047846593675616371 0.065123628863662242 -0.020613039085289525 0.0011350507958480353
leaf_weight=3.570630230009554 36.441012069582939 3.2661833651363841 4.5747685730457306 9.4832473546266538 8.8018350601196271 7.4358412474393871 5.0988139659166354 8.7435685098171252 5.8664840161800376 28.10679629445076 7.5550135225057593 5.3903802186250669 4.9794741570949554 4.6910463869571668 15.745142966508864 4.794327273964881 16.969358563423157 5.7991299629211426 5.147724837064743 1115.8102056533098 4.5821036398410788 499.09861677885056 5.3143684566020948 7.0862497091293335 665.75772444158792
leaf_count=33 154 27 24 39 37 31 21 36 24 115 31 22 21 20 65 21 70 24 21 4596 20 2096 22 31 2773
internal_value=4.19833e-06 0.0134704 -0.000538813 -5.77981e-05 3.33208e-06 0.00549338 -0.00255102 0.023848 -0.0290166 0.00703976 -0.000826727 0.00904224 -0.0105358 -0.000197469 -0.00936632 -0.00316878 -0.00994877 -0.0315263 -0.00796997 -8.91728e-06 0.00199732 0.00146341 -0.000612947 0.01613 -0.000729486
internal_weight=2490.11 11.4116 8.1454 2478.7 2469.22 87.1259 60.5767 26.5493 16.113 44.4636 35.6618 19.1134 10.3699 2382.09 47.999 37.5088 32.7145 10.4902 10.2465 2334.09 540.122 535.54 1793.97 12.4006 1781.57
internal_count=10374 84 57 10290 10251 359 249 110 66 183 146 79 43 9892 200 156 135 44 42 9692 2270 2250 7422 53 7369
is_linear=0
shrinkage=0.05


Tree=107
num_leaves=31
num_cat=0
split_feature=2 2 0 8 0 7 8 8 12 12 3 7 2 12 0 12 0 0 7 8 8 8 7 0 9 7 12 0 8 7
split_gain=0.834739 6.89773 5.22449 6.52195 6.56384 11.0279 4.65778 3.73859 3.66747 7.94163 3.45431 3.08058 5.69652 3.56583 4.83768 3.66956 3.33199 2.86296 2.66791 8.00486 2.62614 3.13236 5.36259 3.66064 2.62372 2.60657 3.11174 4.90201 2.75655 2.53327
threshold=50.363204643391079 48.693375825176425 -0.0055826769612982571 -0.6012450591599886 0.0040835579868553368 0.03523219457828914 -1.8602084158014363 1.5334381079822728 -0.036422530189342044 -0.050598577260032022 -1.0769524651140319 0.0054264148615145507 36.363636363636353 -0.025204511512827911 0.00061742286349448139 -0.026910993955682975 0.00016453389574913903 -0.0010968340205181886 0.056371742635609276 3.6940282427469238 -0.50359168543398003 0.55424389503079052 0.030583174850529523 -0.0025346845843529152 1.3372032047073457 0.008199848637424104 -0.050353467226218966 0.00052020052081453935 -1.0253359924049952 0.0070442841646802768
decision_type=2 2 2 2 2 2 2 2 2 2 2 2 2 2 2 2 2 2 2 2 2 2 2 2 2 2 2 2 2 2
left_child=1 7 -2 4 5 8 17 11 9 -4 -8 12 -1 15 16 29 -15 -3 20 -20 -5 22 -22 -23 -21 -12 28 -28 -27 -13
right_child=2 6 3 18 -6 -7 10 -9 -10 -11 25 13 -14 14 -16 -17 -18 -19 19 24 21 23 -24 -25 -26 26 27 -29 -30 -31
leaf_value=-0.0163483573246141 -0.046729603990031558 0.044885795997663777 0.027510294956387349 -0.025740616793630461 0.070637994438046511 -0.045421488763708245 -0.060717453084003774 0.025769118002285138 0.056519389663672287 -0.020119235055974329 -0.048799809929052862 0.027257392666247222 0.052662639634655395 -0.020897437579154566 -0.053649764484284407 0.035337743290330702 0.025222115632346886 -0.0081049042873689147 -0.083448198472912308 0.018019992613785781 0.0046108734376966477 -0.019473187761292868 0.03860657161374835 0.00022212947699596069 -0.029822558554451897 -0.052547931382384318 0.018657551337804969 -0.022660824919413056 -0.016644873846526242 -0.00052967225783793624
leaf_weight=5.0432396382093412 5.7348715662956229 4.8512846678495407 33.813552096486092 9.4231732189655286 5.1726778224110594 7.3469636142253867 4.6396788805723181 14.012356072664259 6.0809984654188147 11.80800026655197 5.6363692581653586 8.2670020014047605 7.3458872139453888 11.356430664658552 7.2430628538131705 7.2679765224456778 5.977682262659072 5.3707984983921033 3.7929386347532263 7.5095760449767095 144.09896569699049 24.154806084930897 12.615835070610045 1013.2235581055284 4.6340646594762802 6.5166132301092103 15.030772596597673 13.740703031420706 29.765439927577976 1048.0651689991355
leaf_count=21 25 20 137 39 23 31 19 60 25 48 23 35 31 47 30 31 25 22 17 40 595 104 53 4226 20 27 62 56 124 4358
internal_value=4.13605e-06 -0.000944866 0.000887428 0.00110016 0.0166302 0.0118991 -0.0146269 0.000105324 0.0200444 0.0151826 -0.0189245 -0.000221426 0.0245703 -0.000503686 -0.0193325 -6.85974e-05 -0.00499307 0.0170439 0.000282276 -0.0200414 0.000551396 0.000758879 0.00734759 -0.000236466 -0.000236927 -0.0161815 -0.0133554 -0.00107531 -0.0230934 -0.000312207
internal_weight=2489.54 1200.13 1289.41 1283.68 64.2222 59.0495 85.5517 1114.58 51.7026 45.6216 75.3296 1100.57 12.3891 1088.18 24.5772 1063.6 17.3341 10.2221 1219.45 15.9366 1203.52 1194.09 156.715 1037.38 12.1436 70.6899 65.0535 28.7715 36.2821 1056.33
internal_count=10374 4991 5383 5358 264 241 353 4638 210 185 311 4578 52 4526 102 4424 72 42 5094 77 5017 4978 648 4330 60 292 269 118 151 4393
is_linear=0
shrinkage=0.05


Tree=108
num_leaves=22
num_cat=0
split_feature=0 12 9 8 12 3 0 12 9 8 0 8 3 0 9 0 8 0 9 8 9
split_gain=0.805239 2.04831 1.97486 1.36949 2.32368 3.64351 1.41425 2.091 1.16394 2.71423 4.52568 3.44604 3.21776 2.45531 1.30075 4.2577 5.46429 3.46621 2.1712 4.61244 3.29398
threshold=0.013454294945522804 -0.062212912410127039 1.3372032047073457 13.82166037696882 -0.044766576325533429 0.22697502815618806 0.010929175309834322 -0.073106078874103905 2.5976913601917699 3.7552478471161455 -0.00018422597243552345 5.6745518684716272 0.057847268079224537 0.0047477496608105034 2.0478343373342396 0.0036510633966489554 7.5704291576742966 0.002120322405683103 1.8029190336478724 -5.3612248602104344 1.7157437682208003
decision_type=2 2 2 2 2 2 2 2 2 2 2 2 2 2 2 2 2 2 2 2 2
left_child=3 2 -2 6 -5 -6 8 -8 14 10 -10 -11 -12 -13 18 17 -17 -16 20 -20 -1
right_child=1 -3 -4 4 5 -7 7 -9 9 11 12 13 -14 -15 15 16 -18 -19 19 -21 -22
leaf_value=-3.7985247588118149e-05 0.050128843781425125 -0.0070100585963213877 0.0026949531032960921 -0.037341314287254977 -0.028880250176189188 0.033079241589665825 0.039751866040243118 -0.0013486498303388163 -0.0089421712405443939 -0.039554280307614265 0.017226861735302787 0.031448214872845472 0.073288282047857409 -0.01647139862848097 -0.0094255800943205004 0.054144254744831283 -0.013215049572065886 -0.049544249042157075 0.060227198850869836 0.0056573837863710223 -0.017394587893355056
leaf_weight=2277.1771587319672 4.6244721487164515 8.2935126870870572 4.1756719052791595 6.6187067031860378 4.8791402429342252 4.6188278347253799 5.5325856059789658 7.0224635452032071 6.6283153817057618 5.0688996613025656 5.3460385799407959 6.0804110169410688 4.9106717854738235 4.7702980190515518 33.781340386718512 5.6115026473999006 6.4962612837553024 6.4047230482101432 4.2040944956243029 49.060850515961647 27.667882442474365
leaf_count=9466 28 34 18 31 21 21 32 29 29 21 22 25 21 20 140 24 27 26 20 204 115
internal_value=4.1097e-06 0.0108189 0.0276214 -7.06773e-05 -0.0145982 0.00125043 2.4664e-05 0.016763 -6.135e-05 0.0092934 0.0232584 -0.00551848 0.0440678 0.0103813 -0.000188664 -0.00798839 0.0180035 -0.0158196 -1.56963e-05 0.00996447 -0.000246338
internal_weight=2488.97 17.0937 8.80014 2471.88 16.1167 9.49797 2455.76 12.555 2443.21 32.8046 16.885 15.9196 10.2567 10.8507 2410.4 52.2938 12.1078 40.1861 2358.11 53.2649 2304.85
internal_count=10374 80 46 10294 73 42 10221 61 10160 138 72 66 43 45 10022 217 51 166 9805 224 9581
is_linear=0
shrinkage=0.05


Tree=109
num_leaves=31
num_cat=0
split_feature=3 9 9 9 7 12 0 8 3 3 3 2 7 3 12 0 9 2 0 7 8 2 3 3 0 7 3 7 0 12
split_gain=0.793988 1.71546 4.14606 5.84456 5.91709 4.57088 4.54106 7.14914 4.51587 6.1089 4.4302 4.61912 4.28025 4.47006 3.91976 3.41376 3.3853 5.5475 7.11405 8.88727 6.9544 6.22056 3.54634 3.7737 3.21315 3.16262 2.48164 3.93828 3.35738 8.27837
threshold=-0.065977175474899535 1.3458784215456816 1.7157437682208003 1.7436394501872743 0.025684039328306114 -0.011038244316389991 0.0037861443165731969 5.0502382162664956 0.0075670730803758446 -0.0079177990271754439 0.046680017718267471 24.811859899281412 0.026230525131016372 0.30844908253402703 -0.029111967369152961 0.0058438724652459095 1.1723630657639252 30.711473565804308 0.00074657966968112656 0.026230525131016372 -0.10068555308927958 37.777777777777757 0.98326301898207447 0.35052572207851612 -0.0032188651013769264 0.017024757978293 0.040693190317311369 0.0042516847646405995 -0.007873959567034133 -0.14843912266854981
decision_type=2 2 2 2 2 2 2 2 2 2 2 2 2 2 2 2 2 2 2 2 2 2 2 2 2 2 2 2 2 2
left_child=-1 16 5 -4 6 8 7 -5 9 14 -10 -12 -6 -14 -3 -8 26 24 19 21 -21 -19 23 -20 -18 -26 28 -28 -2 -30
right_child=1 2 3 4 12 -7 15 -9 10 -11 11 -13 13 -15 -16 -17 17 18 22 20 -22 -23 -24 -25 25 -27 27 -29 29 -31
leaf_value=-0.0010827746056575928 -0.038656918104797003 0.020499032335081307 -0.043920005522955198 0.010751808685576788 -0.066333153609073728 0.059803566024724725 0.051112590624754532 -0.030961303571050987 0.04125960267079868 -0.050963588306689678 -0.03450766911966794 0.011556054501610333 0.00082506145398789543 -0.037220347882556001 -0.029971013424228705 0.00027940753801487767 -0.0046885303725968941 0.0028726116778811641 0.0010415473064509517 -0.022287335707660068 0.044903988429428526 -0.044068594873196462 0.033168535927317479 -0.036230131969153992 0.010435987486504102 0.065862259738732123 0.057396933481731485 -0.00074655674496508918 0.04792736731943581 0.0038843365048508265
leaf_weight=1003.0542405769229 4.3334984853863707 12.062720946967605 7.9182115942239752 53.466757878661156 3.6831383705139151 4.4483067542314521 9.5558137595653516 12.714518219232557 11.911056168377398 6.9319748729467383 5.739927250891923 104.95142820477486 27.410725846886635 10.74780824407935 5.6485516726970681 5.0472588539123526 8.4554638192057627 8.7925177216529828 52.33998441696167 8.2218405306339246 7.2439814507961264 35.769416928291321 7.2738975137472144 7.8038176149129859 5.3925466537475568 4.9235116317868233 2.9232614338397971 780.65560022741556 11.129488937556742 257.95426301658154
leaf_count=4161 21 52 33 222 15 21 41 52 51 29 30 437 118 50 23 21 39 36 217 35 31 147 30 32 22 21 14 3251 53 1069
internal_value=4.08804e-06 0.000737994 0.00424628 -0.00228631 0.000402061 0.00986807 0.00830655 0.00273803 0.00835951 -0.0111713 0.0122852 0.00916741 -0.0148592 -0.00989088 0.00440292 0.0335431 -8.49446e-05 -0.0072157 -0.0109534 -0.0234726 0.00918417 -0.0348066 0.000193506 -0.00379455 0.0181608 0.0368891 0.000901471 -0.000529644 0.00500286 0.00570599
internal_weight=2488.51 1485.45 282.238 130.544 122.626 151.694 80.7843 66.1813 147.246 24.6432 122.602 110.691 41.8417 38.1585 17.7113 14.6031 1203.21 146.217 127.445 60.0278 15.4658 44.5619 67.4177 60.1438 18.7715 10.3161 1057 783.579 273.417 269.084
internal_count=10374 6213 1195 552 519 643 336 274 622 104 518 467 183 168 75 62 5018 610 528 249 66 183 279 249 82 43 4408 3265 1143 1122
is_linear=0
shrinkage=0.05


Tree=110
num_leaves=29
num_cat=0
split_feature=8 2 3 8 7 7 0 3 8 11 8 3 2 0 2 7 8 8 3 0 0 0 7 12 11 8 3 9
split_gain=0.793098 2.08037 1.5096 0.946089 6.30204 5.24369 2.69642 3.99212 3.55693 3.28786 2.31664 3.16895 3.07003 2.30058 2.49108 4.69241 3.63622 2.09867 3.03535 5.55117 2.0506 4.95561 4.38755 3.87368 5.61057 2.36409 1.43691 0.344881
threshold=-10.96993815403548 28.225806451612879 0.11349020326321048 -7.2856330940714802 0.024932902725803178 0.026940147220910097 -0.0039046613032606421 0.28747679590709213 -8.133741868315651 14.500000000000002 -5.5154683945869092 -0.29084105683071887 18.604651162790663 -0.00039666687803643035 27.07107843137258 0.029047335937942374 -6.7593057563042489 -3.7464714275274162 0.032237954461975186 -0.0022199181671829701 -0.0042965583590263918 -0.0044055053741882703 0.017958466853227679 -0.12313595794689369 12.500000000000002 -3.0155326238054658 0.11053098190247976 1.1723630657639252
decision_type=2 2 2 2 2 2 2 2 2 2 2 2 2 2 2 2 2 2 2 2 2 2 2 2 2 2 2 2
left_child=1 2 -1 4 26 -6 8 -8 9 -7 11 -5 17 14 15 -13 -16 18 -12 -20 21 22 -14 24 -22 -25 -2 -4
right_child=3 -3 27 10 5 6 7 -9 -10 -11 12 13 20 -15 16 -17 -18 -19 19 -21 23 -23 -24 25 -26 -27 -28 -29
leaf_value=0.003450623684045636 0.050661141561462814 -0.017593618236383984 0.061647426897252423 -0.023143022326726114 -0.053353282004845938 -0.017404835285446462 -0.046683332051993737 0.0088495287335807558 -0.030636449676619989 0.024805948007169898 -0.059221084792029526 0.01528851817027449 0.035459791867876796 -0.015677372567955084 0.037061337640694664 0.065692815142460934 -0.0043576526885301765 0.0029808228371019231 0.025315251957291118 -0.048879199703593591 0.0019602608118274327 -0.044500358644994575 -0.0060314360203558197 0.0051250923820641099 0.032067332079675458 -0.00059096579512318446 0.012105044031536451 0.032924338488720638
leaf_weight=3.4106236621737462 4.6193637102842313 3.6888366639614105 2.2376651614904404 7.4722367972135535 7.1083546280860892 6.685438588261607 8.3378645479679125 5.2892141044139853 6.4343921020627013 14.88350687175989 5.3891582787036922 34.557705208659172 6.7583368569612494 7.4119025766849509 6.5622802078723899 5.3295400887727729 27.525440528988838 7.726845756173133 4.9145981520414352 5.1764025092124921 46.816118612885475 7.9250957295298567 111.34982949495316 199.80989664793015 23.114315643906593 1910.2035938799381 5.067267119884491 1.9608796909451482
leaf_count=27 20 17 19 32 29 29 34 22 29 67 22 147 28 31 28 23 116 32 20 21 223 33 476 813 109 7884 22 21
internal_value=4.08671e-06 0.0132214 0.0281602 -5.62127e-05 -0.00634332 -0.0136641 -0.00688724 -0.0251288 0.00198953 0.0117224 9.5698e-05 0.00801921 -0.000206586 0.0108803 0.0135412 0.0220233 0.00361598 -0.0183015 -0.0289245 -0.0127444 -2.44817e-05 -0.0062255 -0.00365724 0.000334029 0.0119116 -4.96778e-05 0.0304917 0.0482327
internal_weight=2487.77 11.298 7.60917 2476.47 58.4254 48.7388 41.6304 13.6271 28.0033 21.5689 2418.04 88.8591 2329.18 81.3869 73.975 39.8872 34.0877 23.207 15.4802 10.091 2305.98 126.033 118.108 2179.94 69.9304 2110.01 9.68663 4.19854
internal_count=10374 84 67 10290 252 210 181 56 125 96 10038 377 9661 345 314 170 144 95 63 41 9566 537 504 9029 332 8697 42 40
is_linear=0
shrinkage=0.05


Tree=111
num_leaves=31
num_cat=0
split_feature=2 2 0 3 0 11 7 12 0 12 12 12 3 11 7 8 2 8 0 0 2 7 9 3 9 7 8 0 11 2
split_gain=0.81266 3.94003 4.99862 3.38305 3.86743 2.93354 4.80698 3.2488 3.06012 2.87813 6.50048 4.28412 3.77225 4.21994 3.35277 3.02 2.59668 4.84304 3.98864 4.05082 3.50859 7.16224 5.10822 4.75128 4.43649 6.9337 4.53221 3.81795 4.0668 6.58921
threshold=52.31065849317779 54.103974848416776 -0.0034766494743691746 0.18600279762522015 0.0037144582466739243 4.5000000000000009 0.025583545215529479 -0.053199173683661533 -0.00084717194776394347 -0.073106078874103905 -0.076461156424809246 -0.072527147618535653 0.20456353619462339 4.5000000000000009 0.024282993277981058 2.7696460285970974 45.362780813600502 0.49584662663340412 -0.00078482568427345285 0.0011404612405778341 46.472473604826526 0.033158470634545682 1.6776566817245471 -0.11177531377949107 1.409483231878726 0.011214696758121203 -1.0718522330364921 0.0060480702069804727 4.5000000000000009 48.072464629651648
decision_type=2 2 2 2 2 2 2 2 2 2 2 2 2 2 2 2 2 2 2 2 2 2 2 2 2 2 2 2 2 2
left_child=16 2 -2 4 -4 6 -5 8 -7 10 12 -11 13 -3 -15 -14 17 -1 -19 -20 21 24 27 -24 25 -18 -27 28 29 -22
right_child=1 9 3 5 -6 7 -8 -9 -10 11 -12 -13 15 14 -16 -17 20 18 19 -21 22 -23 23 -25 -26 26 -28 -29 -30 -31
leaf_value=1.0072081479261205e-06 -0.038431864749652267 -0.0071028424912336951 0.02372937932846482 0.052210460011780369 -0.019522805480876926 0.03279573250077468 -0.010279001383686905 -0.036381470241763303 -0.02175843715725154 -0.068349863823747706 0.034976927585465688 -0.00082164623300818728 0.0078713895600780927 -0.0070661768135266041 0.020740703563948443 -0.019252436628851149 0.034029702409380407 0.059180786667236508 -0.023661921107002104 0.031374323255837305 0.035525040027915365 0.026025076615234434 -0.0060229068555704597 0.05838843507515086 -0.067739554757923731 -0.0046574507401328531 -0.038866306851695114 -0.047720479908458957 -0.0062863355424143674 -0.0006377985378532942
leaf_weight=923.84140381217003 4.9508623257279387 30.991957351565361 56.934555917978287 5.6915989518165606 5.6842841878533354 5.1841482669115084 6.7005783319473267 8.2472787052392942 5.0986709892749786 2.3547448068857184 17.5525963306427 917.72840204834938 16.135019242763519 13.553809784352778 54.145586766302586 28.19523349404335 5.6406152993440619 5.9436072111129787 5.4051112085580817 8.7650946751236898 16.179025441408157 8.8392118513584119 5.0877153724431992 6.5475800484418851 4.9439890533685675 16.157278731465336 24.159834638237957 4.813544161617755 214.75872886180878 56.886140331625938
leaf_count=3855 21 145 234 24 25 21 28 34 21 10 73 3797 69 58 254 120 24 25 22 38 66 38 21 27 20 66 99 21 885 233
internal_value=4.15231e-06 0.000956051 0.0105297 0.0131211 0.0198031 -0.000410175 0.0184218 -0.0130042 0.00574539 8.34977e-05 0.0062602 -0.000994469 0.00273589 0.00817815 0.0151736 -0.00938009 -0.000853995 0.000529455 0.0248014 0.0103812 -0.00444154 -0.0155198 -0.00226642 0.0302236 -0.0227342 -0.0178927 -0.0251569 -0.00355823 -0.00281966 0.00736984
internal_weight=2487.12 1179.15 98.492 93.5411 62.6188 30.9223 12.3922 18.5301 10.2828 1080.66 160.574 920.083 143.022 98.6914 67.6994 44.3303 1307.97 943.955 20.1138 14.1702 364.014 59.7409 304.273 11.6353 50.9017 45.9577 40.3171 292.637 287.824 73.0652
internal_count=10374 4934 408 387 259 128 52 76 42 4526 719 3807 646 457 312 189 5440 3940 85 60 1500 247 1253 48 209 189 165 1205 1184 299
is_linear=0
shrinkage=0.05


Tree=112
num_leaves=29
num_cat=0
split_feature=9 8 3 3 2 3 9 0 0 11 0 7 12 0 12 9 0 8 3 7 0 3 0 11 3 9 3 7
split_gain=0.770975 1.52971 2.85789 1.82874 1.29638 1.18884 1.17735 2.6488 2.23274 0.972938 5.69676 3.41934 6.45447 6.36523 5.7788 5.26241 4.78314 2.90215 2.77473 4.63615 6.89768 3.38377 8.10112 2.49149 1.93729 1.52611 1.43858 0.219607
threshold=0.33197407145317887 -0.90748145914914213 -0.20484286163487025 -0.020542441927198556 68.78691897765502 0.14044297412849671 0.38875348084063305 -0.0017284812162363201 0.0018025380095504048 7.5000000000000009 -0.0028223932769870503 0.031680279095547832 -0.047315267739769733 -0.0013982662084393073 -0.050598577260032022 0.80668756778887329 -0.00088672707804067399 9.3836576177309841 -1.1590610625839057 0.030797357546759458 -0.0044877756239138271 -1.0054291466514589 -0.0010220647942153027 15.500000000000002 0.27562528754568266 1.2390541392913015 0.1364368533820158 0.014705072468463103
decision_type=2 2 2 2 2 2 2 2 2 2 2 2 2 2 2 2 2 2 2 2 2 2 2 2 2 2 2 2
left_child=1 3 -3 -1 5 -4 7 -2 27 10 -8 12 14 -13 -12 -14 -15 18 19 20 -11 22 -20 -23 25 -19 -27 -9
right_child=6 2 4 -5 -6 -7 9 8 -10 17 11 13 15 16 -16 -17 -18 24 21 -21 -22 23 -24 -25 -26 26 -28 -29
leaf_value=0.014231750265830907 0.021687399844538699 -0.011614114879325314 0.052666178818589954 -0.020992602575831298 0.0041524361630103463 0.019367699815948089 0.067554492096493488 -0.029323909599775266 0.0031716022774225896 -0.053677402888462782 0.0062128882755694802 -0.066369553634347545 -0.0076315927760362686 0.05767830065523042 0.028060271884483842 0.0028573464434228308 -0.0041500583852951828 0.057154023774063728 0.018825036382969063 0.043483104936544142 0.0085543131570281518 -0.0032387276119864709 -0.067631433869874732 0.0011978499507542366 -0.0094171911542196545 -0.0020409812410976699 0.035280579701770919 -0.044472763085885193
leaf_weight=6.7136836946010581 4.4148327112197903 6.6125772446393976 5.7098180055618268 8.1672626212239248 4.1547471433877954 5.0523358583450317 3.2213716059923163 4.772961273789404 5.4520841166377059 4.8172254860401145 176.69718138128519 4.0703420490026465 169.40821808576584 3.1725082397460929 36.524144217371941 406.56206449866295 223.35181697458029 3.4172776266932514 4.8690833747386932 8.3436829224228841 58.835568800568581 767.63810107856989 6.1089696884155256 538.39355223625898 4.5608934313058844 4.6540233045816404 5.7994761765003204 4.7965472042560577
leaf_count=29 19 28 29 35 20 23 14 20 23 20 720 17 700 13 148 1692 957 20 20 39 240 3177 25 2261 20 20 25 20
internal_value=4.08947e-06 0.00722636 0.0157468 -0.00510079 0.0278757 0.0370341 -0.000103249 -0.0123603 -0.0223669 -5.22857e-06 0.00116817 0.000958462 0.00252348 -0.00439769 0.00995528 -0.00022773 -0.00328414 -0.000858121 -0.00111967 0.00843834 0.00384463 -0.00164217 -0.0292855 -0.00140981 0.0188518 0.028147 0.0186646 -0.036917
internal_weight=2486.29 36.4104 21.5295 14.8809 14.9169 10.7622 2449.88 19.4364 15.0216 2430.45 1023.01 1019.79 789.192 230.595 213.221 575.97 226.524 1407.44 1389.01 71.9965 63.6528 1317.01 10.9781 1306.03 18.4317 13.8708 10.4535 9.56951
internal_count=10374 164 100 64 72 52 10210 82 63 10128 4261 4247 3260 987 868 2392 970 5867 5782 299 260 5483 45 5438 85 65 45 40
is_linear=0
shrinkage=0.05


Tree=113
num_leaves=31
num_cat=0
split_feature=3 12 3 8 12 7 8 11 11 7 3 2 2 9 3 9 2 9 0 2 7 0 0 9 7 12 0 0 2 8
split_gain=0.766828 1.34304 1.04342 4.59579 5.56534 7.37458 5.40538 3.73761 4.09008 3.52284 3.17942 5.10079 3.1173 1.47936 1.47163 2.36672 4.21587 5.91812 6.96718 2.52627 1.48037 1.16742 4.34904 3.48777 3.01548 3.69016 3.15333 2.97045 3.95692 3.30297
threshold=16.536060538208265 -0.067944669956264872 1.6750095181845817 1.3579165908922015 -0.039662296950698138 0.013806643941072628 2.005897088943033 7.5000000000000009 10.500000000000002 0.027333668922776135 4.2233512829378066 62.074751214996546 51.774849695791481 0.88038076206800608 1.1575055616543206 0.7455282001098722 65.207814594905201 1.0079270953360775 1.0000000180025095e-35 48.693375825176425 0.018437288492998801 0.0031810484608432539 0.0030769454490838862 0.9234816510107754 0.042074657551904308 -0.10237965143040699 0.0029568571602308657 0.0046288803159307912 40.122576164285867 -2.6281328775571682
decision_type=2 2 2 2 2 2 2 2 2 2 2 2 2 2 2 2 2 2 2 2 2 2 2 2 2 2 2 2 2 2
left_child=2 -2 14 4 7 13 -5 12 -9 -10 11 -8 -4 -6 21 20 17 18 -17 -19 -16 22 24 -24 26 -26 -1 29 -29 -23
right_child=1 -3 3 6 5 -7 10 8 9 -11 -12 -13 -14 -15 15 16 -18 19 -20 -21 -22 27 23 -25 25 -27 -28 28 -30 -31
leaf_value=0.00020717933830940554 0.0047326034319780073 -0.032646908471383844 0.044828086493826205 0.059149241373268137 -0.02289895982648445 -0.077711689660624625 0.02620291721992828 -0.046702206703283983 0.01370863839912987 -0.031188234375606069 0.040621546164978858 -0.035228596950086614 -0.0020981690713643085 0.016131348058684668 -0.0089341863690345757 0.048753557457180539 0.041038315912372503 -0.0045145077149306824 -0.017998136501905439 -0.044628665318249827 -0.0467638546490328 -0.04911560762275833 0.046692690976728929 0.0032595461799753548 0.0072311254202901982 0.047868033422273984 -0.020647132610808173 0.061301091087329007 0.00043574139966222911 -0.0062268767518126999
leaf_weight=1814.8493223786354 4.771978959441185 4.8406585007905942 9.2752232849597913 7.3829214572906521 4.8383434265851957 5.0698160380125037 6.7999287694692629 4.6538673937320736 20.577118098735813 5.5469850152730933 5.5505054593086234 6.7167850881814957 5.7225350588560095 4.8729348331689835 4.6793999820947629 7.2406011670827857 4.7569818049669257 6.2020677328109768 8.4957576096057874 10.689567327499388 5.7810121327638626 4.6115127503871909 9.1303967982530612 9.3611229062080366 46.487643875181675 6.3496010452508918 18.309528365731239 2.6979609280824652 260.26121197640896 169.08996239304543
leaf_count=7515 20 20 38 31 20 21 28 19 84 24 23 28 24 20 20 30 21 26 35 44 24 19 38 39 240 27 75 13 1108 700
internal_value=4.03124e-06 -0.0140907 5.87515e-05 0.00543716 -0.00215745 -0.0288321 0.0228248 0.00645585 -0.00351752 0.00417559 0.00875981 -0.0043239 0.0269229 -0.00331429 -0.00013713 -0.00881785 -0.00293553 -0.00934667 0.0127156 -0.0299 -0.029841 4.02758e-05 0.000574904 0.0247052 0.000338315 0.0121146 -1.11282e-06 -0.00229149 0.00106022 -0.00736551
internal_weight=2485.61 9.61264 2476 87.007 60.5568 14.7811 26.4501 45.7757 30.778 26.1241 19.0672 13.5167 14.9978 9.71128 2388.99 47.8454 37.385 32.628 15.7364 16.8916 10.4604 2341.15 1904.49 18.4915 1886 52.8372 1833.16 436.661 262.959 173.701
internal_count=10374 40 10334 360 250 61 110 189 127 108 79 56 62 40 9974 200 156 135 65 70 44 9774 7934 77 7857 267 7590 1840 1121 719
is_linear=0
shrinkage=0.05


Tree=114
num_leaves=27
num_cat=0
split_feature=9 12 3 9 3 3 8 2 12 2 9 8 12 3 3 7 11 8 8 8 12 7 12 12 2 3
split_gain=0.783858 3.84383 2.88639 2.82746 2.72019 3.86431 3.21624 5.48895 4.36165 2.64274 2.82551 4.8345 4.17444 2.39063 2.71552 2.30672 1.83195 3.67526 3.80134 5.55351 4.35639 2.62893 2.59783 3.38625 3.28947 1.557
threshold=0.66730894313150024 -0.18388396197634374 -13.999972528268371 0.68784673126947127 0.44083510106106183 0.22697502815618806 -4.5137916300236292 38.008264462809912 -0.054315420580150681 80.103792308104929 0.65854512433743018 -2.3592412660026807 -0.061657339474422722 -3.234438294330205 -1.8610580304532383 0.070725601258957785 4.5000000000000009 -6.5590398628375537 0.37564291653947496 0.47078895661289316 -0.056250351740568638 0.0048057776061599415 -0.070336592287565836 -0.075423995142166148 25.243085056169139 0.046680017718267471
decision_type=2 2 2 2 2 2 2 2 2 2 2 2 2 2 2 2 2 2 2 2 2 2 2 2 2 2
left_child=1 -1 -3 4 5 6 -2 -8 -9 10 13 -12 -13 -4 -15 16 17 -5 20 -20 -19 25 23 -23 -24 -18
right_child=3 2 9 15 -6 -7 7 8 -10 -11 11 12 -14 14 -16 -17 21 18 19 -21 -22 22 24 -25 -26 -27
leaf_value=0.041880989657564274 0.027878657219643329 -0.055306398465579776 0.027065984960548503 -0.056400939979890867 0.019806211731762308 -0.056141219971765813 -0.059634871670581457 0.016208232452706337 -0.024210243082621943 -0.034103950450045856 0.058216662943937875 -0.027012150306946148 0.028527799424546842 -0.0352286933013281 0.001106219740059118 -0.031753347631240887 0.0052381093815754148 0.023358112199400677 -0.051488200617830798 0.0012323128907943599 0.0029268924822047336 -1.9711536335272688e-07 -0.021517158078903368 0.012223151272073978 -0.002511368395915866 0.040101647870349644
leaf_weight=5.9369548708200446 4.6791717782616606 2.2344998866319647 8.7396278381347638 2.6469784229993811 5.8317617624998084 5.4000265747308722 6.012449547648429 11.699128597974775 15.541601881384851 5.1017966270446768 5.955628469586375 6.0027891099452981 7.752590358257291 5.2105811238288871 391.531808398664 5.7447727993130675 6.8582458049058896 43.287040822207928 5.0511260777711859 450.73128485679626 65.673257261514664 551.75262390077114 23.457127168774605 63.144653007388115 773.16694450378418 6.0078753307461739
leaf_count=36 20 9 37 11 24 22 25 50 64 23 24 25 32 22 1637 27 29 179 22 1888 271 2355 96 258 3160 28
internal_value=3.86993e-06 0.00192241 0.00137393 -0.000407142 -0.0122529 -0.0165675 -0.0109338 -0.0163953 -0.00685164 0.00166827 0.00209749 0.0205841 0.0042904 0.00119883 0.000629018 -0.000115587 -2.43357e-05 0.00237826 0.00265376 0.000648047 0.0110437 -0.000981383 -0.00118646 0.00125504 -0.00307101 0.0215177
internal_weight=2485.15 438.466 432.529 2046.69 49.1641 43.3324 37.9324 33.2532 27.2407 430.295 425.193 19.711 13.7554 405.482 396.742 1997.52 1991.78 567.39 564.743 455.782 108.96 1424.39 1411.52 614.897 796.624 12.8661
internal_count=10374 1845 1809 8529 205 181 159 139 114 1800 1777 81 57 1696 1659 8324 8297 2371 2360 1910 450 5926 5869 2613 3256 57
is_linear=0
shrinkage=0.05


Tree=115
num_leaves=31
num_cat=0
split_feature=7 7 12 11 3 12 8 2 12 2 8 8 11 11 9 11 12 0 9 9 12 7 12 3 2 9 3 8 0 11
split_gain=0.82334 2.5709 3.54483 5.82782 4.38634 2.97444 2.941 2.89342 2.38664 5.36515 3.81251 6.74217 3.42935 5.82483 4.61919 4.45201 3.21209 6.11977 3.87423 4.80663 4.06294 3.84189 3.78114 4.33051 3.27281 3.23715 2.5907 2.51545 4.60317 5.25095
threshold=0.016943636159716387 0.017383989906070384 -0.041715318530252739 12.500000000000002 0.024331807315006511 -0.065296195807572829 1.4985430271812024 63.475657380890418 -0.056250351740568638 65.207814594905201 -1.0718522330364921 -1.1859829308828631 6.5000000000000009 13.500000000000002 0.69860958784071459 8.5000000000000018 -0.046173347763047053 -0.0012414785597286589 0.62305183208673753 0.65388108712954984 -0.044766576325533429 0.016081486100494792 -0.048378616736202952 0.060831221316494495 52.853441894892683 0.60898601707211675 -0.08370722980207923 -1.6540888296574774 6.1431144377782531e-05 9.5000000000000018
decision_type=2 2 2 2 2 2 2 2 2 2 2 2 2 2 2 2 2 2 2 2 2 2 2 2 2 2 2 2 2 2
left_child=8 2 3 -2 6 -5 -4 -6 9 12 11 27 -1 14 -14 -16 17 24 21 26 -21 25 23 -19 -12 -18 -20 -10 29 -29
right_child=1 -3 4 5 7 -7 -8 -9 10 -11 16 -13 13 -15 15 -17 18 22 19 20 -22 -23 -24 -25 -26 -27 -28 28 -30 -31
leaf_value=0.042867697666861347 -0.050966584281609821 -0.00026883190719181432 0.0096356051161180113 -0.023727696308417666 0.054363041448301855 0.019255630851933457 -0.04117344214469805 0.0023062074223823845 0.0013886232238289643 0.061203058352403465 -0.028175170157896709 -0.050524876039038671 0.019318629048628952 0.011056878011336525 0.014642899800214963 -0.032532572139555134 0.0047209214467235977 0.036544956699279749 -0.05959801781410267 -0.04656815153518943 0.00033199609846158365 0.049874093446586464 0.060175364826408444 -0.018056645666272936 0.023396219619335076 0.044004845048964771 -0.013897314569584679 -0.063146192980724603 0.016731350999589261 -0.012594958965472015
leaf_weight=5.8835689425468436 11.484018057584764 1669.1335959881544 5.1677351444959658 8.972608685493471 4.9052267968654615 7.2988175898790351 6.3449748158454895 5.855910062789917 61.06373555958271 4.4860170334577552 9.0444799959659559 8.7850926071405393 8.7500348389148694 84.962919011712074 6.4179217368364361 22.653541699051857 67.950658306479454 10.408093526959417 4.9137496203184119 4.6728157997131339 392.01598034054041 5.8430992215871802 7.683379918336871 5.5772297680377951 4.6622079014778128 5.6826826184988013 8.4062533229589445 6.8714538812637356 8.5338909924030286 20.352317050099373
leaf_count=24 47 6971 21 37 20 30 26 24 250 22 37 36 36 351 26 92 288 43 20 19 1649 24 32 23 20 24 35 28 35 84
internal_value=3.80265e-06 -0.000603582 -0.0117719 -0.0236947 0.00308513 -0.00444681 -0.0183667 0.0260352 0.00136765 0.00745179 8.67542e-05 -0.00858404 0.00557775 0.00379089 -0.0125316 -0.0221179 0.00182477 0.0159532 0.000745975 -0.00121249 -0.000220467 0.0108494 0.0313497 0.0174946 -0.0106336 0.00775267 -0.0307563 -0.00477854 -0.0153103 -0.0253544
internal_weight=2484.78 1719.16 50.0293 27.7554 22.2738 16.2714 11.5127 10.7611 765.621 133.154 632.467 105.606 128.668 122.784 37.8215 29.0715 526.861 37.3754 489.485 410.009 396.689 79.4764 23.6687 15.9853 13.7067 73.6333 13.32 96.8214 35.7577 27.2238
internal_count=10374 7176 205 114 91 67 47 44 3198 551 2647 433 529 505 154 118 2214 155 2059 1723 1668 336 98 66 57 312 55 397 147 112
is_linear=0
shrinkage=0.05


Tree=116
num_leaves=31
num_cat=0
split_feature=7 7 2 12 9 0 9 3 8 8 2 8 7 12 2 8 11 8 0 8 0 8 11 3 2 12 9 12 3 9
split_gain=0.772748 2.80979 4.89281 8.91219 6.48027 7.4293 4.2281 5.25169 4.46545 4.10974 3.47833 5.04603 4.3889 2.91378 2.4882 4.18478 2.08343 3.14738 2.64806 4.26934 3.16319 1.78142 1.76338 1.42091 1.30845 1.28429 2.27582 1.99943 1.31791 4.04155
threshold=0.014396572116728691 0.01312013835352553 52.853441894892683 -0.022051245188958537 0.95474058625944236 -0.00033737330238090474 0.73309923712898173 -0.10050716082393939 -0.32437152804104369 1.6519569423250677 55.07692307692313 2.3440483258652551 0.013445198058414 -0.058204761041443225 20.000000000000011 -3.1842710809081747 19.500000000000004 -1.0718522330364921 -0.00018422597243552345 0.91350366494786039 -0.00039666687803643035 -1.7397768350598608 12.500000000000002 0.067678523777688931 68.483503425136306 -0.013928074015121321 1.3677265533933003 -0.015527950310558999 -0.065977175474899535 0.44497434566106769
decision_type=2 2 2 2 2 2 2 2 2 2 2 2 2 2 2 2 2 2 2 2 2 2 2 2 2 2 2 2 2 2
left_child=1 14 4 10 6 13 7 -3 22 -5 -4 12 -12 -6 -1 -16 18 -18 20 -20 -17 -9 -8 -11 -13 27 -27 28 -2 -30
right_child=25 2 3 9 5 -7 8 21 -10 23 11 24 -14 -15 15 16 17 -19 19 -21 -22 -23 -24 -25 -26 26 -28 -29 29 -31
leaf_value=-0.025601051857490082 -0.0020198434383252879 0.035102978761649056 0.074905085959618561 0.02907598899006783 -0.023287293090894241 -0.065495993205879316 0.068384075756295737 -0.0053367894123566217 -0.010143018953031029 -0.0062681264330742533 0.053223219571519979 0.039379636309843528 -0.0036285454514313822 0.016348467842250278 0.040468130266517549 -0.0034772119329777953 -0.0060915695623387327 0.045295212317296267 0.0088949320330233266 -0.0040991763453374344 -0.025598347182519118 -0.046092171837305129 0.030871091406467308 -0.040234365335047165 0.076357876365692565 -0.03491766750417015 0.0077668182108240995 0.02345418354516467 0.017472749372732656 0.00010871365763611152
leaf_weight=9.4136645197868329 792.2386654317379 5.3227825164794949 5.00148877501488 5.2867967486381557 9.4270029813051259 6.618454471230506 4.9465210288763073 5.379857301712037 5.1394722908735266 6.0260207206010801 4.7632801383733812 4.676333010196684 11.815727248787878 9.1252614706754684 6.4135346859693518 95.369596093893051 5.8002307564020157 6.1279717832803708 117.81295369565487 136.39837051182985 19.457364097237587 5.3452434241771671 8.5435036569833738 6.2959736883640289 4.8977495580911636 7.1567919403314573 5.5400926619768143 8.7896717786788923 34.534600354731083 1130.568224042654
leaf_count=39 3283 22 21 22 39 27 20 22 21 25 20 20 50 37 27 394 25 26 500 590 80 22 35 26 22 30 23 36 152 4718
internal_value=3.6912e-06 0.00174862 0.00887439 0.0206312 -0.00070489 -0.0200164 0.0133125 -0.00549851 0.0295167 -0.00780108 0.0367013 0.0293953 0.0127054 -0.00379174 -0.000201868 0.000415353 -0.000258931 0.0203078 -0.000923697 0.00192288 -0.00722563 -0.0256487 0.0446263 -0.0236233 0.0582963 -0.000441974 -0.0162929 -0.000339612 -0.00044646 0.000623398
internal_weight=2484.23 505.405 108.611 48.7634 59.8481 25.1707 34.6774 16.0479 18.6295 17.6088 31.1546 26.1531 16.579 18.5523 396.794 387.38 380.966 11.9282 369.038 254.211 114.827 10.7251 13.49 12.322 9.57408 1978.83 12.6969 1966.13 1957.34 1165.1
internal_count=10374 2132 451 206 245 103 142 66 76 73 133 112 70 76 1681 1642 1615 51 1564 1090 474 44 55 51 42 8242 53 8189 8153 4870
is_linear=0
shrinkage=0.05


Tree=117
num_leaves=22
num_cat=0
split_feature=0 12 2 8 9 2 0 8 0 12 7 8 2 3 8 8 7 3 8 12 2
split_gain=0.773193 1.90759 1.35418 1.23799 2.2987 3.05925 1.30636 2.00681 1.06587 4.45462 8.14468 5.59739 5.23219 4.30185 3.80581 3.00763 4.10722 4.25382 1.82107 3.48785 2.59478
threshold=0.013454294945522804 -0.073612834298318094 80.103792308104929 13.82166037696882 2.3434593178482097 84.379692192192195 0.010929175309834322 9.3836576177309841 0.0060480702069804727 -0.036716862922705241 0.038124089890496739 1.4618883485594723 69.4444444444445 -0.11177531377949107 11.03046731492134 5.9610509824125151 0.013554662611714329 -0.43045467402157206 4.6818662487737255 -0.066943452162934222 77.089248714603656
decision_type=2 2 2 2 2 2 2 2 2 2 2 2 2 2 2 2 2 2 2 2 2
left_child=3 -2 -3 6 5 -5 8 -8 15 10 12 -12 -10 -11 -15 18 -17 -18 20 -20 -1
right_child=1 2 -4 4 -6 -7 7 -9 9 13 11 -13 -14 14 -16 16 17 -19 19 -21 -22
leaf_value=-0.00012460864329318428 0.030519443937585679 -0.021446299342567771 0.015481185639105442 -0.028534191901849346 -0.043071386196653856 0.023650239958405019 -0.0012442390413953076 0.039330001044016349 0.0019621136989102562 -0.0513089805681613 0.024759839783545422 -0.023000898400385814 0.037745540710208358 -0.0025137883514176301 -0.046600042351740971 -0.045969356244358606 -0.032727701218694893 0.013445140568618558 0.011336251427497574 -0.01243387158174181 0.01372335555295316
leaf_weight=2095.1605328395963 7.0532791092991856 5.1030144393444044 4.834835484623909 5.4428432136774081 4.7562398314476004 5.8026392906904221 7.0945595204830152 5.3423537313938141 23.144911155104637 7.8082242012023917 7.5762743949890128 32.237406082451344 18.286729469895363 28.194725155830383 5.9238388985395423 3.2990210503339759 5.2906741201877585 87.25876747444272 19.813952453434467 69.788437113165855 34.382487252354622
leaf_count=8704 39 21 20 26 23 24 35 26 96 32 34 143 75 115 25 14 22 369 90 286 155
internal_value=3.73079e-06 0.0106332 -0.00348081 -6.94901e-05 -0.0139317 -0.00160716 2.10261e-05 0.0161847 -6.14236e-05 -0.00459362 0.00223709 -0.0139124 0.0177559 -0.0178301 -0.0101683 0.000179717 0.00885148 0.0108056 -0.00019483 -0.00717754 9.89733e-05
internal_weight=2483.6 16.9911 9.93785 2466.6 16.0017 11.2455 2450.6 12.4369 2438.17 123.172 81.2453 39.8137 41.4316 41.9268 34.1186 2314.99 95.8485 92.5494 2219.15 89.6024 2129.54
internal_count=10374 80 41 10294 73 50 10221 61 10160 520 348 177 171 172 140 9640 405 391 9235 376 8859
is_linear=0
shrinkage=0.05


Tree=118
num_leaves=31
num_cat=0
split_feature=2 2 0 8 0 7 8 9 9 8 9 0 9 7 0 9 3 3 11 3 8 8 11 0 7 8 3 9 8 0
split_gain=0.734501 5.91366 4.52739 5.71723 6.0543 10.0283 4.15583 3.45371 4.41329 3.40405 4.91806 5.32863 3.45488 6.75715 5.11074 4.89272 3.14907 2.68657 3.94152 3.12477 3.55398 3.45989 2.6715 2.62891 2.51153 7.10807 2.38044 3.84787 2.74382 4.43171
threshold=50.363204643391079 48.693375825176425 -0.0055826769612982571 -0.6012450591599886 0.0040835579868553368 0.03523219457828914 -1.8602084158014363 1.2000129679275668 0.95808203131752279 0.22901903697502909 1.3458784215456816 -0.0014467589614625422 0.84345165384470289 0.015892569034949448 0.0017255099581645922 1.1020737213233354 -1.0769524651140319 8.876238557236368 1.5000000000000002 0.38821404036256041 -3.2991071655522508 0.16265698496725511 7.5000000000000009 -0.0010968340205181886 0.056371742635609276 3.6940282427469238 -0.028863230652151631 1.1112541125333288 1.9246548688502476 -0.00059152923382757192
decision_type=2 2 2 2 2 2 2 2 2 2 2 2 2 2 2 2 2 2 2 2 2 2 2 2 2 2 2 2 2 2
left_child=1 9 -2 4 5 7 23 8 -4 17 12 -12 14 -14 22 -15 -8 18 -1 21 -21 -20 -11 -3 -5 -26 27 -18 29 -28
right_child=2 6 3 24 -6 -7 16 -9 -10 10 11 -13 13 15 -16 -17 26 -19 19 20 -22 -23 -24 -25 25 -27 28 -29 -30 -31
leaf_value=0.032288079172538411 -0.043669687469930302 0.042978953254875996 0.022139308546513622 0.00052580167111348998 0.068157082659747237 -0.043701464777861188 -0.057708634769553693 0.050012976397538537 -0.015570510817566184 -0.041695628011020378 0.016591530259559579 -0.057654270466048332 0.064170714287001732 -0.0037159756664186805 0.037639106818952509 0.03844083089375222 0.0074139392287427318 -0.031667821234807512 -0.001645607960956209 0.016067720281142991 -3.4215879179874224e-05 -0.044291142143608533 -0.00030808282893059224 -0.0077897995171178763 -0.079229216990878704 -0.00066437638348048526 -0.049910644368932278 -0.032909481744653531 0.013496401731349084 -0.013974514508985472
leaf_weight=9.1096044331788999 5.68957895040512 4.8578182607889175 33.850263506174088 1200.3284719213843 5.0488053858280173 7.3098787665367118 4.6045803129672995 7.5946397632360449 10.065996170043944 5.0876622349023881 4.5374757796525955 5.1703359633684141 8.5897624343633634 16.784737780690197 7.6024868488311759 11.66652801632881 20.791361376643184 6.9405585527420035 869.0618720240891 54.930733751505613 91.10535753518343 4.7823131829500189 16.688680544495583 5.3671593666076642 3.7910712063312522 11.965987689793108 13.635662719607348 8.2692949026823026 4.6416012048721305 23.135642647743229
leaf_count=38 25 20 138 5017 23 31 19 31 41 21 20 21 36 69 33 48 86 29 3627 232 375 20 69 22 17 60 57 34 20 95
internal_value=3.5561e-06 -0.000887542 0.000833463 0.00103129 0.0156127 0.0111027 -0.0135748 0.0188799 0.0134959 8.56635e-05 0.0102903 -0.0229514 0.0151489 0.0253047 0.00234441 0.0135706 -0.0176476 -0.000664249 -0.000455129 -0.000747592 0.00602245 -0.001879 -0.00997756 0.0163301 0.000265459 -0.0195667 -0.0150301 -0.00406021 -0.0227279 -0.0273005
internal_weight=2483.01 1197.36 1285.64 1279.96 63.8696 58.8208 85.3031 51.5109 43.9163 1112.06 76.1277 9.70781 66.4199 37.041 29.3788 28.4513 75.0781 1035.93 1028.99 1019.88 146.036 873.844 21.7763 10.225 1216.09 15.7571 70.4736 29.0607 41.4129 36.7713
internal_count=10374 4991 5383 5358 264 241 353 210 179 4638 317 41 276 153 123 117 311 4321 4292 4254 607 3647 90 42 5094 77 292 120 172 152
is_linear=0
shrinkage=0.05


Tree=119
num_leaves=30
num_cat=0
split_feature=8 11 7 8 2 8 8 11 8 8 3 12 12 8 12 12 0 9 12 12 0 2 3 8 12 0 0 0 11
split_gain=0.743608 1.85889 0.753744 2.03718 2.4274 2.03512 5.15741 8.55547 4.77571 3.73516 3.1983 1.66334 2.14548 2.48282 1.41347 6.6115 8.92731 6.43602 5.67933 5.5418 5.59343 3.41792 3.18721 2.70583 2.47401 2.40166 4.2881 4.01793 2.03767
threshold=-12.997513815722366 12.500000000000002 0.011214696758121203 4.0887368898771914 81.627382511275997 1.7611083970018586 1.1039118197094784 11.500000000000002 1.9246548688502476 2.046437066863724 -1.6787218103267696 -0.013432925317040855 -0.011038244316389991 3.0841780018746445 -0.027257248993911899 -0.025204511512827911 0.0027078371026616941 0.80091114784164097 -0.024549272609793869 -0.02843458540123801 0.0019655914913820354 66.6666666666667 -1.1590610625839057 1.6850813901981778 -0.027876131150828536 0.0019298452930141547 0.0024714270646499967 -0.00049855503084430478 2.5000000000000004
decision_type=2 2 2 2 2 2 2 2 2 2 2 2 2 2 2 2 2 2 2 2 2 2 2 2 2 2 2 2 2
left_child=1 -1 3 4 5 6 10 -8 -7 -10 -2 14 -13 -14 19 16 23 -18 21 25 24 -17 -20 -16 -21 27 -27 -4 -22
right_child=2 -3 11 -5 -6 8 7 -9 9 -11 -12 12 13 -15 15 18 17 -19 22 20 28 -23 -24 -25 -26 26 -28 -29 -30
leaf_value=-0.010214663828089339 -0.032562269875768449 0.04778625945947787 0.00053879726801284687 0.029675811645934216 -0.02890802857105447 0.058964851393994572 -0.030446201440506096 0.042255891672664206 -0.035485050281071233 0.01289578418708893 0.0051203821963293275 -0.037101628973779562 -0.030910161484388299 0.014434507691935862 0.030686713220862073 -0.058840702595860307 -0.045125894858226698 0.012785143394668639 0.036667377794872377 0.019998485917159178 -0.029283258509991042 -0.0036607378235185479 -0.00019497735707536834 0.067791172631053762 -0.021489516949908 0.013182253076548748 0.00064491118053944642 -0.0050509531052575262 -0.067708726885792894
leaf_weight=2.8076519072055808 5.8251188993453971 2.719417080283165 945.92304551973939 6.7290200889110556 6.2751798927783957 4.9428573548793784 24.940770089626316 4.8303101807832709 4.6085378676652899 29.692257717251778 168.8730335906148 6.9654015004634884 4.8430207669734946 8.0143644362688047 13.858156174421312 6.5573011934757215 5.871800333261489 26.228112503886223 6.0939162075519553 7.3493938595056534 8.8272391855716688 4.9059243053197861 155.33015747368336 7.6125218272209159 7.0309449136257189 81.018332481384277 431.11914909631014 486.99316864833236 5.6638635993003836
leaf_count=18 24 24 3946 32 28 22 107 21 20 134 719 29 20 34 57 27 24 108 25 30 36 20 639 32 29 333 1814 1998 24
internal_value=3.45756e-06 0.0183228 -3.74208e-05 0.00252762 0.00179687 0.00258746 0.000585774 -0.0186504 0.0130168 0.0063955 0.0038639 -0.000334011 -0.0147529 -0.00264557 -0.000204114 0.0035373 0.018885 0.0021919 -0.00121833 -0.000633347 -0.0223785 -0.0352253 0.00119661 0.0438423 -0.000286145 -0.000310573 0.00262827 -0.00136094 -0.0443019
internal_weight=2482.45 5.52707 2476.92 256.717 249.988 243.713 204.469 29.7711 39.2437 34.3008 174.698 2220.21 19.8228 12.8574 2200.38 226.458 53.5706 32.0999 172.887 1973.93 28.8714 11.4632 161.424 21.4707 14.3803 1945.05 512.137 1432.92 14.4911
internal_count=10374 42 10332 1107 1075 1047 871 128 176 154 743 9225 83 54 9142 932 221 132 711 8210 119 47 664 89 59 8091 2147 5944 60
is_linear=0
shrinkage=0.05


Tree=120
num_leaves=21
num_cat=0
split_feature=0 12 9 8 0 12 0 12 9 8 0 2 3 3 9 3 2 9 8 9
split_gain=0.690717 1.75224 1.86859 1.10818 2.19234 4.34891 1.16937 1.926 0.991057 2.33198 4.07457 3.34068 2.93596 1.91514 1.23599 3.99865 3.99383 1.89145 4.28092 2.67403
threshold=0.013454294945522804 -0.062212912410127039 1.3372032047073457 13.82166037696882 0.010194863754946938 -0.044766576325533429 0.010929175309834322 -0.073106078874103905 2.5976913601917699 3.7552478471161455 -0.00018422597243552345 71.428571428571487 0.057847268079224537 0.20456353619462339 2.0478343373342396 0.51822614881113138 35.309396485867083 1.8029190336478724 -5.3612248602104344 1.7157437682208003
decision_type=2 2 2 2 2 2 2 2 2 2 2 2 2 2 2 2 2 2 2 2
left_child=3 2 -2 6 5 -5 8 -8 14 10 -10 -11 -12 -13 17 16 -16 19 -19 -1
right_child=1 -3 -4 4 -6 -7 7 -9 9 11 12 13 -14 -15 15 -17 -18 18 -20 -21
leaf_value=-3.4468854178629944e-05 0.048230096507889918 -0.0063473773238739012 0.0016635258519226326 -0.039471218986363972 -0.039614812385721912 0.025886961306458157 0.037804069921566548 -0.0019456469868689163 -0.0088905438286861743 -0.040326423267102701 0.016019988033193443 0.030668634303197381 0.069934754504639013 -0.010888186971322482 -0.036424712114323722 -0.040847647154277696 0.004568316630799883 0.058301665100568958 0.0052079898578283549 -0.015709577216412637
leaf_weight=2271.3502245768905 4.4807587116956729 8.2884985059499723 4.1491578072309494 4.2306732833385459 5.2638168260455123 6.3885870873928061 5.3910613656044006 7.0097662955522519 6.6222939193248758 4.7332319319248191 5.333250030875206 5.5338656008243543 4.7955886870622635 5.5557524561882019 7.0721717476844779 7.7830869406461707 37.17062421143055 4.1160383075475684 48.915320664644241 27.537134081125259
leaf_count=9466 28 34 18 20 25 28 32 29 29 20 22 23 21 23 30 32 155 20 204 115
internal_value=3.56258e-06 0.0100718 0.0258415 -6.55461e-05 -0.01323 -0.000151491 1.98356e-05 0.0153349 -5.81115e-05 0.00860475 0.021607 -0.00516028 0.0415464 0.00984921 -0.000175495 -0.00779834 -0.00198438 -6.87319e-06 0.00932886 -0.000222233
internal_weight=2481.72 16.9184 8.62992 2464.8 15.8831 10.6193 2448.92 12.4008 2436.52 32.574 16.7511 15.8228 10.1288 11.0896 2403.94 52.0259 44.2428 2351.92 53.0314 2298.89
internal_count=10374 80 46 10294 73 48 10221 61 10160 138 72 66 43 46 10022 217 185 9805 224 9581
is_linear=0
shrinkage=0.05


Tree=121
num_leaves=23
num_cat=0
split_feature=0 2 7 2 2 8 0 0 0 0 8 8 3 8 2 12 7 2 7 7 12 3
split_gain=0.685283 1.1407 0.898913 0.757991 5.57946 4.31043 5.08392 7.6946 4.61362 3.98998 6.38436 3.92458 3.65404 3.3848 2.95938 2.78325 2.66169 2.58269 2.35506 2.29319 3.12776 2.05561
threshold=-0.010433720819822781 26.730391933202522 0.070725601258957785 50.363204643391079 48.693375825176425 0.55424389503079052 -0.0049907365120310469 -0.0039911193499093172 0.0051713792291983012 -0.0025346845843529152 1.1795277829726398 1.5334381079822728 -1.0769524651140319 -1.8602084158014363 53.472222222222207 -0.23717589734544492 0.0054264148615145507 45.928079242032759 0.008199848637424104 0.0063667731771180234 -0.011038244316389991 1.9041703148445519
decision_type=2 2 2 2 2 2 2 2 2 2 2 2 2 2 2 2 2 2 2 2 2 2
left_child=1 -1 3 4 11 6 -5 -8 -9 10 -7 15 -6 -14 -12 -2 -17 -13 -15 20 -11 -21
right_child=2 -3 -4 5 12 9 7 8 -10 19 14 17 13 18 -16 16 -18 -19 -20 21 -22 -23
leaf_value=-0.0059943895277807489 -0.057662438968596033 0.034826950181749076 -0.017906034131663983 -0.048487892632480774 -0.053528847766201697 -0.06499908663130409 0.07330964708992313 0.005579537694976185 0.052485565512310088 -0.035324888843062272 -0.039603027442820647 0.053484883746998772 0.018039738845503892 -0.045252846573850446 0.004613853794134995 0.02302407865544704 -0.00042973468045327665 0.008498797443157206 -0.011599793084582437 -6.9090390327420875e-05 0.0046621842209411896 0.013716198861671434
leaf_weight=3.2102394104003897 2.1088393628597251 3.6652264520525932 7.0207128822803488 4.0554789304733267 5.2826994508504859 6.0110805928707149 4.4211964905261985 219.16326639801264 5.3707985356450072 10.624189898371698 5.029902100563052 5.4652379080653173 9.1398811191320402 5.6529188752174369 15.278506241738794 12.234715327620505 1073.2480267100036 7.6653092354536057 64.694940716028214 975.03252550214529 9.0610828176140767 27.814037516713142
leaf_count=22 12 19 34 18 22 25 19 906 25 44 21 25 37 23 68 52 4459 32 269 4083 43 116
internal_value=3.51748e-06 0.015767 -4.02839e-05 1.0552e-05 -0.00090074 0.000853334 0.0070048 0.00798774 0.00670152 -0.000513264 -0.0197352 5.1179e-05 -0.0132612 -0.010585 -0.0063376 -0.000276868 -0.000165382 0.027223 -0.014304 -1.84996e-05 -0.0169189 0.000313246
internal_weight=2481.25 6.87547 2474.38 2467.35 1185.49 1281.86 233.011 228.955 224.534 1048.85 26.3195 1100.72 84.7704 79.4877 20.3084 1087.59 1085.48 13.1305 70.3479 1022.53 19.6853 1002.85
internal_count=10374 41 10333 10299 4931 5368 968 950 931 4400 114 4580 351 329 89 4523 4511 57 292 4286 87 4199
is_linear=0
shrinkage=0.05


Tree=122
num_leaves=31
num_cat=0
split_feature=8 11 2 7 8 7 0 7 7 7 11 0 7 0 2 0 8 12 2 2 9 2 0 2 13 7 2 2 3 2
split_gain=0.715609 1.71171 0.71612 4.45562 2.31372 3.31304 2.91861 2.84567 8.35161 6.75835 4.56121 2.80822 1.99854 1.99625 7.18376 5.24199 5.43541 5.18473 6.37874 8.90779 6.44011 4.92682 3.78814 7.24232 6.20918 3.5839 3.52764 6.70396 3.52012 5.23743
threshold=-12.997513815722366 12.500000000000002 68.989794917083728 0.0057115090318313145 3.6133669623341071 0.023120389983923541 0.0039200816078869489 0.026309619970767018 0.025378210170612904 0.027937107397923468 7.5000000000000009 -0.00021304958365674261 0.016943636159716387 0.0029568571602308657 66.6666666666667 0.0019298452930141547 -2.3190566098500485 -0.043918032142299217 58.496983699140081 60.869565217391326 1.003463038512471 47.178453267162936 0.0015535783931431371 64.955978628941253 1.0000000180025095e-35 0.016943636159716387 39.044357469014983 52.853441894892683 -1.1590610625839057 30.075615441469107
decision_type=2 2 2 2 2 2 2 2 2 2 2 2 2 2 2 2 2 2 2 2 2 2 2 2 2 2 2 2 2 2
left_child=1 -1 13 -4 5 6 12 8 11 -9 -11 -6 -5 15 17 22 -17 26 20 -20 -19 -18 28 24 -24 -25 -15 -28 29 -2
right_child=2 -3 3 4 7 -7 -8 9 -10 10 -12 -13 -14 14 -16 16 21 18 19 -21 -22 -23 23 25 -26 -27 27 -29 -30 -31
leaf_value=-0.0090678428918994306 -0.045146924587786338 0.046828677697515551 -0.043286932787305818 0.0079417485536384062 -0.037975869479845305 0.035562834445627925 0.043270796807196317 0.036830325310161761 -0.048463447758756106 -0.004430324358853331 0.021392076837810789 0.00026031946865496641 -0.011308683141448344 0.040327052827638536 -0.026824473053049188 -0.026112109465908712 0.036658092043524201 -0.046130352881508525 0.034054374349316477 -0.012849176841608981 0.0031222338262688306 0.007847849057501799 -0.0019270122326674273 0.048364635766845632 -0.032533035644766277 -0.00550793542649986 -0.015106319141985295 0.0085518664033480303 -0.00069218365492804211 0.012316541222822663
leaf_weight=2.8235223963856688 4.1621572673320761 2.6598583608865738 5.3499859422445288 61.226109877228737 4.9757480174303046 10.732858151197432 4.954490363597869 15.62250044941902 9.9464070647954923 75.586778335273266 22.101609990000725 137.51805263757706 17.289947718381882 6.3539817631244651 31.505594730377197 10.629531800746916 16.534609109163284 20.211009502410892 13.440024957060812 41.012534931302071 9.8822741210460645 144.72832676768303 31.7411779910326 6.7351828664541227 34.674169719219208 5.6997117400169373 40.671370059251785 113.52764494717121 1494.7001673579216 83.831735342741013
leaf_count=18 17 24 23 270 21 47 22 64 41 320 104 571 72 29 135 44 68 82 55 168 40 598 129 29 142 23 171 490 6208 349
internal_value=3.46626e-06 0.0180462 -3.6502e-05 0.00200741 0.00268062 0.00941358 0.00605124 0.000293923 -0.00416686 0.00629513 0.00141189 -0.00107485 0.00370263 -0.000390358 -0.00434981 0.000206991 0.00851913 -0.00146086 -0.0114822 -0.0012724 -0.0299564 0.0108018 -0.000652928 -0.011349 -0.0179058 0.0236714 0.00381628 0.00231181 -0.000120048 0.00959849
internal_weight=2480.83 5.48338 2475.35 365.304 359.955 94.2034 83.4705 265.751 152.44 113.311 97.6884 142.494 78.5161 2110.04 276.604 1833.44 171.892 245.099 84.5458 54.4526 30.0933 161.263 1661.54 78.8502 66.4153 12.4349 160.553 154.199 1582.69 87.9939
internal_count=10374 42 10332 1555 1532 411 364 1121 633 488 424 592 342 8777 1170 7607 710 1035 345 223 122 666 6897 323 271 52 690 661 6574 366
is_linear=0
shrinkage=0.05


Tree=123
num_leaves=31
num_cat=0
split_feature=3 12 3 8 12 8 7 3 2 12 3 2 3 9 2 9 0 2 7 9 0 0 9 7 12 0 0 2 3 7
split_gain=0.711561 1.25741 0.880984 4.05012 5.10035 4.89528 3.94184 3.90086 4.48508 5.46812 3.20904 3.81775 1.38596 2.12871 3.76885 5.21048 6.27181 2.15537 1.30575 1.22547 1.05733 3.85425 3.12342 2.82675 3.41634 2.69486 2.57495 4.90904 3.43002 3.2793
threshold=16.536060538208265 -0.067944669956264872 1.6750095181845817 1.3579165908922015 -0.041208791208791291 2.1664301224480922 0.013806643941072628 2.1243946271890457 51.392768466790812 -0.075423995142166148 4.2233512829378066 62.074751214996546 1.1575055616543206 0.7455282001098722 65.207814594905201 1.0079270953360775 1.0000000180025095e-35 48.693375825176425 0.018437288492998801 0.88038076206800608 0.0031810484608432539 0.0030769454490838862 0.9234816510107754 0.042074657551904308 -0.10237965143040699 0.0029568571602308657 0.0046288803159307912 39.044357469014983 0.25147034631897619 0.024282993277981058
decision_type=2 2 2 2 2 2 2 2 2 2 2 2 2 2 2 2 2 2 2 2 2 2 2 2 2 2 2 2 2 2
left_child=2 -2 12 4 7 -5 19 -4 9 -9 11 -7 20 18 15 16 -15 -17 -14 -6 21 23 -23 25 -25 -1 29 -28 -29 -22
right_child=1 -3 3 5 6 10 -8 8 -10 -11 -12 -13 13 14 -16 17 -18 -19 -20 -21 26 22 -24 24 -26 -27 27 28 -30 -31
leaf_value=0.00019939007768857267 0.0045948863010452203 -0.031642216559127828 0.036198686729289491 0.051896440699666938 -0.025154003666333649 0.023318450094495496 -0.059615531819943071 -0.013310087055299766 -0.035189105620807223 0.030873726895721335 0.03776152154321305 -0.033465101595046648 -0.0089103054706565765 0.045865144242032904 0.038809513265417213 -0.0049452202221844689 -0.017510270743503729 -0.042106100709647966 -0.044504623903780516 0.0095566079070172408 -0.00099491152808062612 0.044279351224337071 0.003049255702607858 0.0070592182830792206 0.046282981440124771 -0.01907732426393708 0.073434769999866797 0.0024624165504720675 -0.015044819498577605 -0.014906032988501848
leaf_weight=1811.894784938544 4.7677856832742691 4.8080594390630704 8.8879347145557386 8.7661208361387271 5.071363687515257 5.3042930662632006 5.7253929823637 14.283294513821598 7.4970808923244467 13.737263932824138 5.4962109029293051 6.6977854371070862 4.670700326561926 7.2310140430927268 4.7130946666002265 6.1771548092365292 8.4842549562454206 10.594269931316374 5.7466747313737869 5.1000678092241287 99.797828033566475 9.0463069677352923 9.3320555686950666 46.273618187755346 6.3081952929496756 18.313798755407333 2.3155646026134482 227.46512854099274 31.90068181604147 73.612295001745224
leaf_count=7515 20 20 38 37 21 22 24 59 31 56 23 28 20 30 21 26 35 44 24 21 415 38 39 240 27 75 12 968 141 304
internal_value=3.53309e-06 -0.0135999 5.62621e-05 0.00501114 -0.00212634 0.0213986 -0.0264297 0.00657405 -0.000839215 0.00835132 0.00612009 -0.00836973 -0.000123666 -0.00856832 -0.00297389 -0.00903573 0.0116504 -0.0284192 -0.0285457 -0.00774972 4.84506e-05 0.000557306 0.0233438 0.000334882 0.0117649 6.49957e-06 -0.00217504 0.000956189 0.000309115 -0.00690016
internal_weight=2480.02 9.57585 2470.44 86.5668 60.3024 26.2644 15.8968 44.4056 35.5176 28.0206 17.4983 12.0021 2383.88 47.6172 37.1998 32.4867 15.7153 16.7714 10.4174 10.1714 2336.26 1901.17 18.3784 1882.79 52.5818 1830.21 435.091 261.681 259.366 173.41
internal_count=10374 40 10334 360 250 110 66 184 146 115 73 50 9974 200 156 135 65 70 44 42 9774 7934 77 7857 267 7590 1840 1121 1109 719
is_linear=0
shrinkage=0.05


Tree=124
num_leaves=31
num_cat=0
split_feature=9 9 12 12 12 0 12 3 3 9 0 0 7 0 12 8 2 8 12 7 12 8 0 12 12 7 7 0 0 8
split_gain=0.681485 3.81653 3.70434 8.03829 7.01206 5.65148 6.11049 4.37515 6.50914 5.92028 4.27695 4.23831 4.66955 4.12687 3.90383 4.59408 3.75168 6.36705 4.04203 6.71642 3.12594 2.84552 2.41664 3.41 2.7132 2.38972 2.38222 2.0522 1.80732 5.49327
threshold=0.67128587117973371 0.67943433696383504 -0.054315420580150681 -0.052386107488940264 -0.057011087645195337 0.0040052827312508669 -0.046882963812436174 -0.20017353114404332 -0.16880721396198251 0.66275570199703748 -0.00018422597243552345 0.0034977949882601688 0.019179839298795454 0.0015163175964041102 -0.038285840402097128 3.6133669623341071 38.807746979388781 -2.1403358710629612 -0.11225015237815002 0.03020044333016424 -0.14200353998747997 -0.35054950006349134 -0.002006120654745609 -0.039999999999999987 -0.075998146431881311 0.023365593973599417 0.070725601258957785 -0.0012079168218865389 0.00032756258123442815 -6.1744155501228226
decision_type=2 2 2 2 2 2 2 2 2 2 2 2 2 2 2 2 2 2 2 2 2 2 2 2 2 2 2 2 2 2
left_child=2 22 4 -4 7 6 10 16 -9 20 27 12 -8 -6 -7 -16 18 -18 19 -1 -10 -12 -2 24 -24 -19 28 -5 -3 -30
right_child=1 26 3 5 13 14 11 8 9 -11 21 -13 -14 -15 15 -17 17 25 -20 -21 -22 -23 23 -25 -26 -27 -28 -29 29 -31
leaf_value=-0.025419963982768214 -0.052787198891484546 -0.0015395791551288162 -0.049313906399734986 0.024194471488965835 0.016989028242942777 -0.058242858133743074 0.00080671393814862793 -0.043252941067696137 0.020517579313814885 0.041452260440982928 0.069844920696230106 0.039283181051513419 -0.021374118865113971 0.079100044754620194 0.023194846004967372 -0.040096527834766915 -0.052171673074183349 0.033168006690531215 0.060860735940124228 0.05240996892233353 -0.0022799007259669242 0.0223802627758375 -0.02236164744357054 -0.045170877267646903 0.030329663583522171 0.00351157611254756 -0.031349629690514066 -0.021567430516138519 -0.056324214598406391 0.0017054075467765632
leaf_weight=5.3844490796327609 4.8754146695137051 1027.8922422528267 8.9807471334934217 4.8963551968336105 5.8255554288625699 6.6120905578136471 127.10696977376938 8.151389114558695 16.876729816198349 9.2179547771811468 6.1073780655860901 6.0602060854434958 29.17403869330883 4.9441110640764236 5.462445989251135 6.0345946848392487 4.0420026108622542 10.994963288307192 8.2483199983835203 5.7130561396479607 137.90147851407528 6.5377824753522855 4.6906802579760551 5.1524688750505421 5.0987792164087296 17.773509666323662 6.1075661405920973 4.9033193886280078 4.0953630656003943 974.4979603253305
leaf_count=22 20 4292 37 20 24 27 533 34 81 39 25 25 119 20 23 25 18 45 34 29 578 27 20 21 21 81 29 20 17 4068
internal_value=3.43154e-06 -0.000385302 0.00177112 -0.00302354 0.00609263 -0.00097459 0.00163775 0.0042004 0.000356679 0.00252428 0.0260906 -0.00174303 -0.00333393 0.0455028 -0.027631 -0.0100257 0.016887 0.00658985 0.0343509 0.0146473 0.000205894 0.0453048 -0.0222203 -0.0122467 0.00508229 0.0148459 -0.000170299 0.00129726 -7.53922e-05 0.00146256
internal_weight=2479.36 2032.41 446.949 211.876 235.074 202.895 184.786 224.304 172.148 163.996 22.4448 162.341 156.281 10.7697 18.1091 11.497 52.1563 32.8105 19.3458 11.0975 154.778 12.6452 19.8173 14.9419 9.78946 28.7685 2012.59 9.79967 2006.49 978.593
internal_count=10374 8488 1886 881 1005 844 769 961 732 698 92 677 652 44 75 48 229 144 85 51 659 52 82 62 41 126 8406 40 8377 4085
is_linear=0
shrinkage=0.05


Tree=125
num_leaves=31
num_cat=0
split_feature=7 12 12 2 9 9 8 3 8 8 3 12 12 3 12 3 0 12 3 12 12 0 9 9 7 7 3 9 12 8
split_gain=0.672364 1.89605 4.42255 3.74807 3.70385 3.98309 3.99084 3.60391 2.93698 3.71041 2.93646 2.55695 1.63795 3.49685 6.52857 5.41242 5.69939 4.94663 3.09396 2.87177 4.87903 5.05448 4.65873 6.60977 6.31046 6.80537 4.99309 5.56275 4.67901 4.67669
threshold=0.011214696758121203 -0.042075463226407019 -0.036179506064646129 25.243085056169139 1.0611665834306814 0.64608684559211793 -1.0000000180025095e-35 -1.6787218103267696 -1.4389199386920482 -1.1196669829656942 -0.013068114610492379 -0.031517150374365498 -0.019367094514077244 0.11053098190247976 -0.016604425916965475 -0.20017353114404332 0.0060480702069804727 -0.015128069477978642 -0.09642981978937866 -0.027257248993911899 -0.02843458540123801 0.0019655914913820354 0.78199110603968525 0.73025093194265656 0.018117094205347649 0.017124790552940233 -0.18701770394282735 0.59388284306300942 -0.025204511512827911 2.5559850306734107
decision_type=2 2 2 2 2 2 2 2 2 2 2 2 2 2 2 2 2 2 2 2 2 2 2 2 2 2 2 2 2 2
left_child=1 3 10 -1 5 -5 -7 -4 -9 -10 -3 -11 19 15 -15 -14 17 18 -17 20 -2 -22 23 26 25 28 27 -21 -24 -26
right_child=12 2 7 4 -6 6 -8 8 9 11 -12 -13 13 14 -16 16 -18 -19 -20 22 21 -23 24 -25 29 -27 -28 -29 -30 -31
leaf_value=-0.014440320239501101 -0.0002425962459158043 -0.0010069284442537551 -0.029791609034431274 0.050533057540478189 0.055443046973311927 0.018251481019808294 -0.040679215672750041 0.03739247496706339 -0.040447072556781496 0.024321196581017265 -0.043996356007955942 0.0024000793557618521 -0.033146407022911835 -0.05951685282271945 -0.0025958893199980997 0.060036306910374697 -0.036204991050482631 -0.0052220505210353405 0.017881254310636648 -0.0040303015430374978 1.2289288375926712e-05 -0.041914112691064105 0.038418388436459172 -0.045945701925963707 0.032306410877880699 0.069403985996571743 -0.012948575586205699 0.065732916110053483 0.0077678517393192509 -0.0076725022153023058
leaf_weight=8.670233488082884 1947.8926109336317 7.2639384716749218 8.1776420027017576 4.7514575719833436 6.708640754222869 7.8488502651453036 4.5315989702939952 6.4020510315895072 4.7985937595367423 14.403856784105299 8.7659420818090421 173.99552055448294 10.71883876621723 8.2374433428049105 12.967673644423483 6.0051987916231147 6.8160171657800666 19.393747001886371 15.817268729209898 6.1016724854707736 14.350200533866884 14.404078528285025 17.034539610147476 9.1234906613826734 8.6541939973831159 6.589923456311225 19.44724977016449 5.3741808384656906 46.279078632593155 47.273217082023621
leaf_count=36 8133 30 34 21 30 34 20 27 20 61 36 758 44 34 54 25 28 80 65 25 59 60 72 37 35 27 81 22 193 193
internal_value=3.31103e-06 0.00242814 0.000789127 0.0137113 0.0239493 0.0116167 -0.00331884 0.00274137 0.00407426 0.00297018 -0.0245157 0.00407603 -0.000276344 -0.00730283 -0.0247077 -0.00102087 0.00614824 0.0131523 0.0294817 -1.41245e-05 -0.000544411 -0.0209902 0.00630494 -0.0085483 0.0110321 0.0210475 0.00248535 0.02864 0.0160144 -0.00148617
internal_weight=2478.8 256.318 223.808 32.5108 23.8405 17.1319 12.3804 207.778 199.6 193.198 16.0299 188.399 2222.48 79.9562 21.2051 58.7511 48.0322 41.2162 21.8225 2142.52 1976.65 28.7543 165.878 40.0466 125.831 69.9035 30.9231 11.4759 63.3136 55.9274
internal_count=10374 1107 966 141 105 75 54 900 866 839 66 819 9267 330 88 242 198 170 90 8937 8252 119 685 165 520 292 128 47 265 228
is_linear=0
shrinkage=0.05


Tree=126
num_leaves=31
num_cat=0
split_feature=0 12 2 7 9 9 8 8 7 11 2 0 9 0 0 11 7 0 0 11 12 2 2 0 11 8 11 8 11 9
split_gain=0.685295 1.63593 1.22821 0.989637 5.24276 4.64027 5.12169 3.77289 1.96491 3.93205 2.66254 4.61435 4.65646 4.34928 2.58341 2.42175 1.58742 7.19028 4.14699 3.52873 4.99734 3.26732 4.90903 2.83252 2.05746 1.93285 4.21353 1.56923 1.27071 1.18101
threshold=0.013454294945522804 -0.073612834298318094 80.103792308104929 0.054730877967777099 0.65388108712954984 0.80358062442456113 1.0024653548756766 5.3042487195173473 0.043580589018418193 15.500000000000002 62.83212936438742 0.0049493848949817487 1.0929111501083619 0.0095036313553859206 0.0073999881961986933 5.5000000000000009 0.03781866878285884 0.0080344818118911511 0.0086848952416330952 1.0000000180025095e-35 -0.034937128426369188 56.366531557614373 61.057289240801104 -0.0034766494743691746 2.5000000000000004 11.03046731492134 2.5000000000000004 -8.133741868315651 8.5000000000000018 1.1778424226289761
decision_type=2 2 2 2 2 2 2 2 2 2 2 2 2 2 2 2 2 2 2 2 2 2 2 2 2 2 2 2 2 2
left_child=3 -2 -3 8 -5 -6 27 -8 16 10 11 12 -10 15 -13 -12 18 21 25 20 -20 23 -23 -18 -21 28 -27 -7 -1 -19
right_child=1 2 -4 4 5 6 7 -9 9 -11 13 14 -14 -15 -16 -17 17 29 19 24 -22 22 -24 -25 -26 26 -28 -29 -30 -31
leaf_value=0.0013434056850873798 0.028759889764750947 -0.020076196143076132 0.015118785781802447 0.040345192440678836 -0.054427895577255019 -0.007241328195845307 -0.062284949302168435 -0.0015746779191686139 0.014837289406291948 0.045918780055460573 -0.046831787578974354 0.056078729176465517 -0.027141411935750055 0.025917448888613599 0.013444046872448576 -0.00480968259657376 0.0064277613474761899 -0.027770205769620412 0.07835354875266369 -0.018973355916561768 0.012935752432407807 0.048228117070960336 -0.00088152776980587346 -0.015942375513735806 0.024503423838532372 -0.050119452803803859 0.0022085729532931005 0.03015882649496239 -0.0010666723061076664 -0.058759962704530516
leaf_weight=970.70258350670338 6.8994403555989292 5.0915425419807416 4.8307048827409744 4.6933931410312644 6.3348276913166073 4.4675221145153063 5.1138490289449674 5.1226102411746979 18.733993448317054 6.3330359011888495 6.934774726629259 7.1272055059671384 10.204182930290697 5.697272077202796 7.0852861925959587 6.7812471389770508 22.847224123775959 6.6648229509592039 4.9613670259714127 6.0188126116991025 7.0930178612470645 7.4132565706968334 16.227855741977692 37.175597615540028 4.9666685163974762 6.1145096123218563 10.373408541083334 7.53506138920784 1252.762539960444 5.7068471536040306
leaf_count=4019 39 21 20 24 29 21 23 26 88 48 30 33 46 28 35 33 113 29 21 25 29 32 72 156 22 27 44 35 5181 25
internal_value=3.37147e-06 0.010061 -0.00294131 -6.537e-05 -0.00863071 -0.0166752 -0.00592132 -0.0319038 5.19916e-05 0.0083752 0.00457485 0.0114933 3.47551e-05 -0.0108032 0.0348243 -0.0260559 -0.000191093 -0.00648724 7.60994e-05 0.0211806 0.0398605 -0.0012262 0.014518 -0.00742736 0.000683021 -0.000140978 -0.0171972 0.016238 -1.44998e-05 -0.0420653
internal_weight=2478.01 16.8217 9.92225 2461.19 33.2673 28.5739 22.239 10.2365 2427.93 68.897 62.564 43.1507 28.9382 19.4133 14.2125 13.716 2359.03 96.0356 2262.99 23.0399 12.0544 83.6639 23.6411 60.0228 10.9855 2239.95 16.4879 12.0026 2223.47 12.3717
internal_count=10374 80 41 10294 158 134 105 49 10136 341 293 202 134 91 68 63 9795 427 9368 97 50 373 104 269 47 9271 71 56 9200 54
is_linear=0
shrinkage=0.05


Tree=127
num_leaves=31
num_cat=0
split_feature=3 2 0 7 2 2 3 7 2 8 9 12 12 2 11 9 2 12 2 8 12 9 3 9 3 11 7 0 12 2
split_gain=0.674012 1.64932 4.96296 3.85684 2.83939 2.59868 2.47602 4.12102 4.40308 4.73055 3.37373 2.4463 3.46031 4.04691 3.3779 4.22518 2.22198 1.99905 4.90822 8.39958 4.10042 3.9684 5.11374 3.56716 3.26344 3.25454 3.75309 2.90565 2.57752 1.95216
threshold=-0.065977175474899535 69.773830820342454 0.0031276565839427296 0.0095933957136201311 71.134020618556704 70.479059093516909 -0.087437073614694619 0.0099952522891580877 62.644796278903335 0.96143294175645333 0.86907907299548526 -0.036716862922705241 -0.030572631016730401 76.205987280905859 3.5000000000000004 1.0789758244699224 73.333333333333357 -0.055892156394885685 32.733692385927597 -2.3190566098500485 -0.052386107488940264 1.4629747699870486 -0.44268475442680283 0.56053121687902319 -0.41387816584498149 18.500000000000004 0.024492723918835817 -0.0041475295693304036 -0.045269153101722977 76.205987280905859
decision_type=2 2 2 2 2 2 2 2 2 2 2 2 2 2 2 2 2 2 2 2 2 2 2 2 2 2 2 2 2 2
left_child=1 6 3 -3 -5 -4 17 -8 9 10 -9 14 -13 -14 15 -7 -6 21 28 -20 -21 22 23 -1 -24 26 -23 -27 -19 -18
right_child=-2 2 5 4 16 11 7 8 -10 -11 -12 12 13 -15 -16 -17 29 18 19 20 -22 25 24 -25 -26 27 -28 -29 -30 -31
leaf_value=0.035325166473319063 0.00068156295224647289 -0.010472851307023839 0.030806397434695848 0.06366223646639127 -0.0022657214376318826 -0.044482270790896172 0.033772047983707948 -0.0031495644329730685 -0.052028623149290312 0.026541186884948404 -0.032440311227022491 -0.0522723395147284 -0.026762474755621025 0.014911359557475599 0.035567102642651539 0.014300024195556746 0.056660562671957272 -0.009650356390318313 0.053137675951549529 -0.02098616491222614 -0.0020046390215175364 -0.038541339988307853 -0.034519315249976812 0.0078920277447580272 -0.0004213413772808166 0.038541375004127777 -0.0045150488973546236 -0.013282575360148844 -0.058760739212281858 0.016343754156909581
leaf_weight=12.979507908225058 1477.890900850296 7.1516892611980465 5.0026183575391761 5.3013916611671474 6.1893452852964428 4.9651282876729983 4.6223531812429419 21.140570193529129 7.1292035132646552 7.5011089146137229 18.376094549894333 5.4244313240051296 12.920604437589647 10.608713090419768 6.6501165628433219 7.954431876540184 5.4758641272783262 4.8487517386674881 6.6584198027849189 30.873272821307182 362.71876646578312 15.649507954716681 7.2236561775207511 136.14899988472462 245.42989711463451 5.0304903388023376 16.807865746319294 5.8501292616128904 5.950680658221243 6.6473278403282166
leaf_count=59 6213 33 22 23 26 21 20 87 30 31 77 22 54 44 28 33 24 20 27 126 1489 64 31 572 1026 22 72 24 25 29
internal_value=3.38779e-06 -0.000999653 0.00569292 0.0216958 0.0314383 -0.00350518 -0.00161623 -0.0115441 -0.0154126 -0.00986056 -0.0167704 -0.0070426 -0.0162723 -0.00797291 0.00661297 -0.00829065 0.0221097 -0.000934758 -0.00344892 -0.00255145 -0.00349355 0.00138696 0.00293749 0.0102797 -0.00139624 -0.0129878 -0.020921 0.0106774 -0.0367111 0.0345543
internal_weight=2477.12 999.231 84.2917 30.7656 23.6139 53.526 914.939 58.7693 54.147 47.0178 39.5167 48.5234 28.9537 23.5293 19.5697 12.9196 18.3125 856.17 411.05 400.25 393.592 445.12 401.782 149.129 252.654 43.338 32.4574 10.8806 10.7994 12.1232
internal_count=10374 4161 359 135 102 224 3802 245 225 195 164 202 120 98 82 54 79 3557 1687 1642 1615 1870 1688 631 1057 182 136 46 45 53
is_linear=0
shrinkage=0.05


Tree=128
num_leaves=31
num_cat=0
split_feature=3 12 3 8 12 7 8 11 11 12 2 2 2 9 3 3 0 0 0 9 12 9 7 3 12 2 9 12 2 2
split_gain=0.676976 1.16017 0.795699 3.68188 4.63735 6.24193 4.4903 3.10023 4.2354 5.0035 3.23473 2.57727 4.46285 2.40214 1.25861 1.99675 2.38615 3.15432 5.02633 2.2803 2.13471 1.19819 0.930449 2.92452 2.96298 5.22993 4.05688 1.35476 3.17678 3.80924
threshold=16.536060538208265 -0.067944669956264872 1.6750095181845817 1.3579165908922015 -0.039662296950698138 0.013806643941072628 2.005897088943033 8.5000000000000018 12.500000000000002 -0.075423995142166148 51.774849695791481 60.644058683462653 67.209796243445993 0.88291386491949198 1.1575055616543206 1.2253360972164888 -0.00071611952514943585 -1.0000000180025095e-35 0.00071507842960313016 1.0701614615482253 -0.059399939993999382 0.88038076206800608 0.0097731701027050314 0.71790485475112331 -0.026189848604014156 35.309396485867083 1.2331709870973901 -0.01268345756443991 68.000000000000028 80.72092290731554
decision_type=2 2 2 2 2 2 2 2 2 2 2 2 2 2 2 2 2 2 2 2 2 2 2 2 2 2 2 2 2 2
left_child=2 -2 14 4 7 21 -5 10 -9 -10 13 -8 -13 -4 22 20 19 -18 -19 -17 -16 -6 23 24 26 -26 -1 -24 -29 -30
right_child=1 -3 3 6 5 -7 11 8 9 -11 -12 12 -14 -15 15 16 17 18 -20 -21 -22 -23 27 -25 25 -27 -28 28 29 -31
leaf_value=0.019142483600614189 0.0041723563546309014 -0.030671459628216814 0.065353850118888029 0.053958237511374074 -0.020892400610585265 -0.072419773887969996 0.02771234672814106 -0.046586893680279726 -0.020134537834081645 0.025352039819667455 -0.004469093455278416 -0.040966988609153591 0.025097147020482387 0.016182413613504268 -0.0038848249527089888 -0.0017347902921895292 0.040040369003119025 -0.043825414014631782 0.013938174045286234 -0.04172629725578457 -0.051426500768087337 0.01432651758231057 -0.00010027503354428467 0.04315974873317515 -0.054800420447811193 4.7973073560599299e-05 -0.014071590453804156 -0.048980590895630977 0.017108427236633809 -0.028580205871001203
leaf_weight=42.945185258984566 4.7698116302490234 4.7861102223396284 5.0390225201845187 7.2289253622293499 4.8159685134887678 4.9202004969120017 8.6545328646898287 4.853456079959872 11.134866505861284 13.227767229080198 6.3964187502861014 5.3411460667848569 4.9030081927776337 4.8980882465839386 4.5187617242336273 8.2670499533414823 5.4734272658824912 5.3693599849939408 12.611881509423254 6.2662891149520865 4.9452117010951024 4.8440512418746948 2141.8644790500402 4.5524224638938895 4.5349808782339087 104.39643159508705 11.697928935289381 4.6946650892496136 10.400102764368059 8.127051040530203
leaf_count=187 20 20 21 31 20 21 36 20 47 54 27 22 21 20 19 35 23 22 53 27 21 20 8943 22 19 455 49 20 44 35
internal_value=3.25941e-06 -0.0132793 5.47109e-05 0.00477227 -0.00203716 -0.0265797 0.0204434 0.0058188 -0.00393454 0.00456254 0.0232648 0.00762372 -0.00934769 0.0411168 -0.000116218 -0.00817774 -0.00305834 0.0068059 -0.00331055 -0.0189778 -0.0287268 -0.00323175 4.77339e-05 0.00363083 0.0025307 -0.00223545 0.0120321 -0.000230506 -0.0122424 -0.00293318
internal_weight=2476.48 9.55592 2466.92 86.2575 60.1298 14.5802 26.1276 45.5496 29.2161 24.3626 16.3335 18.8987 10.2442 9.93711 2380.67 47.452 37.988 23.4547 17.9812 14.5333 9.46397 9.66002 2333.21 168.127 163.575 108.931 54.6431 2165.09 23.2218 18.5272
internal_count=10374 40 10334 360 250 61 110 189 121 101 68 79 43 41 9974 200 160 98 75 62 40 40 9774 732 710 474 236 9042 99 79
is_linear=0
shrinkage=0.05


Tree=129
num_leaves=31
num_cat=0
split_feature=8 8 0 9 7 7 9 7 12 12 0 3 12 9 8 7 2 7 9 3 8 7 9 0 0 9 7 8 8 7
split_gain=0.644203 3.18626 3.31441 2.7453 2.63604 3.29159 2.64461 2.46062 2.8426 2.82249 2.77379 3.07683 5.32468 3.76866 2.91876 1.50708 1.36377 1.23545 2.64982 1.99822 1.53906 1.52626 2.48187 2.78933 4.39187 1.98335 1.84094 4.77657 5.51575 5.29583
threshold=-5.3612248602104344 -4.809614867320593 -0.003418241972059755 0.93512801136823231 0.019179839298795454 0.03146649298250271 0.94735197796013837 0.018117094205347649 -0.090539853179731053 -0.10237965143040699 -0.00062110486426223159 0.34292007876996433 -0.10692156773281013 0.8171567140023499 -6.7593057563042489 0.024932902725803178 29.747827929646082 0.056371742635609276 1.3677265533933003 -0.36033469690784864 6.4616445368053848 0.044394441164678271 0.73658675390189665 0.0011404612405778341 0.0049493848949817487 0.62305183208673753 0.032382044560943644 -3.6358621704988909 -2.7835647427639856 0.03448645749530705
decision_type=2 2 2 2 2 2 2 2 2 2 2 2 2 2 2 2 2 2 2 2 2 2 2 2 2 2 2 2 2 2
left_child=7 2 3 16 -4 6 -6 -1 9 10 11 12 -9 -13 -12 -11 -2 21 19 -19 -21 26 25 -24 -25 -23 -3 29 -29 -28
right_child=1 17 4 -5 5 -7 -8 8 -10 15 14 13 -14 -15 -16 -17 -18 18 -20 20 -22 22 23 24 -26 -27 27 28 -30 -31
leaf_value=0.032758474584555858 0.0057728804807569301 0.00043988422868934961 0.031303568309179859 -0.052613631597151059 -0.0054367407846385822 0.022929706728234866 -0.053766761096080619 0.0027349060641430382 -0.035050915713961871 0.008840995645335482 -0.044843468844168385 -0.02020468986893259 -0.045237440211340928 0.037323503428615019 0.0057144861462565463 0.043375302961377427 -0.031706550464839139 0.026416798154605761 -0.041978799317817152 -0.02451903115280455 0.011633173762424091 0.0040452007511046556 0.03111942761002072 -0.026333810768723057 0.0090761030129350353 0.048023622101875441 -0.066476300326282919 0.02338168489337826 -0.0045992626158278746 -0.01010854860228123
leaf_weight=6.6686954349279395 4.9025319069623965 1949.3634847402573 4.8261643797159222 7.8020920455455771 6.9148406535387057 5.0937438309192649 4.7921714335680008 109.60771562531589 5.0779761523008338 6.5082644373178464 6.4603263139724731 3.7270180135965338 6.106572508811964 12.054895773530005 5.1148456931114179 6.1392618119716644 4.8069620579481125 4.5629737004637763 5.4429617822170249 8.524338483810423 4.496949404478074 4.3450691476464254 7.596346139907836 12.672575168311594 28.338372811675072 6.2530407533049583 6.1330320537090328 19.321779578924179 199.08592176064849 12.997936867177485
leaf_count=30 20 8049 20 34 28 22 20 502 21 27 28 16 25 58 22 25 20 25 24 38 24 25 42 57 132 33 25 81 846 55
internal_value=3.07896e-06 -0.000214165 -0.0143589 -0.0305288 -0.00126599 -0.0106219 -0.0252202 0.00299748 0.00176321 0.00296371 0.000962275 0.00302783 0.000203269 0.0237378 -0.0225029 0.0256044 -0.0127824 2.98063e-05 -0.0114927 -0.00205613 -0.0120337 0.000147936 0.00806935 0.00328919 -0.00186573 0.0299931 -6.65187e-05 -0.00422232 -0.00212388 -0.028179
internal_weight=2475.74 2308.27 39.1385 17.5116 21.6269 16.8008 11.707 167.466 160.797 155.719 143.071 131.496 115.714 15.7819 11.5752 12.6475 9.70949 2269.13 23.0272 17.5843 13.0213 2246.11 59.2054 48.6073 41.0109 10.5981 2186.9 237.539 218.408 19.131
internal_count=10374 9620 164 74 90 70 48 754 724 703 651 601 527 74 50 52 40 9456 111 87 62 9345 289 231 189 58 9056 1007 927 80
is_linear=0
shrinkage=0.05


Tree=130
num_leaves=31
num_cat=0
split_feature=8 2 8 9 7 7 9 8 12 7 2 13 7 3 12 2 2 2 8 0 7 7 9 12 7 9 9 9 0 9
split_gain=0.637549 4.91728 3.32012 3.47535 2.83897 4.04894 2.76562 4.24628 3.91203 3.74494 2.53893 2.52712 4.46788 2.27858 3.69578 2.04792 2.0457 5.01729 4.59857 4.60016 2.37702 2.90824 1.47557 2.85147 2.00454 1.33615 1.17669 1.16107 4.032 2.44207
threshold=5.3042487195173473 60.294117647058833 4.6818662487737255 0.7428346177773234 0.013554662611714329 0.014176243603724532 1.7157437682208003 5.4330052130700892 -0.017766510178416704 0.020081839134341185 68.78691897765502 1.0000000180025095e-35 0.020781660135350703 -0.2443409268138487 -0.059004631531059053 72.164948453608289 77.089248714603656 80.103792308104929 2.7145827298491318 0.0024714270646499967 0.011214696758121203 0.015650421729656718 2.5976913601917699 -0.058527371941559554 0.017024757978293 2.4427477077863933 1.1474519897617086 1.389721570559973 -0.0015377969111604265 1.2918150192261681
decision_type=2 2 2 2 2 2 2 2 2 2 2 2 2 2 2 2 2 2 2 2 2 2 2 2 2 2 2 2 2 2
left_child=2 26 16 -4 -3 -6 7 -7 10 -9 -8 12 -5 -13 -15 -16 22 20 -19 -20 -18 -22 25 -24 -25 27 -2 29 -29 -1
right_child=1 4 3 11 5 6 8 9 -10 -11 -12 13 -14 14 15 -17 17 18 19 -21 21 -23 23 24 -26 -27 -28 28 -30 -31
leaf_value=-0.00024462421208147031 0.052531436112226285 -0.030116101659325933 0.01715875673258254 0.036558349384574571 0.07036460523797658 0.046992262570985134 -0.038427943669547118 -0.021348067714798177 0.031385944238054207 0.0051598583206610938 -0.0079519528925653723 -0.056411610562860086 -0.020770369170208226 0.015747800768458567 -0.04401116163358243 -0.013979004447284893 0.0089598014199053413 -0.046517521361163869 0.042587442084565365 -0.021103122873348281 0.072100718928823138 0.019124567057230715 -0.021429054330822039 0.010288380542381032 0.049167145756678472 -0.026729538635032753 0.018664801697523666 0.012516636389637004 -0.0015087284806523035 -0.0091981027412857443
leaf_weight=1798.7565987333655 5.3402223810553533 7.1377287507057181 8.5641285181045514 5.305548131465911 2.1394265741109839 5.6405018717050543 8.1994391530752164 14.566236451268194 5.5133735388517371 156.22834601998329 41.038576409220695 4.9234088957309678 9.4554407894611341 5.8793476372957221 11.156271010637292 11.556810677051542 7.3952886462211636 5.2126318812370327 5.5784155279397947 5.7648980617523193 5.271479129791258 5.0941646546125412 4.3687622323632267 8.9009204655885679 5.283190205693244 4.7610496431589118 4.9350799098610878 76.557653062045574 154.96869911253452 79.524886935949326
leaf_count=7486 29 30 39 22 9 24 36 60 23 672 175 21 39 25 46 48 36 23 26 26 23 22 20 38 22 20 22 334 642 336
internal_value=3.01519e-06 0.00239314 -0.00026642 -0.0121952 0.000945725 0.00189594 0.00126233 0.00430875 -0.0085547 0.00289913 -0.013027 -0.0174024 -0.000164685 -0.0249943 -0.0195844 -0.0287303 4.64111e-05 0.0121572 -0.00764472 0.0102186 0.0306156 0.0460657 -0.000148422 0.0138909 0.0247696 -0.000271601 0.0362658 -0.000211896 0.00312897 -0.000623707
internal_weight=2475.02 250.739 2224.28 56.841 240.464 233.326 231.186 176.435 54.7514 170.795 49.238 48.2768 14.761 33.5158 28.5924 22.7131 2167.44 34.3169 16.5559 11.3433 17.7609 10.3656 2133.12 18.5529 14.1841 2114.57 10.2753 2109.81 231.526 1878.28
internal_count=10374 1080 9294 240 1029 999 990 756 234 732 211 201 61 140 119 94 9054 156 75 52 81 45 8898 80 60 8818 51 8798 976 7822
is_linear=0
shrinkage=0.05


Tree=131
num_leaves=28
num_cat=0
split_feature=12 12 9 9 8 8 8 12 8 2 12 7 9 8 13 7 7 3 12 12 12 0 9 13 9 9 3
split_gain=0.634465 3.41643 2.12739 3.99124 3.5568 2.93555 3.65893 2.35448 0.880294 4.33153 3.73842 4.71165 3.72839 3.17834 2.98871 2.75071 4.12775 2.2905 2.3665 1.8991 8.52685 4.08494 4.2733 3.58402 1.99315 1.10741 0.419651
threshold=-0.011038244316389991 -0.011932101552811785 0.75649761196913901 0.59876276796079975 1.140219240775435 1.6519569423250677 4.766718288884956 -0.0084207285706232472 5.3042487195173473 60.294117647058833 -0.016604425916965475 0.013554662611714329 1.7157437682208003 4.6818662487737255 1.0000000180025095e-35 0.023682403762047503 0.02857665377782424 -0.33953104507820603 -0.059004631531059053 -0.017045454545454513 -0.018257219127580989 1.0000000180025095e-35 0.75226656918724066 1.0000000180025095e-35 2.5976913601917699 1.1474519897617086 0.057847268079224537
decision_type=2 2 2 2 2 2 2 2 2 2 2 2 2 2 2 2 2 2 2 2 2 2 2 2 2 2 2
left_child=1 8 3 -2 -4 -6 7 -7 13 25 11 -11 -13 19 15 -15 -17 -16 -19 20 24 -21 -23 -22 -1 -10 -12
right_child=2 -3 4 -5 5 6 -8 -9 9 10 26 12 -14 14 17 16 -18 18 -20 21 23 22 -24 -25 -26 -27 -28
leaf_value=-0.00014502930651398959 0.019354537721138494 -0.031062072649668065 0.04661190491752383 -0.045799173545964779 -0.031197265512264878 0.045144299823029727 -0.021584038960692407 0.0028520874940415664 0.050759873607844876 -0.063261408890827056 0.021502484652286966 0.0045170153762687073 -0.010901081736259172 0.026917500738319701 -0.052927721873440331 -0.042413507269976641 0.022632211297676674 0.010958657391169999 -0.022287609217567287 0.029507538154619047 0.012435041396406601 0.0095511977887647662 -0.019962229660007266 0.060660964286875889 0.017151460914705 0.017760450688169491 0.042297462976683978
leaf_weight=2024.8937105461955 4.5358364135026914 8.8761739134788495 6.1843449175357845 4.8788520097732544 4.7323531955480602 7.6289345473051116 5.4808373004198065 5.7874083817005131 5.2525255456566793 2.8906860798597327 4.8723450750112516 171.26986319199204 50.852374121546745 7.831730633974078 4.6625154465436927 5.3568832129240018 4.4777938723564148 6.7308397665619841 26.138778701424599 6.5227081775665274 7.4685991406440717 16.741166263818741 45.870466381311417 7.9571064710617065 16.793848387897015 4.927255317568779 4.8322799950838089
leaf_count=8435 20 37 33 22 21 36 24 28 29 12 20 735 218 33 20 22 21 29 108 27 31 71 193 34 73 22 20
internal_value=3.05157e-06 -9.85656e-05 0.00631121 -0.0144092 0.0128544 0.00401929 0.0128384 0.0269007 1.47067e-05 0.00285713 0.0014723 0.00016183 0.000987216 -0.000304394 -0.0121496 0.00480849 -0.0127978 -0.0201317 -0.0154796 3.11284e-06 0.000277052 -0.00814804 -0.0120709 0.0373116 -2.75747e-06 0.0347874 0.031857
internal_weight=2474.45 2435.22 39.2286 9.41469 29.8139 23.6295 18.8972 13.4163 2426.34 244.897 234.718 225.013 222.122 2181.45 55.1985 17.6664 9.83468 37.5321 32.8696 2126.25 2057.11 69.1343 62.6116 15.4257 2041.69 10.1798 9.70463
internal_count=10374 10190 184 42 142 109 88 64 10153 1056 1005 965 953 9097 233 76 43 157 137 8864 8573 291 264 65 8508 51 40
is_linear=0
shrinkage=0.05


Tree=132
num_leaves=31
num_cat=0
split_feature=3 9 3 8 12 8 3 2 12 7 3 2 3 9 9 2 0 7 9 0 0 9 3 7 3 2 3 2 8 7
split_gain=0.614173 1.0827 0.733835 3.32925 4.26824 4.07835 3.33976 3.91543 4.55569 3.27551 2.36894 3.89498 1.14807 1.96392 3.49155 4.52099 2.12831 1.18274 1.02709 0.869644 3.54618 6.30769 4.04651 3.04978 2.76644 4.4456 3.55734 2.52214 5.83727 5.63479
threshold=16.536060538208265 0.88291386491949198 1.6750095181845817 1.3579165908922015 -0.041208791208791291 2.005897088943033 2.1243946271890457 51.392768466790812 -0.075423995142166148 0.013806643941072628 4.2233512829378066 62.074751214996546 1.1575055616543206 0.7455282001098722 0.8171567140023499 65.207814594905201 0.00065044103703873078 0.018437288492998801 0.88038076206800608 0.0031810484608432539 0.0021579965755136881 1.3055859899774152 -1.2773690423579926 0.011214696758121203 -1.1590610625839057 30.075615441469107 -0.76816453470359936 55.860721982758612 0.27282020987556765 0.032847076807191795
decision_type=2 2 2 2 2 2 2 2 2 2 2 2 2 2 2 2 2 2 2 2 2 2 2 2 2 2 2 2 2 2
left_child=2 -2 12 4 6 -5 -4 8 -8 18 11 -7 19 17 -15 16 -16 -14 -6 20 24 22 -22 -23 25 -1 -26 29 -29 -21
right_child=1 -3 3 5 9 10 7 -9 -10 -11 -12 -13 13 14 15 -17 -18 -19 -20 27 21 23 -24 -25 26 -27 -28 28 -30 -31
leaf_value=-0.042744346380307024 -0.029691478090633269 0.004001916196546787 0.033628263760030051 0.051655382152225628 -0.02331951809088656 0.022835121002114316 -0.012000548522645371 -0.032900253161845541 0.028386858989033176 -0.055080625467305605 0.035156439205951427 -0.031107962940128783 -0.0083419305256025571 0.037014296705245177 -0.024935594345438645 0.037079500307511996 0.0059011683385282307 -0.042344887695797313 0.0085058666238715976 -0.027729627547883058 -0.020457657221925388 0.02871070409879492 0.013628112580700383 -0.015536685793925045 -0.013292629016101357 0.010113840597678165 -0.00028033227813076766 0.060223848228055876 -0.0010368998079571632 0.0020771227956176345
leaf_weight=4.1521317958831778 4.7168142795562726 4.8214465081691742 8.801982715725897 7.1611050367355373 5.053858816623686 6.7311519086360949 14.228296399116513 7.4852832406759253 13.710740536451343 5.5698720663785926 5.4362153261899939 6.654759481549263 4.6390244811773282 4.8701025545597068 19.637485593557361 4.667128160595893 7.8251537680625907 5.6992698907852173 5.0867563337087631 28.449507728219032 9.269191622734068 4.3705023974180213 143.59015110135078 35.743884339928627 54.364325344562531 94.756682254374027 1551.5539141818881 3.9303876161575309 365.095608510077 35.818749114871025
leaf_count=17 20 20 38 31 21 28 59 31 56 24 23 28 20 20 83 21 32 24 21 116 38 21 600 148 228 395 6487 17 1549 158
internal_value=3.17557e-06 -0.01266 5.21882e-05 0.00459177 -0.00188854 0.0195402 0.00606393 -0.00078506 0.00781908 -0.0242754 0.00732163 -0.0039825 -0.000111803 -0.00782054 -0.00243721 -0.00841712 -0.016149 -0.027087 -0.0073552 4.47408e-05 0.000506193 0.00693035 0.0115612 -0.0107159 -0.000220974 0.00789489 -0.000720831 -0.00197639 -0.00038443 -0.0111174
internal_weight=2473.89 9.53826 2464.35 85.92 59.9368 25.9832 44.2263 35.4243 27.939 15.7105 18.8221 13.3859 2378.43 47.3382 36.9999 32.1298 27.4626 10.3383 10.1406 2331.1 1897.8 192.974 152.859 40.1144 1704.83 98.9088 1605.92 433.294 369.026 64.2683
internal_count=10374 40 10334 360 250 110 184 146 115 66 79 56 9974 200 156 136 115 44 42 9774 7934 807 638 169 7127 412 6715 1840 1566 274
is_linear=0
shrinkage=0.05


Tree=133
num_leaves=31
num_cat=0
split_feature=9 3 9 3 7 2 2 11 9 8 12 3 3 3 12 0 7 0 0 9 7 7 8 3 11 2 7 7 8 0
split_gain=0.650807 3.41257 3.76486 3.67271 3.40197 3.34203 7.84842 3.04982 2.60483 3.43179 3.29666 3.20449 6.40573 8.44518 4.5689 3.67014 3.18775 3.10118 7.91614 4.08161 2.49823 5.16592 4.97362 3.79105 7.35178 5.04697 3.43814 2.45928 2.22836 7.38477
threshold=1.389721570559973 -1.0769524651140319 1.4387241205804038 -1.3807786349065936 0.0057115090318313145 88.380316518298756 85.156695156695136 8.5000000000000018 1.2918150192261681 7.3777885007243915 -0.030937805340086565 -0.40313818975078969 -0.065977175474899535 -0.031435729394740826 -0.05776010834391767 0.0018025380095504048 0.037443837125499681 0.0032435435927936989 0.0021579965755136881 0.60898601707211675 0.025043793683955883 0.026427061310782225 3.1783966781060875 0.10485200420868897 5.5000000000000009 63.694267515923578 0.02857665377782424 0.028709958264037928 0.51990797289658097 -0.0017284812162363201
decision_type=2 2 2 2 2 2 2 2 2 2 2 2 2 2 2 2 2 2 2 2 2 2 2 2 2 2 2 2 2 2
left_child=5 3 28 7 -4 6 8 -2 9 17 16 14 15 -14 -10 -13 -11 18 -1 -19 23 22 -22 24 -6 -25 -23 -12 29 -3
right_child=1 2 4 -5 20 -7 -8 -9 11 10 27 12 13 -15 -16 -17 -18 19 -20 -21 21 26 -24 25 -26 -27 -28 -29 -30 -31
leaf_value=-0.00058338468086634599 -0.032876272893714302 0.043505583178878975 -0.039877915040887967 -0.056520345709967945 0.015709092160548718 0.032510488022130427 -0.052743338363558448 0.012822383659040369 0.039117437039896015 0.032499507998430183 0.013287479138898271 -0.017928687747415444 0.064911524196402046 -0.0080039987966301074 -0.015675390567293303 -0.057031780172209584 0.005317254307034937 0.010351031797469691 0.010948075768116418 -0.0079483835334683128 0.0010187832820418978 0.018183477188082699 -0.058292568200653538 0.023508517123843747 -0.011362053991739745 0.00022763766641864763 -0.004509654135685391 -0.035184141537106285 0.029456515441067962 -0.026995357736775957
leaf_weight=1504.7700402215123 6.2455375343561199 6.6334825605154029 4.9299333840608588 4.7692202925682059 40.444975644350052 7.7132207304239264 7.1539554297924033 8.7884185463190061 8.039620563387869 21.263540878891945 4.9158913195133191 15.774087443947794 4.2556672990322104 59.383715085685253 7.2223594486713401 9.6849581748247129 21.88886795938015 35.437413446605206 165.16333504021168 217.4607655480504 6.3580720573663694 20.941568173468113 7.9592954069375992 50.217958837747574 66.014299273490906 43.396679505705833 82.225141577422619 5.5952664911746979 20.111697807908058 8.4407370686531049
leaf_count=6274 26 30 21 20 170 33 31 37 35 88 20 65 18 253 30 40 112 154 689 909 26 86 33 209 271 183 368 23 85 35
internal_value=3.10378e-06 0.00191423 0.00303286 -0.01829 0.00133841 -0.000341123 -0.000462479 -0.00616215 -0.000282738 0.00012376 0.0125951 -0.00798146 -0.0116077 -0.00312802 0.0131881 -0.032804 0.0187114 -0.000224298 0.000557125 -0.00538417 0.00197828 -0.00380908 -0.0319535 0.00537663 -0.00107745 0.0127163 9.67713e-05 -0.0125148 0.0185629 0.00402892
internal_weight=2473.2 377.477 357.674 19.8032 322.488 2095.72 2088.01 15.034 2080.86 1976.5 53.6636 104.36 89.0984 63.6394 15.262 25.459 43.1524 1922.83 1669.93 252.898 317.558 117.484 14.3174 200.074 106.459 93.6146 103.167 10.5112 35.1859 15.0742
internal_count=10374 1600 1517 83 1367 8774 8741 63 8710 8269 243 441 376 271 65 105 200 8026 6963 1063 1346 513 59 833 441 392 454 43 150 65
is_linear=0
shrinkage=0.05


Tree=134
num_leaves=31
num_cat=0
split_feature=0 3 3 3 9 3 8 12 0 8 2 9 8 3 2 0 3 0 7 12 2 2 3 8 9 12 3 0 0 12
split_gain=0.637955 2.74292 5.93364 4.38165 3.10582 3.84679 3.4561 3.82602 2.10054 4.86854 4.43861 3.09215 2.48505 3.3741 3.69234 2.90564 4.1377 3.04794 2.14625 5.49572 2.45131 2.13812 2.03792 1.39587 3.24801 9.8473 2.83264 4.14589 2.56609 4.21088
threshold=0.0086848952416330952 -0.60721213834266108 -0.28299637944979966 -0.22766362238706497 0.89478195729210752 1.0000000180025095e-35 11.77821692414159 -0.068722308184659658 0.0060480702069804727 2.1664301224480922 57.942789968652065 2.2517434714608022 5.9610509824125151 -0.43045467402157206 61.456439393939412 0.0010580929515911265 0.15667117957079937 0.0033561512038248554 0.038459113701832144 -0.048677158133300015 63.475657380890418 56.176307393535843 0.25147034631897619 4.6818662487737255 0.84614755614036785 -0.045673689822219136 0.84841635745763899 0.00084906895046664964 0.0048484632929444386 -0.049459736692871438
decision_type=2 2 2 2 2 2 2 2 2 2 2 2 2 2 2 2 2 2 2 2 2 2 2 2 2 2 2 2 2 2
left_child=8 -2 -3 -4 5 -5 7 -6 12 21 -11 18 23 -14 -15 16 -16 -17 19 -12 -20 -10 -8 28 25 -25 27 -26 -1 -30
right_child=1 2 3 4 6 -7 22 -9 9 10 11 -13 13 14 15 17 -18 -19 20 -21 -22 -23 -24 24 26 -27 -28 -29 29 -31
leaf_value=-0.00017607924219510316 0.044539304163904891 -0.042423222647069152 0.078210354706114163 -0.046316112254818381 -0.0058284457969017284 0.012017175096753249 0.005314656301380759 0.040423044979432075 0.0046147098098332185 -0.051105419392561413 0.02577946457432952 -0.04219044012975022 -0.031045142403121263 0.058206771527059657 0.073150349988481703 -0.010681774890934794 0.0091067902800441979 0.011028637451899212 0.0075354907017713361 -0.010305031347693137 -0.03862067750623524 0.046853269062053227 -0.030062405754844614 0.048287088806788163 -0.043576112775345399 -0.021418418851431718 0.017967438445731995 -0.0091020132186155726 0.028378421774332613 -0.0027237925783935926
leaf_weight=2078.1988229528069 4.0728316009044638 6.6745420619845381 2.1022002175450316 5.9709691330790502 6.5635098814964321 5.3661533817648888 19.485638402402405 14.027245730161665 7.4270612597465497 6.6375319361686698 14.177557468414298 6.2220530807971945 5.2533237636089316 3.8310828059911719 3.9465693756937963 22.805603958666325 6.986986193805933 55.530121341347694 4.266749143600463 41.258666545152671 8.8289755210280401 5.0219305753707886 5.1458933725953093 9.5298399180173892 10.527890577912329 10.818474292755125 7.2809245437383643 50.817262411117554 20.762228041887283 22.869769901037216
leaf_count=8678 22 30 13 30 31 26 85 58 33 29 59 28 22 19 19 97 30 232 20 170 39 22 25 45 45 45 30 211 87 94
internal_value=3.05274e-06 0.00472884 0.00224719 0.00732981 0.00469532 -0.0187055 0.0105618 0.0256799 -0.000133448 -0.00746659 -0.0119206 -0.00844132 0.000164559 0.00794118 0.010141 0.00807825 0.0322239 0.00470816 -0.00537721 -0.00107659 -0.0235824 0.0216538 -0.00207614 -0.000181405 -0.00631677 0.0112272 -0.0115187 -0.0150184 7.5868e-05 0.0120762
internal_weight=2472.41 69.409 65.3362 58.6616 56.5594 11.3371 45.2223 20.5908 2403 93.8405 81.3915 74.754 2309.16 98.3537 93.1004 89.2693 10.9336 78.3357 68.5319 55.4362 13.0957 12.449 24.6315 2210.81 88.9744 20.3483 68.6261 61.3452 2121.83 43.632
internal_count=10374 320 298 268 255 56 199 89 10054 400 345 316 9654 419 397 378 49 329 288 229 59 55 110 9235 376 90 286 256 8859 181
is_linear=0
shrinkage=0.05


Tree=135
num_leaves=31
num_cat=0
split_feature=11 11 9 9 0 2 9 3 2 12 12 3 7 8 12 9 2 2 0 12 3 2 12 7 7 0 12 0 8 11
split_gain=0.616641 4.06133 5.55775 10.6893 4.35618 4.03585 3.03226 3.33562 2.91999 3.01116 8.62068 3.85846 4.82277 3.10682 4.73126 4.99859 4.04319 2.55502 4.53818 2.58613 2.50168 2.42736 2.32476 1.84966 3.46789 4.05062 3.20813 2.49537 2.07787 4.46123
threshold=15.500000000000002 14.500000000000002 0.85164313455424268 0.93512801136823231 -0.00081702195619442499 27.380952380952404 1.0331185550807307 -0.25917571566837688 68.483503425136306 -0.027876131150828536 -0.032025477216748761 0.1605756628165961 0.0079620210657362373 0.55424389503079052 -0.12192618533066216 1.0887755795399185 58.333333333333321 54.301872945981309 -0.00062110486426223159 -0.076461156424809246 0.19934544586402939 13.802438437474843 -0.065296195807572829 0.031680279095547832 0.031261731085181731 -0.0052735313136115436 -0.058204761041443225 0.0090236510881207144 6.9250506593193668 10.500000000000002
decision_type=2 2 2 2 2 2 2 2 2 2 2 2 2 2 2 2 2 2 2 2 2 2 2 2 2 2 2 2 2 2
left_child=1 23 5 22 6 -3 -5 -8 9 10 13 12 -11 16 -15 -16 21 18 19 -7 -6 -2 -4 24 25 -1 -26 -27 -25 -30
right_child=8 2 3 4 20 17 7 -9 -10 11 -12 -13 -14 14 15 -17 -18 -19 -20 -21 -22 -23 -24 28 26 27 -28 -29 29 -31
leaf_value=-0.053900626325429482 0.028510634925449432 0.019379982835978086 0.021808095236880289 -0.02800861071884795 -0.050218336448408465 -0.044453746323793945 0.047307334133826123 -0.00056544467091479184 0.035671398619687496 -0.034458674670308935 0.053241453453855975 -0.046591928244768099 0.036244149867070335 0.025842903854675928 -0.029813051047701152 -0.0015507911149779646 0.040149691321443796 -0.0048660092536517811 -0.074003655052470571 -0.010666212397890402 -0.010931821093934709 0.0013597813622929038 0.065038616942069513 -0.0054273962131344 0.045049103816409579 0.00067401980642483076 -0.0059550231520243829 0.036041613368101459 0.00035322961559884294 0.044126553719807157
leaf_weight=3.392632767558097 8.3789953365921956 4.7410010099411002 7.2245824486017227 7.7927155345678321 8.8252051025629061 10.444876208901407 4.385740101337432 21.360257580876354 6.1556821502745143 4.7720004767179507 7.9914387911558142 7.4678651094436637 4.8768163621425629 8.7404938787221891 26.880623534321785 37.429361999034882 6.9865233004093161 8.159464091062544 6.3230732679367092 12.371361553668974 7.4922647327184668 469.35343856364489 5.4601877033710462 255.59891381114721 8.4060931503772718 1419.1504415124655 4.8687426894903174 5.0048723667860022 75.44732566177845 6.3073012791573992
leaf_count=14 42 20 31 32 38 44 18 91 29 20 33 31 20 44 110 154 30 36 27 51 32 1972 23 1109 35 5874 20 22 339 33
internal_value=3.10347e-06 -0.000438623 -0.0100143 -0.000564067 -0.0109907 -0.024073 -0.000681705 0.00758951 0.00141502 0.00105324 0.00167833 -0.0196079 0.00127676 0.000939558 -0.00867289 -0.013364 0.00238822 -0.0295963 -0.0365211 -0.0261336 -0.0321797 0.00183598 0.0404168 0.000124555 0.000904863 0.000668317 0.0263426 0.000798311 -0.00320811 0.00373031
internal_weight=2471.79 1882.76 104.581 62.541 49.8562 42.0398 33.5387 25.746 589.033 582.878 565.761 17.1167 9.64882 557.769 73.0505 64.31 484.719 37.2988 29.1393 22.8162 16.3175 477.732 12.6848 1778.18 1440.82 1427.55 13.2748 1424.16 337.354 81.7546
internal_count=10374 7889 443 265 211 178 141 109 2485 2456 2385 71 40 2352 308 264 2044 158 122 95 70 2014 54 7446 5965 5910 55 5896 1481 372
is_linear=0
shrinkage=0.05


Tree=136
num_leaves=31
num_cat=0
split_feature=7 12 2 9 7 3 9 0 3 3 8 2 11 2 11 12 2 2 0 12 12 11 12 7 7 2 7 3 12 9
split_gain=0.609965 2.88925 5.37167 3.29515 4.39853 3.73547 5.45533 4.35392 3.14686 4.31623 3.07667 2.79789 2.47958 2.18347 2.12433 1.50245 2.78918 3.4679 4.04911 1.32662 5.2906 6.27676 5.82844 4.63645 9.53761 3.75388 3.69754 3.68049 3.49268 2.91133
threshold=0.0097731701027050314 -0.026189848604014156 35.309396485867083 1.2331709870973901 0.0070442841646802768 0.33602190679971539 1.0569439023974474 0.00013752032503311143 -0.65669051721270322 -0.50861903223266058 0.34514525349157449 48.888888888888893 14.500000000000002 42.058080301632536 15.500000000000002 -0.01268345756443991 68.000000000000028 80.72092290731554 0.0022453406611380993 -0.027257248993911899 -0.025204511512827911 5.5000000000000009 -0.024549272609793869 0.017958466853227679 0.01312013835352553 67.721518987341781 0.0099952522891580877 -1.1590610625839057 -0.027559176940656009 1.1778424226289761
decision_type=2 2 2 2 2 2 2 2 2 2 2 2 2 2 2 2 2 2 2 2 2 2 2 2 2 2 2 2 2 2
left_child=1 3 -3 4 11 6 7 -6 10 -10 -4 -1 -5 -11 -15 19 -17 18 -18 28 21 23 25 24 -21 -22 -24 -28 -2 -23
right_child=15 2 8 12 5 -7 -8 -9 9 13 -12 -13 -14 14 -16 16 17 -19 -20 20 22 29 26 -25 -26 -27 27 -29 -30 -31
leaf_value=0.0642015647212901 -0.00038509396967041621 -0.053915702049693884 -0.05348908280147744 -0.027878783690714899 -0.0095321098824491836 -0.028514846692614039 0.056896982092930398 0.038363456071938078 0.055020506376383886 0.032581311131766356 0.0022715447520995193 0.014163811128838331 0.017234841594367813 0.0012649940273228057 -0.029503604171151301 -0.047502554974017189 -0.018696126893401537 -0.028205074539492676 0.044155837087727551 -0.029431412911128274 -0.055806494927677634 0.056825975302545878 0.051811581414505273 -0.0098415020420362688 0.048000564856653431 -0.00030290710462040527 0.035656495554137885 -0.00070008830895621312 -0.033068388045588822 0.010702727133885708
leaf_weight=7.1114550381898862 2004.2514174617827 4.7245589643716803 5.1008885204792005 7.9246350377798063 15.92533184587956 5.5436904877424231 6.4353194236755362 6.7586748898029319 3.8469883203506461 5.2079506963491431 4.8032853305339813 4.6012085378170013 4.9472932368516922 89.394472345709801 5.985391065478324 4.6482180953025845 4.7555218040943164 8.3300017118453962 5.5566716939210892 5.7304536849260357 7.5316028892993909 11.413385748863222 3.6117282062768927 21.189881220459938 12.995580002665518 5.1153763383626938 7.2457685470581046 177.19436523318291 8.2077115625143033 4.8859186321496955
leaf_count=32 8392 20 21 33 68 24 28 31 17 22 21 20 21 396 25 20 20 36 24 25 31 47 16 87 56 21 30 736 34 20
internal_value=2.95895e-06 0.00281985 -0.00166987 0.0118423 0.0180546 0.00910356 0.0162653 0.00473832 0.000488958 0.00304341 -0.0264465 0.0445447 -0.0105395 0.00105554 -0.000665834 -0.000216123 -0.0128508 -0.00421081 0.0151713 -8.64544e-05 0.00329699 0.0168543 -0.000500379 0.00617798 0.0243052 -0.0333567 0.0017093 0.000728188 -0.000518391 0.043
internal_weight=2470.97 178.311 119.064 59.2476 46.3757 34.663 29.1193 22.684 114.339 104.435 9.90417 11.7127 12.8719 100.588 95.3799 2292.66 23.2904 18.6422 10.3122 2269.37 256.914 56.2152 200.699 39.9159 18.726 12.647 188.052 184.44 2012.46 16.2993
internal_count=10374 779 522 257 203 151 127 99 502 460 42 52 54 443 421 9595 100 80 44 9495 1069 235 834 168 81 52 782 766 8426 67
is_linear=0
shrinkage=0.05


Tree=137
num_leaves=31
num_cat=0
split_feature=9 3 9 3 2 2 7 11 8 7 7 0 9 8 12 3 3 3 12 3 0 0 9 7 7 7 8 2 3 0
split_gain=0.623228 3.06958 3.40276 3.35087 3.01191 7.09827 2.94624 2.70675 2.43343 2.80607 4.30708 3.63142 2.40919 2.98548 3.03517 2.88396 5.84103 7.67158 4.08911 3.58209 2.7743 7.11448 3.61029 2.76791 2.23812 2.01952 5.89288 4.79249 2.81681 1.20106
threshold=1.389721570559973 -1.0769524651140319 1.4387241205804038 -1.3807786349065936 88.380316518298756 85.156695156695136 0.0057115090318313145 8.5000000000000018 -10.96993815403548 0.025043793683955883 0.026427061310782225 0.0033561512038248554 1.2918150192261681 7.3777885007243915 -0.030937805340086565 -0.40313818975078969 -0.065977175474899535 -0.031435729394740826 -0.05776010834391767 -0.10050716082393939 0.0032435435927936989 0.0021579965755136881 0.60898601707211675 0.037443837125499681 0.028709958264037928 0.030583174850529523 1.5334381079822728 40.338521772345288 0.09347466212529755 -0.00012085226029391953
decision_type=2 2 2 2 2 2 2 2 2 2 2 2 2 2 2 2 2 2 2 2 2 2 2 2 2 2 2 2 2 2
left_child=4 3 25 7 5 12 -4 -2 -8 11 -11 -10 13 20 23 18 19 -18 -14 -17 21 -1 -22 -15 -16 26 27 -3 -28 -29
right_child=1 2 6 -5 -6 -7 8 -9 9 10 -12 -13 15 14 24 16 17 -19 -20 -21 22 -23 -24 -25 -26 -27 28 29 -30 -31
leaf_value=-0.00055274918264762603 -0.030933901179359631 0.042465404786617318 -0.037121942038780255 -0.053953267640013937 0.030963780173602618 -0.050209147629762987 0.059332739018382832 0.012147833470462839 0.0020465561457207577 -0.030368202922359727 -0.00099704194392601997 0.019714021152700462 0.037076393578589363 0.030543730674171744 0.012272306699972034 -0.022001283152227855 0.062253503299998514 -0.0076527036163625871 -0.014836758488148572 -0.06892276563017978 0.0097231187428181293 0.010387681561221334 -0.0075049659596684781 0.0051480509534666229 -0.034049290157661692 -0.0055157875966781794 0.074290107953989257 -0.034885024436551879 0.026843162027448617 -0.00032704256555692588
leaf_weight=1503.5611600726843 6.2340131402015713 5.0912220031023052 4.906880483031272 4.7414101660251609 7.6589731425046912 7.1422221064567557 1.8349722065031517 8.7818065434694272 164.40888079255819 14.239458069205282 101.12593680620193 35.336071312427521 7.9895413517951965 21.153672397136688 4.9040995985269529 20.310880929231647 4.2025109082460395 59.342433929443359 7.2222467958927137 5.0861218124628058 35.357933968305588 164.89515100419521 217.27953134477139 21.772471163421869 5.5688886493444443 7.3827426545321932 5.9280895441770536 4.8748856484889966 6.6227848082780838 5.1921145170927048
leaf_count=6274 26 21 21 20 33 31 19 37 684 59 435 149 35 88 20 84 18 253 30 21 154 689 909 112 23 34 25 20 28 22
internal_value=3.16996e-06 0.00187542 0.0029373 -0.017309 -0.000333729 -0.000448653 0.00132531 -0.00573811 0.00192055 0.00158622 -0.0046223 0.00517204 -0.000277676 0.000113278 0.0117748 -0.00768917 -0.01113 -0.00302949 0.0124291 -0.031398 -0.000210869 0.000528504 -0.00509381 0.0176628 -0.0123587 0.0177219 0.0239133 0.00293189 0.0492535 -0.0170615
internal_weight=2470.15 376.701 356.944 19.7572 2093.45 2085.79 321.852 15.0158 316.945 315.11 115.365 199.745 2078.65 1974.49 53.3991 104.154 88.9419 63.5449 15.2118 25.397 1921.09 1668.46 252.637 42.9261 10.473 35.0918 27.7091 15.1582 12.5509 10.067
internal_count=10374 1600 1517 83 8774 8741 1367 63 1346 1327 494 833 8710 8269 243 441 376 271 65 105 8026 6963 1063 200 43 150 116 63 53 42
is_linear=0
shrinkage=0.05


Tree=138
num_leaves=29
num_cat=0
split_feature=8 8 9 0 9 7 12 12 0 3 12 9 8 12 12 0 2 7 2 2 7 9 0 9 2 9 8 9
split_gain=0.605688 2.87412 3.0048 3.71116 2.35233 2.19413 2.50657 2.56401 2.49125 2.75175 4.80446 3.44471 2.64727 1.51285 1.26797 1.41349 1.20009 2.6174 1.83144 8.43692 5.43675 3.19408 6.44756 4.03606 2.93342 9.67804 1.68601 1.55084
threshold=-5.3612248602104344 -4.809614867320593 0.9269314071906819 -0.0037789746796736408 1.1257816669112641 0.018117094205347649 -0.090539853179731053 -0.10237965143040699 -0.00062110486426223159 0.34292007876996433 -0.10692156773281013 0.8171567140023499 -6.7593057563042489 -0.096881916948121261 -0.088955555955358007 -0.0042363926564690383 18.604651162790663 0.013672923234762222 23.760245901639362 25.243085056169139 0.018437288492998801 1.2848223178475862 -0.00135458745590644 0.97483531744139984 28.693229986677952 1.0402414135293301 -3.0155326238054658 0.87458801305873946
decision_type=2 2 2 2 2 2 2 2 2 2 2 2 2 2 2 2 2 2 2 2 2 2 2 2 2 2 2 2
left_child=5 2 14 -4 -5 -1 7 8 9 10 -7 -11 -10 -9 15 -2 17 -3 21 20 -20 22 23 -18 25 -21 -26 -19
right_child=1 16 3 4 -6 6 -8 13 12 11 -12 -13 -14 -15 -16 -17 18 27 19 24 -22 -23 -24 -25 26 -27 -28 -29
leaf_value=0.031199755650309354 -0.010971582019649078 -0.036972631880976707 -0.059225225323914436 -0.036413483044503973 0.01172158665530014 0.0026656687516099964 -0.032915948360178207 0.041112700417366692 -0.042636359429326885 -0.019285364268448929 -0.042926491367741168 0.035713124792235248 0.0055678509496998995 0.0064778006598988193 -0.021509490424508355 0.01863287773859142 -0.0089774252215154109 -0.017406437197364035 -0.065137444093591623 -0.0025454968746414725 0.0015668865404374539 -0.02337613381017583 0.057658364638949022 0.039057710691369013 0.0045764385827912809 0.045886469121573195 -0.00051127055626257059 0.021264528767523456
leaf_weight=6.5840103328227988 7.2339896857738539 6.8992577195167568 6.5021239966154125 4.7846470475196821 5.4057541340589523 109.45578944683074 5.050506889820098 6.5610293000936508 6.4352606162428856 3.7394596040248862 6.1004107147455349 11.92957974039018 5.1096733659505826 6.0696270912885648 5.9018080234527579 9.1090264469385147 15.897141158580782 4.9728499948978406 8.1560579240322095 33.533457145094872 4.8839101344346991 5.5405671745538703 7.6071855127811459 6.0323946923017493 177.49395767599344 14.897237226366995 1972.015014141798 5.4165097922086716
leaf_count=30 30 29 29 20 23 502 21 27 28 16 25 58 22 25 24 38 65 20 33 137 20 23 31 25 733 61 8257 22
internal_value=3.15996e-06 -0.000207766 -0.0136768 -0.029711 -0.010879 0.0029104 0.00174957 0.00287619 0.00096591 0.00292497 0.00025878 0.0225876 -0.0213017 0.024469 -0.00164469 0.00552891 2.3947e-05 -0.013099 0.000124959 -5.48775e-05 -0.0401544 0.0114603 0.017995 0.00423612 0.000183026 0.0123521 -9.11571e-05 0.00275473
internal_weight=2469.32 2302.28 38.9373 16.6925 10.1904 167.035 160.451 155.401 142.77 131.225 115.556 15.669 11.5449 12.6307 22.2448 16.343 2263.35 17.2886 2246.06 2210.98 13.04 35.0773 29.5367 21.9295 2197.94 48.4307 2149.51 10.3894
internal_count=10374 9620 164 72 43 754 724 703 651 601 527 74 50 52 92 68 9456 71 9385 9241 53 144 121 90 9188 198 8990 42
is_linear=0
shrinkage=0.05


Tree=139
num_leaves=23
num_cat=0
split_feature=0 9 2 8 0 12 0 8 9 3 11 9 0 11 11 9 9 0 12 2 2 8
split_gain=0.605994 1.97648 1.62688 0.850634 2.08378 4.1382 1.13227 1.88608 0.904974 3.79929 5.27368 4.79021 5.59803 4.15617 3.50123 3.00296 2.13026 3.75612 5.86061 2.95231 10.7542 2.30957
threshold=0.013454294945522804 0.93072135215566265 79.039858427475025 13.82166037696882 0.010194863754946938 -0.044766576325533429 0.010929175309834322 8.1550680841674517 1.3677265533933003 0.0075670730803758446 18.500000000000004 1.7157437682208003 -0.0048401827259105983 5.5000000000000009 17.500000000000004 1.5922052512482061 1.2918150192261681 -0.0052735313136115436 -0.11103176474893568 85.156695156695136 88.380316518298756 7.3777885007243915
decision_type=2 2 2 2 2 2 2 2 2 2 2 2 2 2 2 2 2 2 2 2 2 2
left_child=3 -2 -3 6 5 -5 8 -8 16 10 13 12 -11 -10 -13 -12 19 -18 -19 21 -21 -1
right_child=1 2 -4 4 -6 -7 7 -9 9 11 15 14 -14 -15 -16 -17 17 18 -20 20 -22 -23
leaf_value=-0.00025382269730048565 0.045044109335326106 -0.014969210718665395 0.019932522978300629 -0.03770121204602836 -0.037817155715346946 0.026611749005618281 -0.0051379259177723822 0.034418386648759326 0.0026436182188979123 0.072577532541560741 0.041891392678937926 0.002083186435662489 0.011727496377836436 -0.014570400029551412 -0.027609023536693551 0.0036906133984063276 -0.054719082826304388 0.038092430774683168 -0.01009345663382427 -0.075764575333835418 0.023144564517677674 0.011547860763048666
leaf_weight=1915.355025857687 3.1687631234526661 7.2317558005452138 6.2026325762271881 4.1457906663417807 5.1269471794366828 6.3054132610559455 5.834952309727667 6.2320311889052391 62.768679454922676 3.9205958470702162 8.904502350836994 89.125729061663151 105.14793170243502 79.445461995899677 11.172935724258421 12.183433607220648 4.1429659053683272 6.9149649441242209 72.151906259357929 5.4601708203554136 5.5330007672309875 42.372650146484375
leaf_count=7995 21 33 26 20 25 28 30 31 263 26 39 378 441 331 50 51 20 32 300 24 24 186
internal_value=3.01506e-06 0.00952317 0.00114486 -6.1442e-05 -0.0117081 0.00110004 1.30174e-05 0.0152911 -6.30198e-05 0.00220365 -0.00351269 0.00666227 0.0139148 -0.00697269 -0.00122443 0.0198211 -0.000474689 -0.00831096 -0.00587926 -0.000143482 -0.0259824 1.61048e-06
internal_weight=2468.85 16.6032 13.4344 2452.25 15.5782 10.4512 2436.67 12.067 2424.6 372.669 163.302 209.367 109.069 142.214 100.299 21.0879 2051.93 83.2098 79.0669 1968.72 10.9932 1957.73
internal_count=10374 80 59 10294 73 48 10221 61 10160 1579 684 895 467 594 428 90 8581 352 332 8229 48 8181
is_linear=0
shrinkage=0.05


Tree=140
num_leaves=31
num_cat=0
split_feature=7 12 8 2 11 0 3 12 2 9 0 0 3 2 12 12 12 12 0 3 2 0 9 12 12 3 11 0 12 3
split_gain=0.607071 2.53895 2.51528 3.4659 1.95067 2.47765 2.46443 6.36435 4.28151 3.89417 2.88075 2.35573 5.94723 3.58506 2.99241 6.66837 4.44023 1.60115 1.21016 1.15979 1.04933 3.11118 5.2444 3.53177 4.47474 3.29889 4.88253 2.10835 1.69616 4.68576
threshold=0.011391236061893477 -0.013432925317040855 3.0841780018746445 84.379692192192195 19.500000000000004 -0.0018703884225157034 -0.17758196519867867 -0.018662773793370776 41.39609248717408 0.80091114784164097 0.00061742286349448139 0.0017255099581645922 -0.074168033651500223 61.904761904761862 -0.017766510178416704 -0.019367094514077244 -0.013432925317040855 -0.011038244316389991 -0.0019693437906768488 -0.026257765677830915 77.500000000000057 0.0031810484608432539 0.73309923712898173 -0.053968253968253978 -0.046173347763047053 0.26211935006871562 8.5000000000000018 0.0015905375232083221 -0.019940390961185158 0.11053098190247976
decision_type=2 2 2 2 2 2 2 2 2 2 2 2 2 2 2 2 2 2 2 2 2 2 2 2 2 2 2 2 2 2
left_child=4 20 -3 -4 5 19 7 8 -7 -10 -9 14 -13 -14 15 -8 -16 -12 -6 -1 28 25 -23 -24 -25 26 -22 -28 -2 -30
right_child=1 2 3 -5 18 6 11 10 9 -11 17 12 13 -15 16 -17 -18 -19 -20 -21 21 22 23 24 -26 -27 27 -29 29 -31
leaf_value=-0.0060484790769781346 -0.0001397107432774026 -0.042123795687972893 0.017729130868241325 -0.038140478656167702 0.043436667369960977 -0.053216816050794161 0.0084212124715038732 0.038004809071398554 0.01122585477939474 -0.022706289227770033 -0.011747205307994935 -0.05356883167877366 -0.0296597940865196 0.013568611275891852 -0.021621455673021338 0.050025786506260689 0.010803785662079214 0.025180398261363424 0.0072012077800982319 -0.039744130248302874 0.064485480465737446 -0.054433578069250088 0.033455907744677917 -0.043059570918449086 0.0033049693204266826 -0.012664446736878471 0.032661881315803637 -0.012602764360639625 -0.001860750603284002 -0.041919010674109906
leaf_weight=5.1753093153238297 2038.5514643248171 7.0737399756908443 7.0375962406396848 4.5840343534946442 4.4936203062534332 6.8695733547210684 94.470087513327599 8.8957341164350527 13.409681305289267 22.885862246155739 8.4670477509498578 5.6168567985296276 6.3229600042104748 19.863265134394169 18.350098192691803 10.724482119083403 24.863348796963692 4.4931378215551367 4.7290486544370633 5.0413052737712842 6.8994748443365159 4.1671239882707587 8.5412682890892011 5.6995707601308814 59.848953016102314 5.4618868529796591 5.1662892252206785 5.1241194754838943 36.378161996603012 9.1329831779003126
leaf_count=22 8525 30 30 20 21 29 403 38 56 96 36 25 29 94 78 46 111 23 20 21 31 17 39 24 251 23 25 23 150 38
internal_value=3.02666e-06 -0.000268722 -0.0186164 -0.00430807 0.00226562 0.00145001 0.00245509 -0.00588947 -0.0170206 -0.0101698 0.0160943 0.00546585 -0.00688327 0.00313062 0.0081122 0.0126628 -0.00296522 0.00105514 0.0248564 -0.0226753 -0.000111734 0.00486786 0.000144426 0.00321412 -0.000726517 0.0211863 0.031942 0.0101223 -0.000352842 -0.00989947
internal_weight=2468.34 2203.67 18.6954 11.6216 264.671 255.449 245.232 65.021 43.1651 36.2955 21.8559 180.211 31.8031 26.1862 148.408 105.195 43.2134 12.9602 9.22267 10.2166 2184.97 100.909 78.2569 74.0898 65.5485 22.6518 17.1899 10.2904 2084.06 45.5111
internal_count=10374 9226 80 50 1148 1107 1064 278 181 152 97 786 148 123 638 449 189 59 41 43 9146 433 331 314 275 102 79 48 8713 188
is_linear=0
shrinkage=0.05


Tree=141
num_leaves=31
num_cat=0
split_feature=11 11 9 9 0 2 12 9 3 2 0 12 12 0 2 7 2 2 2 12 7 7 0 9 0 0 2 2 0 9
split_gain=0.593308 3.66448 5.01063 10.3484 4.26796 3.67069 3.4064 3.14954 3.07356 2.66594 2.73845 2.58783 8.44195 3.41522 2.32745 2.47788 2.26895 4.1444 2.19749 2.11949 1.63119 3.15399 3.62679 2.92798 2.29531 3.22144 1.97257 4.39083 3.03271 2.81493
threshold=15.500000000000002 14.500000000000002 0.85418483717465188 0.94375802855882984 -0.00081702195619442499 27.380952380952404 -0.053199173683661533 1.0331185550807307 -0.25917571566837688 68.483503425136306 0.00021274266415891884 -0.027876131150828536 -0.032025477216748761 -0.00078482568427345285 32.733692385927597 0.011214696758121203 13.802438437474843 16.724941724941718 54.301872945981309 -0.065296195807572829 0.031680279095547832 0.031261731085181731 -0.0052735313136115436 0.84345165384470289 0.0086848952416330952 0.0077150417577745668 23.760245901639362 31.893606158196587 -0.0059120667619198585 0.87204053450695318
decision_type=2 2 2 2 2 2 2 2 2 2 2 2 2 2 2 2 2 2 2 2 2 2 2 2 2 2 2 2 2 2
left_child=1 20 5 19 7 -3 -6 -5 -9 10 11 12 16 -13 -7 -16 -2 -18 -17 -4 21 22 -1 -23 25 -24 -22 29 -29 -28
right_child=9 2 3 4 6 14 -8 8 -10 -11 -12 13 -14 -15 15 18 17 -19 -20 -21 26 23 24 -25 -26 -27 27 28 -30 -31
leaf_value=-0.05115956619075529 0.027221192125533228 0.018793635008393612 0.022007482014494206 -0.031146431710931566 -0.058233136505575045 -0.058184179354179077 -0.011494108542996859 0.045310223385851917 -0.00070484249274811684 0.034277280449532564 -0.03534534494277939 -0.040993235203405982 0.054745587512842232 0.0047224641092180157 0.010356930866734919 -0.037032681437139288 -0.028500875034951731 0.0014805230817620486 -0.0049022755824767927 0.062521584295759602 0.023156648714720091 0.05683027806617006 0.00078662552166505338 0.007669954074192656 0.028164246729844307 -0.028043894578141021 -0.008027401933220454 0.051266247582785952 -0.0025834127357767661 -0.045654565211029903
leaf_weight=3.3748136907815924 8.2691080104559642 4.7251159846782675 7.9498835504055023 6.7966628968715659 7.1083429008722296 5.4476977139711371 8.6324436515569669 4.3734682947397223 21.317472346127037 6.0980005636811248 5.1243615150451651 8.2101434916257876 7.4678201377391806 8.1315834969282133 4.7845786958932868 20.337255075573925 11.781313437968491 532.9456771351397 7.207402601838111 5.4352956265211088 7.0422251820564261 4.6997956931591025 1404.6850410625339 8.5191515237092954 7.5862437486648551 9.7564405649900419 10.203814417123796 2.6370392590761176 307.28551387414336 9.6915649175643903
leaf_count=14 42 20 34 28 32 23 36 18 91 29 21 34 31 34 20 86 52 2242 32 23 42 20 5822 35 33 41 45 12 1341 41
internal_value=3.13541e-06 -0.000430513 -0.00954734 -0.000437202 -0.0112323 -0.022754 -0.0326009 -0.000878933 0.00712848 0.00138927 0.00104463 0.00136792 0.0019398 -0.0182453 -0.0279507 -0.0228562 0.00122669 0.000832088 -0.0286254 0.038459 0.000104105 0.000837462 0.000612009 0.0251482 0.000734876 0.00058776 -0.00302783 -0.00358691 -0.00212522 -0.0263566
internal_weight=2467.63 1879.6 104.116 61.6136 48.2284 42.5021 15.7408 32.4876 25.6909 588.028 581.93 576.806 560.464 16.3417 37.7769 32.3292 552.996 544.727 27.5447 13.3852 1775.48 1438.62 1425.4 13.2189 1422.03 1414.44 336.86 329.818 309.923 19.8954
internal_count=10374 7889 443 262 205 181 68 137 109 2485 2456 2435 2367 68 161 138 2336 2294 118 57 7446 5965 5910 55 5896 5863 1481 1439 1353 86
is_linear=0
shrinkage=0.05


Tree=142
num_leaves=31
num_cat=0
split_feature=9 11 11 2 9 9 0 12 2 13 9 9 2 9 12 2 7 7 12 8 7 2 2 7 7 2 12 7 8 2
split_gain=0.595299 1.44017 2.60846 2.51772 1.63762 1.15669 2.34317 1.90105 0.775074 3.12975 2.62119 6.04391 4.69586 4.60461 3.59075 2.55105 6.29894 6.42122 5.04242 3.87467 3.75753 1.99287 1.94111 7.08865 9.61541 6.56122 4.51595 2.48898 2.33602 1.38342
threshold=0.33197407145317887 17.500000000000004 7.5000000000000009 59.114085816078891 0.25360638860852919 0.38875348084063305 -0.0017284812162363201 -0.028749278177816421 39.044357469014983 1.0000000180025095e-35 0.67128587117973371 0.62745258142654103 35.809914689225032 0.68784673126947127 -0.025545467921033699 41.66666666666665 0.020446185101357522 0.019010875353839666 -0.15388698350481786 -0.6012450591599886 0.013806643941072628 26.730391933202522 43.67370578276752 0.023899940265919645 0.0173075559337659 43.8860197108771 -0.13750250485005025 0.01929222243047363 -4.2582236884293456 31.893606158196587
decision_type=2 2 2 2 2 2 2 2 2 2 2 2 2 2 2 2 2 2 2 2 2 2 2 2 2 2 2 2 2 2
left_child=1 2 3 -1 -4 6 -2 -8 9 10 11 12 -7 29 -15 16 17 20 -18 -20 -10 -13 23 24 -17 27 -25 -24 -27 -12
right_child=5 -3 4 -5 -6 8 7 -9 15 -11 13 21 -14 14 -16 22 18 -19 19 -21 -22 -23 25 26 -26 28 -28 -29 -30 -31
leaf_value=-0.021736692787204342 0.019875628920965217 -0.015321420886214326 0.009687928883673317 0.019120725594802882 0.043469065534159267 -0.0062632380539337541 -0.036402236333926849 8.8064319870024947e-05 0.015505538399898071 0.041185964762038903 -0.016014334977841795 0.047493481037960181 0.019487717323747409 0.00080469336464902667 -0.041994812567417959 0.016342459559732788 0.029419875910234344 0.049307310596324788 -0.026584208144482858 0.0058190723492608015 -0.015274842809991246 0.018966874572711092 -0.066766081164727209 -0.018039455745781762 -0.023204000328659297 -0.028669544015216087 0.032702314556092744 -0.016037971289806257 -5.5177251074115888e-05 -0.052389938542880224
leaf_weight=8.397367402911188 4.3708655238151577 6.2951115220785132 7.2908895313739759 6.8433013260364524 7.063175305724144 58.879460528492928 8.9016625955700874 5.9583784937858555 17.991365969181061 4.9378315433859816 5.5625128000974637 9.1662561595439929 25.315837599337101 481.90643252432346 4.9509266763925543 30.986598744988441 5.3670579940080634 7.3755142986774436 53.646527156233788 11.141678899526594 22.087434306740761 18.436731405556202 4.8534477949142438 5.1598303392529479 30.499884843826294 7.1652075648307791 29.195856377482414 4.8188545703887939 1567.3876590318978 4.9307673424482346
leaf_count=36 19 27 33 33 35 247 38 25 75 23 23 39 107 2038 21 127 25 30 220 46 90 76 20 23 125 31 120 20 6581 21
internal_value=2.95521e-06 0.00639543 0.0110148 -0.00339107 0.0263105 -9.14198e-05 -0.0123053 -0.0217708 5.97118e-06 0.00153958 0.0012182 0.00813605 0.00147956 -0.000336843 0.000369459 -0.000517911 -0.00763686 0.00643251 -0.0171536 -0.0210118 -0.00145754 0.0284398 -1.95637e-05 0.00689018 -0.00327425 -0.000437588 0.0250815 -0.0414927 -0.000185391 -0.0331071
internal_weight=2466.88 35.8898 29.5947 15.2407 14.3541 2430.99 19.2309 14.86 2411.76 614.087 609.149 111.798 84.1953 497.351 486.857 1797.68 117.61 47.4543 70.1553 64.7882 40.0788 27.603 1680.07 95.8422 61.4865 1584.23 34.3557 9.6723 1574.55 10.4933
internal_count=10374 164 137 69 68 10210 82 63 10128 2595 2572 469 354 2103 2059 7533 486 195 291 266 165 115 7047 395 252 6652 143 40 6612 44
is_linear=0
shrinkage=0.05


Tree=143
num_leaves=31
num_cat=0
split_feature=7 3 11 12 8 11 7 8 3 2 3 12 0 0 7 9 9 3 12 7 0 8 9 13 12 0 0 11 3 12
split_gain=0.569463 2.07119 0.575894 2.99503 3.81654 2.7487 4.30705 4.86611 3.95303 3.97186 3.34975 1.78366 4.11323 7.04051 4.52895 6.88091 5.24319 5.03222 3.71648 7.73014 3.75121 3.30499 5.51037 4.70164 4.14895 3.94873 4.24112 10.573 5.13619 3.93231
threshold=0.0042516847646405995 -0.0079177990271754439 4.5000000000000009 -0.16389465191332406 -6.5590398628375537 2.5000000000000004 0.0057115090318313145 0.80722812525808096 0.15236063458408577 64.311178864228367 0.44083510106106183 -0.06258965124511344 -0.0016961184587748551 -0.0016247363673556096 0.01492052966190899 1.3198695093319606 0.88038076206800608 0.043620654249984625 -0.061150259713187195 0.023478260508870166 0.0031276565839427296 4.8679118706108424 0.89478195729210752 1.0000000180025095e-35 -0.067944669956264872 -0.00049855503084430478 -0.00012085226029391953 7.5000000000000009 0.021934380241897557 -0.063541249060014474
decision_type=2 2 2 2 2 2 2 2 2 2 2 2 2 2 2 2 2 2 2 2 2 2 2 2 2 2 2 2 2 2
left_child=1 -1 3 -2 -5 6 -6 -8 9 -7 -10 21 14 -14 -13 16 -16 -17 19 -15 -20 25 23 -23 -24 29 27 -27 -28 -4
right_child=2 -3 11 4 5 8 7 -9 10 -11 -12 12 13 18 15 17 -18 -19 20 -21 -22 22 24 -25 -26 26 28 -29 -30 -31
leaf_value=-0.0093441816234858255 0.045436981013011267 0.039210587500420259 0.0013729003275634146 -0.062657158291702819 -0.04313815169331859 0.005029246705086682 0.0091999001927567086 -0.0030068825280954703 -0.012184100423861978 0.023818300830540623 0.0083943855035013611 0.0019852410376463643 0.043207802092446061 0.00030770034561136071 -0.011827572635956674 0.04833165689337951 -0.042163729397305769 -0.015991121089625585 0.00035455660138570589 -0.07391050659962943 -0.011960409273117339 0.062112406999421166 -0.0043088821121941836 0.0034212666791780567 0.039689455822261382 0.033051931378405015 0.007360406884902017 -0.036950967791777867 -0.012640941515603155 0.030156627117348778
leaf_weight=4.8478301614522934 3.8009465336799613 4.0155950188636762 698.59904336184263 2.351649433374404 5.958137020468711 79.870421804487705 104.19861679524183 377.16265742480755 42.690326884388924 43.416484303772449 36.841469720005989 40.953236654400826 8.9635049104690534 10.027375757694243 29.930089756846428 5.892176687717436 27.176422268152237 6.283073678612709 633.30787986516953 5.3965056538581839 68.527589276432991 8.8620259165763837 31.439121142029759 5.5488253235816947 6.4587733000516918 6.7722800672054282 63.984390467405319 26.502631664276123 64.404508396983147 12.070716410875319
leaf_count=21 21 20 2966 10 26 330 440 1599 179 189 154 172 37 41 123 24 112 26 2608 22 284 51 141 30 27 28 267 111 266 49
internal_value=2.80038e-06 0.0126537 -4.28293e-05 0.00117448 0.000931531 0.00114821 -0.000887488 -0.000364522 0.00603945 0.011646 -0.00265154 -0.00052412 -0.00219713 -0.000831087 -0.0111966 -0.0189885 -0.0262642 0.0151377 -0.00138144 -0.0256598 -0.000847883 0.000989333 0.0131967 0.0395137 0.00318956 0.000257328 -0.00679585 -0.0227036 -0.00267299 0.00186179
internal_weight=2466.25 8.86343 2457.39 696.291 692.49 690.138 487.319 481.361 202.819 123.287 79.5318 1761.1 836.458 726.223 110.235 69.2818 57.1065 12.1753 717.259 15.4239 701.835 924.642 52.3087 14.4109 37.8979 872.334 161.664 33.2749 128.389 710.67
internal_count=10374 41 10333 2948 2927 2917 2065 2039 852 519 333 7385 3449 2992 457 285 235 50 2955 63 2892 3936 249 81 168 3687 672 139 533 3015
is_linear=0
shrinkage=0.05


Tree=144
num_leaves=31
num_cat=0
split_feature=9 8 9 0 7 2 9 12 7 11 9 9 0 0 7 9 0 9 9 2 8 7 7 12 12 12 2 9 9 3
split_gain=0.599997 5.87016 3.46608 4.10358 4.13976 5.534 5.69903 3.42393 4.73428 8.63656 6.00473 5.6378 4.50878 3.87683 3.4097 3.30234 5.21167 3.21783 3.66239 3.1247 4.94912 3.47178 2.37595 2.0618 9.37919 3.54585 4.8713 3.93801 3.31071 4.08382
threshold=0.82882484791884059 8.4865530244713412 0.76256060843503493 -0.0057458794238342747 0.029652900636144962 63.043478260869584 0.77157413446297995 -0.046501798737934773 0.01929222243047363 5.5000000000000009 0.62745258142654103 0.67943433696383504 -0.0016961184587748551 -0.0012711445976546615 0.0097731701027050314 0.83139234777573423 -0.00052550000173338409 0.81949745760832371 0.78199110603968525 20.000000000000011 -5.5154683945869092 0.016878320719366253 0.020446185101357522 -0.031760041468779351 -0.031517150374365498 -0.032980978412450471 51.888413408545681 0.99495459411296727 1.1020737213233354 0.15667117957079937
decision_type=2 2 2 2 2 2 2 2 2 2 2 2 2 2 2 2 2 2 2 2 2 2 2 2 2 2 2 2 2 2
left_child=1 2 7 -4 17 6 -6 14 12 11 -11 -10 -9 -14 -1 16 -2 18 -5 20 -16 -21 -19 25 -25 -17 -27 -28 29 -26
right_child=15 -3 3 4 5 -7 -8 8 9 10 -12 -13 13 -15 19 23 -18 22 -20 21 -22 -23 -24 24 28 26 27 -29 -30 -31
leaf_value=0.059883203917327578 0.067893427985344854 0.046376041104926963 -0.040159897421296165 -0.018092903099597765 -0.027100550773025891 -0.036245773592978044 0.026489515397646775 -0.036101095006653407 -0.043253767005711104 0.036369810401432286 -0.015952691835561812 -0.0052994416347993262 0.043278058316188778 4.4717652390182484e-05 0.011579743226641681 -0.00017934195543325138 -0.0053157477015835005 -0.041208330142449262 -0.00085959374202789764 0.015203932278720592 -0.040640525800621288 0.0018158895036380334 -0.0074848850636970929 0.059159596808562587 0.012620674973790425 0.016325917474912188 -0.065997724219317447 -0.016821319363604814 -0.0015223875012729067 -0.0077966887801114689
leaf_weight=2.6258359700441352 4.6497477889060974 6.4885538741946212 8.903441555798052 44.901653945446014 6.0503030121326438 5.7488602176308623 27.555822536349297 8.4330098628997785 26.533963441848755 10.652090668678285 11.301006659865378 15.499630600214003 5.3361929059028617 183.45337095856667 8.1646431684494036 1153.3046941533685 5.0945710167288762 12.424312055110933 98.372195720672607 56.019247204065323 10.212419688701628 357.13599773496389 9.0108978152275068 7.4723437502980223 115.66282287240028 7.1961591541767147 5.8774114847183254 13.245806083083151 206.81129134446383 31.069963932037354
leaf_count=12 19 34 40 185 25 26 118 35 109 44 46 63 22 773 38 4841 22 51 405 233 42 1516 37 32 488 30 24 55 876 133
internal_value=2.76117e-06 -0.00101271 -0.00135123 -0.00693229 -0.00548254 0.00908657 0.0168414 0.000358062 -0.00416523 -0.015983 0.00943525 -0.0292583 -0.000331084 0.00126672 0.00307948 0.000601954 0.0296179 -0.00896364 -0.00626047 0.00273384 -0.0174399 0.00363116 -0.0270317 0.000418433 0.0037248 -0.00059346 -0.01874 -0.0319354 0.00255316 0.0082974
internal_weight=2465.21 914.823 908.335 212.967 204.064 39.355 33.6061 695.367 261.209 63.9867 21.9531 42.0336 197.223 188.79 434.158 1550.38 9.74432 164.709 143.274 431.532 18.3771 413.155 21.4352 1540.64 361.016 1179.62 26.3194 19.1232 353.544 146.733
internal_count=10374 3854 3820 887 847 169 143 2933 1092 262 90 172 830 795 1841 6520 41 678 590 1829 80 1749 88 6479 1529 4950 109 79 1497 621
is_linear=0
shrinkage=0.05


Tree=145
num_leaves=28
num_cat=0
split_feature=0 12 9 7 9 9 8 8 3 7 11 3 3 9 8 7 0 0 0 2 2 0 8 9 9 9 3
split_gain=0.565572 1.50031 1.4783 0.845899 4.58603 4.15857 4.70964 3.36615 1.64382 1.61234 3.49174 2.54343 6.51225 5.30626 1.91999 1.31025 6.1352 3.57991 4.09677 2.95747 5.41429 2.51959 2.41537 2.41381 3.18794 1.09505 0.299772
threshold=0.013454294945522804 -0.062212912410127039 1.3372032047073457 0.054730877967777099 0.65388108712954984 0.80358062442456113 1.0024653548756766 5.3042487195173473 0.23383629890641536 0.043580589018418193 15.500000000000002 0.25640172412986323 0.15236063458408577 0.8983580811055577 4.9513479641625127 0.03781866878285884 0.0080344818118911511 0.0080344818118911511 0.0077150417577745668 56.366531557614373 58.677685950413249 -0.0037789746796736408 11.03046731492134 0.87204053450695318 1.8991971394249842 1.1778424226289761 -0.060090305646155064
decision_type=2 2 2 2 2 2 2 2 2 2 2 2 2 2 2 2 2 2 2 2 2 2 2 2 2 2 2
left_child=3 2 -2 9 -5 -6 8 -8 -7 15 11 12 14 -13 -11 17 19 18 22 21 -21 -17 -1 -19 -25 -18 -12
right_child=1 -3 -4 4 5 6 7 -9 -10 10 26 13 -14 -15 -16 16 25 23 -20 20 -22 -23 -24 24 -26 -27 -28
leaf_value=6.5288823812381446e-05 0.045199082899236506 -0.0058804450466111262 0.002963246659084675 0.038518298460241941 -0.051248314648551146 0.0019458387155756474 -0.059321904629856786 -0.0013714768596194823 0.040615766222451138 0.010053131636470166 0.05932473917063516 0.011972117497420573 0.055925769358137027 -0.051640482480151129 -0.01246307087991542 0.0064001107890284048 -0.025300924683393067 -0.012158067866063485 -0.039440242894907766 0.067635784974814026 0.0032165006444639602 -0.014852214878646176 -0.021647070131655247 0.030520432233104355 -0.010324943060614607 -0.055396495798279322 0.035888246788524654
leaf_weight=2197.7602139078081 4.1755940318107623 8.2459853738546354 4.1119549870491028 4.5529174506664267 6.3307997733354595 7.4868019372224826 5.0284424945712072 4.9951773285865784 4.3420304954051971 27.193815231323242 2.1121374815702438 7.691536992788313 6.5260364934802046 5.7133828550577164 14.524741515517233 22.195594623684883 6.6139573603868467 6.3002079576253882 6.6244847476482382 3.9202511310577419 19.417923137545586 37.523361496627331 12.883924163877962 22.887995764613155 6.0371421277523032 5.5662090480327606 3.8541161529719821
leaf_count=9134 28 34 18 24 29 36 23 26 20 129 18 35 32 25 72 111 29 27 28 17 87 158 56 95 28 25 30
internal_value=2.73209e-06 0.0092193 0.0242433 -5.95136e-05 -0.00804299 -0.0155648 -0.00522708 -0.0304429 0.0161405 4.86897e-05 0.00766087 0.00412616 0.00947948 -0.0151406 0.00221389 -0.000170545 -0.00591503 7.2337e-05 -0.000178905 -0.00105522 0.0140374 -0.00695342 -6.12537e-05 0.0158869 0.0219953 -0.0390543 0.0441851
internal_weight=2464.62 16.5335 8.28755 2448.08 32.7362 28.1833 21.8525 10.0236 11.8288 2415.35 67.6158 61.6495 48.2446 13.4049 41.7186 2347.73 95.2373 2252.49 2217.27 83.0571 23.3382 59.719 2210.64 35.2253 28.9251 12.1802 5.96625
internal_count=10374 80 46 10294 158 134 105 49 56 10136 341 293 233 60 201 9795 427 9368 9218 373 104 269 9190 150 123 54 48
is_linear=0
shrinkage=0.05


Tree=146
num_leaves=31
num_cat=0
split_feature=3 12 3 8 12 8 2 8 2 3 0 3 2 9 3 3 0 0 0 9 12 9 9 3 7 9 2 11 3 12
split_gain=0.562385 1.01014 0.642809 3.06204 4.02832 3.19079 2.87109 4.13009 6.9824 3.91657 3.58266 2.41859 2.92729 1.25225 1.04776 1.86588 2.00287 3.08045 4.38876 2.08856 1.81397 0.828565 4.90134 7.34966 3.94757 3.51478 4.64314 3.97215 3.47702 2.70707
threshold=16.536060538208265 -0.067944669956264872 1.6750095181845817 1.2895722019332594 -0.027876131150828536 2.1664301224480922 51.392768466790812 -2.8973801815249409 36.363636363636353 2.8067298525743749 0.0017686585122452807 4.2233512829378066 62.074751214996546 0.91781816102404956 1.1575055616543206 1.2253360972164888 -0.00071611952514943585 -1.0000000180025095e-35 0.00071507842960313016 1.0701614615482253 -0.059399939993999382 1.8029190336478724 1.8707258496465238 0.67876323045573439 0.015736149517185414 1.7157437682208003 64.311178864228367 2.5000000000000004 -0.58280419924068327 -0.044150858738190822
decision_type=2 2 2 2 2 2 2 2 2 2 2 2 2 2 2 2 2 2 2 2 2 2 2 2 2 2 2 2 2 2
left_child=2 -2 14 4 6 13 7 8 -4 -9 -8 12 -7 -5 21 20 19 -18 -19 -17 -16 25 24 28 -23 -1 29 -28 -24 -27
right_child=1 -3 3 5 -6 11 10 9 -10 -11 -12 -13 -14 -15 15 16 17 18 -20 -21 -22 22 23 -25 -26 26 27 -29 -30 -31
leaf_value=2.3371937990553004e-05 0.0040966433612035389 -0.028546425967526375 0.025119350541611227 0.022358123908321668 -0.03886458439468167 0.020708148080029076 -0.042877318982677048 0.039572561199785174 -0.051615085192190449 0.0023702793717655579 0.014168053190713504 0.033190575822132896 -0.02934194183671851 0.058394994286763438 -0.0044960028370357443 -0.00068104813097009985 0.039495125431119923 -0.041460844449687694 0.012690034624563194 -0.039132035687430483 -0.04848282617353749 -0.0023353163295305609 -0.026685345420858538 -0.056642395858791286 0.04619573712384567 0.014410839964392338 -0.072960045272163945 -0.010639704463224389 0.0053634926297152297 -0.030738212460360816
leaf_weight=2156.7380579635501 4.7611967027187347 4.7188169509172422 5.5438092201948113 4.5939931720495242 6.611448571085929 5.2305963635444659 6.7441599518060666 12.8715175613761 6.3721168488264084 15.708903059363363 4.6501151770353317 5.3755759298801413 6.617493137717247 5.072320781648159 4.4960286468267441 8.237401142716406 5.4373980015516272 5.3357798457145753 12.524563543498514 6.182024583220481 4.8963229805231077 6.6658464819192913 9.187263682484625 5.4359574913978568 11.282079741358755 9.8120273351669294 5.6099153459072095 4.6981533318758011 107.34861110337079 5.0179142355918911
leaf_count=9068 20 20 23 20 28 22 28 54 27 65 20 23 28 22 19 35 23 22 53 27 21 28 38 23 48 41 24 20 463 21
internal_value=2.80518e-06 -0.0121519 4.97543e-05 0.00431175 -0.00210739 0.0182773 0.00257589 0.00881445 -0.0159149 0.0191248 -0.0195965 0.00537425 -0.00724624 0.0412682 -0.000103878 -0.00748607 -0.00252043 0.00654406 -0.00348755 -0.0171661 -0.0274268 4.59076e-05 0.0037758 0.000186047 0.0281713 -0.000193284 -0.0187815 -0.044556 0.00283688 -0.000865961
internal_weight=2463.78 9.48001 2454.3 85.392 58.5021 26.89 51.8906 40.4963 11.9159 28.5804 11.3943 17.2237 11.8481 9.66631 2368.91 47.1095 37.7172 23.2977 17.8603 14.4194 9.39235 2321.8 139.92 121.972 17.9479 2181.88 25.138 10.3081 116.536 14.8299
internal_count=10374 40 10334 360 245 115 217 169 50 119 48 73 50 42 9974 200 160 98 75 62 40 9774 600 524 76 9174 106 44 501 62
is_linear=0
shrinkage=0.05


Tree=147
num_leaves=31
num_cat=0
split_feature=11 12 8 8 8 12 3 8 7 9 2 3 8 2 9 11 0 7 12 3 2 7 7 3 13 11 0 7 3 7
split_gain=0.551196 2.71899 3.48425 2.52295 4.24494 3.83292 3.14177 3.08078 4.36259 2.53595 2.34913 1.66269 3.61415 4.39765 3.30676 3.75288 4.13714 3.06221 4.91946 2.52908 7.9471 2.50359 3.57136 2.59255 2.00179 1.9911 1.83672 1.47486 2.93972 3.38763
threshold=4.5000000000000009 -0.16389465191332406 -5.9999118345100468 3.3377858500789537 3.4767879141469717 -0.15665711307972899 -4.2409631868603164 3.0841780018746445 0.012933334754833296 0.7974468253119612 36.842105263157883 -1.1590610625839057 0.19553492352055313 45.362780813600502 1.2331709870973901 19.500000000000004 -0.00065254384701873055 0.021461535653832273 -0.037642181092353309 -1.0054291466514589 47.80376436288801 0.030797357546759458 0.021362428191717405 -2.1389561495821012 1.0000000180025095e-35 9.5000000000000018 -0.00075452151880292648 0.042822809035846683 -0.18701770394282735 0.045138568365158803
decision_type=2 2 2 2 2 2 2 2 2 2 2 2 2 2 2 2 2 2 2 2 2 2 2 2 2 2 2 2 2 2
left_child=1 -1 -3 5 -5 -4 -6 10 -9 -8 -7 12 13 14 15 16 -2 18 -15 20 -13 22 24 -24 26 -26 -14 -21 -29 -30
right_child=11 2 3 4 6 7 9 8 -10 -11 -12 19 21 17 -16 -17 -18 -19 -20 27 -22 -23 23 -25 25 -27 -28 28 29 -31
leaf_value=0.043887932248101308 0.05113375895484451 -0.052384346182315883 -0.10990800969819242 -0.039817687205474003 -0.071593656633701624 -0.018178602067701246 -0.012963446931518158 -0.020111164074949478 0.038122157988216325 0.0010205133486527575 0.0035138565094546288 0.012642127227443112 0.030644148573948579 -0.071406659709179407 -0.020006617063398555 -0.0074583265013818669 -0.00284329461869786 0.0018479237569485451 -0.0029336666616596686 -0.00093163191859317639 -0.065935395303736058 0.049566638591608675 0.013087988396412068 -0.03627027932419212 0.061874935745222549 0.0180114501102531 -0.012649151268921011 0.028034759844885734 0.028322375320491602 -0.005500126716306477
leaf_weight=3.7094727084040633 10.248511880636213 3.0468944013118735 0.74356210231780906 7.4978034794330588 1.5941738486289967 12.878879129886625 38.453492015600204 4.2296299040317562 13.422789886593817 206.64486061036587 403.39936732500792 7.1364579051732999 4.8970263004302979 5.6273627281188974 7.7036711424589148 9.44583909958601 5.4312610626220712 7.7922636568546286 4.9134873300790796 1607.5740159414709 5.8599197417497635 5.4508326202630988 5.5429973304271698 5.1157545447349531 5.3122748285531998 5.0434179753065109 4.9024078547954595 13.06460679322481 9.2315266001969558 37.382020018994808
leaf_count=21 43 13 3 32 7 54 169 20 57 877 1697 30 20 23 32 41 22 33 20 6694 24 25 23 21 22 21 20 71 49 190
internal_value=2.61231e-06 0.0011949 0.00096601 0.00120198 -0.00275496 0.00351594 -0.0016285 0.00371029 0.0241691 -0.00117343 0.00284273 -0.000466579 0.00625604 -0.00230283 0.00865166 0.0174385 0.0324368 -0.0219191 -0.0394888 -0.000816372 -0.0227876 0.0183309 0.0128055 -0.0106019 0.0251842 0.0405126 0.00898561 -0.000645104 0.00707321 0.00119821
internal_weight=2463.3 695.621 691.911 688.865 254.19 434.674 246.693 433.931 17.6524 245.098 416.278 1767.68 87.4271 51.1624 32.8293 25.1256 15.6798 18.3331 10.5409 1680.25 12.9964 36.2647 30.8139 10.6588 20.1551 10.3557 9.79943 1667.25 59.6782 46.6135
internal_count=10374 2950 2929 2916 1085 1831 1053 1828 77 1046 1751 7424 366 214 138 106 65 76 43 7058 54 152 127 44 83 43 40 7004 310 239
is_linear=0
shrinkage=0.05


Tree=148
num_leaves=22
num_cat=0
split_feature=12 12 9 9 0 11 11 7 8 12 0 3 12 7 3 2 7 2 3 8 12
split_gain=0.53923 2.9335 1.99202 3.6943 3.31015 1.46092 2.16061 1.79504 1.04347 0.75689 4.80147 2.67747 1.69591 2.23995 5.16041 0.896676 2.92549 2.4294 3.44718 2.21491 1.29427
threshold=-0.011038244316389991 -0.011932101552811785 0.75649761196913901 0.59876276796079975 0.0013027916566925428 1.5000000000000002 4.5000000000000009 0.0091053072037568742 0.96143294175645333 -0.013432925317040855 0.00081328127198765008 0.057847268079224537 -0.014618256440686359 0.0093653284853372695 -0.017374702360423985 68.989794917083728 0.0057115090318313145 68.000000000000028 0.10805010814923575 3.3377858500789537 -0.015128069477978642
decision_type=2 2 2 2 2 2 2 2 2 2 2 2 2 2 2 2 2 2 2 2 2
left_child=1 9 3 -2 8 7 -7 -6 -4 12 -11 -12 15 -14 -15 17 -17 20 -19 -18 -1
right_child=2 -3 4 -5 5 6 -8 -9 -10 10 11 -13 13 14 -16 16 19 18 -20 -21 -22
leaf_value=-0.00016699604875057775 0.01855208755471122 -0.028921913174089698 0.055590266975468643 -0.044425922118125037 0.016304964784145181 0.041938450671396343 -0.0065874004769276772 -0.026366298036083854 0.021795529515460405 0.051502996408982676 -0.026410179543139907 0.020702142917881347 -0.039319474638202692 -0.036424798756294917 0.02770602107905687 -0.068488718216601713 0.011294400065608765 -0.025163600003669337 0.0090965579500178837 0.00077634092865873144 0.025186307713571422
leaf_weight=2024.3361073229462 4.4689995199441892 8.7907664030790311 4.1667776405811328 4.8619435727596283 3.7769729048013705 4.2093990445137006 5.0408243387937546 7.0928830355405807 5.055429995059967 5.0453985035419491 7.0973211973905546 5.2439946681261063 6.3016413897275951 5.9821981191635141 6.5949693620204899 1.4432385861873616 62.426072299480438 22.069088310003281 11.00269530713558 252.52014623209834 5.0463596433401099
leaf_count=8483 20 37 23 22 21 21 23 31 23 21 31 23 27 25 27 6 275 93 47 1074 21
internal_value=2.62116e-06 -9.08356e-05 0.00586015 -0.014263 0.0122594 0.000889663 0.0154947 -0.0115392 0.0370647 1.41068e-05 0.0104087 -0.00639151 -6.12682e-05 -0.0149881 -0.00279713 5.7193e-05 0.00253568 -0.000323017 -0.0137655 0.00286114 -0.000103951
internal_weight=2462.57 2423.9 38.6732 9.33094 29.3423 20.1201 9.25022 10.8699 9.22221 2415.11 17.3867 12.3413 2397.72 18.8788 12.5772 2378.84 316.389 2062.45 33.0718 314.946 2029.38
internal_count=10374 10190 184 42 142 96 44 52 46 10153 75 54 10078 79 52 9999 1355 8644 140 1349 8504
is_linear=0
shrinkage=0.05


Tree=149
num_leaves=29
num_cat=0
split_feature=0 9 2 7 9 9 8 8 3 7 11 0 2 0 11 11 12 2 12 12 7 7 0 8 9 8 8 3
split_gain=0.528031 1.77347 1.53152 0.798313 4.2281 3.68367 4.30194 3.07406 1.50251 1.38614 3.25727 2.31376 4.3486 3.05601 2.10364 1.58518 1.315 4.5822 4.10984 3.43961 3.7301 2.47914 5.87638 2.3089 1.75518 1.61858 1.33702 0.299458
threshold=0.013454294945522804 0.93072135215566265 79.039858427475025 0.054730877967777099 0.65388108712954984 0.80358062442456113 1.0024653548756766 5.3042487195173473 0.23383629890641536 0.043580589018418193 15.500000000000002 0.0095036313553859206 62.83212936438742 0.0049493848949817487 5.5000000000000009 1.0000000180025095e-35 -0.16772551472588518 44.657141112535875 -0.18388396197634374 -0.1607940842672719 0.031680279095547832 0.0406098476364583 -0.0023143383076426874 -6.7593057563042489 0.97483531744139984 -4.3543561318369859 -8.504160240682948 -0.060090305646155064
decision_type=2 2 2 2 2 2 2 2 2 2 2 2 2 2 2 2 2 2 2 2 2 2 2 2 2 2 2 2
left_child=3 -2 -3 9 -5 -6 8 -8 -7 16 11 12 13 -11 -14 -13 17 18 25 20 -18 26 -23 -20 -22 -1 -21 -12
right_child=1 2 -4 4 5 6 7 -9 -10 10 27 15 14 -15 -16 -17 19 -19 23 21 24 22 -24 -25 -26 -27 -28 -29
leaf_value=0.013095584766796009 0.043281516027342634 -0.014587049998985314 0.019345937832755761 0.037271678867513806 -0.048467455615612075 0.0017413273274271145 -0.057076519826840401 -0.0015570532105623194 0.038912231380650766 -0.00038110132922300108 0.058699140651838427 0.0045664316492935427 -0.044002011221283582 0.030528616267753918 -0.0045938518532541838 0.048613210222020316 -0.013831998660599854 0.041023338814882487 -0.018138640320978613 -0.014888887478770405 0.060115045530250322 0.037885282580256523 -0.023200697294784436 -0.058675934798867471 0.017443091955221136 -0.027285278044400198 0.00012187359104033883 0.034760183034648041
leaf_weight=9.6840574070811289 3.058835148811343 7.2013848647475225 6.1777454316616058 4.4802818074822417 6.3692364245653179 7.4529795348644274 4.9952854886651021 4.9776644706726074 4.279771476984024 28.450588911771774 2.0032485276460648 3.7701726630330068 6.8479416817426664 11.122883737087248 6.6992905549705029 4.4578272998332977 4.3837489262223235 3.8049474209547034 7.9168858528137207 14.93278521299362 5.566202759742735 4.620754241943362 26.606385797262192 6.3142400085926056 4.2495291978120804 3.3365431651473054 2254.6144671440125 3.7552870884537688
leaf_count=62 21 33 26 24 29 36 23 26 20 134 18 18 30 53 33 25 20 23 39 66 26 20 116 27 20 17 9359 30
internal_value=2.66578e-06 0.00893409 0.00108133 -5.7364e-05 -0.0078348 -0.015033 -0.00522215 -0.0293658 0.0153002 4.75599e-05 0.00713297 0.00375803 -6.35357e-05 0.00830667 -0.0245141 0.0284304 -0.000155115 -0.0103754 -0.0175518 -1.80051e-05 0.0245151 -0.000169414 -0.0141617 -0.0361247 0.0416411 0.00274794 2.31083e-05 0.0430879
internal_weight=2462.13 16.438 13.3791 2445.69 32.5552 28.0749 21.7057 9.97295 11.7328 2413.14 67.1072 61.3487 53.1207 39.5735 13.5472 8.228 2346.03 31.0567 27.2517 2314.97 14.1995 2300.77 31.2271 14.2311 9.81573 13.0206 2269.55 5.75854
internal_count=10374 80 59 10294 158 134 105 49 56 10136 341 293 250 187 63 43 9795 168 145 9627 66 9561 136 66 46 79 9425 48
is_linear=0
shrinkage=0.05


Tree=150
num_leaves=31
num_cat=0
split_feature=8 8 0 7 7 9 9 7 12 12 0 3 0 3 2 7 0 9 3 8 12 7 9 7 0 12 3 8 0 7
split_gain=0.535356 2.55688 2.77853 2.40803 2.84685 2.40322 2.30614 1.98096 2.26108 2.25716 2.28308 4.92688 3.63523 3.60134 2.8684 1.44768 1.20518 4.30919 3.96641 3.91363 3.49109 4.8314 2.80233 2.59216 4.43627 1.9765 3.71185 3.95103 3.44927 2.10864
threshold=-5.3612248602104344 -4.809614867320593 -0.003418241972059755 0.019179839298795454 0.03146649298250271 0.94735197796013837 0.93512801136823231 0.018117094205347649 -0.090539853179731053 -0.10237965143040699 -0.0048401827259105983 0.48641132959299366 -0.0051288853384413345 -0.17758196519867867 26.411772521923989 0.024932902725803178 -0.0048401827259105983 0.96587438112592261 -0.54595770544265931 -2.3999131932711215 -0.16389465191332406 0.03020044333016424 0.61399110112556199 0.034970983827660014 -0.0055826769612982571 -0.1285639018515731 0.76446028481745254 -4.4277807691192725 0.0011115702852605811 0.031680279095547832
decision_type=2 2 2 2 2 2 2 2 2 2 2 2 2 2 2 2 2 2 2 2 2 2 2 2 2 2 2 2 2 2
left_child=7 2 6 -4 5 -5 -2 -1 9 10 12 14 13 -9 -12 -11 17 19 -19 23 -20 -22 -21 24 -3 26 27 -18 -29 -27
right_child=1 16 3 4 -6 -7 -8 8 -10 15 11 -13 -14 -15 -16 -17 25 18 20 22 21 -23 -24 -25 -26 29 -28 28 -30 -31
leaf_value=0.029802370358803044 -0.011672840305253087 -0.033454631806741929 0.030304945388804821 -0.0047082253632749031 0.021535711116702813 -0.051046164824992524 -0.048515421666542213 0.036424875372772468 -0.031365786182997207 0.0065048965217788558 0.00091266174955552447 0.029440715303690659 0.044216668273825324 -0.00047501014627857237 -0.020560488543645714 0.040438008174945625 -0.05035332995234694 0.049900744880308566 -0.032550921944972874 -0.0028351219147758487 -0.011081051192915758 0.04054469194726254 -0.049292826379882221 0.026635729355888534 0.01340922709975192 0.00056655914176573306 -0.024208518497660272 0.026164591239407165 5.981673425286093e-05 -0.0042045109161289217
leaf_weight=6.4998367875814429 9.6498229950666445 11.399298369884493 4.792774066329005 6.8863030970096606 5.0193751305341712 4.7131655812263489 7.5868114605545989 7.4793375283479682 5.024677872657775 6.4608350843191129 29.622734822332859 8.8826344758272153 6.0893714129924765 57.040945613756776 32.741533562541008 6.1209309995174408 2.3313954323530188 4.7903448492288616 6.1232493519783047 4.5280200764536849 10.595292016863825 7.9191388040781012 11.464297398924826 5.267885908484458 9.0662406682968157 1857.8029129430652 7.4509429931640616 32.95299231633544 20.542264431715012 264.56528280302882
leaf_count=30 40 47 20 28 22 20 34 38 21 27 134 38 28 275 138 25 10 23 30 21 43 33 50 27 37 7700 34 156 113 1132
internal_value=2.86206e-06 -0.000195414 -0.0129473 -0.000918694 -0.0099234 -0.0235365 -0.0278893 0.00274524 0.00164237 0.0027163 0.000916104 -0.00539862 0.00728782 0.00380251 -0.0103608 0.0230131 2.29641e-05 -0.00638087 0.00827091 -0.0167144 0.000176748 0.0110007 -0.0361389 -0.00464276 -0.0126939 0.000231441 0.00893935 0.0133635 0.0161403 -2.81819e-05
internal_weight=2461.41 2295.45 38.6483 21.4116 16.6188 11.5995 17.2366 165.963 159.463 154.438 141.857 71.2469 70.6097 64.5203 62.3643 12.5818 2256.8 71.1538 29.428 41.7257 24.6377 18.5144 15.9923 25.7334 20.4655 2185.65 63.2776 55.8267 53.4953 2122.37
internal_count=10374 9620 164 90 70 48 74 754 724 703 651 310 341 313 272 52 9456 311 129 182 106 76 71 111 84 9145 313 279 269 8832
is_linear=0
shrinkage=0.05


Tree=151
num_leaves=31
num_cat=0
split_feature=11 12 8 3 3 2 9 3 0 13 12 0 9 9 12 7 3 8 2 8 8 11 12 7 12 3 7 9 7 13
split_gain=0.528853 2.44374 3.27659 2.46603 4.89029 4.01529 5.70815 4.28483 3.63571 4.88756 3.392 3.32594 3.12018 3.64018 2.52682 2.11403 1.5306 3.24757 4.02369 3.01539 3.62726 6.46484 3.48785 2.72894 4.48294 2.33277 5.09894 6.03719 5.33906 4.70745
threshold=4.5000000000000009 -0.16389465191332406 -6.5590398628375537 0.25147034631897619 0.27562528754568266 54.617474916387955 0.82882484791884059 -1.2773690423579926 0.0013333781748143874 1.0000000180025095e-35 -0.018257219127580989 0.0019298452930141547 0.58637800884051494 1.3301045699919292 -0.045673689822219136 0.021076693765020259 -1.1590610625839057 0.19553492352055313 45.362780813600502 -5.2244702922296957 -1.5293715226427975 17.500000000000004 -0.066943452162934222 0.021461535653832273 -0.037642181092353309 -0.76816453470359936 0.019010875353839666 0.86907907299548526 0.015650421729656718 1.0000000180025095e-35
decision_type=2 2 2 2 2 2 2 2 2 2 2 2 2 2 2 2 2 2 2 2 2 2 2 2 2 2 2 2 2 2
left_child=1 -1 -3 5 14 8 10 -8 9 -4 -7 -10 15 -14 -5 -6 17 18 19 -2 21 -21 -22 24 -20 26 28 -28 -18 -29
right_child=16 2 3 4 12 6 7 -9 11 -11 -12 -13 13 -15 -16 -17 25 -19 23 20 22 -23 -24 -25 -26 -27 27 29 -30 -31
leaf_value=0.042235002121771829 -0.02956718049914573 -0.058716698034371732 0.0062186719970317057 -0.0075837439899769654 -0.0020133044904948223 -0.012312204792141009 -0.02153946523505167 0.0058525960937189222 -0.012540607956792786 0.046146490754706122 0.011435389337020074 0.011064833582793374 0.0056127169044141775 -0.012783515312967623 -0.054194448196251771 -0.03443115770863716 -0.014429188308166203 0.017476110440726438 -0.068088752615660136 0.067565977123393836 0.018417034544147715 0.0027086459756454867 -0.034606487353613262 0.0015551181920731901 -0.0026532597035552889 -0.00047432576679766887 -0.028594481756958723 0.036306088631522418 -0.072665175707516225 -0.018050323470467294
leaf_weight=3.6043338179588309 4.5128147453069678 2.2926997393369666 15.599931091070175 4.9745420664548874 9.05809134244919 99.943738833069801 15.087361335754393 265.66355524212122 19.226263135671616 15.067144900560379 17.699817329645157 66.655842695385218 105.43403455615044 36.097542561590672 6.9980758279561979 11.306106254458426 12.946104884147646 36.119853869080544 5.600817248225213 6.7160703390836725 6.8394299000501633 8.9789940454065782 5.6746643334627151 7.7779759466648093 4.91381859779358 1631.4250239469111 10.593049228191378 12.402495354413988 5.654794141650199 5.8675097376108161
leaf_count=21 19 10 65 21 38 425 64 1128 79 64 78 279 444 156 29 49 55 152 23 28 29 39 23 33 20 6858 46 52 23 24
internal_value=2.84889e-06 0.00117155 0.000957387 0.00115601 -0.00399258 0.00289441 0.000506343 0.00438057 0.0110574 0.0258357 -0.00873931 0.00578033 -0.00171222 0.000920769 -0.034828 -0.0200115 -0.000456887 0.00600439 -0.00211793 0.0083812 0.0144521 0.0304617 -0.00562711 -0.0208989 -0.0375087 -0.000792228 -0.0117191 0.00143689 -0.0321333 0.0188492
internal_weight=2460.73 694.709 691.105 688.812 173.868 514.944 398.394 280.751 116.549 30.6671 117.644 85.8821 161.896 141.532 11.9726 20.3642 1766.02 87.1344 51.0146 32.722 28.2092 15.6951 12.5141 18.2926 10.5146 1678.89 47.464 28.8631 18.6009 18.27
internal_count=10374 2950 2929 2919 737 2182 1695 1192 487 129 503 358 687 600 50 87 7424 366 214 138 119 67 52 76 43 7058 200 122 78 76
is_linear=0
shrinkage=0.05


Tree=152
num_leaves=31
num_cat=0
split_feature=9 2 12 0 12 9 7 12 9 12 8 3 0 7 9 11 2 2 9 0 12 0 12 12 8 12 7 0 0 9
split_gain=0.530342 2.68644 2.77167 4.29564 3.15174 3.30653 3.07817 4.64409 4.33703 3.20939 7.34221 6.00012 5.40545 3.29973 3.40731 2.88469 2.49728 5.51028 2.04806 2.81307 6.35751 7.15774 3.74758 2.97224 2.41919 2.78253 2.44209 2.28838 6.33516 3.61818
threshold=1.389721570559973 88.380316518298756 -0.020424290392166006 0.0039200816078869489 -0.017766510178416704 1.4629747699870486 0.012420129221103722 -0.037409353180216008 1.5385037893984759 -0.049459736692871438 3.6940282427469238 0.0075670730803758446 -0.0015377969111604265 0.013245998230864106 1.9939528439632328 4.5000000000000009 88.380316518298756 85.156695156695136 1.2918150192261681 -0.003149751643553674 -0.066943452162934222 0.0017255099581645922 -0.11018349931128381 -0.020424290392166006 7.3777885007243915 -0.030937805340086565 0.037443837125499681 0.0032435435927936989 0.0021579965755136881 0.60898601707211675
decision_type=2 2 2 2 2 2 2 2 2 2 2 2 2 2 2 2 2 2 2 2 2 2 2 2 2 2 2 2 2 2
left_child=16 2 6 4 -4 -6 7 -2 -9 13 12 -12 -11 -8 -15 -7 17 18 24 22 21 -21 -20 -22 27 26 -26 28 -1 -29
right_child=1 -3 3 -5 5 15 9 8 -10 10 11 -13 -14 14 -16 -17 -18 -19 19 20 23 -23 -24 -25 25 -27 -28 29 -30 -31
leaf_value=-0.00054206220128042663 0.012702248429998836 -0.025244617954728477 0.030581223719197932 0.045847674418970662 0.033931893764575186 -0.029745213870529554 -0.070932200129759482 -0.063087230708807798 -0.011898681623465222 0.06634218549755444 -0.028066252311911233 0.0057634776199993682 0.016084583452932854 0.0021986909641629605 -0.015383565800958975 0.011603324805703481 0.028400272089821033 -0.044469109959490161 -0.0056489288344872398 0.038112439405565503 -0.016283788076940347 -0.020427984501187973 -0.057764066847464393 0.013276432045939927 0.028462146863084348 -0.012496056499820435 0.0044664828388775056 0.010244275992674922 0.0098005359216401435 -0.0070514674817196664
leaf_weight=1498.6271215938032 9.7988706082105654 9.0048825740814191 9.3490415662527067 8.7106660604476911 4.5720134079456392 10.899548843503 1.7283854782581318 6.4092783182859447 11.67666347324848 5.9351975768804541 17.583223551511765 51.48594805598259 54.279141768813133 131.40366251394153 34.86652909964323 6.8810834139585486 7.5475972741842261 7.0731496065855017 8.0902856476604921 15.600704759359362 55.951073527336121 7.8485374599695197 6.0136831998825064 10.027798049151896 20.988602988421917 10.421271234750746 21.428626835346222 35.146040059626102 164.29166159033775 216.5255323946476
leaf_count=6274 41 40 40 37 21 48 7 27 49 24 73 216 225 568 154 30 33 31 39 66 232 35 25 44 88 43 112 154 689 909
internal_value=2.77202e-06 0.001735 0.00239956 0.014749 0.00620397 -0.00399187 0.000864749 -0.0150194 -0.0300388 0.00235467 0.0082768 -0.0028487 0.0210384 -0.00220272 -0.00148827 -0.0137434 -0.000308347 -0.000412619 -0.000262149 -0.00711651 -0.00384343 0.0185188 -0.0278699 -0.0117911 9.85483e-05 0.0106526 0.0163399 -0.00019272 0.000479757 -0.00463611
internal_weight=2460.17 374.584 365.579 40.4124 31.7017 22.3526 325.167 27.8848 18.0859 297.282 129.284 69.0692 60.2143 167.999 166.27 17.7806 2085.58 2078.03 2070.96 103.532 89.4281 23.4492 14.104 65.9789 1967.43 52.8385 42.4172 1914.59 1662.92 251.672
internal_count=10374 1600 1560 176 139 99 1384 117 76 1267 538 289 249 729 722 78 8774 8741 8710 441 377 101 64 276 8269 243 200 8026 6963 1063
is_linear=0
shrinkage=0.05


Tree=153
num_leaves=31
num_cat=0
split_feature=0 3 3 3 9 3 8 12 3 0 3 3 12 7 8 2 12 2 12 9 0 9 13 2 7 3 2 12 0 9
split_gain=0.541862 2.66938 5.30234 4.18569 2.83531 3.24178 3.06693 3.21191 1.65835 1.61542 4.53138 3.47505 3.39894 4.61047 2.91168 3.25483 3.83504 2.7445 3.72585 2.73471 2.2022 3.53724 4.15467 4.43047 3.45115 3.29626 3.12381 1.85369 1.36406 3.59895
threshold=0.0086848952416330952 -0.60721213834266108 -0.28299637944979966 -0.22766362238706497 0.89478195729210752 1.0000000180025095e-35 11.77821692414159 -0.068722308184659658 0.25147034631897619 0.0060480702069804727 -0.21841429278087418 -0.10050716082393939 -0.049107581189396808 0.0406098476364583 8.8855341695372498 73.666429587482241 -0.024250592175120517 77.089248714603656 -0.033626294554519022 0.65388108712954984 0.0048484632929444386 1.9534287763784397 1.0000000180025095e-35 63.220403808603585 0.030002560163850469 0.097189793247971598 57.289049413735327 -0.041715318530252739 0.0031810484608432539 1.2620051529694527
decision_type=2 2 2 2 2 2 2 2 2 2 2 2 2 2 2 2 2 2 2 2 2 2 2 2 2 2 2 2 2 2
left_child=9 -2 -3 -4 5 -5 7 -6 -8 20 12 27 13 -11 15 19 -17 -16 -19 -13 28 22 24 26 -22 -25 -24 -12 -1 -30
right_child=1 2 3 4 6 -7 8 -9 -10 10 11 14 -14 -15 17 16 -18 18 -20 -21 21 -23 23 25 -26 -27 -28 -29 29 -31
leaf_value=0.00022863191205337786 0.044242874657542251 -0.040452144959155091 0.077471743505534013 -0.043895095668234352 -0.0048250841386735365 0.010254532704297983 0.0045251848275371888 0.037794738502545333 -0.027761558187158964 0.057014973074009691 -0.015081505616700448 0.024627377075991372 -0.016238531736359575 -0.00056517665669573243 -0.04971579167629999 0.04834792324367207 -0.0068794165266076266 0.022310662022858564 -0.031937358404121229 -0.016294234225376653 0.010769689196065814 0.045666987300869939 -0.0012174851448993654 -0.018099083683387206 0.060153358524590729 0.016785239459799702 0.034075265752006492 -0.05611343764497817 -0.0081654651460515947 0.0066980462829536076
leaf_weight=2008.1783469412476 3.9589179269969454 6.6172811836004248 2.0217955261468878 5.8674284368753415 6.4946173802018192 5.2255790904164314 19.287433058023456 13.842598915100096 5.0102412551641455 6.937055855989458 4.9163587391376495 4.9081199318170574 6.2477119863033286 6.9689429327845573 6.6455738246440914 6.3517789989709854 6.2232048213481885 5.2621177956461915 7.9427750259637806 24.275823518633842 9.7406713217496854 5.8063559383153907 12.686086103320124 31.398101210594177 5.5556690394878379 8.6338384002447111 12.396472573280333 6.2539701163768751 147.59365011006594 56.246325269341469
leaf_count=8441 22 30 13 30 31 26 85 58 25 29 21 22 26 33 30 26 26 23 34 104 40 24 53 130 25 36 52 26 615 238
internal_value=2.73331e-06 0.00439313 0.00194216 0.00679993 0.00423597 -0.0183868 0.00985837 0.0241843 -0.00213242 -0.000122719 -0.00658549 -0.0123954 0.0143955 0.0281589 -0.00774327 -0.000249013 0.0210166 -0.0235088 -0.0103197 -0.00941209 0.000138615 0.00797831 0.00525686 -0.000251677 0.028706 -0.0105755 0.0162251 -0.0380542 -0.00016695 -0.00406412
internal_weight=2459.49 68.3259 64.367 57.7497 55.7279 11.093 44.6349 20.3372 24.2977 2391.17 92.9334 72.7797 20.1537 13.906 61.6094 41.7589 12.575 19.8505 13.2049 29.1839 2298.24 86.2172 80.4108 65.1145 15.2963 40.0319 25.0826 11.1703 2212.02 203.84
internal_count=10374 320 298 268 255 56 199 89 110 10054 400 312 88 62 265 178 52 87 57 126 9654 360 336 271 65 166 105 47 9294 853
is_linear=0
shrinkage=0.05


Tree=154
num_leaves=31
num_cat=0
split_feature=11 11 0 9 12 2 0 12 12 0 8 3 2 2 12 7 8 12 12 9 8 9 0 7 3 11 7 2 3 9
split_gain=0.530502 3.31061 4.61027 4.13363 3.85324 2.35743 2.45559 2.43673 8.31013 3.66169 2.09447 2.42501 2.07802 3.68742 1.9575 5.20822 5.03321 2.59703 3.49771 1.91445 1.54476 1.70366 1.53663 4.89763 5.06563 4.40811 3.94059 3.56724 6.0301 3.63574
threshold=15.500000000000002 14.500000000000002 -0.00081702195619442499 0.7394943166042659 -0.055194755903572632 68.483503425136306 0.00021274266415891884 -0.028121024926832727 -0.032025477216748761 -0.00081702195619442499 1.4618883485594723 -0.23934616596559877 13.802438437474843 16.724941724941718 -0.088259336432120472 0.021076693765020259 -0.74119625883298268 -0.10692156773281013 -0.11989933744703836 1.0652514016948478 -1.0718522330364921 0.62305183208673753 -0.0016961184587748551 0.020882429265269651 0.37002368087594756 13.500000000000002 0.02118812682525437 30.444664031620572 0.25147034631897619 1.1112541125333288
decision_type=2 2 2 2 2 2 2 2 2 2 2 2 2 2 2 2 2 2 2 2 2 2 2 2 2 2 2 2 2 2
left_child=1 22 3 20 19 6 7 8 12 -9 11 -6 -2 -14 17 16 -16 18 -5 -4 21 -3 23 25 26 -1 -25 28 -24 -30
right_child=5 2 4 14 10 -7 -8 9 -10 -11 -12 -13 13 -15 15 -17 -18 -19 -20 -21 -22 -23 27 24 -26 -27 -28 -29 29 -31
leaf_value=-0.025375437260661896 0.02619594327136647 -0.054730874653568289 -0.03094688997407721 0.023105149519655477 0.0074928929707932801 0.032494515230429004 -0.033533142271342589 -0.040731838200160131 0.056287563895227134 0.0060362394757966179 0.012769702672897286 -0.036587552424759119 -0.026848397623483185 0.0014166497097806846 0.031008127943055172 -0.033703634808952616 -0.019020787675713736 0.04068280714577871 -0.029350270169124559 -0.071004193196909302 -0.0033597551933431807 -0.016321333634758215 0.022136558292288375 0.10450288776870278 0.034885280014049627 0.0070173490996766471 -0.0026707152912805918 0.00012466741459449734 -0.029987029834655662 0.021282879473820088
leaf_weight=39.897363349795341 8.1780061256140453 5.1218432337045687 7.8406022489070875 8.790745384991169 4.6877608746290198 6.0005044974386683 5.1045629233121863 8.4239136278629321 6.9269280731678 8.3178029358386976 6.3492731004953376 9.3295341134071368 11.795033026486633 531.27159281075001 12.642667859792711 9.379002168774603 8.3463445603847521 7.5175837725400916 4.9772325828671464 4.8142278641462326 6.9665562957525244 6.6163471639156342 43.901483491063118 0.86425530165433784 10.226307600736616 14.255093470215796 112.72732416540384 1531.6896707974374 10.911882430315016 5.0619438290595999
leaf_count=166 42 22 35 40 20 29 21 35 29 35 26 40 52 2242 53 39 35 31 21 22 31 28 180 4 43 58 486 6442 45 22
internal_value=2.68213e-06 -0.000408124 -0.00910528 -0.00187166 -0.0245179 0.00131562 0.000993061 0.00129961 0.00186337 -0.017496 -0.0110545 -0.0218459 0.00117947 0.000802752 0.0054213 -0.00272771 0.011114 0.0170475 0.0041421 -0.0461857 -0.0220113 -0.033081 9.99807e-05 -0.00430621 0.00117917 -0.0168484 -0.00185529 0.000592685 0.0125652 -0.0137401
internal_weight=2458.93 1872.92 103.38 70.3583 33.0214 586.018 580.018 574.913 558.172 16.7417 20.3666 14.0173 551.245 543.067 51.6536 30.368 20.989 21.2856 13.768 12.6548 18.7047 11.7382 1769.54 177.97 123.818 54.1525 113.592 1591.56 59.8753 15.9738
internal_count=10374 7889 443 300 143 2485 2456 2435 2365 70 86 60 2336 2294 219 127 88 92 61 57 81 50 7446 757 533 224 490 6689 247 67
is_linear=0
shrinkage=0.05


Tree=155
num_leaves=29
num_cat=0
split_feature=9 12 9 11 11 9 8 2 9 9 3 13 3 12 9 7 3 12 3 9 9 9 2 2 8 7 12 7
split_gain=0.543905 1.3651 3.29562 2.80791 1.88702 1.07279 2.28593 4.44596 0.777112 3.72256 2.92786 3.96918 3.6963 3.68605 0.911784 4.97763 4.44208 8.45535 5.68207 4.43455 5.06966 4.94374 4.09704 3.44481 8.45996 2.75678 0.736651 0.657961
threshold=0.33197407145317887 -0.045269153101722977 0.25360638860852919 3.5000000000000004 16.500000000000004 0.38875348084063305 1.0697639020756007 44.055944055944103 0.49761670988484791 0.48854379205758003 -0.32068331912245268 1.0000000180025095e-35 -0.17758196519867867 -0.019055283790563062 0.58637800884051494 0.010799108437434273 -0.20017353114404332 -0.061657339474422722 -0.09642981978937866 0.60341699908862889 0.60898601707211675 0.61845938689859326 49.047532656023229 60.869565217391326 0.22901903697502909 0.0073737246019365309 -0.031277538512184656 0.023237312410053678
decision_type=2 2 2 2 2 2 2 2 2 2 2 2 2 2 2 2 2 2 2 2 2 2 2 2 2 2 2 2
left_child=1 2 -1 -3 -4 6 7 -2 9 10 11 -7 -12 -14 15 25 17 -17 -18 23 22 -22 -21 24 -16 -10 -5 -11
right_child=5 3 4 26 -6 8 -8 -9 14 27 12 -13 13 -15 19 16 18 -19 -20 20 21 -23 -24 -25 -26 -27 -28 -29
leaf_value=-0.028072043620962429 -0.032873835486582924 -0.0059961521742815721 0.037591759404314119 0.048106295589636958 -0.006216576277622207 -0.047081007542648115 -0.038152169920567802 0.025199119286214645 -0.0056418164715649512 0.046467221697579046 0.043085555655099611 0.01276692667037033 0.0055236326514769458 -0.040710606635541206 0.027310195132679606 0.032383835331099113 -0.041396512691626593 -0.015458407145614623 -0.0075821178954668016 -0.066573192435630493 0.024916051448763365 -0.00023771845643849048 -0.0028665868837589575 0.057210814655348857 -0.043717363426132444 0.04198354838187314 0.020812397134851592 0.020216808603807184
leaf_weight=7.7854451313614872 5.9144172295928019 8.127224415540697 4.8684259727597219 4.6644086539745331 4.9650098234415054 6.6834855526685697 5.7789968699216834 7.4437841922044754 4.7245290726423255 5.0716235190629941 5.8601926416158667 4.7317929901182652 45.155330501496785 4.7659637778997483 18.99583916366101 17.524006322026253 15.092966347932814 19.52505399286747 70.240861020982265 5.1762253493070585 19.71455429494381 2131.9108460117131 4.9249114096164703 4.9957178980112067 5.3795731440186492 8.5146769434213621 5.2598259896039945 4.5096815228462219
leaf_count=34 26 37 24 21 22 29 24 32 20 21 25 21 192 20 78 79 62 80 296 21 82 8980 20 22 23 37 26 20
internal_value=2.47235e-06 0.00613167 -0.00376903 0.0157951 0.0154724 -8.77727e-05 -0.0118792 -0.000513001 6.11314e-06 0.00495541 0.00079812 -0.0222732 0.0055195 0.00110967 -0.000157206 -0.00413562 -0.00728617 0.00717072 -0.0135629 8.90454e-05 -0.000173149 -7.24369e-06 -0.0355124 0.0193867 0.0116346 0.024988 0.0336406 0.0341118
internal_weight=2458.31 35.6703 17.6189 18.0515 9.83344 2422.64 19.1372 13.3582 2403.5 76.7781 67.1968 11.4153 55.7815 49.9213 2326.72 135.622 122.383 37.0491 85.3338 2191.1 2161.73 2151.63 10.1011 29.3711 24.3754 13.2392 9.92423 9.58131
internal_count=10374 164 80 84 46 10210 82 58 10128 328 287 50 237 212 9800 574 517 159 358 9226 9103 9062 41 123 101 57 47 41
is_linear=0
shrinkage=0.05


Tree=156
num_leaves=31
num_cat=0
split_feature=2 2 0 8 0 7 8 12 12 8 9 0 9 7 9 0 3 7 2 12 11 0 12 8 12 0 7 12 0 8
split_gain=0.516062 4.53973 3.84432 4.77799 5.15695 8.87593 3.55751 3.25553 6.98781 2.6613 4.38626 4.00289 3.11355 5.85724 4.54445 4.36479 2.59515 2.54218 4.60275 3.95914 3.11072 2.9392 3.56756 2.72504 2.47178 2.30215 2.10095 2.73143 4.36227 2.54377
threshold=50.363204643391079 48.693375825176425 -0.0055826769612982571 -0.6012450591599886 0.0040835579868553368 0.03523219457828914 -1.8602084158014363 -0.036422530189342044 -0.050598577260032022 0.22901903697502909 1.3458784215456816 -0.0014467589614625422 0.84345165384470289 0.015892569034949448 1.1020737213233354 0.0017255099581645922 -1.0769524651140319 0.0054264148615145507 36.363636363636353 -0.02392172333516859 1.5000000000000002 0.00065044103703873078 -0.020773754333077491 0.16265698496725511 -0.057011087645195337 -0.0010968340205181886 0.008199848637424104 -0.050353467226218966 0.00052020052081453935 -1.0253359924049952
decision_type=2 2 2 2 2 2 2 2 2 2 2 2 2 2 2 2 2 2 2 2 2 2 2 2 2 2 2 2 2 2
left_child=1 9 -2 4 5 7 25 8 -4 17 12 -12 15 -14 -15 24 -8 18 -1 20 -19 22 -21 -22 -11 -3 -18 29 -29 -28
right_child=2 6 3 -5 -6 -7 16 -9 -10 10 11 -13 13 14 -16 -17 26 19 -20 21 23 -23 -24 -25 -26 -27 27 28 -30 -31
leaf_value=-0.013273127191407481 -0.040771414382076973 0.040737891465282311 0.024565133269039738 0.00018109523451610699 0.06445077366956703 -0.041805160144388599 -0.052561751313615547 0.052277193682612813 -0.020313243296146154 0.0040744278737764716 0.012322933069214328 -0.052730918466290626 0.05998679054178107 -0.0041857125557501892 0.036571675785045173 0.034674999020149117 -0.04260771850479661 0.030545193255615 0.051919813653910435 -0.045284339189241102 -0.00045342957456589192 -0.053127952985452115 0.0089167141430834991 -0.038377219696788527 -0.03038843469518698 -0.0068834745566308132 -0.048617318268544554 0.019484725400754115 -0.01972540488987197 -0.013762572693198145
leaf_weight=4.818938270211218 5.5628293082118025 4.8484961092472076 33.522050634026527 1201.8061771206558 4.740121215581893 7.1880705058574668 4.4897866398096076 5.9562930762767783 11.701484173536299 12.922228097915653 4.4102157205343246 5.0981701016426069 8.4461576193571073 16.671312317252163 11.596673876047133 7.4043808355927458 5.6383414417505255 8.0638828128576261 6.1789195388555527 4.71865999698639 984.77636103890836 5.7887360453605643 8.5134695768356323 4.75974117219448 8.7097598165273666 5.3253700882196409 6.3700961768627122 14.878235489130022 13.55686095356941 29.37020925432444
leaf_count=21 25 20 137 5094 23 31 19 25 48 54 20 21 36 69 48 33 23 34 27 20 4139 24 36 20 36 22 27 62 56 124
internal_value=2.47642e-06 -0.000746965 0.000702885 0.000885281 0.0142955 0.0102224 -0.0119179 0.0175295 0.012953 0.000108695 0.00918461 -0.0225574 0.0137749 0.0234511 0.0125346 0.00154019 -0.0157146 -0.000555991 0.0233542 -0.000814652 -0.000383801 -0.0234118 -0.0104117 -0.000635846 -0.00980147 0.0158111 -0.0133449 -0.010774 0.000790705 -0.0199748
internal_weight=2457.83 1187.36 1270.48 1264.91 63.108 58.3679 84.4774 51.1798 45.2235 1102.88 75.2589 9.50839 65.7505 36.7141 28.268 29.0364 74.3035 1027.62 10.9979 1016.62 997.6 19.0209 13.2321 989.536 21.632 10.1739 69.8137 64.1754 28.4351 35.7403
internal_count=10374 4991 5383 5358 264 241 353 210 185 4638 317 41 276 153 117 123 311 4321 48 4273 4193 80 56 4159 90 42 292 269 118 151
is_linear=0
shrinkage=0.05


Tree=157
num_leaves=31
num_cat=0
split_feature=3 9 2 12 12 11 0 8 3 12 12 0 8 9 12 0 11 7 2 0 3 12 8 7 3 7 12 7 9 8
split_gain=0.520919 0.889121 0.636205 4.02733 5.16856 5.76468 3.80988 3.35656 2.83361 2.70537 2.70359 2.07132 6.24924 3.86953 3.58058 5.65115 2.94616 5.06093 6.46317 4.57619 6.41267 3.25115 2.84259 3.96204 2.79751 2.86472 2.51248 4.78647 2.42362 2.6521
threshold=16.536060538208265 0.88291386491949198 39.044357469014983 -0.023176889489153019 -0.034191598411781966 13.500000000000002 0.002120322405683103 -1.6540888296574774 -0.15159934605755027 -0.02843458540123801 -0.042870513568655295 -0.0042965583590263918 -4.1838059200720332 0.96587438112592261 -0.1285639018515731 0.0011115702852605811 19.500000000000004 0.023365593973599417 49.268292682926827 -0.0025346845843529152 -1.0054291466514589 -0.098853842055713265 1.6519569423250677 0.039912516783399875 -0.15159934605755027 0.024492723918835817 -0.11103176474893568 0.033684460968588313 0.96587438112592261 -0.70316659246234015
decision_type=2 2 2 2 2 2 2 2 2 2 2 2 2 2 2 2 2 2 2 2 2 2 2 2 2 2 2 2 2 2
left_child=2 -2 3 4 6 9 7 8 -1 -6 -9 12 -4 24 15 28 19 18 -18 20 -16 -21 -17 -24 -14 -26 27 -15 29 -13
right_child=1 -3 11 -5 5 -7 -8 10 -10 -11 -12 14 13 26 16 22 17 -19 -20 21 -22 -23 23 -25 25 -27 -28 -29 -30 -31
leaf_value=0.0090392527337987433 -0.027311448674175533 0.0033750773643140101 -0.057631244624455152 -0.045181188028860814 0.065920299622514597 -0.015039661876372918 0.032476814017036462 -0.0058047218442533717 -5.8613072961968386e-05 0.018471298989689421 -0.033645837076433115 -0.010254533147334842 -0.033426305297839957 0.062275069757526218 0.036730008671330881 0.018290316906556768 -0.0097929060633423787 0.048742665762296085 0.049328836730480205 -0.010047916814309013 -0.017127249266228259 0.0002832020814096572 -0.060420298616737325 -0.0018026172353680439 -0.040069270632429058 0.0085465688350613977 -0.010144301464778139 0.00059858267612987676 0.05253469156690458 0.034892234608076562
leaf_weight=107.36176805570722 4.6451320797204954 4.7994144856929779 6.1020913645625106 4.6012064963579169 7.4857410490512857 5.3749620020389548 9.4526997134089452 53.263250529766083 421.95693002454937 5.0177450031042108 10.426819205284117 5.0553693771362296 12.643043018877508 5.3449237644672412 6.0054491907358161 9.7786976397037524 20.652665749192241 8.02399694919586 5.9557019770145407 80.147043537348509 69.376385197043419 1527.7711366415024 3.8102224394679061 11.842307806015013 3.9187501966953304 13.363451182842253 7.6493141800165168 7.6451573297381401 8.521937742829321 9.1237022764980811
leaf_count=456 20 20 27 20 31 23 44 221 1792 22 43 21 56 22 25 46 85 33 25 358 288 6370 18 71 17 59 32 37 41 51
internal_value=2.47796e-06 -0.0117175 4.77006e-05 0.00142438 0.00177007 0.0282636 0.000983854 0.000481849 0.00178671 0.0468787 -0.0103626 -0.000424308 -0.00983392 -0.00406579 -0.000122387 0.0133278 -0.000499228 0.0139364 0.0034402 -0.000796227 -0.0128366 -0.000231755 -0.00285894 -0.0160716 -0.0155528 -0.0024771 0.0125893 0.0259761 0.0314613 0.0187957
internal_weight=2457.12 9.44455 2447.67 624.941 620.34 17.8784 602.461 593.009 529.319 12.5035 63.6901 1822.73 56.6667 50.5646 1766.06 48.1322 1717.93 34.6324 26.6084 1683.3 75.3818 1607.92 25.4312 15.6525 29.9252 17.2822 20.6394 12.9901 22.701 14.1791
internal_count=10374 40 10334 2652 2632 76 2556 2512 2248 53 264 7682 250 223 7432 248 7184 143 110 7041 313 6728 135 89 132 76 91 59 113 72
is_linear=0
shrinkage=0.05


Tree=158
num_leaves=14
num_cat=0
split_feature=8 11 12 7 12 12 9 9 9 8 0 12 0
split_gain=0.508893 1.49991 0.718721 1.25284 1.09275 1.89412 1.78172 3.05212 3.94676 1.66731 0.638807 2.12314 1.54146
threshold=-12.997513815722366 12.500000000000002 -0.23717589734544492 0.070725601258957785 -0.18388396197634374 -0.17708579940923441 0.66730894313150024 1.0402414135293301 1.3055859899774152 -5.8436545012100654 0.0086848952416330952 -0.11018349931128381 0.0060480702069804727
decision_type=2 2 2 2 2 2 2 2 2 2 2 2 2
left_child=1 -1 -2 4 6 -6 -4 9 -9 -8 12 -12 -7
right_child=2 -3 3 -5 5 10 7 8 -10 -11 11 -13 -14
leaf_value=-0.0094540751122989403 -0.020497441631279378 0.044571400051058502 0.040235769695627789 -0.02512995023532491 -0.025125804063709067 0.0001511362619642738 0.0026399751028283814 0.052965219239420838 -0.013351724741547527 -0.037405637098612159 0.027092950586899034 0.0012479783607571345 -0.0064615308304638158
leaf_weight=2.7612208798527709 4.2818668596446505 2.402560880407691 4.1993649415671852 4.9475277289748183 7.5070732608437529 2253.1121006160975 6.3757880777120617 5.4139156192541105 3.8311700634658337 4.3881798610091201 9.2531774416565877 56.26346480101347 91.716581396758556
leaf_count=18 24 24 29 25 39 9405 33 30 25 23 58 246 395
internal_value=2.57296e-06 0.0156824 -3.04576e-05 5.35632e-06 5.62795e-05 -4.95532e-05 0.0106265 0.00441229 0.0254834 -0.0136855 2.85473e-05 0.00489817 -0.000107514
internal_weight=2456.45 5.16378 2451.29 2447.01 2442.06 2417.85 24.2084 20.0091 9.24509 10.764 2410.35 65.5166 2344.83
internal_count=10374 42 10332 10308 10283 10143 140 111 55 56 10104 304 9800
is_linear=0
shrinkage=0.05


Tree=159
num_leaves=31
num_cat=0
split_feature=2 2 0 8 8 0 9 0 11 13 0 12 11 12 12 12 12 8 7 12 12 12 9 3 9 9 2 2 8 8
split_gain=0.505278 3.44675 4.21662 3.008 3.11705 5.03255 3.93226 2.64295 4.96238 4.5766 2.79797 3.17517 2.37168 2.04932 5.71938 3.36541 3.89473 4.21233 3.15721 2.85472 13.5881 9.28717 6.66381 4.99174 4.6439 3.78505 8.38936 5.12619 2.90863 7.70202
threshold=52.31065849317779 54.103974848416776 -0.0034766494743691746 1.0318912714943662 2.3927277821937909 0.0029568571602308657 1.0001124382510389 0.0003937316467413447 15.500000000000002 1.0000000180025095e-35 0.0015905375232083221 -0.048092706540242926 4.5000000000000009 -0.073106078874103905 -0.076461156424809246 -0.078474956089879477 -0.083713977821809712 3.2401431686283848 0.019578143804254159 -0.052386107488940264 -0.051742602047254276 -0.054315420580150681 0.70983750316580818 -0.30637195346513019 0.54328657153680771 0.83470093605591911 56.176307393535843 55.07692307692313 1.5334381079822728 4.4853418738469557
decision_type=2 2 2 2 2 2 2 2 2 2 2 2 2 2 2 2 2 2 2 2 2 2 2 2 2 2 2 2 2 2
left_child=-1 2 -2 7 5 6 -5 8 9 -4 12 -12 -9 14 15 16 18 -18 -3 21 -21 22 24 -24 -15 27 -27 -22 -23 -30
right_child=1 13 3 4 -6 -7 -8 10 -10 -11 11 -13 -14 19 -16 -17 17 -19 -20 20 25 28 23 -25 -26 26 -28 -29 29 -31
leaf_value=-0.00067710500952401949 -0.035958389301566543 -0.035151102401946868 -0.017147806861431521 0.02946360125008346 0.025922448774632713 -0.053750946347455621 -0.017793365077468499 0.063966357732781642 0.043158048395633822 0.034635442974358763 0.036521835228762033 -0.0080415144757497291 0.02432026133179635 -0.018671347903650999 0.032419576757501241 -0.027271976306998763 0.045571013723353149 -0.00053639712160524929 0.0022793717063220292 0.064338444185517929 0.025373106691683953 -0.072014070110373224 0.012210699734750858 -0.012520532819777316 0.03434971307796255 -0.020033415420397403 0.0037980314014505823 -0.0077717078431193036 0.0084368524728894705 -0.066586702402321368
leaf_weight=1293.7827432826161 4.7897372543811789 5.9565651118755332 16.583071097731597 7.7327044904232123 8.2555839084088785 5.0930742323398581 10.21988859772682 7.5963533818721789 7.5110703259706488 5.7450167536735526 8.0019205957651121 7.9867492467164984 7.4931872487068176 5.386307671666148 17.207446292042732 9.2528149634599668 10.724621668457987 9.205552861094473 103.93561868369579 8.2038857936859113 12.366551816463469 5.1457637548446682 25.860207557678223 96.690882652997971 17.702777862548828 40.019020929932594 478.27827563881874 205.78319798409939 7.0586764961481077 6.6381139159202576
leaf_count=5440 21 27 69 32 36 21 42 33 31 24 35 33 31 23 73 38 45 40 496 34 51 21 106 405 73 165 2009 863 29 28
internal_value=2.65342e-06 0.000759227 0.00978216 0.0121579 -0.000439775 -0.00988344 0.00256159 0.0186309 0.00800227 -0.00382398 0.0288358 0.0142613 0.0442788 -6.23294e-05 0.00522667 0.00186216 0.00393863 0.0242745 0.000250501 -0.000971523 0.000345282 -0.006933 -0.00265953 -0.00730185 0.0219808 -0.00036759 0.00195795 -0.00589278 -0.039964 -0.0279231
internal_weight=2456.21 1162.42 97.0084 92.2186 31.3013 23.0457 17.9526 60.9174 29.8392 22.3281 31.0782 15.9887 15.0895 1065.42 156.283 139.075 129.822 19.9302 109.892 909.134 744.651 164.483 145.64 122.551 23.0891 736.447 518.297 218.15 18.8426 13.6968
internal_count=10374 4934 408 387 131 95 74 256 124 93 132 68 64 4526 719 646 608 85 523 3807 3122 685 607 511 96 3088 2174 914 78 57
is_linear=0
shrinkage=0.05


Tree=160
num_leaves=31
num_cat=0
split_feature=9 9 9 7 8 3 12 3 3 3 8 8 0 2 0 3 13 8 0 8 9 9 9 11 8 7 11 12 3 11
split_gain=0.520519 3.44655 2.68694 3.28794 2.55553 2.48371 1.8651 1.78072 6.08077 3.47387 3.35805 5.80875 4.79246 2.37499 4.44284 2.06794 2.49078 0.888321 2.64952 4.69033 3.38073 2.87589 4.00195 3.33264 2.22569 2.1237 2.1206 3.15447 4.9167 2.89859
threshold=0.55577164666085799 0.56478107682773715 0.56053121687902319 0.023040587761589005 -7.2856330940714802 -0.093052098369456313 -0.19148462437768471 -0.52524052240041075 -0.25917571566837688 -0.81793137922364256 -3.9543573623157089 -4.5137916300236292 -0.0020747783601939569 58.139534883720948 -0.00056627813697075291 -1.1590610625839057 1.0000000180025095e-35 -5.5154683945869092 -0.00039666687803643035 -6.1744155501228226 0.71609446064934834 0.81166259500312188 0.85418483717465188 18.500000000000004 -4.809614867320593 0.027333668922776135 12.500000000000002 -0.10051822610551038 0.089884727055713612 17.500000000000004
decision_type=2 2 2 2 2 2 2 2 2 2 2 2 2 2 2 2 2 2 2 2 2 2 2 2 2 2 2 2 2 2
left_child=4 2 3 -2 -1 -4 -6 9 13 15 11 -10 -12 14 -9 16 -8 18 20 -20 25 23 -23 -22 26 -3 -19 29 -29 -28
right_child=1 17 5 -5 6 -7 7 8 10 -11 12 -13 -14 -15 -16 -17 -18 24 19 -21 21 22 -24 -25 -26 -27 27 28 -30 -31
leaf_value=-0.034203567858026578 -0.030470720845691031 0.0028165291141064794 -0.065345296672988024 0.027966709234809733 0.063647445172339487 -0.01424445154409105 -0.0099467687718838085 -0.012840751175798793 0.0029555880309754846 0.046474765208200451 -0.020024504410190776 0.065004510520507028 0.0054489771892816362 0.0017874266082104245 -0.075159059905162126 -0.021052329592011497 0.036066653762772502 0.0032822804675284771 -0.045294998066177337 0.019293689615865972 -0.0027092217695077673 0.039949321633723507 0.003268680576707466 -0.050240011193636559 -6.2697221995356803e-05 0.040852710667036961 -0.066692989213456969 0.029410645447128944 -0.030278491367058392 -0.019135510366428358
leaf_weight=4.6637198850512496 5.0735064148902893 5.6978430449962643 4.8301156386733055 4.5798653215169907 1.2694028392434109 4.6835351586341858 5.2694390714168584 6.5423426330089578 10.332949221134188 6.6127870306372634 21.69226498901844 5.9402025490999213 124.06035782396793 4.7791532576084128 5.0813730061054239 5.6205752380192289 6.6561144515872002 15.450886622071264 6.9288277626037598 4.7293526977300626 14.662544354796411 8.115796245634554 88.77170592546463 4.9271542429924002 2040.7566151730716 10.310226134955881 5.1115510463714591 6.3382840305566805 7.5711235702037811 8.5854029208421689
leaf_count=22 21 24 21 20 9 20 23 28 45 29 92 25 534 20 21 25 29 65 30 20 63 37 416 21 8548 49 22 27 32 36
internal_value=2.65894e-06 -0.000219092 -0.0213309 -0.00274615 0.00239236 -0.0401885 0.00322958 0.00285101 0.0011261 0.0155906 0.00406297 0.0256054 0.00165778 -0.027884 -0.0400836 0.00395094 0.0157351 -3.74687e-05 0.00375859 -0.0190934 0.00576948 0.00280847 0.00634124 -0.0146641 -0.000300053 0.0273143 -0.0115499 -0.0198512 -0.00307915 -0.0368834
internal_weight=2455.65 2247.12 19.167 9.65337 208.521 9.51365 203.857 202.588 178.429 24.1589 162.026 16.2732 145.753 16.4029 11.6237 17.5461 11.9256 2227.96 144.143 11.6582 132.485 116.477 96.8875 19.5897 2083.81 16.0081 43.0572 27.6064 13.9094 13.697
internal_count=10374 9472 82 41 902 41 880 871 765 106 696 70 626 69 49 77 52 9390 660 50 610 537 453 84 8730 73 182 117 59 58
is_linear=0
shrinkage=0.05


Tree=161
num_leaves=31
num_cat=0
split_feature=11 11 9 9 0 3 12 2 9 3 7 0 12 12 11 12 0 7 9 12 12 12 7 2 0 3 2 0 0 3
split_gain=0.533029 2.93564 4.31314 8.71908 3.45735 3.15903 3.54995 3.08525 2.76977 2.86261 2.25648 3.58815 3.25524 3.63841 3.86866 3.44495 3.37568 2.80039 4.12878 4.12743 4.28198 3.9498 9.83726 5.17367 5.59035 6.08713 4.54546 4.08589 3.94395 3.19004
threshold=15.500000000000002 14.500000000000002 0.85164313455424268 0.94375802855882984 -0.00081702195619442499 0.030056040454658858 -0.053199173683661533 27.380952380952404 1.0331185550807307 -0.25917571566837688 0.025684039328306114 -0.0036184146920476604 -0.12102615930617898 -0.074878672822968742 16.500000000000004 -0.067944669956264872 -0.001939053224797216 0.019879766448987191 0.51315473674203316 -0.049107581189396808 -0.068323274830223338 -0.051326676608855558 0.021949241450311439 40.525755089113481 -0.0048401827259105983 -0.33953104507820603 39.755294469804674 -0.0028223932769870503 1.0000000180025095e-35 1.0875981672583359
decision_type=2 2 2 2 2 2 2 2 2 2 2 2 2 2 2 2 2 2 2 2 2 2 2 2 2 2 2 2 2 2
left_child=1 -1 7 -4 8 -6 -7 -3 -5 -10 17 -12 -13 14 -14 -15 -16 18 19 20 -2 23 -23 26 -25 -26 27 -19 29 -20
right_child=10 2 3 4 5 6 -8 -9 9 -11 11 12 13 15 16 -17 -18 21 28 -21 -22 22 -24 24 25 -27 -28 -29 -30 -31
leaf_value=6.8440592941836488e-05 -0.035176953698376708 0.01708258732656481 0.034523631348154948 -0.029596870749048251 -0.06270357564630627 -0.044952553180476355 0.0133381963306968 -0.026031623374647723 0.043571329915975288 -0.001121490640860059 0.0015099382023709971 0.051263367863897374 -0.026221619337437014 0.05890580240187774 0.025306770052381234 0.0092493575397662609 -0.021187984678219127 0.0029691403959601261 0.0035852199299387074 -0.059787570045439081 0.029321992396878889 -0.03052318365070494 0.058870733128730458 -0.070584034142002247 0.012733495159725237 -0.023699685450163155 0.045667019496526497 -0.024009706554568612 -0.039176357345602382 0.025511428460760356
leaf_weight=1767.1883722729981 5.3927619457244864 4.6807731389999381 13.949346028268335 6.7404989898204795 4.9689432233571997 4.9664165005087844 5.5095002502202979 36.554119408130646 4.3132328838109961 21.157784938812259 121.04702357202768 6.2303547300398341 8.3195951730012911 6.8647771179676056 16.062354400753975 7.1106828153133375 5.1573032140731838 65.309468597173691 209.55051147937775 4.9912327975034705 4.9216871410608283 5.3195199221372587 7.3018259406089783 4.7872187793254843 15.361537024378775 45.192812740802765 5.1299072206020346 17.875011011958122 5.0911142826080313 18.01463608443737
leaf_count=7446 23 20 60 28 22 23 23 158 18 91 556 32 34 28 66 29 21 272 868 21 21 22 30 21 63 187 21 73 21 76
internal_value=2.61773e-06 -0.000409461 -0.0086216 -0.000244253 -0.010421 -0.0298699 -0.0142962 -0.0211375 -0.00109565 0.00644674 0.00131981 0.00615583 0.0174609 0.0126211 0.00267645 0.0336407 0.0140065 -0.000674096 0.0026924 -0.0224623 -0.00440036 -0.0056944 0.0211939 -0.00790301 -0.0185694 -0.0144573 -1.12464e-05 -0.00282818 0.00434724 0.00532095
internal_weight=2455.06 1870.03 102.841 61.6057 47.6564 15.4449 10.4759 41.2349 32.2115 25.471 585.031 170.792 49.7451 43.5147 29.5393 13.9755 21.2197 414.239 247.962 15.3057 10.3144 166.277 12.6213 153.656 65.3416 60.5543 88.3144 83.1845 232.656 227.565
internal_count=10374 7889 443 265 205 68 46 178 137 109 2485 766 210 178 121 57 87 1719 1030 65 44 689 52 637 271 250 366 345 965 944
is_linear=0
shrinkage=0.05


Tree=162
num_leaves=24
num_cat=0
split_feature=9 12 11 12 11 12 9 0 0 9 12 2 12 11 8 12 8 8 8 12 0 2 3
split_gain=0.551037 1.27759 3.06363 2.7213 2.64999 1.75608 0.925684 2.23723 1.76622 0.753664 1.91108 0.70198 2.07927 2.09348 3.12218 1.98698 2.0423 1.41253 6.36048 3.63023 1.29168 1.03613 0.165298
threshold=0.33197407145317887 -0.045269153101722977 10.500000000000002 -0.031517150374365498 17.500000000000004 -0.021525649922596542 0.38875348084063305 -0.0017284812162363201 0.0018025380095504048 0.41038784475030893 -0.077442109856493205 76.205987280905859 -0.053968253968253978 11.500000000000002 10.386029154453661 -0.050598577260032022 2.661480661544914 11.03046731492134 9.9230305818041202 -0.10692156773281013 0.0080344818118911511 75.517339803054071 0.019294475348007292
decision_type=2 2 2 2 2 2 2 2 2 2 2 2 2 2 2 2 2 2 2 2 2 2 2
left_child=1 2 -1 -3 -4 -5 7 -2 22 10 -8 17 13 14 -13 -14 -17 18 21 -19 -21 -11 -9
right_child=6 3 4 5 -6 -7 9 8 -10 11 -12 12 15 -15 -16 16 -18 19 -20 20 -22 -23 -24
leaf_value=-0.034731312264244377 0.020413610464954875 0.043656687490243637 0.030582958627420415 -0.018146721498461298 -0.0166016904749599 0.019915428731991872 0.038561845003388107 -0.040223154281060075 0.0023881449070625852 -0.00023067238171764969 -0.0066214348063463871 0.048182574330715031 -0.034146115601789949 -0.0081495466772514916 0.0042122321280119845 -0.020280205903014492 0.0037330411587541733 0.022087282420840706 0.04787262918555802 -0.048835075688332057 -0.01582403198284239 -0.013566050918957712 -0.026908528707279618
leaf_weight=5.4053981006145504 4.3572476059198406 5.8231396377086666 6.992336764931677 5.6979979723691949 5.1801082044839859 6.4728408604860279 4.3244285695254803 4.6509080827236158 5.3980941921472541 2198.8616496250033 5.1005184203386289 8.2724931091070228 3.9387722313404074 5.8656974732875815 7.8854838237166396 9.5795419961214048 116.96876811236143 4.8601214401423958 6.8680206090211859 4.9078033268451673 7.4792447537183762 14.663286820054052 4.673314094543457
leaf_count=23 19 27 35 26 22 31 20 20 23 9243 21 39 17 29 36 43 501 27 33 23 34 62 20
internal_value=2.3197e-06 0.00618016 -0.00340706 0.0155457 0.010503 0.00209595 -8.85395e-05 -0.0110583 -0.0203728 -1.31646e-06 0.0141099 -5.69605e-05 0.00322524 0.0174359 0.026724 0.000826751 0.00191527 -0.000280665 -0.000169947 -0.0145344 -0.0289032 -0.000319011 -0.0335498
internal_weight=2454.23 35.5718 17.5778 17.994 12.1724 12.1708 2418.66 19.0796 14.7223 2399.58 9.42495 2390.15 152.511 22.0237 16.158 130.487 126.548 2237.64 2220.39 17.2472 12.387 2213.52 9.32422
internal_count=10374 164 80 84 57 57 10210 82 63 10128 41 10087 665 104 75 561 544 9422 9338 84 57 9305 40
is_linear=0
shrinkage=0.05


Tree=163
num_leaves=31
num_cat=0
split_feature=9 9 9 7 8 3 12 3 0 3 8 8 3 11 0 0 0 7 12 7 3 7 3 8 8 0 8 2 0 9
split_gain=0.513543 3.08789 2.42839 2.95647 2.33933 2.24934 1.97965 1.96017 6.27226 7.38081 4.55217 4.26646 8.71987 4.74994 4.03459 5.33544 3.03852 2.89699 5.3557 2.58285 2.20402 0.798232 2.77136 1.4001 2.34554 1.78685 1.05011 1.92649 0.935451 2.8316
threshold=0.55577164666085799 0.56478107682773715 0.56053121687902319 0.023040587761589005 -8.504160240682948 -0.093052098369456313 -0.19148462437768471 0.13247156188737058 0.00055347695410141637 0.19005911464050398 -1.0253359924049952 -2.8973801815249409 -0.19613623745672484 9.5000000000000018 -0.00088672707804067399 -0.001830615206442228 -2.1427444959052602e-05 0.025684039328306114 -0.091932981769753466 0.013940300079159284 1.0875981672583359 0.059962499895075259 -0.32948696341036315 -1.8999611381865436 9.3836576177309841 -0.0037789746796736408 -10.96993815403548 22.120513894707418 0.0086848952416330952 0.89478195729210752
decision_type=2 2 2 2 2 2 2 2 2 2 2 2 2 2 2 2 2 2 2 2 2 2 2 2 2 2 2 2 2 2
left_child=4 2 3 -2 -1 -4 -6 10 9 -9 11 13 -13 -8 15 -12 -16 20 -19 -11 -10 26 -23 25 -25 -24 27 -3 -28 -30
right_child=1 21 5 -5 6 -7 7 8 17 19 14 12 -14 -15 16 -17 -18 18 -20 -21 -22 22 23 24 -26 -27 28 -29 29 -31
leaf_value=-0.050584933527508175 -0.028839671139057291 0.043572594163553413 -0.062215996044567845 0.026652750288945273 0.062779037340520247 -0.013538617627749225 0.036229083540978597 0.082188517035068479 0.014621009024544291 -0.013201759415467931 -0.0048888485337589384 0.013983012040544592 -0.042539581510313527 -0.0095823743980402425 -0.020887704794381626 0.059346103831803221 0.0068372118293187735 0.02148550112081004 -0.051813784919376077 0.024028453546534764 -0.024447686115452925 0.032730304489279403 -0.026871506335926915 -0.054928372868541631 -0.0042087582104204865 0.016254153988145979 -0.00018289688297383293 -0.0092091548367372513 -0.015241209195325792 0.011890510434257671
leaf_weight=2.064126878976821 5.0623783767223358 3.7797932755202046 4.8037601932883263 4.5641901642084122 1.3715864866971959 4.6905345171689987 7.7068466544151333 4.9014082551002529 15.312476634979253 6.0892313718795803 5.6013694629073143 10.132247149944307 20.89515033364296 21.285950981080532 11.934407651424399 7.6446978077292425 57.474965199828155 3.8064294904470444 7.2169438451528531 19.827231079339981 4.723490670323371 3.304680801928046 4.4603404626250267 4.81984286010265 4.3247719071805477 5.2046193629503286 2139.2159717045724 3.1859341934323311 12.14799705147743 46.147364571690559
leaf_count=11 21 44 21 20 10 20 32 21 65 26 25 43 87 91 51 34 252 20 30 84 20 18 20 23 22 24 8951 21 61 206
internal_value=2.34188e-06 -0.000217794 -0.0202252 -0.00252937 0.00237921 -0.0381676 0.00291011 0.00250867 0.00994098 0.0259223 -0.000714661 -0.0111954 -0.0240817 0.0025952 0.00689592 0.032183 0.00207013 -0.00591605 -0.0265032 0.015281 0.00541054 -4.59801e-05 -0.00949814 -0.0169173 -0.0309415 -0.00364817 4.88394e-05 0.0194317 -1.26008e-05 0.00623661
internal_weight=2453.7 2245.71 19.1209 9.62657 207.989 9.49429 205.924 204.553 61.8772 30.8179 142.676 60.0202 31.0274 28.9928 82.6554 13.2461 69.4094 31.0593 11.0234 25.9165 20.036 2226.59 22.1143 18.8096 9.14461 9.66496 2204.48 6.96573 2197.51 58.2954
internal_count=10374 9472 82 41 902 41 891 881 266 131 615 253 130 123 362 59 303 135 50 110 85 9390 107 89 45 44 9283 65 9218 267
is_linear=0
shrinkage=0.05


Tree=164
num_leaves=31
num_cat=0
split_feature=11 11 9 9 0 2 8 3 2 8 2 8 7 12 12 7 11 9 7 9 3 2 7 2 0 2 7 7 0 12
split_gain=0.491734 2.66632 3.95294 8.51238 2.9119 2.78634 2.53067 2.26953 2.20785 2.19187 4.53875 4.26162 3.75051 3.62658 3.54455 3.47677 3.29202 2.6572 2.22872 2.1875 2.599 2.06603 2.28194 1.85343 1.75769 1.57946 1.43218 2.71472 3.02066 2.56587
threshold=15.500000000000002 14.500000000000002 0.85418483717465188 0.93512801136823231 -0.00081702195619442499 27.380952380952404 -0.29169350109431769 0.19934544586402939 68.483503425136306 0.55424389503079052 58.333333333333321 0.83229277850138661 0.01554601706454394 -0.12192618533066216 -0.026189848604014156 0.0063667731771180234 18.500000000000004 1.0789758244699224 0.012571183125682122 1.0331185550807307 -0.25917571566837688 32.733692385927597 0.011214696758121203 54.301872945981309 -0.00059152923382757192 46.942670197850155 0.031680279095547832 0.031261731085181731 -0.0052735313136115436 -0.058204761041443225
decision_type=2 2 2 2 2 2 2 2 2 2 2 2 2 2 2 2 2 2 2 2 2 2 2 2 2 2 2 2 2 2
left_child=1 26 5 6 19 -3 -4 -6 9 10 14 17 24 -14 15 -2 -15 -11 -17 -5 -21 -7 -23 -24 -13 -16 27 28 -1 -29
right_child=8 2 3 4 7 21 -8 -9 -10 11 -12 12 13 16 25 18 -18 -19 -20 20 -22 22 23 -25 -26 -27 -28 29 -30 -31
leaf_value=-0.04702062874704302 0.057821385110635649 0.016310336442402453 0.060336114324102734 -0.02428235198868162 -0.044557373595636288 -0.053620453294521898 0.014068528140324783 -0.0065071846463764741 0.031607254736098343 -0.051092965959227549 0.04115971690733549 0.0066193437040564865 0.024650471282194775 -0.0072015873421863085 -0.008305982587057793 -0.01026545309630459 -0.047456956458654331 -0.0043788514207044249 0.0028231803252724654 0.041671485702022289 -0.0010219237208686379 0.012066695775130774 -0.03332025715834367 -0.0035816625774637298 0.047289169012956073 -0.049068891659876629 -0.0028918031152497712 0.040369773100410254 0.00065086746054369721 -0.0055719401427377678
leaf_weight=3.3307635039091101 2.7923003882169715 4.6695593595504752 6.1094945818185806 7.6749332249164572 8.4887298941612226 5.2852102220058432 5.7247639968991262 7.2795096710324279 5.9357384555041781 7.914784908294676 7.3570502400398246 5.7364598512649536 7.8085469380021086 41.464204251766205 4.763596907258032 35.088168665766716 5.7876200228929511 4.9467752128839493 445.09693811647594 4.2871832102537146 21.153298534452919 4.7587260901927975 19.885346412658695 7.113569661974906 4.9483303129672986 4.7419948130846024 333.12566158920527 8.2472651749849302 1416.7769392877817 4.812772423028945
leaf_count=14 13 20 26 32 38 23 25 32 29 33 32 24 41 170 20 148 24 21 1889 18 91 20 86 32 21 20 1481 35 5896 20
internal_value=2.37374e-06 -0.000393497 -0.00823629 -9.50568e-05 -0.00930646 -0.0200869 0.0379544 -0.0269913 0.00126828 0.000956955 0.00217752 -0.0068043 -0.00165507 -0.0069158 0.00159518 0.00219026 -0.0121322 -0.0331259 0.00186677 -0.000885666 0.00617269 -0.0246751 -0.0198579 -0.0254848 0.0254543 -0.0286411 6.13201e-05 0.000747744 0.000539057 0.0234397
internal_weight=2453.11 1868.72 102.43 60.7179 48.8837 41.7124 11.8343 15.7682 584.383 578.447 499.84 78.6067 65.7452 55.0604 492.483 482.977 47.2518 12.8616 480.185 33.1154 25.4405 37.0429 31.7576 26.9989 10.6848 9.50559 1766.29 1433.17 1420.11 13.06
internal_count=10374 7889 443 262 211 181 51 70 2485 2456 2122 334 280 235 2090 2050 194 54 2037 141 109 161 138 118 45 40 7446 5965 5910 55
is_linear=0
shrinkage=0.05


Tree=165
num_leaves=31
num_cat=0
split_feature=9 12 9 11 11 9 3 7 3 3 2 2 3 2 8 3 12 0 12 9 9 2 2 12 3 12 12 12 0 12
split_gain=0.493248 1.14033 2.85441 2.67382 1.75205 0.867059 1.92359 0.671721 1.99058 4.2104 5.01086 6.09308 3.6224 3.78143 6.70364 4.90939 1.65008 4.74614 1.29204 5.39731 8.52258 6.18234 3.99675 3.13134 3.00089 1.8403 3.36227 5.37276 5.25085 3.10334
threshold=0.33197407145317887 -0.045269153101722977 0.25360638860852919 3.5000000000000004 16.500000000000004 0.36020582267916035 -1.0000000180025095e-35 0.0099952522891580877 0.15236063458408577 0.19934544586402939 74.246960624206139 64.102564102564145 0.0500980663623199 61.456439393939412 1.843187464729467 -1.0054291466514589 -0.015128069477978642 0.00016453389574913903 -0.020187896965419967 1.2620051529694527 1.0837498352672157 67.00168350168353 64.77272727272728 -0.016047706163805232 0.035602252237953678 -0.027257248993911899 -0.025204511512827911 -0.024549272609793869 0.0028466281650612185 -0.027559176940656009
decision_type=2 2 2 2 2 2 2 2 2 2 2 2 2 2 2 2 2 2 2 2 2 2 2 2 2 2 2 2 2 2
left_child=1 2 -1 -3 -4 6 -2 8 12 -10 11 -11 13 15 -15 -7 17 -14 25 20 21 -20 -21 -24 -22 29 28 -28 -27 -9
right_child=5 3 4 -5 -6 7 -8 18 9 10 -12 -13 16 14 -16 -17 -18 -19 19 22 24 -23 23 -25 -26 26 27 -29 -30 -31
leaf_value=-0.0258824644913167 0.0076315051249276874 -0.0065524902559325904 0.036366956309651664 0.032303486628999123 -0.0060754492370942645 -0.027461432556637196 -0.03737023634757293 -0.00028971988729151546 -0.036567559164786607 0.0044605550764849145 0.051802227157553705 -0.045357631952733263 0.0065094720320449315 -0.032274678512862934 0.015205188252785905 0.013876576926561494 0.0037116547002261548 0.058600342794192434 -0.023642720904973311 0.052004585709336193 -0.077882741370345454 0.010381846320427945 -0.013272828304313602 0.01732647512252591 -0.027310843977805678 0.032565569326513756 -0.031369326885726662 0.003971009830469407 0.0013359195009886983 -0.031221784629185113
leaf_weight=7.73836322128773 4.6888480931520462 8.0778561085462588 4.7868106514215452 9.797459349036215 4.9419395998120308 8.1844035685062391 4.8112021684646589 1954.6833760831505 8.8281248658895475 35.41234202682972 4.4095953553915015 7.4244245886802664 8.9738266319036537 17.775173127651218 12.778561502695082 58.665120407938957 7.3867178410291663 8.5286076217889768 25.747183978557587 4.7681019157171241 5.9737913161516172 27.729593589901924 15.637680619955061 17.966890394687653 5.7635716646909714 24.268046423792839 12.110696151852606 96.048586517572403 30.221156671643257 8.1424843817949277
leaf_count=34 20 37 24 47 22 35 21 8233 39 154 21 34 38 77 61 254 36 39 107 20 25 116 66 77 24 103 50 400 126 34
internal_value=2.24738e-06 0.00586636 -0.00321923 0.0147445 0.0148074 -8.35028e-05 -0.0151592 -2.40121e-05 0.0029285 -0.00487194 0.00105048 -0.00417388 0.00650522 0.00215525 -0.0124171 0.00881555 0.0235288 0.0318924 -0.000260269 -0.00571311 -0.0144679 -0.00599978 0.00916563 0.00308728 -0.0530497 5.48006e-06 0.00511644 1.39192e-05 0.0152448 -0.000418037
internal_weight=2452.27 35.3424 17.4671 17.8753 9.72875 2416.93 9.50005 2407.43 178.367 56.0745 47.2464 42.8368 122.292 97.4033 30.5537 66.8495 24.8892 17.5024 2229.06 103.587 65.2141 53.4768 38.3727 33.6046 11.7374 2125.47 162.648 108.159 54.4892 1962.83
internal_count=10374 164 80 84 46 10210 41 10169 788 248 209 188 540 427 138 289 113 77 9381 435 272 223 163 143 49 8946 679 450 229 8267
is_linear=0
shrinkage=0.05


Tree=166
num_leaves=31
num_cat=0
split_feature=3 12 3 2 12 2 2 8 2 9 3 2 0 3 0 7 12 8 12 8 8 3 11 2 8 2 0 8 12 12
split_gain=0.488143 0.886567 0.608354 3.00701 5.99478 3.30563 3.13411 4.00733 6.10467 3.18838 3.0889 2.02603 1.69711 0.914567 1.89752 2.23414 2.84219 1.42203 3.50453 0.759571 0.731089 6.05904 8.6199 3.12634 4.02795 2.65483 2.55135 2.05719 6.68962 10.2279
threshold=16.536060538208265 -0.067944669956264872 1.6750095181845817 56.934306569343072 -0.026910993955682975 59.509202453987747 50.917508417508422 -2.8973801815249409 36.363636363636353 1.1943672453833589 2.8067298525743749 63.475657380890418 0.0018842712660684542 1.1575055616543206 0.0029568571602308657 0.021281351062555548 -0.09545698924731183 -0.21222688958821762 -0.037642181092353309 -1.9384176885389535 -3.0155326238054658 0.47027442340715259 19.500000000000004 44.657141112535875 -3.1228515733045792 47.403125669021613 0.00024630524614839062 -2.5775291003092544 -0.091932981769753466 -0.068323274830223338
decision_type=2 2 2 2 2 2 2 2 2 2 2 2 2 2 2 2 2 2 2 2 2 2 2 2 2 2 2 2 2 2
left_child=2 -2 13 4 6 -5 7 8 -4 -8 -9 -7 -13 20 15 17 -17 19 -19 -15 21 23 26 24 -1 -25 -23 28 -22 -30
right_child=1 -3 3 5 -6 11 9 10 -10 -11 -12 12 -14 14 -16 16 -18 18 -20 -21 27 22 -24 25 -26 -27 -28 -29 29 -31
leaf_value=4.9768647754088e-05 0.0038150426222906745 -0.026880224392815972 0.023623475521638772 0.049238377865493399 -0.053133843927897384 -0.013989558626872367 -0.034422763460062164 0.037071713126250676 -0.048513042002534333 0.015577167265111415 0.005168866446088851 5.5918178435568928e-06 0.041944855351810945 -0.0018543660491669525 0.017658673025796847 0.0023721802664798302 -0.04291353384309203 0.037786987739547993 -0.011851080999065212 -0.029030454633956849 0.016540056276266563 0.040757166058849464 -0.035866311044536879 -0.040070549212109119 0.02678676720559638 0.0013133257590419631 0.0028067167974407648 -5.2225299577726913e-05 -0.048562834556014817 -0.00260307073442442
leaf_weight=369.2844604421407 4.7572599351406097 4.6534283459186536 5.5029012411832756 6.6945336312055614 5.1578937023878089 6.5515985041856792 9.269392788410185 13.761845916509634 6.2797722220420837 4.8601277470588675 16.910355217754841 4.5952073335647565 5.0775196403264999 4.8425192683935165 6.676983267068862 5.4481851756572715 9.5170712023973447 5.90128521621227 8.946603231132034 5.4818319678306562 19.696521908044815 22.682743489742283 5.3526471499353638 8.7278987318277341 14.645002499222754 6.9704087525606147 5.5031707733869544 1802.3450118601322 17.840584993362427 37.654703989624977
leaf_count=1596 20 20 23 29 22 28 39 58 27 21 71 20 22 20 28 24 40 26 39 23 82 96 24 37 60 30 23 7598 73 155
internal_value=2.48582e-06 -0.0113633 4.62826e-05 0.00421061 -0.00153056 0.019677 0.00317328 0.00996186 -0.0148229 -0.0172243 0.0194829 0.00747936 0.0220208 -0.000103263 -0.00702209 -0.0111278 -0.026427 -0.0020322 0.00787754 -0.0162838 3.69111e-05 0.00188852 0.0223012 0.000175398 0.00106965 -0.0216952 0.0333475 -0.000390274 -0.00849329 -0.0173782
internal_weight=2451.59 9.41069 2442.18 84.6611 61.7423 22.9189 56.5844 42.4549 11.7827 14.1295 30.6722 16.2243 9.67273 2357.52 46.8145 40.1375 14.9653 25.1722 14.8479 10.3244 2310.7 433.166 33.5386 399.628 383.929 15.6983 28.1859 1877.54 75.1918 55.4953
internal_count=10374 40 10334 360 261 99 239 179 50 60 129 70 42 9974 200 172 64 108 65 43 9774 1866 143 1723 1656 67 119 7908 310 228
is_linear=0
shrinkage=0.05


Tree=167
num_leaves=22
num_cat=0
split_feature=0 9 8 11 7 11 0 9 0 3 0 11 9 12 2 7 12 2 2 9 2
split_gain=0.479239 1.05246 0.829336 4.26319 4.51768 5.02945 3.19994 3.67293 1.74389 3.95286 2.0884 9.10835 4.66177 1.38688 0.679927 2.41314 3.04929 2.30863 3.74705 2.41255 2.16201
threshold=-0.010433720819822781 0.92078529730948933 -8.504160240682948 13.500000000000002 0.033684460968588313 17.500000000000004 -0.0033624098375473364 0.8171567140023499 -0.0086207439321224315 -0.13311673059951964 -0.0070070421960991272 18.500000000000004 0.82520014412859544 -0.15388698350481786 18.604651162790663 0.015650421729656718 -0.10437244385864768 23.760245901639362 25.243085056169139 0.65044158216430115 13.802438437474843
decision_type=2 2 2 2 2 2 2 2 2 2 2 2 2 2 2 2 2 2 2 2 2
left_child=1 -1 3 6 13 -6 7 -2 9 -4 11 -10 -13 -5 15 20 -17 19 -19 -16 -12
right_child=2 -3 8 4 5 -7 -8 -9 10 -11 14 12 -14 -15 17 16 -18 18 -20 -21 -22
leaf_value=-0.0056088763421581799 -0.0097772213634398607 0.034659350337391266 0.013542993787965855 -0.067990026838942966 -0.030853687741273336 0.040202398389042097 -0.01527864339931178 0.057527087682301505 -0.027019187996535871 -0.047593277205472427 0.0010923607633567018 0.0046617200296516313 0.067785878842030606 -0.030477157620933101 0.033542843382929503 -0.011016083554237242 0.0227719832067904 -0.020604942650499204 9.0406048570907809e-05 0.0055873703631452009 -0.040442964810844917
leaf_weight=3.4095614701509467 3.2424842268228513 3.0960551984608173 4.8074373193085194 4.2349751964211464 5.5306951850652677 4.5301518570631742 5.9754553139209738 5.4077761955559254 7.505500279366971 5.8750706315040571 5.1760614216327649 4.8249365538358688 7.4269576668739319 5.8915011882782 9.0973057597875577 17.466074511408806 10.810400635004045 22.085906088352203 2255.9001759812236 50.887483105063438 7.937459871172905
leaf_count=17 18 24 26 20 28 29 29 33 32 27 22 24 35 25 39 75 46 91 9489 212 33
internal_value=2.30641e-06 0.013555 -3.376e-05 -0.00769589 -0.022589 0.00114112 0.0128605 0.0322986 7.69305e-05 -0.0200802 0.000166684 0.0163555 0.0429269 -0.0461653 3.2257e-05 -0.00632022 0.00190146 0.000144717 -0.000110243 0.0098271 -0.0240485
internal_weight=2451.12 6.50562 2444.61 34.813 20.1873 10.0608 14.6257 8.65026 2409.8 10.6825 2399.12 19.7574 12.2519 10.1265 2379.36 41.39 28.2765 2337.97 2277.99 59.9848 13.1135
internal_count=10374 41 10333 182 102 57 80 51 10151 53 10098 91 59 45 10007 176 121 9831 9580 251 55
is_linear=0
shrinkage=0.05


Tree=168
num_leaves=23
num_cat=0
split_feature=7 3 12 12 7 3 0 3 3 8 2 13 0 7 12 3 12 3 3 12 11 3
split_gain=0.472444 1.89085 0.590384 4.10912 7.32322 3.36388 4.19256 2.85023 3.10868 2.71053 3.36467 2.57427 2.49997 2.39335 0.920667 0.943224 4.4063 4.20017 3.07217 3.00015 7.96781 1.83509
threshold=0.0042516847646405995 -0.0079177990271754439 -0.017045454545454513 -0.018257219127580989 0.014502818315053964 -0.54595770544265931 0.0021986211168500279 0.58272170986268579 0.3238308411143877 2.0784723126980755 69.773830820342454 1.0000000180025095e-35 0.00058743273007416587 0.01154017093747685 -0.018662773793370776 -0.11177531377949107 -0.020424290392166006 -0.23934616596559877 -0.18224330822006127 -0.020424290392166006 10.500000000000002 -0.087437073614694619
decision_type=2 2 2 2 2 2 2 2 2 2 2 2 2 2 2 2 2 2 2 2 2 2
left_child=1 -1 3 14 11 -4 7 8 12 -8 -11 -5 -7 -12 15 16 18 -18 -2 21 -21 -17
right_child=2 -3 5 4 -6 6 9 -9 -10 10 13 -13 -14 -15 -16 19 17 -19 -20 20 -22 -23
leaf_value=-0.009421197927667737 0.00074598724405869647 0.037435022766649416 0.037533313220710025 0.015989154940399829 -0.025395703314697711 0.0068017008816928272 0.034484947275815601 0.019188757567940914 -0.051574996476625459 -0.036795287132054107 0.028765909172998944 0.06260217455625923 -0.018572880305213636 -0.00072494562308494709 -0.015866297802740664 0.0084706523116482389 -0.047643559119595023 0.0065050672363705367 -0.0069958744564654219 0.0035577582066226286 0.066900201614894045 4.1480956762876508e-05
leaf_weight=4.7918937802314758 622.62859610840678 3.9098723977804166 4.8174383938312522 4.7884553074836749 5.2727818042039862 12.519854024052618 7.0951489284634581 6.1642714142799369 5.7208793759345999 5.1486171782016745 9.0212593823671323 7.7652632594108582 43.202082738280296 28.980867743492126 9.1589793860912305 67.705675438046455 9.7848500013351423 5.6486029028892508 161.35051424056292 25.126375541090969 6.1871613860130301 1393.9754328448325
leaf_count=21 2620 20 21 20 22 54 32 28 24 22 46 34 187 123 39 284 40 24 672 108 26 5907
internal_value=2.49581e-06 0.0116322 -3.89442e-05 0.000139845 0.0240529 -0.00341941 -0.00509342 -0.0132235 -0.0164752 0.00584577 0.00113672 0.0448222 -0.0128716 0.00627584 -4.53708e-05 1.78394e-05 -0.0013682 -0.0278253 -0.000847363 0.000759983 0.0160734 0.000431924
internal_weight=2450.76 8.70177 2442.06 2319.39 17.8265 122.67 117.853 67.6071 61.4428 50.2459 43.1507 12.5537 55.7219 38.0021 2301.57 2292.41 799.413 15.4335 783.979 1492.99 31.3135 1461.68
internal_count=10374 41 10333 9796 76 537 516 293 265 223 191 54 241 169 9720 9681 3356 64 3292 6325 134 6191
is_linear=0
shrinkage=0.05


Tree=169
num_leaves=31
num_cat=0
split_feature=9 9 2 12 8 12 2 2 0 8 0 12 3 8 3 0 3 3 3 12 9 3 11 11 2 12 7 2 11 11
split_gain=0.471128 2.78268 2.44616 3.88378 2.10494 1.6833 1.5056 3.27451 4.33236 4.28539 2.17512 5.43229 5.339 5.41086 5.02827 3.16762 1.38173 0.795145 5.91922 3.94645 2.86325 2.89636 4.01832 6.35008 3.43155 2.99982 2.82989 2.11492 1.68774 1.18169
threshold=0.55577164666085799 0.56478107682773715 62.83212936438742 -0.085600988331761482 -7.2856330940714802 -0.19148462437768471 65.207814594905201 68.78691897765502 0.0012390778665719616 3.6133669623341071 0.00055347695410141637 -0.093419865080061296 0.13247156188737058 -0.98218771120786486 0.19471006713546377 0.0039200816078869489 0.097189793247971598 0.25147034631897619 0.23383629890641536 -0.08244510760123254 0.57064698754564736 0.28186116846964343 7.5000000000000009 10.500000000000002 17.827772160431419 -0.030937805340086565 0.02258062516214689 34.538914323086978 11.500000000000002 4.5000000000000009
decision_type=2 2 2 2 2 2 2 2 2 2 2 2 2 2 2 2 2 2 2 2 2 2 2 2 2 2 2 2 2 2
left_child=4 2 3 -2 -1 -6 10 -8 -9 -10 12 16 13 -7 -14 -13 -12 18 29 -20 -19 22 25 -24 -23 -22 28 -26 -21 -3
right_child=1 17 -4 -5 5 6 7 8 9 -11 11 15 14 -15 -16 -17 -18 20 19 26 21 24 23 -25 27 -27 -28 -29 -30 -31
leaf_value=-0.030888834363795959 -0.0024269226423250514 0.0022411956499776152 0.010549934949384597 -0.055142757395782331 0.062518741702851779 -0.01094155256589897 0.040538235409579369 -0.036208927115402932 0.044878687558987336 -0.012498166985052399 0.055228455892618947 -0.006991809968693136 0.070067941879595017 0.016115081157465048 0.014360045905923453 -0.041190591641057844 0.013873084449242866 -0.088455073349154423 -0.0095146659580499053 0.0079915433842154358 -0.018496227856675266 0.050175329051955091 0.055260418314666916 -0.012238071595832269 0.0081076539049924241 -0.06171183912372457 0.062974482590594752 -0.0021135520633374528 0.044985873948271096 -0.00071257495891219466
leaf_weight=4.6743213385343543 6.6809321418404588 468.50296752154827 5.0653962343931189 7.3242662250995645 1.1829504817724217 52.021735712885857 8.000024080276491 5.241503074765208 6.8472442775964719 6.2018566131591797 3.5565124601125699 48.986022874712944 4.8538630455732372 28.657244548201561 24.478377550840378 7.8569893985986701 4.6742913499474525 0.95107275247573753 6.4929338693618801 8.0205333679914492 15.020522683858873 3.3213645536452523 4.290695026516917 18.542905259877443 57.876811577007174 5.480913281440734 6.3247374743223181 403.03066983819008 5.0080629885196677 1221.207726996392
leaf_count=22 30 1991 21 31 9 220 37 25 32 27 19 206 21 124 103 33 24 4 29 34 62 19 18 80 247 23 26 1701 21 5135
internal_value=2.5905e-06 -0.000208138 -0.0192262 -0.0299956 0.00228358 0.00304907 0.00269973 0.0138567 0.0021866 0.0176091 0.00102441 -0.00622166 0.0053106 -0.00133101 0.0235785 -0.0117189 0.0317427 -4.50658e-05 0.000469651 0.0242166 -0.00178154 -0.00161914 -0.0139814 0.000445668 -0.000465138 -0.0300496 0.0355332 -0.000830061 0.0222118 0.000106412
internal_weight=2450.38 2243.14 19.0706 14.0052 207.233 202.559 201.376 26.2906 18.2906 13.0491 175.085 65.0738 110.011 80.679 29.3322 56.843 8.2308 2224.07 1715.56 25.8463 508.515 507.564 43.335 22.8336 464.229 20.5014 19.3533 460.907 13.0286 1689.71
internal_count=10374 9472 82 61 902 880 871 121 84 59 750 282 468 344 124 239 43 9390 7236 110 2154 2150 183 98 1967 85 81 1948 55 7126
is_linear=0
shrinkage=0.05


Tree=170
num_leaves=31
num_cat=0
split_feature=2 2 0 0 0 8 3 9 11 11 8 9 11 12 2 2 9 0 7 8 9 3 0 11 3 9 0 3 2 7
split_gain=0.449388 2.92113 3.22505 2.60349 4.45388 3.52923 3.61763 3.56833 3.12468 3.10857 3.34092 2.70984 2.43908 2.16603 2.20586 5.49323 4.59543 5.37073 4.59121 4.05139 3.67628 4.3519 2.79273 2.977 2.28089 4.50443 2.79181 2.46909 4.11555 3.63503
threshold=52.123706197780315 54.103974848416776 -0.0034766494743691746 0.0015905375232083221 0.00024630524614839062 -1.1859829308828631 0.19934544586402939 0.93809297741384634 6.5000000000000009 15.500000000000002 0.30582387753059742 0.93512801136823231 17.500000000000004 -0.013928074015121321 45.722156631247536 46.472473604826526 1.0652514016948478 0.0011115702852605811 0.026793345543345556 1.7611083970018586 1.6776566817245471 -0.11177531377949107 0.0058438724652459095 4.5000000000000009 -0.47349021858649359 1.5922052512482061 -0.0070070421960991272 0.47027442340715259 39.044357469014983 0.03448645749530705
decision_type=2 2 2 2 2 2 2 2 2 2 2 2 2 2 2 2 2 2 2 2 2 2 2 2 2 2 2 2 2 2
left_child=13 2 -2 4 9 -5 7 -7 -6 10 -4 -10 -11 14 19 16 17 18 -16 24 22 -22 23 -17 25 26 -1 28 -26 -29
right_child=1 -3 3 5 8 6 -8 -9 11 12 -12 -13 -14 -15 15 20 -18 -19 -20 -21 21 -23 -24 -25 27 -27 -28 29 -30 -31
leaf_value=0.053989212344577736 -0.029821625469952446 -8.1957855144926633e-05 -0.022104551799852001 0.044311269742851107 0.047198344689136786 -0.01531445705778342 -0.03454741526658589 0.026897723331342771 0.036125758357404149 0.042124978993187449 0.011711624272851292 -0.01555418570401451 9.3233051476319186e-05 0.030631838918519262 -0.012528511912227784 0.0066304098974579069 -0.050872417601841073 -0.05048193026524353 0.041693428932438291 0.047490255929445932 -0.0096746336023262897 0.053922605953576452 -0.040991040002573573 -0.0054563178655213521 0.000680151854723649 -0.033752154688447764 0.0081373745390890539 0.003178921404956707 -0.0076079277156444304 0.032714288932291918
leaf_weight=3.4383939243853083 5.2010394036769858 1062.9957407861948 12.780434817075731 3.768753081560134 15.081053629517557 10.727742411196237 8.4830556213855726 9.3873725235462171 5.2863654643297178 8.7200270891189557 17.045107156038284 4.8762898743152618 5.7127133160829535 5.5117426961660376 15.941899225115781 67.978854417800903 10.211946688592432 6.7514284849166861 5.1702099516987792 4.5528479292988768 4.7380950450897217 6.2227511405944806 4.7775024101138106 203.3106913305819 514.69285589642823 6.3379635363817206 96.251510746777058 101.042913839221 211.26225611567497 11.615008072927592
leaf_count=21 23 4526 53 17 65 46 36 39 22 36 71 20 24 25 67 282 43 28 23 22 20 26 21 849 2192 26 400 420 877 54
internal_value=2.69042e-06 0.000710924 0.00858269 0.0105435 0.0159983 -0.00116971 -0.00716333 0.00438523 0.0327578 0.0064391 -0.00277882 0.0113285 0.0254881 -0.000644812 -0.000780094 -0.00433469 -0.0221795 -0.0116636 0.000750067 0.000437374 -0.0019675 0.0264311 -0.00309503 -0.00242766 0.000210595 0.00712031 0.00971885 -0.000663017 -0.00173179 0.00622401
internal_weight=2449.87 1170.07 107.07 101.869 69.502 32.3669 28.5982 20.1151 25.2437 44.2583 29.8255 10.1627 14.4327 1279.81 1274.3 325.103 38.0755 27.8635 21.1121 949.194 287.028 10.9608 276.067 271.29 944.641 106.028 99.6899 838.613 725.955 112.658
internal_count=10374 4978 452 429 291 138 121 85 107 184 124 42 60 5396 5371 1359 161 118 90 4012 1198 46 1152 1131 3990 447 421 3543 3069 474
is_linear=0
shrinkage=0.05


Tree=171
num_leaves=29
num_cat=0
split_feature=0 9 2 7 9 9 9 7 11 3 9 3 3 3 12 2 8 8 12 7 7 0 9 3 8 11 0 9
split_gain=0.450669 1.73858 1.43742 0.792434 3.56409 2.82845 3.7594 1.25672 2.88775 2.15446 4.11612 3.5453 2.67237 2.55895 1.2461 3.83858 3.3637 3.75156 2.95767 3.19005 2.13982 5.16954 1.7213 1.30432 1.21013 0.973371 0.997453 0.467975
threshold=0.013454294945522804 0.93072135215566265 79.039858427475025 0.054730877967777099 0.65388108712954984 0.80358062442456113 1.3677265533933003 0.043580589018418193 15.500000000000002 0.35052572207851612 0.8983580811055577 0.12603768467499427 0.19934544586402939 0.052648335820034149 -0.16772551472588518 44.657141112535875 -5.9999118345100468 -7.2856330940714802 -0.1607940842672719 0.031680279095547832 0.0406098476364583 -0.0023143383076426874 0.97483531744139984 -0.30637195346513019 -8.504160240682948 6.5000000000000009 0.0069373462584216058 1.0122524024688861
decision_type=2 2 2 2 2 2 2 2 2 2 2 2 2 2 2 2 2 2 2 2 2 2 2 2 2 2 2 2
left_child=3 -2 -3 7 -5 -6 25 14 9 11 -11 13 -13 -9 15 16 17 -1 19 -16 24 -22 -21 -18 -20 26 -7 -10
right_child=1 2 -4 4 5 6 -8 8 27 10 -12 12 -14 -15 18 -17 23 -19 20 22 21 -23 -24 -25 -26 -27 -28 -29
leaf_value=-0.015982643249802694 0.042699421244054792 -0.014697744753272313 0.018235040623593629 0.034612399188339742 -0.043639711679164944 -0.016442707431827939 -0.044759635439255041 0.0055318040410504421 0.060073249567693637 0.012446606547046836 -0.051445519935935262 0.06235739160647305 0.011545902065136532 -0.035289279327414373 -0.01256044578457036 0.038281426144018867 -0.021423278337004453 0.039938165397792207 -0.014200055986427696 0.057763242432234442 0.036147730754082771 -0.021676229373689983 0.014931178865001577 -0.058101849420495601 0.00012485720095239649 0.022087075239257421 0.014601679260691751 0.030019300334944144
leaf_weight=13.320526383817201 2.9959715902805355 7.1581813395023328 6.168696403503418 4.2718326672911671 6.3855725154280689 6.1367231458425575 4.7699011638760558 35.779998730868101 2.1204004548490039 5.4086963534355146 4.7210722118616104 4.5995184034109098 5.9160986542701721 4.3005767837166777 4.3366928473114958 3.6030493304133406 4.7308086007833481 3.8707120716571835 14.840603180229662 5.3988226950168592 4.5281911343336132 26.40081238001585 4.147648811340332 4.9703833833336812 2244.6275233402848 5.8232835233211508 4.4736213348805904 3.3285441268235445
leaf_count=81 21 33 26 24 29 28 24 174 19 25 21 24 28 21 20 23 23 18 66 26 20 116 20 23 9359 30 23 29
internal_value=2.73241e-06 0.00828309 0.000546062 -5.28243e-05 -0.00788639 -0.0144668 -0.00568121 5.11282e-05 0.00684589 0.00371713 -0.0173309 0.00793112 0.0337708 0.00115177 -0.000141457 -0.0101824 -0.0166755 -0.00339173 -8.57262e-06 0.0229999 -0.000148038 -0.0132105 0.039154 -0.0402155 3.07685e-05 0.0056614 -0.00335352 0.0417145
internal_weight=2449.13 16.3228 13.3269 2432.81 31.8609 27.5891 21.2035 2400.95 66.1749 60.726 10.1298 50.5962 10.5156 40.0806 2334.78 30.4955 26.8924 17.1912 2304.28 13.8832 2290.4 30.929 9.54647 9.70119 2259.47 16.4336 10.6103 5.44894
internal_count=10374 80 59 10294 158 134 105 10136 341 293 46 247 52 195 9795 168 145 99 9627 66 9561 136 46 46 9425 81 51 48
is_linear=0
shrinkage=0.05


Tree=172
num_leaves=31
num_cat=0
split_feature=9 11 11 2 3 3 9 3 7 3 3 2 2 3 2 0 3 12 0 12 9 9 2 2 12 3 12 3 8 7
split_gain=0.441012 1.0075 2.27698 1.91027 1.33097 1.47761 0.794278 1.74335 0.581756 1.79078 3.84745 4.56972 6.33024 3.26364 3.40042 5.93543 4.50407 1.53022 4.45402 1.15349 4.79346 7.61948 5.42922 3.57774 2.89371 2.70047 1.74695 6.85509 4.65934 4.52181
threshold=0.33197407145317887 17.500000000000004 7.5000000000000009 59.114085816078891 0.10485200420868897 -0.080500781436925767 0.36020582267916035 -1.0000000180025095e-35 0.0099952522891580877 0.15236063458408577 0.19934544586402939 74.246960624206139 67.209796243445993 0.0500980663623199 61.456439393939412 0.0023369697917204287 -1.0054291466514589 -0.015128069477978642 0.00016453389574913903 -0.020187896965419967 1.2620051529694527 1.0837498352672157 67.00168350168353 64.77272727272728 -0.016047706163805232 0.035602252237953678 -0.022051245188958537 0.12883259911753547 0.77613940298632411 0.013445198058414
decision_type=2 2 2 2 2 2 2 2 2 2 2 2 2 2 2 2 2 2 2 2 2 2 2 2 2 2 2 2 2 2
left_child=1 2 3 -1 5 -4 7 -2 9 13 -11 12 -12 14 16 -16 -8 18 -15 26 21 22 -21 -22 -25 -23 -10 28 -28 -29
right_child=6 -3 4 -5 -6 -7 8 -9 19 10 11 -13 -14 17 15 -17 -18 -19 -20 20 23 25 -24 24 -26 -27 27 29 -30 -31
leaf_value=-0.019946408671301156 0.0071707318067349693 -0.012505171241552948 0.033044166553261062 0.016080165300069046 0.048118200398017889 -0.0057813290431668668 -0.026381624499233303 -0.035705217489542924 -0.00019580450542840036 -0.034944481703601551 0.002655075885407933 0.050031827640245601 -0.060009027051499519 0.0059920864127270797 -0.022385856735585952 0.034133384918255065 0.013205983007746634 0.0032692899712787327 0.056768463783959111 -0.022207639836359247 0.049352684069052681 -0.073764661962910386 0.0097196740107419848 -0.012836074709962354 0.016603729811262711 -0.025737399979874804 -0.019694007320622167 0.0084241117236561296 0.032640430518538606 -0.049612591321820852
leaf_weight=8.3278826177120227 4.6866196691989899 6.3249895572662345 5.0290574803948394 6.592090666294097 4.0763252377510062 4.7795235067605963 8.1917090564966184 4.7979441881179792 2079.844915734604 8.8387827873229963 38.288347989320755 4.3174434900283805 4.5042699724435797 8.9464127719402367 24.818463355302814 5.7147443294525138 58.464721649885178 7.3488925620913497 8.3496107757091504 25.663345873355865 4.7293517142534247 5.9603804647922498 27.673871129751205 15.615869522094725 17.931596845388412 5.7508677989244461 5.154199272394183 6.951142340898512 24.322205603122711 6.4894776493310928
leaf_count=36 20 27 24 33 20 24 35 21 8767 39 167 21 21 38 108 30 254 36 39 107 20 25 116 66 77 24 21 29 102 27
internal_value=2.93182e-06 0.00556478 0.00953259 -0.00402879 0.0241049 0.0141253 -7.80289e-05 -0.0145189 -2.1052e-05 0.00273134 -0.00467383 0.00100554 -0.00394083 0.00613194 0.00201106 -0.0118074 0.00834088 0.022383 0.0305043 -0.000240868 -0.00539972 -0.0136609 -0.00564224 0.00863946 0.00289992 -0.0501806 1.02389e-05 0.00999552 0.0234893 -0.0195975
internal_weight=2448.49 35.1299 28.8049 14.92 13.8849 9.80858 2413.36 9.48456 2403.87 177.783 55.9488 47.1101 42.7926 121.835 97.1896 30.5332 66.6564 24.6449 17.296 2226.09 103.325 65.0485 53.3372 38.2768 33.5475 11.7112 2122.76 42.917 29.4764 13.4406
internal_count=10374 164 137 69 68 48 10210 41 10169 788 248 209 188 540 427 138 289 113 77 9381 435 272 223 163 143 49 8946 179 123 56
is_linear=0
shrinkage=0.05


Tree=173
num_leaves=31
num_cat=0
split_feature=8 8 9 0 0 0 8 2 9 9 9 3 7 12 9 7 0 7 0 0 3 3 12 9 3 8 9 0 9 3
split_gain=0.435464 2.24712 2.32007 2.98958 1.89353 4.97813 4.42862 5.19607 5.0431 5.20505 4.69286 4.21074 3.47466 3.31731 3.37777 3.53445 2.59393 3.72814 2.50406 2.30132 2.80513 4.14157 1.96669 1.93473 1.73525 4.28254 1.57255 1.10919 3.58826 3.4298
threshold=-5.3612248602104344 -4.809614867320593 0.88885107977028077 -0.0015377969111604265 -0.0040789619065891795 -0.0044877756239138271 -7.0528123371760794 27.786652467163645 0.95808203131752279 0.75226656918724066 1.1305792299553001 0.51822614881113138 0.025484031187914712 -0.12650801851097274 0.69572318495761576 0.035524310734394764 -0.0048401827259105983 0.024282993277981058 -0.0026246497076510733 -0.0051288853384413345 -0.17758196519867867 -0.13311673059951964 -0.116997885439473 1.2756333193627798 1.0000000180025095e-35 -5.0732980628186999 1.1257816669112641 -0.0048401827259105983 0.96587438112592261 -0.54595770544265931
decision_type=2 2 2 2 2 2 2 2 2 2 2 2 2 2 2 2 2 2 2 2 2 2 2 2 2 2 2 2 2 2
left_child=4 2 24 26 5 16 11 10 9 -9 12 13 18 14 -6 -16 19 -18 -8 20 -1 -22 -7 -10 -2 -26 -4 28 -3 -30
right_child=1 27 3 -5 6 22 7 8 23 -11 -12 -13 -14 -15 15 -17 17 -19 -20 -21 21 -23 -24 -25 25 -27 -28 -29 29 -31
leaf_value=0.033651382304528188 -0.021891444625852782 -0.015639460160464674 -0.05393539390939215 0.0099231155557687606 0.029043029679258717 0.06723408709841068 0.016584827231113788 -0.021690411729150004 -0.058631078812054482 0.038446026691948354 0.060924837591705264 0.02049321883564793 0.037408899177247767 -0.05758359079700031 0.0031198368257695742 -0.054020152314965181 0.019970349411972024 -0.038262279244117597 -0.034968627523151774 0.036059128075490741 -0.050166379901757423 0.0041442619173001549 0.020350589820464546 -0.014411707793980495 0.039638251359583425 -0.017257355582509192 -0.020373040326107636 0.00022835735250156163 0.046718157373041129 -0.00018185323242103342
leaf_weight=7.2199170626699916 6.2397908419370678 41.230833597481251 6.6668378859758395 4.6466937810182563 3.250253871083264 4.2656335979700089 4.5390681177377701 7.1003454029560107 5.1895201653242093 7.2952345311641693 6.0492275655269614 5.208556964993476 6.4688468426465979 7.0948700606822976 4.8180067017674428 6.174813587218523 4.2199904918670637 7.8824278637766838 4.8961506634950656 6.2511778287589541 3.7570105493068615 53.439663361758001 4.7030960321426374 4.72662153840065 6.3678908944129953 6.8815481811761829 7.3245154991745949 2174.7854449003935 4.6371440812945393 24.462064445018768
leaf_count=38 26 182 29 20 15 20 20 30 22 31 26 23 27 29 25 28 19 34 20 29 16 262 20 20 27 29 33 9145 23 106
internal_value=3.12303e-06 -0.00017591 -0.0122126 -0.0248251 0.00248731 0.00726569 -0.0035332 0.00580754 -0.0101154 0.00878487 0.0234411 -0.0198122 0.00918384 -0.0296506 -0.0157365 -0.0289765 0.00343167 -0.0179572 -0.0101674 0.00709467 0.00428387 0.000576823 0.0426489 -0.0375535 -0.000151022 0.0100876 -0.0363654 2.85021e-05 -0.00615153 0.00729196
internal_weight=2447.79 2283.24 38.1273 18.638 164.55 91.7389 72.8115 46.265 24.3117 14.3956 21.9533 26.5465 15.9041 21.3379 14.2431 10.9928 82.7702 12.1024 9.43522 70.6678 64.4166 57.1967 8.96873 9.91614 19.4892 13.2494 13.9914 2245.12 70.33 29.0992
internal_count=10374 9620 164 82 754 438 316 196 103 61 93 120 67 97 68 53 398 53 40 345 316 278 40 42 82 56 62 9456 311 129
is_linear=0
shrinkage=0.05


Tree=174
num_leaves=22
num_cat=0
split_feature=0 9 8 11 7 11 0 9 0 3 0 11 9 12 2 7 12 2 2 9 2
split_gain=0.438581 0.966014 0.68301 3.9158 4.04216 4.45822 2.88054 3.37206 1.60972 3.44208 1.78553 8.24593 4.3347 1.24949 0.656699 2.16346 2.76036 2.03353 3.4198 2.22603 1.90553
threshold=-0.010433720819822781 0.92078529730948933 -8.504160240682948 13.500000000000002 0.033684460968588313 17.500000000000004 -0.0033624098375473364 0.8171567140023499 -0.0086207439321224315 -0.13311673059951964 -0.0070070421960991272 18.500000000000004 0.82520014412859544 -0.15388698350481786 18.604651162790663 0.015650421729656718 -0.10437244385864768 23.760245901639362 25.243085056169139 0.65044158216430115 13.802438437474843
decision_type=2 2 2 2 2 2 2 2 2 2 2 2 2 2 2 2 2 2 2 2 2
left_child=1 -1 3 6 13 -6 7 -2 9 -4 11 -10 -13 -5 15 20 -17 19 -19 -16 -12
right_child=2 -3 8 4 5 -7 -8 -9 10 -11 14 12 -14 -15 17 16 -18 18 -20 -21 -22
leaf_value=-0.0052200976456544161 -0.0086774875653168864 0.033674740257087214 0.012409365350435016 -0.064128159201267673 -0.028496491992380336 0.038747736038706182 -0.013837345346286133 0.056104323097567702 -0.025990316897260099 -0.044954128850455521 0.00060721582030432461 0.0039814806077709333 0.065403946593704007 -0.028585544970008064 0.032121251036634817 -0.01070963154847141 0.021515789951234664 -0.019684914281641153 9.4740176473348105e-05 0.0051757513667545574 -0.038453244291010526
leaf_weight=3.3954840674996367 3.2412199676036817 3.012923464179039 4.7180202081799507 4.2528174445033073 5.5568339824676496 4.4297897964715958 5.961104802787303 5.2828184366226196 7.4703023508191118 5.8671697527170164 5.1582736074924451 4.7738297432661057 7.2115947082638741 5.907561808824541 9.0277757793664914 17.427935555577278 10.740512236952783 22.066641539335251 2252.9766990095377 50.766887620091438 7.9108776748180389
leaf_count=17 18 24 26 20 28 29 29 33 32 27 22 24 35 25 39 75 46 91 9489 212 33
internal_value=3.14937e-06 0.0130664 -3.11493e-05 -0.00700288 -0.0212589 0.00133119 0.0128254 0.0314714 6.91974e-05 -0.0193861 0.000155165 0.0152407 0.0409392 -0.0434626 3.16424e-05 -0.00622303 0.00157779 0.000142112 -9.71114e-05 0.00924397 -0.0230364
internal_weight=2447.16 6.40841 2440.75 34.6321 20.147 9.98662 14.4851 8.52404 2406.12 10.5852 2395.53 19.4557 11.9854 10.1604 2376.08 41.2376 28.1684 2334.84 2275.04 59.7947 13.0692
internal_count=10374 41 10333 182 102 57 80 51 10151 53 10098 91 59 45 10007 176 121 9831 9580 251 55
is_linear=0
shrinkage=0.05


Tree=175
num_leaves=31
num_cat=0
split_feature=12 12 3 8 8 8 11 3 3 3 3 9 0 0 12 8 2 11 12 9 12 9 7 9 8 8 8 7 7 12
split_gain=0.436731 3.82257 6.30734 2.77353 3.75236 3.38257 3.343 6.22827 5.62087 2.70487 4.47914 4.31682 2.48765 5.55772 4.56861 4.24524 7.79449 6.46027 4.58366 3.18685 9.31469 5.11933 6.16914 2.92295 2.80588 2.42616 5.17593 2.0222 4.2826 5.8795
threshold=-0.070336592287565836 -0.076461156424809246 -1.3807786349065936 -1.3493141929993231 -0.6012450591599886 -1.7772348683082486 14.500000000000002 0.021934380241897557 0.28186116846964343 0.20456353619462339 0.55659868540074553 0.73658675390189665 -0.0016961184587748551 -0.0015868830782854485 -0.048677158133300015 -3.2991071655522508 25.243085056169139 19.500000000000004 -0.066943452162934222 1.5266323969418221 -0.051326676608855558 0.88291386491949198 0.011904761904761899 0.58637800884051494 -2.3190566098500485 -0.6012450591599886 -1.0718522330364921 0.02420537301960226 0.026427061310782225 -0.067527926650400708
decision_type=2 2 2 2 2 2 2 2 2 2 2 2 2 2 2 2 2 2 2 2 2 2 2 2 2 2 2 2 2 2
left_child=1 -1 -3 5 -5 6 8 -8 -4 11 -11 -6 15 14 -14 16 -2 19 -18 21 -21 23 -23 -17 -19 26 -26 -15 -29 -30
right_child=12 2 3 4 9 -7 7 -9 -10 10 -12 -13 13 27 -16 17 18 24 -20 20 -22 22 -24 -25 25 -27 -28 28 29 -31
leaf_value=-0.0003487856145222979 -0.029561943017915045 0.066122433010145462 -0.024151740297153508 0.047947976516455444 0.042330805999324241 -0.0387281661024583 0.043500491407919832 -0.0080101156115884899 0.034439513510460672 0.060001452884866482 0.0025033481085679952 -0.0067526392405875659 0.0062454543416068107 0.00093149952690579126 0.058741792080244361 -0.028695064205246215 0.076745577429415443 -0.019363697881400323 0.015192976816497922 -0.034957659861124014 0.054680828871771094 0.022569608373002169 -0.034979833482183434 -0.0003153675793839102 0.0085327117015755929 -0.014780317080136718 0.060274586833332068 -0.012338226515980523 -0.026300463022723614 0.0024272593886628269
leaf_weight=766.03210559301078 6.32988312840462 4.7306490391492835 17.466842979192737 7.4894419610500327 5.4077993631362942 5.362265244126319 11.170293211936952 12.36349795758724 5.3462203294038764 6.1412418186664564 7.552592009305954 26.096743538975716 9.7042868882417697 1048.4644258320332 7.233798846602439 11.709913268685339 4.8238551169633874 6.9802075773477545 8.1086406260728801 5.7858671694993973 5.8067321032285673 5.190598636865615 45.2769755423069 40.288703069090843 17.932318091392521 5.3151076883077648 6.6166998147964469 97.756350323557854 19.388143301010132 218.89119523763657
leaf_count=3359 26 20 71 31 23 22 46 51 22 26 32 109 40 4392 30 49 20 29 33 24 24 23 187 166 75 22 28 401 81 912
internal_value=3.27118e-06 0.000898448 0.00965353 0.0070947 0.0151684 -0.00113179 0.00321806 0.0164393 -0.0104209 0.00973674 0.0282894 0.0016726 -0.000495215 0.000197959 0.0286652 -0.00620401 0.0159004 -0.00902558 0.0381523 -0.0149054 0.00994225 -0.0177166 -0.0290609 -0.00670638 0.00917668 0.0158475 0.0224787 -0.000150312 -0.00352567 8.97626e-05
internal_weight=2446.76 875.16 109.128 104.397 52.6878 51.7091 46.3469 23.5338 22.8131 45.1984 13.6938 31.5045 1571.6 1401.44 16.9381 170.166 19.2624 150.903 12.9325 114.059 11.5926 102.466 50.4676 51.9986 36.8443 29.8641 24.549 1384.5 336.036 238.279
internal_count=10374 3812 453 433 221 212 190 97 93 190 58 132 6562 5856 70 706 79 627 53 473 48 425 210 215 154 125 103 5786 1394 993
is_linear=0
shrinkage=0.05


Tree=176
num_leaves=26
num_cat=0
split_feature=7 3 12 12 7 3 0 7 8 0 12 8 9 0 0 13 12 3 12 3 3 12 11 3 3
split_gain=0.431898 1.75363 0.576696 3.79392 6.53971 3.0978 3.62739 2.58134 3.42809 3.03122 3.71445 2.48672 3.13967 3.53534 3.02078 2.40638 0.793431 0.909798 3.87685 3.65337 2.79849 2.61574 7.2354 1.67423 0.605886
threshold=0.0042516847646405995 -0.0079177990271754439 -0.017045454545454513 -0.018257219127580989 0.014502818315053964 -0.54595770544265931 0.0021986211168500279 0.011391236061893477 1.6056958893020561 0.0016893362173579453 -0.013432925317040855 2.0784723126980755 1.3372032047073457 0.0024714270646499967 0.0037861443165731969 1.0000000180025095e-35 -0.018662773793370776 -0.11177531377949107 -0.020424290392166006 -0.23934616596559877 -0.11923623200703583 -0.020424290392166006 10.500000000000002 -0.087437073614694619 -0.054412225554269479
decision_type=2 2 2 2 2 2 2 2 2 2 2 2 2 2 2 2 2 2 2 2 2 2 2 2 2
left_child=1 -1 3 16 15 -4 7 9 -9 10 -7 -8 13 -13 -14 -5 17 18 20 -20 -2 23 -23 -19 -11
right_child=2 -3 5 4 -6 6 11 8 -10 24 -12 12 14 -15 -16 -17 -18 21 19 -21 -22 22 -24 -25 -26
leaf_value=-0.0090672625518406404 -0.0004054838208098778 0.036226376848065046 0.036092628709764644 0.015198231005665431 -0.023518869669734901 -0.017917437981927464 0.03281523569729547 -0.053895269884293912 -0.0041585694242585241 -0.045510598579558845 0.011186193566072146 0.032524858294771128 -0.0069206887662698075 -0.017835999211089828 0.036338621341345967 0.060440385273977916 -0.01474551180260332 0.0081301452701962665 -0.044663100934995738 0.0059063636156287047 -0.020868721294960788 0.0031818668863850112 0.06386312632255492 7.1718585319552314e-05 -0.020029707147576098
leaf_weight=4.7857315540313721 765.50069192051888 3.8611164242029172 4.7756777852773658 4.7798361033201235 5.2571987807750693 20.131979107856743 7.0219355747103682 7.7441062778234464 6.2690766900777817 4.9076922684907913 24.072328560054309 4.1304689198732403 7.0504013299942043 22.29520420730114 9.4372384399175626 7.6320973932743073 9.1326148062944394 67.584735609591007 9.7734707444906217 5.6283368915319434 17.080409973859787 25.036164909601215 6.1115602850913993 1391.7181225586683 4.446735814213751
leaf_count=21 3220 20 21 20 22 85 32 33 26 21 108 19 32 99 41 34 39 284 40 24 72 108 26 5907 20
internal_value=3.09301e-06 0.0111579 -3.64776e-05 0.000140271 0.0232206 -0.00338293 -0.00498728 -0.0125392 -0.0316446 -0.00754041 -0.00206848 0.00523187 0.000718385 -0.00996434 0.0178402 0.0430176 -3.7226e-05 2.14714e-05 -0.00134102 -0.0261833 -0.000852109 0.000750948 0.0150883 0.000444929 -0.033398
internal_weight=2446.16 8.64685 2437.52 2315.24 17.6691 122.283 117.507 67.5719 14.0132 53.5587 44.2043 49.9352 42.9133 26.4257 16.4876 12.4119 2297.57 2288.43 797.983 15.4018 782.581 1490.45 31.1477 1459.3 9.35443
internal_count=10374 41 10333 9796 76 537 516 293 59 234 193 223 191 118 73 54 9720 9681 3356 64 3292 6325 134 6191 41
is_linear=0
shrinkage=0.05


Tree=177
num_leaves=31
num_cat=0
split_feature=9 9 2 7 12 0 0 9 0 0 3 8 3 2 9 12 12 12 9 12 3 9 11 9 12 9 0 9 7 9
split_gain=0.428272 2.5815 2.24858 3.77918 1.88408 2.48886 3.65266 2.38851 1.80264 4.63542 4.47471 3.66604 3.19347 3.01686 0.807502 6.32802 7.59402 6.42567 7.62823 4.98107 4.02383 3.55758 3.46767 3.1891 3.13888 2.79007 2.88007 2.09218 1.07787 2.63146
threshold=0.55577164666085799 0.56478107682773715 62.83212936438742 0.024282993277981058 -0.19148462437768471 -0.0047560838178056309 -0.0044877756239138271 0.46809130181219444 -0.0017939980280988164 -0.0013036843651747728 0.36091421058480377 -1.4790431466460796 -0.12269843967274473 28.693229986677952 0.61845938689859326 -0.13536845233578668 -0.079545454545454516 -0.062212912410127039 0.61399110112556199 -0.10051822610551038 0.10485200420868897 0.58637800884051494 9.5000000000000018 0.62745258142654103 -0.08244510760123254 0.63223446245346793 6.1431144377782531e-05 0.62305183208673753 0.0048057776061599415 1.2118016640979354
decision_type=2 2 2 2 2 2 2 2 2 2 2 2 2 2 2 2 2 2 2 2 2 2 2 2 2 2 2 2 2 2
left_child=4 2 3 -2 -1 7 -7 -6 10 11 12 -10 -8 -11 15 -3 19 22 -19 21 -21 -17 -18 24 -16 26 -25 -26 29 -27
right_child=1 14 -4 -5 5 6 8 -9 9 13 -12 -13 -14 -15 23 16 17 18 -20 20 -22 -23 -24 25 27 28 -28 -29 -30 -31
leaf_value=0.06105637782887962 -0.054400997158807911 0.054502880382802044 0.009997695815374838 -0.0023344710664443195 0.0025251185232764827 0.061575399554855449 0.0070491967156788909 -0.041069838171510338 0.0025909638136133993 0.039964497579250552 0.037931379509062481 0.061976761619227043 -0.025303808076826591 0.0010091426913269661 0.015845532729924987 -0.031930112836593333 0.0084900500170884668 -0.0047425694713421106 0.056995910152780216 -0.021587717965701855 -0.082749191636077371 0.02266065106542544 0.058665284185467195 0.054977889681855643 -0.013686388796624732 0.03019796855455505 -2.6700843369597708e-05 -0.051664569465077283 -0.00027975573634783163 -0.012782533775518207
leaf_weight=1.3500212058424939 7.117448419332506 5.9210327565670005 5.0624320060014716 6.8290897384285927 6.1469472423195821 2.6431431621313086 11.822843678295611 6.4269442483782768 4.527991846203804 5.1585729569196692 4.7750820294022551 6.099597215652464 21.493841022253036 135.9963063262403 4.5045422874391106 5.3619995415210742 5.6448121666908255 48.677696034312248 5.5764049887657157 6.2047140896320325 4.7463302761316299 6.7304447665810585 8.8300577849149686 4.6690290346741659 7.5503781437873823 9.0132623910903913 4.853858083486557 6.9776607304811478 2079.0946521386504 5.8872608467936507
leaf_count=11 30 29 21 31 27 12 51 28 19 22 22 27 91 592 21 23 23 201 23 26 20 29 36 20 32 43 21 29 8788 26
internal_value=3.11156e-06 -0.000197786 -0.0185452 -0.028906 0.00218224 0.0017947 0.00320235 -0.0197577 0.00238977 0.00483036 -0.00733516 0.0366748 -0.0138229 0.00243278 -4.07018e-05 0.00440395 0.00117164 0.00949989 0.0016031 -0.023668 -0.0480959 -0.00154584 0.0390983 -0.000245273 -0.0206203 -6.09202e-05 0.0269418 -0.0319269 -0.000183721 0.0132162
internal_weight=2445.69 2239.25 19.009 13.9465 206.441 205.091 192.517 12.5739 189.874 151.782 38.0918 10.6276 33.3167 141.155 2220.24 97.6935 91.7725 68.729 54.2541 23.0435 10.951 12.0924 14.4749 2122.55 19.0326 2103.52 9.52289 14.528 2094 14.9005
internal_count=10374 9472 82 61 902 891 836 55 824 660 164 46 142 614 9390 410 381 283 224 98 46 52 59 8980 82 8898 41 61 8857 69
is_linear=0
shrinkage=0.05


Tree=178
num_leaves=31
num_cat=0
split_feature=12 12 12 3 0 9 9 0 12 0 9 8 3 12 3 3 3 8 2 8 2 0 3 8 9 0 12 7 12 9
split_gain=0.429734 3.27811 3.8857 3.49519 3.01715 4.85676 5.43521 3.86742 5.94749 7.67562 6.30604 5.58589 4.89495 3.82527 3.31414 9.98756 5.16783 3.04294 2.72102 2.8831 3.84731 2.71865 5.20777 8.23494 6.8102 4.27148 4.24971 5.51387 4.15067 4.00426
threshold=-0.091932981769753466 -0.097918527090523622 -0.096881916948121261 0.28747679590709213 -0.0016961184587748551 1.3301045699919292 1.9534287763784397 -0.00084717194776394347 -0.027559176940656009 -0.00091441908651181852 0.80358062442456113 0.60573453315025405 0.0053554892206054564 -0.046882963812436174 -1.3807786349065936 -0.65669051721270322 -0.47349021858649359 -0.35054950006349134 56.554550593555696 -2.8973801815249409 39.755294469804674 -0.00018422597243552345 -0.14763066396848026 -1.564968058612678 0.96587438112592261 1.0000000180025095e-35 -0.020424290392166006 0.022457043984821758 -0.075423995142166148 0.67547328305529786
decision_type=2 2 2 2 2 2 2 2 2 2 2 2 2 2 2 2 2 2 2 2 2 2 2 2 2 2 2 2 2 2
left_child=1 -1 -3 -4 5 14 18 8 9 10 11 -6 -11 -12 -2 -16 -17 -18 19 -7 -21 22 23 24 -9 26 27 -23 -25 -24
right_child=4 2 3 -5 7 6 -8 21 -10 12 13 -13 -14 -15 15 16 17 -19 -20 20 -22 25 29 28 -26 -27 -28 -29 -30 -31
leaf_value=-0.00028872025341522832 0.018837812450734959 0.040487301599349115 0.01345822348710708 -0.014724706386956941 0.025202436619300529 0.038322447542244342 -0.018650372431899261 0.050088526080467544 -0.031439072759984532 0.073149360573016381 -0.0073873357665429663 -0.019719810558515544 0.01553048474437943 0.01455753524165347 -0.053330802487317912 0.025696893228728521 -0.0053047356734365163 -0.020205028314611205 0.055199422914751911 -0.021900205874504152 0.022104585918527084 0.00057249615824668868 0.017952564539531934 -0.068620415734205034 -0.025884446081785667 -8.9849106507280859e-05 0.057708636644781347 0.041043533879329623 -0.021653632765602844 -0.004463806266488307
leaf_weight=445.75110741704702 11.82371214032173 9.845835790038107 45.096583940088749 14.55077777802944 51.53389585018158 9.0234609544277173 12.007596775889395 7.2559395134448987 9.3580563515424711 7.2838248610496503 72.617364421486855 7.9934255331754676 7.4624592512845993 27.332391336560249 11.734853416681288 12.123510852456091 211.0572027862072 40.905304312705994 4.8319521993398658 8.2951987534761482 12.379955515265463 36.942183822393417 24.851786911487579 5.2457241564989081 4.9702656269073486 1170.8938266634941 5.1228791624307624 10.899025455117224 45.560148864984512 100.42826168239117
leaf_count=2027 49 41 189 61 213 38 50 30 39 30 298 33 31 113 49 50 874 171 20 34 52 154 103 22 21 4906 24 45 189 418
internal_value=3.12858e-06 0.00128599 0.0113867 0.00658309 -0.000339363 -0.0046594 0.0103262 0.000565341 0.0073923 0.00947805 0.00628676 0.0191702 0.0439909 -0.00138626 -0.00708393 -0.00819513 -0.00618949 -0.00772375 0.0204025 0.014741 0.00444917 -0.00032216 -0.00591496 -0.0176374 0.0192036 0.000538391 0.0144271 0.00979247 -0.026503 -1.70737e-05
internal_weight=2445.18 515.244 69.4932 59.6474 1929.93 334.183 46.5382 1595.75 183.581 174.223 159.477 59.5273 14.7463 99.9498 287.645 275.821 264.086 251.963 34.5306 29.6986 20.6752 1412.17 188.312 63.0321 12.2262 1223.86 52.9641 47.8412 50.8059 125.28
internal_count=10374 2318 291 250 8056 1387 194 6669 757 718 657 246 61 411 1193 1144 1095 1045 144 124 86 5912 783 262 51 5129 223 199 211 521
is_linear=0
shrinkage=0.05


Tree=179
num_leaves=31
num_cat=0
split_feature=8 8 9 0 0 0 9 8 2 9 9 9 12 3 12 0 7 9 0 3 3 12 3 8 9 0 9 8 3 12
split_gain=0.422899 2.01557 2.16295 2.71472 1.73245 4.52579 4.06765 4.95098 4.47379 6.16583 4.69973 3.70957 3.43488 2.82236 3.25549 2.38311 3.27284 2.2205 2.09888 2.44398 3.78535 1.88192 1.58553 3.89194 1.47025 1.03293 3.18269 3.40813 3.06256 3.00391
threshold=-5.3612248602104344 -4.809614867320593 0.88885107977028077 -0.0015377969111604265 -0.0040789619065891795 -0.0044877756239138271 1.6550342211432771 -7.0528123371760794 27.786652467163645 0.95808203131752279 0.75226656918724066 0.82882484791884059 -0.10124470227115924 0.51822614881113138 -0.12650801851097274 -0.0048401827259105983 0.024282993277981058 0.80936048930500393 -0.0051288853384413345 -0.17758196519867867 -0.13311673059951964 -0.116997885439473 1.0000000180025095e-35 -5.0732980628186999 1.1257816669112641 -0.0048401827259105983 0.96587438112592261 -2.3999131932711215 -0.54595770544265931 -0.16389465191332406
decision_type=2 2 2 2 2 2 2 2 2 2 2 2 2 2 2 2 2 2 2 2 2 2 2 2 2 2 2 2 2 2
left_child=4 2 22 24 5 15 7 13 11 10 -10 -9 -13 14 17 18 -17 -6 19 -1 -21 -7 -2 -24 -4 26 27 -3 -28 -30
right_child=1 25 3 -5 6 21 -8 8 9 -11 -12 12 -14 -15 -16 16 -18 -19 -20 20 -22 -23 23 -25 -26 -27 28 -29 29 -31
leaf_value=0.031951063741879455 -0.020713188053710925 -0.0035948085811670265 -0.052063977474804346 0.0092580834944108008 0.014183071892584779 0.065411758295090994 0.042473267395725392 -0.0048825479223338656 -0.020533570531561372 -0.045835379466239778 0.036633962540217439 0.062815293117735926 0.0092357542408275511 0.011655114680262001 -0.060025837620922999 0.018620355654594165 -0.036101246843727036 -0.030493768355643158 0.034690636223200733 -0.047713122099291433 0.0042114801917870169 0.019228869991313992 0.038154140330601168 -0.016183957471832988 -0.0194579784046751 0.00021279221364975889 0.044289327730211561 -0.033217967359893109 -0.030829381218927799 0.009778584225808044
leaf_weight=7.0731240920722476 6.2451118975877788 25.463957883417606 6.5728970468044299 4.6431103795766822 3.8831580206751868 4.1759666576981544 4.5478039756417266 8.249212399125101 7.1025462150573748 8.2427769750356656 7.2801342383027077 6.6227347850799561 5.4551729261875135 4.5403232872486106 6.8567801266908655 4.1816253513097745 7.8843063786625862 9.8001434206962568 6.2016858458518973 3.7574436962604443 53.285920755937703 4.6757083088159543 6.3292740732431421 6.8745127171277973 7.2937530130147934 2172.7455073706806 4.5732530802488354 15.693249411880968 6.0565745159983662 18.358185917139053
leaf_count=38 26 111 29 20 18 20 22 35 30 35 31 28 23 20 28 19 34 46 29 16 262 20 27 29 33 9145 23 71 30 76
internal_value=2.87622e-06 -0.000173366 -0.0115987 -0.0238332 0.00245673 0.00704289 -0.00330819 -0.00636854 0.00393837 -0.0113567 0.00840313 0.0209629 0.0386153 -0.0240201 -0.031906 0.00339262 -0.0171367 -0.017815 0.00691525 0.00422866 0.000791209 0.0410166 4.49903e-05 0.00986317 -0.0349135 1.99967e-05 -0.00595184 -0.0148901 0.00673875 -0.000295042
internal_weight=2444.67 2280.85 37.9587 18.5098 163.817 91.2358 72.5808 68.033 42.9526 22.6255 14.3827 20.3271 12.0779 25.0804 20.5401 82.3841 12.0659 13.6833 70.3182 64.1165 57.0434 8.85167 19.4489 13.2038 13.8667 2242.89 70.1452 41.1572 28.988 24.4148
internal_count=10374 9620 164 82 754 438 316 294 182 96 61 86 51 112 92 398 53 64 345 316 278 40 82 56 62 9456 311 182 129 106
is_linear=0
shrinkage=0.05


Tree=180
num_leaves=31
num_cat=0
split_feature=12 12 12 2 3 12 2 3 7 2 8 12 9 12 9 9 7 2 3 9 12 12 3 0 2 7 3 3 8 7
split_gain=0.435865 8.56927 4.99506 4.71867 4.31319 7.59624 6.12264 5.38979 5.38692 4.09151 3.27647 3.77783 2.94272 5.35879 4.72359 4.43695 4.09935 4.25296 2.82778 6.76692 4.62662 4.57053 4.43054 3.48513 3.72539 3.04466 2.73027 2.8729 2.44119 2.16544
threshold=-0.055194755903572632 -0.052386107488940264 -0.052122382122382092 55.685220468154604 -1.6787218103267696 -0.036179506064646129 46.288644015916752 -1.5059380293982547 0.011065114088788052 57.601816180517297 -3.1228515733045792 -0.047746552918966796 1.0166536765245902 -0.054315420580150681 0.7483157336914571 0.71252331428670657 0.020781660135350703 45.544554455445571 -1.0769524651140319 1.5700082881422601 -0.080165909924784381 -0.069842671705553819 -1.8610580304532383 0.00019190657532109834 47.403125669021613 0.025043793683955883 0.31737217749065633 -0.013068114610492379 -0.35054950006349134 0.016458720593612881
decision_type=2 2 2 2 2 2 2 2 2 2 2 2 2 2 2 2 2 2 2 2 2 2 2 2 2 2 2 2 2 2
left_child=18 12 3 -3 5 6 -4 -6 -7 -10 -9 -12 13 14 -2 -15 17 -14 19 20 22 -22 25 24 -23 -1 27 -17 -24 -20
right_child=1 2 4 -5 7 8 -8 10 9 -11 11 -13 16 15 -16 26 -18 -19 29 -21 21 23 28 -25 -26 -27 -28 -29 -30 -31
leaf_value=-0.042099751489467957 0.05770778323088438 0.0010424213907302144 0.0074046936636368273 0.069277817625129329 0.055166199607535854 -0.031006433695376531 -0.058488960374130622 -0.050483854057957703 0.041167987172038928 -0.01083046422387049 0.0092047014340106946 -0.00043531773459984922 -0.042049579299175965 -0.047522610307684975 -0.0080059602175741144 -0.013523385894929697 -0.051787347097884628 0.011918061093001342 0.0065741216651135055 -0.037338153000078998 0.059766758010151945 0.021998454669780204 0.041169284622293884 0.043251501180944507 -0.033785230703218476 0.00037645241481356283 -0.040135102824817401 0.029527346355741769 0.00052960470911295741 -0.00064420004351300271
leaf_weight=5.9914160370826748 4.8015918135642988 5.0442254543304426 4.8498526662588146 5.0904362052679062 4.5162881314754477 7.8262176811695126 12.90742641687393 3.1506290882825843 9.2106461673974973 6.4198537915945044 113.58608166873455 965.61891742050648 6.7210055887699145 10.019665420055391 6.352633148431778 10.466308578848842 12.371580049395559 7.991028681397438 115.31809519976377 6.7461850047111502 8.9361521750688571 7.8601919412612933 8.557185944169758 7.7839702963829032 4.8333286345005035 14.259359896183012 4.8756396174430838 6.1537134498357782 6.5036891698837271 1049.2802975717932
leaf_count=25 20 21 20 21 19 33 53 13 38 27 468 4063 28 42 26 43 52 33 485 29 38 32 38 32 20 66 20 25 30 4514
internal_value=2.91925e-06 -0.000672517 0.000369997 0.0353157 5.6047e-05 -0.0158208 -0.0404921 0.000658095 0.00285593 0.0198109 0.000430652 0.000579292 -0.0176841 -0.00950213 0.020282 -0.0200436 -0.0305745 -0.0127364 0.000663002 0.0103167 0.0152836 0.0299307 0.00308307 0.0169105 0.000757627 -0.0121906 -0.00723501 0.00241654 0.02362 7.05555e-05
internal_weight=2444.04 1207.97 1138.22 10.1347 1128.09 41.214 17.7573 1086.87 23.4567 15.6305 1082.36 1079.2 69.7532 42.6696 11.1542 31.5153 27.0836 14.712 1236.07 71.4715 64.7253 29.4136 35.3117 20.4775 12.6935 20.2508 21.4957 16.62 15.0609 1164.6
internal_count=10374 5065 4776 42 4734 171 73 4563 98 65 4544 4531 289 176 46 130 113 61 5309 310 281 122 159 84 52 91 88 68 68 4999
is_linear=0
shrinkage=0.05


Tree=181
num_leaves=31
num_cat=0
split_feature=2 2 0 3 0 8 12 0 7 12 3 3 12 12 3 3 2 12 8 9 12 11 3 2 2 12 12 9 12 9
split_gain=0.418662 3.02554 3.50082 2.75031 3.26453 2.62947 5.01107 3.3498 3.63573 2.41029 5.91603 5.3352 1.80748 4.7661 3.08477 3.85395 3.83586 3.38066 3.28457 3.23407 2.68117 2.0524 1.92844 3.47744 3.69479 3.16497 2.96514 5.64134 3.64907 1.79766
threshold=52.31065849317779 54.103974848416776 -0.0034766494743691746 0.18600279762522015 0.0037144582466739243 0.63174123528040915 -0.069005250138825802 0.00036828315138162415 0.025583545215529479 -0.047315267739769733 -0.2443409268138487 -0.25917571566837688 -0.073106078874103905 -0.076461156424809246 0.089884727055713612 -0.12269843967274473 58.923745173745225 -0.078474956089879477 1.7219079677723002 0.82520014412859544 -0.071974662700964129 7.5000000000000009 -0.013068114610492379 59.706118169483169 81.627382511275997 -0.041208791208791291 -0.059929706093983508 0.65854512433743018 -0.058204761041443225 1.6550342211432771
decision_type=2 2 2 2 2 2 2 2 2 2 2 2 2 2 2 2 2 2 2 2 2 2 2 2 2 2 2 2 2 2
left_child=29 2 -2 4 9 7 -7 -5 -9 10 -4 -11 13 14 15 18 -17 19 -3 -16 -14 -15 23 25 -25 -22 27 -24 -28 -1
right_child=1 12 3 5 -6 6 -8 8 -10 11 -12 -13 20 21 17 16 -18 -19 -20 -21 22 -23 26 24 -26 -27 28 -29 -30 -31
leaf_value=-0.0010249786372387617 -0.032852537369515981 0.018449956964872758 0.0081688097403723563 -0.013899608155511842 -0.019534830483274077 0.019710425986449745 -0.04198481094487086 0.063595954230078536 0.001531508391974016 0.03423809752916674 0.054477858880757769 -0.0092319673222861186 -0.035453517435333246 0.049150826066088685 0.013349430946185717 -0.010737252011194059 0.030819777141829305 -0.046671145461948275 -0.010575968620186451 -0.011727405904190366 -0.0010846512023645293 0.014226229184532086 0.041574684524267845 0.00090287528777250724 -0.027270553576968129 -0.017121913796598817 0.033153737085751186 -0.016121531228555083 0.0020800278085396496 0.0079708637933356731
leaf_weight=1227.9214369021356 4.7110185697674742 14.505987361073492 13.671047359704973 6.9401485025882783 5.4494687765836707 5.4996111243963233 8.1966900229454023 4.6138931661844236 4.8295945823192596 13.081120789051054 13.917783573269839 15.330883711576467 5.5896494835615149 7.6251277029514339 19.630257334560156 7.1220362931489936 25.201895359903574 4.8237963318824759 29.704922396689653 37.263113096356392 54.349370241165161 9.3833300024270994 4.7033347338438025 287.05533723533154 12.128970727324484 70.894120335578918 9.6659612953662855 42.703096583485603 418.80774147808552 58.165212374180555
leaf_count=5185 21 63 56 29 25 23 35 20 21 55 58 65 24 34 93 32 130 20 145 163 222 39 20 1204 53 293 40 181 1770 255
internal_value=2.746e-06 0.000692653 0.00918132 0.0113448 0.0174087 -0.00104324 -0.0172117 0.0124732 0.0318549 0.0210037 0.0315304 0.010782 -7.72228e-05 0.00490733 0.00183464 0.0085415 0.0216634 -0.00648246 -0.00105231 -0.003075 -0.000931518 0.0298834 -0.000717184 -0.00316752 -0.000239279 -0.0101625 0.00146822 -0.0103973 0.00278102 -0.000618128
internal_weight=2443.49 1157.4 96.2413 91.5302 61.4503 30.0799 13.6963 16.3836 9.44349 56.0008 27.5888 28.412 1061.16 155.26 138.252 76.5348 32.3239 61.7172 44.2109 56.8934 905.898 17.0085 900.308 424.428 299.184 125.243 475.88 47.4064 428.474 1286.09
internal_count=10374 4934 408 387 259 128 58 70 41 234 114 120 4526 719 646 370 162 276 208 256 3807 73 3783 1772 1257 515 2011 201 1810 5440
is_linear=0
shrinkage=0.05


Tree=182
num_leaves=31
num_cat=0
split_feature=11 11 0 12 9 7 8 12 9 7 3 3 3 12 12 12 9 9 12 12 7 0 3 2 9 12 0 11 8 8
split_gain=0.432619 2.44178 3.80435 3.45714 3.37964 2.94202 3.30976 2.99543 3.63737 1.99287 3.46654 4.54384 2.90013 3.37733 3.23877 3.07106 2.81229 3.88881 4.43289 5.05954 6.28015 4.14499 3.71667 4.56017 3.51275 4.51487 5.92056 5.40957 3.26141 3.00673
threshold=15.500000000000002 14.500000000000002 -0.00081702195619442499 -0.059004631531059053 0.70535153456127198 0.016943636159716387 -1.8999611381865436 -0.088259336432120472 0.81949745760832371 0.02590028065395994 0.98326301898207447 0.60408747524443884 0.31737217749065633 -0.074878672822968742 -0.067527926650400708 -0.092422842099367117 1.3301045699919292 1.1678101495349613 -0.116997885439473 -0.09545698924731183 0.018737270753906434 -0.0052735313136115436 0.019294475348007292 31.893606158196587 1.4629747699870486 -0.08619597045583674 -0.0012079168218865389 18.500000000000004 -6.5590398628375537 -4.3543561318369859
decision_type=2 2 2 2 2 2 2 2 2 2 2 2 2 2 2 2 2 2 2 2 2 2 2 2 2 2 2 2 2 2
left_child=1 -1 4 -4 -3 6 -6 8 -7 16 11 12 13 15 -15 -11 17 18 21 20 -20 28 -19 -24 -18 -26 27 -27 -2 -21
right_child=9 2 3 -5 5 7 -8 -9 -10 10 -12 -13 -14 14 -16 -17 24 22 19 29 -22 -23 23 -25 25 26 -28 -29 -30 -31
leaf_value=6.6093098601137853e-05 0.027043625236156013 -0.022059300005826211 -0.04450601931574602 -0.01015074915349767 0.04674849888397567 -0.026902196322343724 -0.00064756571719207484 -0.018622294255965278 0.02046171453163026 0.0088736908156599788 -0.016758235834754807 0.047966707619394339 -0.014881673067841786 0.064406575722625467 0.0099674692139488479 -0.018655593690473347 0.02762463901193854 -0.0039371995601844637 0.064130107998686223 0.019893637570622451 0.0091084026162539782 -0.043049359451054703 0.0014401439065158657 -0.053686213843751801 -0.025398783016431233 0.043881359917458285 -0.022562205176624422 -0.00032866405183045144 -0.021658965978720759 -0.0027011837215568935
leaf_weight=1760.3122712112963 5.6355432271957389 15.276078939437864 11.214295729994772 21.101491242647171 7.5491428971290588 5.3004810512065879 7.193155884742735 16.702380523085598 17.230381868779659 104.33276894688606 15.324465513229368 6.8585167229175559 14.509057341143487 5.0943780541419983 5.8919773995876294 11.22013422846794 18.001543745398521 22.333063334226608 6.310317024588584 15.711169958114622 29.110276445746422 11.3393207937479 5.6627978682518032 11.114770248532293 11.64090511202812 14.087878569960591 10.095560744404795 13.597928583621979 8.8132945895195025 234.25287075340748
leaf_count=7446 25 68 52 91 32 23 31 70 76 483 68 32 68 21 24 46 76 93 28 67 120 47 24 47 50 59 42 56 37 972
internal_value=2.83013e-06 -0.000368848 -0.00790701 -0.0220728 -0.00129664 0.00457957 0.0236227 -0.00257608 0.00931915 0.00119404 0.0058787 0.00822409 0.0062916 0.00871933 0.0352109 0.00620061 -0.000636631 -0.00243658 -0.000568848 0.00122509 0.0189107 -0.0204215 -0.0172967 -0.0350799 0.00871457 0.00182677 0.0102153 0.0221675 -0.00266328 -0.00128102
internal_weight=2442.82 1861.88 101.567 32.3158 69.2516 53.9755 14.7423 39.2332 22.5309 580.939 163.231 147.907 141.048 126.539 10.9864 115.553 417.707 350.283 311.173 285.385 35.4206 25.7882 39.1106 16.7776 67.4238 49.4223 37.7814 27.6858 14.4488 249.964
internal_count=10374 7889 443 143 300 232 63 169 99 2485 742 674 642 574 45 529 1743 1460 1296 1187 148 109 164 71 283 207 157 115 62 1039
is_linear=0
shrinkage=0.05


Tree=183
num_leaves=24
num_cat=0
split_feature=3 12 3 8 2 0 7 3 9 12 3 0 2 8 11 8 3 12 12 0 3 7 8
split_gain=0.431097 0.77635 0.616988 3.92971 3.84914 2.59728 2.59235 2.35479 2.26798 1.38048 1.20337 2.81278 4.25529 4.49229 2.11984 1.98109 0.73516 1.83782 4.72241 2.75701 0.645679 6.4843 0.794783
threshold=16.536060538208265 -0.067944669956264872 3.4295136090070168 0.60573453315025405 47.602627257799661 0.00019190657532109834 0.020156334545544542 2.8067298525743749 0.8915899069720471 -0.040582327941319433 1.6750095181845817 0.0018842712660684542 45.544554455445571 -2.2785482855093444 14.500000000000002 2.005897088943033 1.1575055616543206 -0.060779507459863373 -0.075423995142166148 -0.00084717194776394347 1.045836565270067 0.015151515151515161 -3.0155326238054658
decision_type=2 2 2 2 2 2 2 2 2 2 2 2 2 2 2 2 2 2 2 2 2 2 2
left_child=2 -2 7 4 6 -5 -4 10 -9 -7 16 12 13 -12 -14 -13 20 18 -18 -19 22 -22 -1
right_child=1 -3 3 5 -6 9 -8 8 -10 -11 11 15 14 -15 -16 -17 17 19 -20 -21 21 -23 -24
leaf_value=0.0018990912392564702 0.0034840565232654372 -0.02528445288405002 0.03903348672345474 0.052827301677907883 -0.033084207544302489 0.027877378302791259 -0.0067889126311827461 -0.050411366181342537 -0.0012339638230274895 -0.0094580381693434371 -0.0094032992955359641 0.05352776747868962 -0.028826546663793414 0.055549155364314255 0.0091292826368455909 0.0093888527458314292 -0.0086359588160215169 -0.048695948111575849 0.047141524484667685 -0.0072488783948028357 0.061555916315978509 -0.007329073385583704 -0.00049531295490367504
leaf_weight=426.09210816211998 4.7583028227090836 4.6240487694740278 4.8101792335510281 5.6166155189275733 8.6872293353080732 5.2555415332317343 8.613937243819235 4.5459830611944181 4.8412454277276993 4.6811610460281363 5.0243569612503052 5.0668835490941984 10.578481718897821 5.6618840172886866 5.639887109398841 5.1018394082784653 15.831253170967104 4.9700411260128048 4.9911646693944922 20.82034208625555 4.5025241971015957 14.16068187355995 1857.0439389236271
leaf_count=1849 20 20 20 24 37 23 36 19 21 20 22 23 44 24 25 22 69 21 21 89 20 60 7845
internal_value=2.71835e-06 -0.0106944 4.39773e-05 0.00639367 -0.00715159 0.0256503 0.00963034 -5.58857e-05 -0.0250493 0.0102887 4.24668e-05 0.00898041 0.000513457 0.0250104 -0.0156275 0.0313824 -9.86325e-05 -0.00631526 0.00473399 -0.0152361 2.72579e-05 0.00928953 -4.84553e-05
internal_weight=2441.92 9.38235 2432.54 37.6647 22.1113 15.5533 13.4241 2394.87 9.38723 9.9367 2385.49 37.0733 26.9046 10.6862 16.2184 10.1687 2348.41 46.6128 20.8224 25.7904 2301.8 18.6632 2283.14
internal_count=10374 40 10334 160 93 67 56 10174 40 43 10134 160 115 46 69 45 9974 200 90 110 9774 80 9694
is_linear=0
shrinkage=0.05


Tree=184
num_leaves=31
num_cat=0
split_feature=2 2 8 0 0 9 9 0 0 7 2 12 0 8 8 3 8 3 8 8 9 9 2 3 8 9 0 12 9 7
split_gain=0.442677 3.75274 3.39337 4.7501 6.8213 4.54011 5.32279 6.48869 4.41903 3.84032 4.80242 4.26222 3.6365 4.91927 3.9512 3.19051 3.42901 4.30047 3.85974 2.73823 4.08642 2.91227 2.69964 2.70404 2.42161 4.12208 3.47166 2.77944 2.68183 4.51134
threshold=50.363204643391079 48.693375825176425 0.55424389503079052 -0.0049907365120310469 -0.0039911193499093172 0.95808203131752279 0.88550717603404894 -0.00075452151880292648 -0.00095099736850072123 0.025043793683955883 51.888413408545681 -0.041715318530252739 -0.0025346845843529152 1.1795277829726398 1.5334381079822728 -1.0769524651140319 -1.4790431466460796 0.22112506061362694 -1.0718522330364921 -0.50359168543398003 0.57064698754564736 0.93512801136823231 53.472222222222207 0.13247156188737058 0.22901903697502909 1.3458784215456816 -0.0014467589614625422 -0.034191598411781966 1.1020737213233354 0.025043793683955883
decision_type=2 2 2 2 2 2 2 2 2 2 2 2 2 2 2 2 2 2 2 2 2 2 2 2 2 2 2 2 2 2
left_child=1 24 3 -2 -5 6 8 -8 -6 11 -11 -7 13 -4 -15 -3 17 -17 -18 21 -21 -20 -16 -24 -1 27 -27 28 -26 -30
right_child=2 15 12 4 5 9 7 -9 -10 10 -12 -13 -14 14 22 16 18 -19 19 20 -22 -23 23 -25 25 26 -28 -29 29 -31
leaf_value=-0.00054974232931594613 -0.047018021212597523 -0.049266623433878089 -0.059699012852569178 0.069701896886741901 0.024381055265354282 -0.028913288291557367 -0.013457917466603875 0.052620495404162686 0.0021796468852209538 -0.029944154346743676 0.026633706283305199 -0.00012780391702080162 -9.6283664002931075e-05 0.038137331073955928 -0.051658349174643695 0.039928978144410938 -0.051271400507810129 -0.018904709933750947 0.033041925692597923 0.030244395066948739 -0.01927481749260743 -0.017005806422425995 0.026084960555276294 -0.024176161446374175 0.0033520267011739879 0.0106653549054503 -0.050399012083951214 0.039709085749521388 0.0047144343314008564 0.065295109578249216
leaf_weight=1019.8875147588551 4.1248802617192259 5.0878972858190528 5.7971819192171123 4.2725491821765891 29.21859385073185 20.660834148526192 5.0127870142459896 14.351892203092573 96.231823347508907 4.8369145095348385 16.700928658246994 34.057705447077751 1008.3019778430462 3.8495777398347881 4.3935819566249839 7.4223489016294462 5.9908340126276007 5.3411002308130264 6.9865523129701597 4.6089715808629981 43.363138400018215 4.977626621723175 4.2489374950528127 7.2287087142467499 43.872717328369617 4.3203701972961426 5.046106740832327 8.6082127094268781 7.534489840269087 5.1899208873510361
leaf_count=4321 19 22 25 19 123 85 21 61 406 21 71 144 4298 18 19 31 26 22 29 20 182 21 21 32 186 20 21 37 31 22
internal_value=2.64162e-06 -0.000694494 0.000652843 0.00615325 0.00712654 0.00591717 0.0111168 0.0355153 0.00735057 -0.00395711 0.0139276 -0.0109967 -0.00056804 -0.0192087 -0.00730607 -0.0108936 -0.00841249 0.0153089 -0.0130049 -0.00918009 -0.0145172 0.0122199 -0.0183284 -0.00556988 8.62236e-05 0.00878406 -0.0222325 0.0132395 0.00921354 0.0294235
internal_weight=2441.53 1178.24 1263.29 229.469 225.344 221.071 144.815 19.3647 125.45 76.2564 21.5378 54.7185 1033.82 25.518 19.7208 83.7785 78.6906 12.7634 65.9271 59.9363 47.9721 11.9642 15.8712 11.4776 1094.46 74.5718 9.36648 65.2053 56.5971 12.7244
internal_count=10374 4991 5383 970 951 932 611 82 529 321 92 229 4413 115 90 353 331 53 278 252 202 50 72 53 4638 317 41 276 239 53
is_linear=0
shrinkage=0.05


Tree=185
num_leaves=31
num_cat=0
split_feature=8 3 3 7 7 12 11 0 0 8 0 13 9 2 9 2 9 8 7 2 2 8 8 0 3 0 12 12 2 11
split_gain=0.419471 3.11737 3.96222 4.00688 5.33412 3.44975 4.4358 4.19218 2.99917 2.83352 2.57964 1.86973 3.16275 1.81408 1.77114 1.76846 1.98578 2.58363 1.42948 1.39557 4.38498 3.58348 3.8904 2.28955 2.31258 1.18935 6.60068 7.25888 4.79121 3.52454
threshold=5.1753774031976851 1.2253360972164888 0.41347259395777131 0.030583174850529523 0.021633343692807071 -0.15085332633501983 13.500000000000002 0.0011115702852605811 0.00045319204578842502 4.6818662487737255 0.0040052827312508669 1.0000000180025095e-35 1.0974906612733306 77.500000000000057 2.2517434714608022 62.500000000000007 1.1217534286446742 4.8679118706108424 0.026230525131016372 77.089248714603656 80.103792308104929 2.7145827298491318 3.7552478471161455 0.0024714270646499967 0.038178291637760702 0.0048484632929444386 -0.049459736692871438 -0.060779507459863373 68.989794917083728 1.0000000180025095e-35
decision_type=2 2 2 2 2 2 2 2 2 2 2 2 2 2 2 2 2 2 2 2 2 2 2 2 2 2 2 2 2 2
left_child=9 2 5 4 -4 -2 7 8 -7 19 -5 12 -11 15 -9 -13 -17 -18 -6 25 23 -22 -23 24 -21 -1 27 -27 29 -28
right_child=1 -3 3 10 18 6 -8 14 -10 11 -12 13 -14 -15 -16 16 17 -19 -20 20 21 22 -24 -25 -26 26 28 -29 -30 -31
leaf_value=-0.00035907366988456092 0.048215222733724541 0.038201007551336985 -0.041149178456484366 -0.073946888200584746 0.0018042499404938449 0.0064872495533914998 -0.035657372518964732 0.003682939141299039 0.062681525204844643 0.024061664868390883 -0.02187815593080444 -0.0016262604458320144 -0.022586025698199928 0.0074254459574693305 -0.012192316885798908 -0.048972366017789058 0.0096511777336389798 -0.038671533378294973 0.039543086274822566 -0.0058436378431401025 -0.043163996776662279 0.043262013100007275 -0.017280297997378995 0.056301524921855563 0.037699426752491369 0.0069461256511078612 -0.039396261281751527 0.052273284409707445 0.019835641400608353 -0.0012248823095926812
leaf_weight=2020.9002969115973 4.1786465235054484 5.7868724316358557 5.5344787836074856 3.9150749295949918 5.2111107110977155 4.5057137310504896 7.4155699163675299 183.00152862817049 5.0196909010410309 7.8406508415937406 6.0617119818925858 6.4579655528068569 6.772124394774437 5.3634051233530036 19.435096085071564 9.1326053291559237 4.907171428203581 6.3396996557712555 4.8395697921514511 6.0524500757455844 5.1063513681292561 4.4974637031555158 6.4718332439661026 4.9885400086641303 6.1454215496778488 39.99222070723772 14.01069711148739 11.336455836892126 8.9243367016315442 10.639751851558684
leaf_count=8527 35 25 23 17 22 19 32 788 23 35 31 28 28 24 85 39 20 26 20 27 23 22 30 25 29 186 58 46 37 44
internal_value=2.51822e-06 0.00192198 0.00107924 -0.0175688 -0.00173021 0.0032115 0.00235428 0.00368413 0.0361005 -0.000221319 -0.0423109 -0.0123901 0.00244332 -0.0191215 0.00215882 -0.0244268 -0.031652 -0.0175876 0.0199761 4.49952e-05 0.0102067 -0.00856428 0.00754234 0.0277645 0.0160938 -0.000115514 0.00568178 0.0169571 -0.0115557 -0.0229205
internal_weight=2440.78 254.905 249.118 25.5619 15.5852 223.556 219.378 211.962 9.5254 2185.88 9.97679 46.8136 14.6128 32.2008 202.437 26.8374 20.3795 11.2469 10.0507 2139.07 33.2621 16.0756 10.9693 17.1864 12.1979 2105.8 84.9035 51.3287 33.5748 24.6504
internal_count=10374 1120 1095 113 65 982 947 915 42 9254 48 200 63 137 873 113 85 46 42 9054 156 75 52 81 56 8898 371 232 139 102
is_linear=0
shrinkage=0.05


Tree=186
num_leaves=26
num_cat=0
split_feature=2 11 11 2 9 2 2 7 0 0 9 2 7 2 7 0 9 12 2 7 2 2 7 3 8
split_gain=0.399574 2.80509 3.47173 2.93834 2.59378 2.00268 0.802676 5.08351 2.88949 2.49436 3.45823 1.52645 1.26778 0.903566 4.86291 2.69862 2.20175 2.12158 0.959343 7.56302 4.04109 3.50073 5.2572 3.48436 0.87868
threshold=16.724941724941718 10.500000000000002 14.500000000000002 13.802438437474843 1.0526925322819127 11.895420632878855 19.38155243656735 0.013554662611714329 -0.0020346970957529566 -0.0033624098375473364 0.92078529730948933 20.000000000000011 0.018737270753906434 22.641509433962302 0.015892569034949448 -0.0063495611064356911 0.95107136218373489 -0.061657339474422722 25.243085056169139 0.018829765201461037 23.760245901639362 26.411772521923989 0.014502818315053964 0.035602252237953678 -4.6107782716613466
decision_type=2 2 2 2 2 2 2 2 2 2 2 2 2 2 2 2 2 2 2 2 2 2 2 2 2
left_child=1 -1 -3 5 -5 -4 7 -2 9 10 -9 12 -8 14 17 -16 -17 -13 19 20 -15 22 -20 -21 -23
right_child=6 2 3 4 -6 -7 11 8 -10 -11 -12 13 -14 18 15 16 -18 -19 21 23 -22 24 -24 -25 -26
leaf_value=0.025562425692146808 -0.054161136582689985 -0.043395675051310069 -0.003518593488534531 -0.038936164274886886 0.0060168211062102267 0.042878352412883486 -0.00065707166918315123 -0.0096792333197873535 -0.012462030488801366 0.057565145440057419 0.043035042195867484 0.062534280671728587 -0.037149850506619925 -0.0057191684246943363 -0.033806772384502096 -0.0060065199170484555 0.027998746563518459 0.015563426549028342 0.071402146584229637 0.025675053136090989 -0.054623824472358577 -0.0043297695062985871 0.007667082041262898 -0.0080922190610834294 0.00013638024876198222
leaf_weight=6.0797782242298117 2.8657915443182018 6.6837353669106987 4.7680886164307612 6.8114482462406141 6.0671660006046295 4.5406636949628592 4.4984238743782026 6.5999873355031067 6.3610641285777048 4.8047296851873424 5.8859210945665836 4.6760768443346024 5.0537196137011051 7.4175832420587566 5.6251214630901805 14.629449121654039 7.0559236332774153 4.9477811306714994 4.1205185800790813 14.45854438096285 9.8116356730461103 116.07841111719608 15.063466805964707 16.198614552617073 2148.9691327773035
leaf_count=27 12 32 24 29 28 24 19 30 28 21 32 20 24 31 29 62 32 21 17 63 40 508 66 71 9084
internal_value=2.57988e-06 -0.00530512 -0.0118053 -0.00228902 -0.0177586 0.0191131 7.97107e-05 0.00873072 0.0163511 0.0269512 0.0151705 -1.67337e-05 -0.0199642 6.36954e-05 0.007823 -0.00294694 0.00505801 0.0383858 -5.91906e-05 -0.00706318 -0.0335692 8.76404e-05 0.0213567 0.00783312 -9.24995e-05
internal_weight=2440.07 34.9509 28.8711 22.1874 12.8786 9.30875 2405.12 26.5175 23.6517 17.2906 12.4859 2378.6 9.55214 2369.05 36.9344 27.3105 21.6854 9.62386 2332.12 47.8864 17.2292 2284.23 19.184 30.6572 2265.05
internal_count=10374 164 137 105 57 48 10210 123 111 83 62 10087 43 10044 164 123 94 41 9880 205 71 9675 83 134 9592
is_linear=0
shrinkage=0.05


Tree=187
num_leaves=25
num_cat=0
split_feature=0 2 7 2 2 8 2 0 0 0 8 3 8 3 8 8 8 3 8 2 0 11 9 7
split_gain=0.40765 1.27339 0.675183 0.432735 3.57559 3.28925 4.30379 4.12982 6.06526 3.36148 4.44263 2.87314 2.74857 3.67118 3.54508 2.69601 2.37282 3.67498 3.16895 2.36558 2.15704 1.78478 4.5689 2.50268
threshold=-0.010433720819822781 26.730391933202522 0.070725601258957785 50.363204643391079 48.693375825176425 0.55424389503079052 65.559234731420176 -0.0048401827259105983 -0.0039911193499093172 -0.0025346845843529152 1.1795277829726398 -1.0769524651140319 -1.4790431466460796 0.22112506061362694 -1.0718522330364921 1.5334381079822728 1.0697639020756007 -0.19613623745672484 0.22901903697502909 45.928079242032759 -0.0032953145678641933 2.5000000000000004 0.93512801136823231 0.018517848771013323
decision_type=2 2 2 2 2 2 2 2 2 2 2 2 2 2 2 2 2 2 2 2 2 2 2 2
left_child=1 -1 3 4 15 6 7 -5 -9 10 -7 -6 13 -13 -14 16 18 -18 -2 -17 -12 22 -11 -23
right_child=2 -3 -4 5 11 9 -8 8 -10 21 20 12 14 -15 -16 19 17 -19 -20 -21 -22 23 -24 -25
leaf_value=-0.011487928407726866 -0.0005505196092311902 0.033424139328719592 -0.01610572974140885 -0.047438891651115388 -0.047251589304211111 -0.057184953727038738 0.054741198581845389 0.067413486700685102 0.0048705026023243142 -0.0092726392990599271 0.0064262247899072727 0.036766011543702314 -0.049285341242952418 -0.018124504922330385 -0.0087329320212195718 0.049081047942455026 0.0096032161861636413 -0.04814719881552379 0.012362306738678551 0.0051202700027799322 -0.027455680181630544 -0.0022737965248906204 0.0017896897420778234 0.0041919925871497961
leaf_weight=2.9358355924487105 1010.2463965788484 3.4129993990063667 6.5144381597638121 3.6770776137709609 5.0415446162223807 5.7495286464691189 4.4554384723305693 3.9470716416835776 216.59656395018101 158.73617630824447 11.693202883005146 7.1087549030780774 5.922660991549491 5.3301481455564499 59.844897054135799 5.1591233015060407 4.8697437793016434 6.3428666591644269 49.857896499335766 7.5218388736248016 7.851644225418565 252.08594989776611 226.55259226262569 368.33057029917836
leaf_count=22 4266 19 34 17 22 25 22 17 912 678 54 29 26 22 252 25 20 28 209 32 35 1071 968 1569
internal_value=2.6269e-06 0.0126558 -3.03854e-05 1.27647e-05 -0.000680823 0.000655459 0.00608056 0.00511364 0.00598984 -0.000547831 -0.0185502 -0.0106668 -0.00830836 0.0132451 -0.0123849 8.60713e-05 -0.000185219 -0.0230656 5.67851e-05 0.0230053 -0.00718497 -9.50553e-05 -0.00276791 0.00156483
internal_weight=2439.78 6.34883 2433.44 2426.92 1167.25 1259.68 228.676 224.221 220.544 1031 25.2944 83.248 78.2065 12.4389 65.7676 1084 1071.32 11.2126 1060.1 12.681 19.5448 1005.71 385.289 620.417
internal_count=10374 41 10333 10299 4931 5368 968 946 929 4400 114 351 329 51 278 4580 4523 48 4475 57 89 4286 1646 2640
is_linear=0
shrinkage=0.05


Tree=188
num_leaves=31
num_cat=0
split_feature=11 0 0 0 3 7 8 3 3 2 11 8 0 3 7 0 9 8 0 2 2 9 0 9 2 8 2 13 9 0
split_gain=0.436659 2.4277 5.64326 3.86594 3.86063 3.04207 2.32323 4.51128 4.33748 3.81801 4.71225 4.66151 1.45999 3.47102 5.24443 2.69986 5.50602 8.26701 4.39126 4.73484 4.09616 5.37131 3.91449 2.13138 2.07402 1.86778 4.85305 6.35342 4.81418 4.73569
threshold=4.5000000000000009 0.00032756258123442815 0.00052020052081453935 0.00016453389574913903 0.41347259395777131 0.0054264148615145507 1.0318912714943662 -5.6431366958726512 -3.234438294330205 55.860721982758612 3.5000000000000004 2.2443856151734694 0.0080344818118911511 -0.10583311821984619 0.03781866878285884 0.0031276565839427296 0.98668964690708394 5.4330052130700892 0.0060480702069804727 77.089248714603656 57.289049413735327 0.80936048930500393 0.0045201089968799424 1.5024267039904491 72.164948453608289 2.2899737028971985 56.021675685981215 1.0000000180025095e-35 1.6776566817245471 0.00036828315138162415
decision_type=2 2 2 2 2 2 2 2 2 2 2 2 2 2 2 2 2 2 2 2 2 2 2 2 2 2 2 2 2 2
left_child=1 3 -3 4 -1 -4 7 -7 -9 11 -11 -8 15 -14 -15 25 20 23 19 -19 -17 22 -22 -18 -23 -2 27 28 -27 -28
right_child=12 2 5 -5 -6 6 9 8 -10 10 -12 -13 13 14 -16 16 17 18 -20 -21 21 24 -24 -25 -26 26 29 -29 -30 -31
leaf_value=-0.019153183499444046 -0.00076421006604213484 0.039784990525450044 -0.03870301414842816 -0.043104068079154421 0.036888385039055414 0.050878962551754718 -0.02678926266420072 -0.046012402405743176 0.0056692179207000195 -0.00095137658261206187 0.016874272026566307 0.0077928916588809521 0.053910266163163245 0.036728901180538405 -0.036831907650283206 -0.030768530756963359 -0.058673126500324295 0.030234632852755572 -0.038837508186107192 -0.015502567443699778 -0.027966014407178143 0.019238989099498248 0.021922505834382041 -0.020336964978389872 0.057266441927755554 0.046161089853511007 -0.010147727644301758 -0.024844695773191032 -0.010645877684972035 0.0066076390772883331
leaf_weight=8.5917727947235125 1426.8970480449498 9.5371961593627912 4.7785181254148474 7.9671072214841834 4.7843894511461249 5.4048212468624106 28.136957302689552 4.1480342149734488 190.87760098278522 368.73021678626537 41.219186805188656 14.907380748540161 4.1667477227747431 4.7673221901059133 4.9271306097507477 6.6151808947324744 12.597375452518465 10.790257655084138 7.0874358192086211 11.898099586367605 9.5532793253660255 9.2385885864496213 6.6823877468705168 5.0907948911190024 5.8598124533891669 18.59297667816282 61.612645111978054 5.5333039760589591 4.6654072254896155 133.64609087258577
leaf_count=36 6029 41 20 34 20 23 118 17 812 1583 179 67 22 21 24 28 52 46 31 50 41 39 31 21 25 84 268 23 20 569
internal_value=2.53142e-06 0.00106868 0.00159927 -0.0155312 0.00089178 0.00104597 0.00133666 0.00581876 0.00456999 -0.000646486 0.000840939 -0.0148126 -0.000417225 0.0157456 -0.000657811 -0.000546252 -0.00921437 -0.0205657 -0.0044825 0.00624939 0.00498297 0.0125307 -0.00743255 -0.0476397 0.0339978 -9.77989e-05 0.00414634 0.0233099 0.0347662 0.00132059
internal_weight=2439.31 689.083 667.74 21.3433 13.3762 658.203 653.424 200.43 195.026 452.994 409.949 43.0443 1750.22 13.8612 9.69445 1736.36 85.4132 47.464 29.7758 22.6884 37.9492 31.3341 16.2357 17.6882 15.0984 1650.95 224.05 28.7917 23.2584 195.259
internal_count=10374 2950 2860 90 56 2819 2799 852 829 1947 1762 185 7424 67 45 7357 364 200 127 96 164 136 72 73 64 6993 964 127 104 837
is_linear=0
shrinkage=0.05


Tree=189
num_leaves=31
num_cat=0
split_feature=11 11 9 9 0 3 12 2 9 3 12 2 0 0 12 12 12 7 12 7 7 2 7 2 7 7 0 9 0 0
split_gain=0.429233 2.18893 3.47547 7.52551 2.62648 2.78294 3.05957 2.61411 2.23786 2.34111 1.93674 1.89609 2.02925 3.96414 4.49993 7.38403 3.09997 3.19807 2.95338 2.49186 1.93587 1.80008 2.02311 1.78248 1.34677 2.35899 2.51045 2.36171 1.85908 5.96869
threshold=15.500000000000002 14.500000000000002 0.85418483717465188 0.94375802855882984 -0.00081702195619442499 0.030056040454658858 -0.053199173683661533 27.380952380952404 1.0331185550807307 -0.25917571566837688 -0.065296195807572829 68.483503425136306 -0.00039666687803643035 -0.00059152923382757192 -0.027257248993911899 -0.032724529191146615 -0.041453396690015069 0.02177881696783936 -0.029111967369152961 0.0057115090318313145 0.0091053072037568742 32.733692385927597 0.011214696758121203 54.301872945981309 0.031680279095547832 0.031261731085181731 -0.0052735313136115436 0.84345165384470289 -0.0032953145678641933 -0.0028223932769870503
decision_type=2 2 2 2 2 2 2 2 2 2 2 2 2 2 2 2 2 2 2 2 2 2 2 2 2 2 2 2 2 2
left_child=1 24 7 10 8 -6 -7 -3 -5 -10 -4 12 13 14 15 19 17 -14 -18 -2 -16 -9 -23 -24 25 26 -1 -27 -28 -30
right_child=11 2 3 4 5 6 -8 21 9 -11 -12 -13 16 -15 20 -17 18 -19 -20 -21 -22 22 23 -25 -26 27 28 -29 29 -31
leaf_value=-0.043239164484599746 -0.081154879724992857 0.016599393968388842 0.017760160732244516 -0.026869787632512895 -0.058056791386449806 -0.040941053853522286 0.01376874459307284 -0.050549006101144711 0.039701289131722564 -0.0011056306189991005 0.05688784870456385 0.029627307288275007 0.033296997488341105 0.036995156351992624 -0.05429444555292412 0.048363192040300367 -0.061486142118323574 -0.020134817176880856 -0.0064124728107100935 0.0010072181062861232 -0.01033152731512294 0.011441898650262364 -0.031795742284568981 -0.0025045364742398522 -0.0028309120157743724 0.051135330252951652 0.014150942470466214 0.0063053089962123859 -0.033304852123527871 0.00069339864956298241
leaf_weight=3.2706431150436392 0.92445051670074363 4.6536554545164099 7.7919014915823936 6.6494066417217246 4.7564305663108852 4.7963451594114295 5.4696775972843161 5.1626548469066611 4.2238914966583279 20.935175992548466 5.323161840438841 5.8032589629292479 5.0119256824255007 7.748776212334632 4.9880559742450696 8.3108154982328397 5.0599901229143143 6.3467255681753159 4.6911110877990705 525.57867594994605 5.028326615691185 4.7313119173049953 19.604260176420215 7.0658560842275611 330.77270187065005 4.5169304609298697 24.926231667399406 8.4036490321159345 13.031928047537802 1373.0462947636843
leaf_count=14 4 20 34 28 22 23 23 23 18 91 23 29 21 32 21 36 21 26 20 2254 21 20 86 32 1481 20 106 35 54 5736
internal_value=2.54501e-06 -0.000367806 -0.00751974 0.000164947 -0.00921017 -0.0264404 -0.011792 -0.0186961 -0.00107269 0.00574534 0.0336414 0.00119071 0.000903051 0.00148428 0.000979226 0.00160109 -0.0143113 0.0034416 -0.034991 0.000862955 -0.0322246 -0.0231883 -0.01869 -0.0240355 4.37583e-05 0.000710004 0.000515707 0.0219775 0.000617129 0.000373747
internal_weight=2438.62 1859.13 101.164 59.946 46.8309 15.0225 10.266 41.2177 31.8085 25.1591 13.1151 579.492 573.689 552.579 544.83 534.814 21.1098 11.3587 9.7511 526.503 10.0164 36.5641 31.4014 26.6701 1757.97 1427.2 1414.28 12.9206 1411 1386.08
internal_count=10374 7889 443 262 205 68 46 181 137 109 57 2485 2456 2368 2336 2294 88 47 41 2258 42 161 138 118 7446 5965 5910 55 5896 5790
is_linear=0
shrinkage=0.05


Tree=190
num_leaves=31
num_cat=0
split_feature=0 9 9 2 9 9 9 8 3 3 12 2 11 9 0 3 7 2 3 9 3 0 7 0 8 2 0 7 9 9
split_gain=0.406753 4.246 4.23415 4.48486 3.78746 4.42685 3.75415 5.69133 4.29992 3.60326 3.39485 2.8514 2.60934 5.73071 2.25705 1.98668 2.69599 3.4596 4.52765 3.6349 3.14627 1.75471 1.63299 1.59581 1.82339 2.48005 2.72787 3.27358 1.80697 1.45951
threshold=-0.0059120667619198585 0.9692453164844459 1.3372032047073457 34.306621199204358 1.1943672453833589 1.0974906612733306 0.67128587117973371 -5.8436545012100654 -0.044788700838287447 0.10805010814923575 -0.16389465191332406 28.693229986677952 19.500000000000004 0.56478107682773715 -0.0051288853384413345 0.31737217749065633 0.019380450770710798 34.306621199204358 -0.068241506290856971 0.70983750316580818 -0.10583311821984619 -0.0054279090843211185 0.031261731085181731 -0.0049907365120310469 -7.0528123371760794 30.075615441469107 -0.0039911193499093172 0.03523219457828914 0.88885107977028077 0.97213913857563006
decision_type=2 2 2 2 2 2 2 2 2 2 2 2 2 2 2 2 2 2 2 2 2 2 2 2 2 2 2 2 2 2
left_child=1 6 4 11 5 10 12 8 -8 -10 -3 -4 13 -1 15 16 -2 19 21 -18 -21 -19 -9 28 25 26 -25 -28 -16 -27
right_child=14 2 3 -5 -6 -7 7 22 9 -11 -12 -13 -14 -15 23 -17 17 18 -20 20 -22 -23 -24 24 -26 29 27 -29 -30 -31
leaf_value=-0.036180095025076471 -0.042415060340954713 0.0087106185751413077 -0.012674080118492108 -0.050879980237816383 0.067406000761559545 -0.014629071396716535 0.035319308019450012 -0.024158640494025718 -0.042435389399580525 0.017341146933194732 0.062857523605460694 0.047250247741050244 0.036920062526315793 0.040706760015937177 -0.0027681304363645892 -0.035779414780630424 0.051834626801916056 -0.019833952431031966 0.016922569031049724 0.028407305388679041 -0.018836620204399468 -0.060715155535930612 -0.057606712500890035 0.0040826538878393171 0.00019414586327376522 -0.0096891723100697158 -0.016341333015926617 -0.063636068915224858 0.041525618431410519 0.029100976428437467
leaf_weight=5.6761797815561312 4.6704152822494498 5.5500497706234473 4.450643399730323 3.9746717512607566 5.0568415671586981 6.4847764782607547 6.529292672872546 8.2614541947841627 5.8274063318967837 4.4431801736354828 6.0506166070699727 3.5835203975439072 6.7718293182551852 4.2292183116078377 4.3222358524799329 6.8858415931463233 4.4833020865917232 5.8289466723799714 5.7288796827197066 5.9373796731233588 8.6701465100049955 4.7750393599271783 6.5359732061624518 8.3305927813053113 2262.8629040010273 4.714656397700308 12.006933659315115 5.2623406089842311 4.9275211319327354 4.9931903481483459
leaf_count=27 20 30 32 19 26 32 32 35 27 21 26 19 34 21 19 31 19 26 25 26 38 20 29 40 9556 21 55 24 22 22
internal_value=2.31838e-06 0.00343335 0.0166524 -0.00743759 0.029153 0.0184571 -0.00619209 -0.016322 0.00359358 -0.0165753 0.0369523 0.0140543 0.0130003 -0.00335241 -0.000119256 -0.0109687 -0.00670767 -0.00199985 -0.0188933 0.012453 0.000366161 -0.038243 -0.0389325 0.000101642 1.82223e-05 -0.0112567 -0.019417 -0.0307531 0.020828 0.0102624
internal_weight=2437.83 83.4257 35.1511 12.0088 23.1423 18.0854 48.2745 31.5973 16.7999 10.2706 11.6007 8.03416 16.6772 9.9054 2354.4 46.98 40.0941 35.4237 16.3329 19.0908 14.6075 10.604 14.7974 2307.42 2298.17 35.3077 25.5999 17.2693 9.24976 9.70785
internal_count=10374 410 184 70 114 88 226 144 80 48 56 51 82 48 9964 205 174 154 71 83 64 46 64 9759 9718 162 119 79 41 43
is_linear=0
shrinkage=0.05


Tree=191
num_leaves=28
num_cat=0
split_feature=7 8 8 2 12 3 8 2 7 3 2 8 2 7 9 12 2 8 12 7 2 12 11 7 7 12 0
split_gain=0.41202 2.07032 4.51524 2.44184 1.81962 1.18715 1.09317 1.80893 0.830192 2.11346 2.06297 3.67135 2.80911 2.97913 2.24862 1.16346 3.39566 2.58671 2.40218 2.73473 2.16671 1.53003 4.2815 1.34244 1.26835 1.20992 0.415307
threshold=0.056371742635609276 -0.35054950006349134 3.6133669623341071 46.942670197850155 -0.10876752971157257 0.15236063458408577 -10.96993815403548 22.120513894707418 0.043580589018418193 -3.234438294330205 63.220403808603585 6.259757323165327 65.39126963002397 0.048196211683053797 0.97889741517388551 -0.16772551472588518 44.657141112535875 -5.9999118345100468 -0.1607940842672719 0.033158470634545682 26.730391933202522 -0.15085332633501983 18.500000000000004 0.03781866878285884 0.031680279095547832 -0.18388396197634374 -0.0052735313136115436
decision_type=2 2 2 2 2 2 2 2 2 2 2 2 2 2 2 2 2 2 2 2 2 2 2 2 2 2 2
left_child=6 3 -3 5 -4 -2 7 26 15 -10 11 14 -12 -14 -11 16 17 20 19 -17 -8 22 -20 -21 -23 -19 -1
right_child=1 2 4 -5 -6 -7 8 -9 9 10 12 -13 13 -15 -16 18 -18 25 21 23 -22 24 -24 -25 -26 -27 -28
leaf_value=0.024206905161063143 0.0086005308731714521 -0.059072898849778593 0.019059718466021662 0.041053396446803364 -0.019772562405343946 -0.025322896361778043 -0.02158639379608435 -0.0078388920759333153 -0.058837394781550423 0.018232970097053547 -0.033992857905891585 0.05486633381746471 0.031491549236883735 -0.01056710731672659 -0.0044236780417439923 -0.0080031104682146397 0.035957836920166256 -0.016890396348826064 -0.028651179583016426 0.058991146271557576 0.018353222433231595 0.00040545057097096036 0.015531703829532607 0.018664135620099925 -0.003341128916990092 -0.052675853511782084 0.057771726435024019
leaf_weight=1.6148640234023335 6.7183549925684947 4.7347145751118687 5.7021218948066261 4.0477869212627402 6.4056179299950555 4.1857419237494469 7.4501016139984166 3.1862652227282524 1.2662314474582661 23.915019351989031 6.3920611739158657 4.5851932764053336 6.5622964687645462 11.747609984129666 20.202471002936363 4.993916153907775 3.4268347173929206 4.1600721478462219 15.243654504418375 4.1364116892218572 6.2398096174001694 2005.6862467303872 8.5633355081081373 4.1183280795812607 254.56886460632086 5.4649249911308289 2.1467234082519999
leaf_count=25 33 22 36 20 29 20 33 21 6 127 31 27 32 56 100 22 23 22 66 22 29 8392 38 19 1078 24 21
internal_value=2.46798e-06 -0.00565215 -0.0176737 0.00788942 -0.00148456 -0.00442161 7.72017e-05 0.0198815 1.98388e-05 0.00520923 0.00631404 0.0122836 -0.00545567 0.00450677 0.00785794 -0.000146894 -0.0105159 -0.0173466 -2.61943e-05 0.0212029 -0.00338207 -0.000149333 -0.0127587 0.0388718 -1.65206e-05 -0.0372088 0.0433622
internal_weight=2437.47 31.7943 16.8425 14.9519 12.1077 10.9041 2405.67 6.94785 2398.72 74.6709 73.4047 48.7027 24.702 18.3099 44.1175 2324.05 26.7417 23.3149 2297.31 13.2487 13.6899 2284.06 23.807 8.25474 2260.26 9.625 3.76159
internal_count=10374 160 87 73 65 53 10214 67 10147 379 373 254 119 88 227 9768 131 108 9637 63 62 9574 104 41 9470 46 46
is_linear=0
shrinkage=0.05


Tree=192
num_leaves=31
num_cat=0
split_feature=12 12 7 2 0 0 7 9 0 3 12 8 12 9 12 12 3 8 2 8 2 2 2 0 7 9 9 9 3 11
split_gain=0.425706 4.81032 4.45245 3.3424 2.99419 4.91508 3.17215 5.40623 4.75995 5.81133 4.32209 2.87404 3.82044 5.66123 4.43491 2.75116 3.03846 5.97515 2.58486 3.18881 2.73317 2.36936 2.73464 2.34508 2.10111 2.20522 3.18861 1.63077 1.73977 3.61681
threshold=-0.06258965124511344 -0.061657339474422722 0.022247490046084898 53.947368421052666 -0.0016961184587748551 -0.0016562926196206115 0.01492052966190899 1.5266323969418221 -0.0021190597388806706 0.043620654249984625 -0.05091458496394239 -3.9543573623157089 -0.056250351740568638 0.95808203131752279 -0.052386107488940264 -0.063541249060014474 0.17773246926569167 -1.0253359924049952 53.025218629245451 -0.50359168543398003 36.05046669830724 73.333333333333357 70.000000000000014 0.0062430173562001154 0.039912516783399875 1.1163686375569124 0.92078529730948933 2.4427477077863933 1.448432739123735 7.5000000000000009
decision_type=2 2 2 2 2 2 2 2 2 2 2 2 2 2 2 2 2 2 2 2 2 2 2 2 2 2 2 2 2 2
left_child=15 2 -2 -4 6 -6 18 8 10 -10 -8 -7 13 -13 -14 21 17 -17 19 20 -3 22 27 -24 25 26 -23 28 -1 -30
right_child=1 4 3 -5 5 11 7 -9 9 -11 -12 12 14 -15 -16 16 -18 -19 -20 -21 -22 24 23 -25 -26 -27 -28 -29 29 -31
leaf_value=-7.1401079490271224e-06 0.00037174506405656554 -0.0073865741140511495 -0.078124081176518534 -0.021431242646452589 0.05516893000984379 -0.057420135361808504 0.0067879792293764705 0.02462455471127303 -0.015829553376767717 -0.064750392394246778 -0.031701997776772919 0.021667982811325297 -0.011752805446414681 -0.0026183399133635375 0.00041712034387069244 -0.031798478499035714 0.049003975827663644 0.0348604214041945 0.036698249711691243 -0.039029142614860172 0.024361471956225293 0.01312366829469034 -0.042545088040077297 0.0041034981459201697 0.037232647342953902 0.025126355662872038 -0.042133164150640764 -0.02214753644224355 0.029685030812388599 0.00047177693997328045
leaf_weight=934.63672210648656 9.1183630675077456 18.601756557822231 4.7997667044401151 5.672171950340271 4.0900064110755912 2.1553158462047568 19.388025462627411 7.4539901316165915 13.964979469776155 10.738582044839857 11.6918802857399 49.72510252892971 80.425003245472908 46.373299106955528 1081.8476771712303 5.8808866888284692 5.9824309051036826 7.848246082663537 4.9020644128322592 4.9982774257659903 10.666278049349783 6.6313336715102249 6.9281935244798643 4.4084400832653046 7.6240938082337371 8.6749395802617055 4.3061010539531708 8.0310279875993711 15.440449237823485 33.763090811669827
leaf_count=4039 38 79 20 24 17 9 81 31 58 45 49 205 333 191 4547 24 25 33 21 21 45 36 32 22 39 39 19 37 68 147
internal_value=2.63656e-06 -0.000572495 -0.0251731 -0.0474162 -0.000219952 0.000445942 -0.00844312 -0.0153688 -0.0207129 -0.0370953 -0.00769148 0.000268383 0.000367191 0.00994836 -0.000424994 0.000762032 0.0192655 0.00630702 0.00273848 -0.00211974 0.00418351 0.000408076 1.30256e-05 -0.024405 0.0149591 0.00630048 -0.00863111 0.000292112 0.000475286 0.00963912
internal_weight=2436.77 1386.61 19.5903 10.4719 1367.02 1264.62 102.406 63.2375 55.7835 24.7036 31.0799 1260.53 1258.37 96.0984 1162.27 1050.16 19.7116 13.7291 39.1684 34.2663 29.268 1030.44 1003.21 11.3366 27.2365 19.6124 10.9374 991.871 983.84 49.2035
internal_count=10374 5814 82 44 5732 5302 430 264 233 103 130 5285 5276 396 4880 4560 82 57 166 145 124 4478 4345 54 133 94 55 4291 4254 215
is_linear=0
shrinkage=0.05


Tree=193
num_leaves=31
num_cat=0
split_feature=8 12 7 12 12 9 12 2 9 8 2 3 8 11 0 2 7 2 3 12 3 0 7 3 8 11 11 11 3 2
split_gain=0.432705 3.21173 3.46668 3.37368 7.6026 4.97251 4.72457 8.54771 5.39138 4.27754 3.63789 2.64444 2.02818 6.33582 6.03985 5.78212 3.41939 5.54701 3.28067 3.03447 5.06703 4.56171 3.56124 2.7677 2.64755 2.81197 1.95078 1.52948 3.59101 4.01962
threshold=-3.0155326238054658 -0.051742602047254276 0.012304081561218429 -0.06258965124511344 -0.057011087645195337 0.84902823059800625 -0.08244510760123254 27.786652467163645 0.73025093194265656 -3.1228515733045792 44.862338974488516 -0.0079177990271754439 -2.4727964358263339 11.500000000000002 -0.0015377969111604265 31.57894736842103 0.023120389983923541 36.842105263157883 -0.23934616596559877 -0.064471842117147668 0.14443696826110339 -0.0037789746796736408 0.015823757074422375 -0.065977175474899535 -2.7835647427639856 6.5000000000000009 16.500000000000004 19.500000000000004 0.40224356244297182 44.444444444444471
decision_type=2 2 2 2 2 2 2 2 2 2 2 2 2 2 2 2 2 2 2 2 2 2 2 2 2 2 2 2 2 2
left_child=1 2 -1 6 5 -5 9 11 -9 10 -4 -8 13 14 -2 -16 19 -18 -19 21 22 -15 -21 -23 -17 -26 -20 -14 29 -29
right_child=12 -3 3 4 -6 -7 7 8 -10 -11 -12 -13 27 16 15 24 17 18 26 20 -22 23 -24 -25 25 -27 -28 28 -30 -31
leaf_value=0.037562071719257593 -0.067540970618834045 -0.038126246279132775 -0.00039012157132946112 -0.0027091055538195825 0.027506682821184732 -0.067361122874422294 -0.037039466785641496 0.048355992454094894 0.014269551985751984 0.034349239944575442 -0.027060224147882783 -0.0016507842234521617 -0.00023715206246081242 0.011892188755523385 0.037212054889988813 -0.0016145912757676345 0.052676793118414625 -0.034752087621584479 -0.0062585241824746722 0.056636438430879614 -0.02573357581890778 -0.057218246413899214 0.0031035521252474026 -0.01012012713488082 -0.017499896327020262 -0.05881532042916994 0.038875012361882622 0.0050666734355730055 -0.017330173477260118 0.035356852828183252
leaf_weight=6.6971236318349829 6.4799504876136771 5.0789502859115592 304.52504264935851 4.9207349568605441 5.8066359758377066 7.5178026854991913 6.9870076924562481 15.435024604201315 46.695361092686653 8.5397929623723012 13.346558667719362 21.59369632601738 1815.9454429522157 7.2190619558095959 4.6088244915008572 8.936901122331621 7.6583470106124905 4.6153908446431169 4.7345988303422892 5.5754496753215808 7.2199734747409812 7.5529821068048486 7.0162265449762344 5.3137706667184803 9.5589200556278247 7.2358871549367896 4.8431945890188217 47.8427306227386 12.544881291687487 14.204553999006746
leaf_count=29 27 21 1351 20 24 31 29 63 192 36 58 89 7705 30 19 37 31 20 20 23 30 31 29 22 41 30 20 201 54 61
internal_value=2.45484e-06 0.00140789 0.0018621 0.00131294 -0.0197322 -0.0417845 0.00223347 0.0123277 0.0227376 -0.000571755 -0.00150993 -0.0103021 -0.000313481 -0.0073057 -0.0237218 -0.0143632 0.00248311 0.0183818 -0.000123074 -0.00622448 0.00765979 -0.0199192 0.0268073 -0.0377674 -0.0236009 -0.0353003 0.0165641 5.10816e-05 0.00706813 0.012001
internal_weight=2436.25 447.144 442.065 435.368 18.2452 12.4385 417.122 90.7111 62.1304 326.411 317.872 28.5807 1989.11 98.5695 36.8205 30.3405 61.749 21.8515 14.1932 39.8975 19.8116 20.0858 12.5917 12.8668 25.7317 16.7948 9.57779 1890.54 74.5922 62.0473
internal_count=10374 1943 1922 1893 75 51 1818 373 255 1445 1409 118 8431 410 154 127 256 91 60 165 82 83 52 53 108 71 40 8021 316 262
is_linear=0
shrinkage=0.05


Tree=194
num_leaves=22
num_cat=0
split_feature=9 12 11 12 11 12 9 7 11 0 0 2 8 8 7 2 2 12 9 12 8
split_gain=0.412619 0.992259 2.50327 2.37145 2.32464 1.50864 0.735 1.60669 0.510237 4.74518 2.5934 3.21163 2.84983 2.44362 2.84038 2.29251 2.2799 2.33813 5.89656 5.18731 1.75754
threshold=0.33197407145317887 -0.045269153101722977 10.500000000000002 -0.031517150374365498 17.500000000000004 -0.021525649922596542 0.36020582267916035 0.017206094879224077 7.5000000000000009 -0.0028223932769870503 -0.0017939980280988164 24.377863067970804 -6.1744155501228226 9.3836576177309841 0.027333668922776135 70.784064420428123 81.627382511275997 -0.021525649922596542 0.78199110603968525 -0.023466880668740808 13.82166037696882
decision_type=2 2 2 2 2 2 2 2 2 2 2 2 2 2 2 2 2 2 2 2 2
left_child=1 2 -1 -3 -4 -5 7 -2 9 -8 -11 -12 -13 16 -15 -16 17 19 -19 -10 -17
right_child=6 3 4 5 -6 -7 8 -9 13 10 11 12 -14 14 15 20 -18 18 -20 -21 -22
leaf_value=-0.031638793136280825 -0.033849231268244892 0.04042447307752365 0.028900309402131931 -0.017593253745547998 -0.015671786405952359 0.018019856628758251 0.063333289928298717 0.0074600924407395262 -0.00081746691066576544 -0.029385852357504245 0.030885943446987842 -0.032541843379584948 0.00081085105760836406 -0.024214372778425655 -0.00066755791735492124 0.06206548848818251 -0.027293587335629768 -0.019496873454838901 0.018290162694776499 -0.030505425201399233 0.018970337518197478
leaf_weight=5.3194702267646816 4.9006367176771146 5.6570259630680111 6.7598454505205137 5.6604968607425699 5.1569355428218842 6.2652318254113171 3.0279492437839499 4.5293171107769012 1287.2444530986249 7.1372890919446936 8.8278132453560811 6.4467405378818503 981.80463775247335 3.2609746456146267 4.7983123138546935 5.0153970308601838 8.1224396303296071 13.5834454447031 43.026461623609066 14.883812218904493 4.4784036353230476
leaf_count=23 21 27 35 26 22 31 14 20 5462 30 38 28 4172 14 24 25 37 57 184 62 22
internal_value=2.18976e-06 0.00540613 -0.00311891 0.0137632 0.00961193 0.00111624 -7.61746e-05 -0.0140079 -2.12439e-05 0.00083495 0.000646503 0.00086148 0.000593279 -0.000644176 0.0178928 0.0275003 -0.000882227 -0.000724342 0.00922323 -0.00115681 0.0417367
internal_weight=2435.91 34.819 17.2363 17.5828 11.9168 11.9257 2401.09 9.42995 2391.66 1007.24 1004.22 997.079 988.251 1384.41 17.5531 14.2921 1366.86 1358.74 56.6099 1302.13 9.4938
internal_count=10374 164 80 84 57 57 10210 41 10169 4282 4268 4238 4200 5887 85 71 5802 5765 241 5524 47
is_linear=0
shrinkage=0.05


Tree=195
num_leaves=30
num_cat=0
split_feature=8 8 0 9 8 11 7 12 9 2 2 2 9 2 7 9 3 3 7 3 3 3 7 8 8 7 7 0 8
split_gain=0.430147 1.87101 2.01485 2.95067 1.83815 2.65923 1.53537 1.93488 2.17125 1.77237 2.37898 3.02772 2.7224 1.52248 0.989238 1.86493 2.08033 0.922959 0.820767 1.97761 2.47737 3.33054 1.30423 3.87909 5.32988 5.29841 2.05349 4.36923 3.47828
threshold=-5.3612248602104344 -4.809614867320593 -0.0037789746796736408 0.93512801136823231 -4.9548151003212437 16.500000000000004 0.018117094205347649 -0.090539853179731053 1.8029190336478724 40.752535975465911 27.07107843137258 23.241339931480763 0.97483531744139984 28.225806451612879 0.056371742635609276 1.3114379437870958 -0.36033469690784864 -0.10378855597090215 0.044394441164678271 -3.234438294330205 -0.95271911687101507 -0.54595770544265931 0.032382044560943644 -3.5683335039470454 -2.7835647427639856 0.03448645749530705 0.026427061310782225 0.0077150417577745668 5.0502382162664956
decision_type=2 2 2 2 2 2 2 2 2 2 2 2 2 2 2 2 2 2 2 2 2 2 2 2 2 2 2 2 2
left_child=6 2 3 -2 5 13 -1 8 9 10 11 -8 -12 -4 18 16 -16 -18 22 -20 -21 -22 26 25 -25 -24 27 -3 -28
right_child=1 14 4 -5 -6 -7 7 -9 -10 -11 12 -13 -14 -15 15 -17 17 -19 19 20 21 -23 23 24 -26 -27 28 -29 -30
leaf_value=0.026757717018002586 -0.0063288762822344517 -0.00014632417741854779 -0.025661594724362372 -0.052620578716025879 -0.028725651997717018 0.034398614507521776 -0.0011342158901315378 -0.02926945178580144 0.030193332585593036 0.030502987272197708 0.0015053098691159993 0.019502566246064629 -0.020117740108289817 0.0086469309951100488 0.030368602542662611 -0.034230390123178286 -0.027642901529197052 0.00049782058737541789 -0.055498793509962722 0.046836728438242679 -0.040423031849853637 0.0082152947444599795 -0.062574089231883498 0.023911124940607605 -0.0040778925840695129 -0.0067932485671201165 0.0014856445161401596 -0.045126138745948258 0.015126854224431309
leaf_weight=6.2650262564420691 8.0101554691791517 1633.6465589031577 6.0147160887718218 6.0365437716245642 5.1475733071565655 5.445799008011817 52.373656120151281 4.943075329065322 6.7707417216151944 4.9900898188352576 35.706641979515553 26.903348177671432 24.575116969645023 6.9933006912469864 3.8565835133194932 6.0341797322034827 5.2163280621170998 6.6008808016777039 1.2753226757049549 3.7285582013428202 3.7994404509663573 47.79181556776166 6.3212380707263973 18.63782075792551 194.64126027002931 13.037107974290846 226.36913529038429 5.4168498069047919 58.88651492446661
leaf_count=30 34 6836 25 29 23 23 254 21 35 23 158 123 110 30 23 28 27 33 6 22 19 242 26 79 846 56 939 23 251
internal_value=2.23085e-06 -0.000175459 -0.0112292 -0.0262227 -0.00230563 0.00506406 0.00248718 0.0015141 0.00251969 0.00122345 0.000176521 0.00586906 -0.00730978 -0.00721683 1.0717e-05 -0.0106109 -0.00151778 -0.011924 0.000114882 0.00605871 0.00747783 0.00463332 -4.10748e-05 -0.00357718 -0.00163202 -0.0250078 0.000386416 -0.000294975 0.00430166
internal_weight=2435.44 2272.91 37.6481 14.0467 23.6014 18.4538 162.528 156.263 151.32 144.549 139.559 79.277 60.2818 13.008 2235.26 21.708 15.6738 11.8172 2213.55 56.5951 55.3198 51.5913 2156.96 232.637 213.279 19.3583 1924.32 1639.06 285.256
internal_count=10374 9620 164 63 101 78 754 724 703 668 645 377 268 55 9456 111 83 60 9345 289 283 261 9056 1007 925 82 8049 6859 1190
is_linear=0
shrinkage=0.05


Tree=196
num_leaves=31
num_cat=0
split_feature=2 12 12 11 0 8 2 12 3 8 12 3 3 2 7 7 12 7 7 12 7 8 8 0 2 7 11 9 11 7
split_gain=0.433707 3.41125 4.51139 5.14977 3.42514 3.17494 2.97115 3.16605 2.5714 4.71759 2.56814 2.2158 1.88941 1.76298 5.24462 5.85314 4.39317 3.82901 4.15137 3.83144 3.48041 3.43715 4.7561 3.90595 3.09728 2.68025 2.67254 1.6315 1.09568 4.41408
threshold=39.044357469014983 -0.023176889489153019 -0.034191598411781966 13.500000000000002 0.002120322405683103 -1.6540888296574774 37.070308303792039 -0.042870513568655295 -0.15159934605755027 -2.5775291003092544 -0.02843458540123801 -0.14763066396848026 -0.090277709377721296 41.66666666666665 0.020446185101357522 0.019010875353839666 -0.15388698350481786 0.013806643941072628 0.01154017093747685 -0.027876131150828536 0.015650421729656718 -0.6012450591599886 -2.731517865981 -0.0024881115779446079 39.99999999999995 0.029418478379857674 10.500000000000002 0.6835961401138736 17.500000000000004 0.023120389983923541
decision_type=2 2 2 2 2 2 2 2 2 2 2 2 2 2 2 2 2 2 2 2 2 2 2 2 2 2 2 2 2 2
left_child=1 2 4 10 5 8 7 -7 9 -1 -4 -8 -10 14 15 17 -16 18 19 -2 -19 22 23 -18 -22 -24 -23 -6 -15 -30
right_child=13 -3 3 -5 27 6 11 -9 12 -11 -12 -13 -14 28 16 -17 21 20 -20 -21 24 26 25 -25 -26 -27 -28 -29 29 -31
leaf_value=0.0012430104859908336 -0.029040110156444365 -0.042325095490543349 0.062662734781714566 -0.01491430117705108 0.054150298266763 -0.012392947586735243 -0.012447809271837137 -0.049794500041582826 -0.01026947703369719 0.023854077193547062 0.016199451372107036 0.016713170335768916 0.00089155744998700422 0.00038942794438178775 0.029228303460218753 0.04736673020698378 -0.030183342940634596 -0.05006037904112625 0.042730074306877419 0.031077484664752665 0.025635446620459003 -0.019785101047530784 -0.02833963772635742 0.0094152309870611482 -0.019125401806539131 -0.062609559371996207 0.029198773618462456 0.011916712041995084 -0.01193716859108873 0.0069816205275894149
leaf_weight=72.003922950476408 6.4925491809844971 4.4805597066879264 7.4087466895580301 5.2935780733823767 4.1596882790327054 30.486476063728333 12.585730880498888 6.9476696252822867 42.165627144277096 33.942967109382153 4.9683747142553338 13.503712669014929 376.50771006010473 1567.386016856879 5.1898524835705748 7.3652659207582465 11.137287676334383 5.3669094592332867 8.0787901580333692 4.4784870743751544 5.8460583090782192 5.1673859357833845 20.561071708798416 14.125934779644007 11.403588145971296 7.8966593295335761 6.0386431068181992 5.0785225406289101 77.489195689558983 51.204843148589134
leaf_count=315 28 20 31 23 21 128 52 29 178 141 22 56 1620 6664 25 30 46 22 33 20 24 22 85 59 47 33 25 23 327 225
internal_value=2.13748e-06 0.00114442 0.00146109 0.0263593 0.000724593 0.000250094 -0.0103072 -0.0193346 0.00152842 0.00848708 0.0440116 0.00264571 -0.000232498 -0.000387721 -0.00626678 0.00627779 -0.015039 -0.000985407 0.01553 -0.0044995 -0.0148962 -0.0185774 -0.0238317 -0.00804179 -0.00395555 -0.0378491 0.00661106 0.0309332 2.52789e-05 -0.00440975
internal_weight=2434.76 619.533 615.053 17.6707 597.382 588.144 63.5236 37.4341 524.62 105.947 12.3771 26.0894 418.673 1815.23 119.148 49.0316 70.1168 41.6664 19.0498 10.971 22.6166 64.927 53.721 25.2632 17.2496 28.4577 11.206 9.23821 1696.08 128.694
internal_count=10374 2659 2639 76 2563 2519 265 157 2254 456 53 108 1798 7715 499 204 295 174 81 48 93 270 223 105 71 118 47 44 7216 552
is_linear=0
shrinkage=0.05


Tree=197
num_leaves=31
num_cat=0
split_feature=11 11 0 12 9 7 9 12 9 2 7 7 3 3 3 7 9 2 2 12 12 7 8 3 0 12 3 3 0 2
split_gain=0.452124 1.93864 3.29135 3.04402 2.80512 2.61398 3.0707 2.94533 3.05874 2.56585 1.97993 1.77591 2.99719 4.08137 2.5239 3.04427 2.48035 3.46455 7.04571 5.01709 7.89251 4.70531 5.27352 4.84213 4.64081 3.56792 3.30103 4.52922 2.92174 2.40923
threshold=15.500000000000002 14.500000000000002 -0.00081702195619442499 -0.059004631531059053 0.70535153456127198 0.017699112599588594 0.93512801136823231 -0.088259336432120472 0.81949745760832371 37.272727272727259 0.021362428191717405 0.02590028065395994 0.98326301898207447 0.60408747524443884 0.31737217749065633 0.02611476536207721 1.3301045699919292 42.673786514386137 43.514984450098943 -0.11018349931128381 -0.09545698924731183 0.02258062516214689 -4.5137916300236292 -1.0769524651140319 -0.0044877756239138271 -0.088259336432120472 -1.0769524651140319 -0.40313818975078969 -0.0052735313136115436 50.040257648953308
decision_type=2 2 2 2 2 2 2 2 2 2 2 2 2 2 2 2 2 2 2 2 2 2 2 2 2 2 2 2 2 2
left_child=1 -1 4 -4 10 6 -6 8 -7 -8 -3 16 13 14 15 -13 17 21 -19 -20 -21 22 -2 -24 28 -26 -18 -28 -23 -16
right_child=11 2 3 -5 5 7 9 -9 -10 -11 -12 12 -14 -15 29 -17 26 18 19 20 -22 24 23 -25 25 -27 27 -29 -30 -31
leaf_value=8.4985063889990016e-06 0.026705138742126495 -0.034801450652379828 -0.041766251471548728 -0.0092293009526846492 0.048915385910081655 -0.024628817094694777 -0.020769520105093947 -0.019853452861634095 0.019045612177119076 0.029889766016865861 0.0020927227760054144 0.047558734865741414 -0.015463153726728608 0.045844998985364552 0.001113396420582889 0.0067555801126461994 -0.031919589821381579 -0.05228263555081674 -0.051377289547081165 0.055832522584711046 -0.00614879948478272 -0.014526858648775329 0.038580584271026688 -0.00039176551982267219 0.016236727560380269 -0.019039466303695563 0.055299987567096476 0.0072224629134010196 -0.054861617442525545 -0.041725358725517671
leaf_weight=1755.6699387542903 25.156453624367714 9.0514310896396619 10.951541356742384 20.920073673129082 6.1757122799754169 5.2487291544675818 5.0964853465557081 15.163453355431558 16.971817813813686 4.9051720052957535 6.0784423351287833 4.7507064193487158 15.217586994171141 6.7426646798849097 9.4655610434710962 121.01842512190342 4.7418387979269019 8.6220372170209867 5.6925951242446891 5.3820255249738684 112.40133458375931 10.374881491065027 8.4671770185232145 135.75910131633282 15.767135217785837 13.142726436257361 5.3594498187303534 56.979890003800392 7.9150047749280921 5.0240570008754721
leaf_count=7446 111 39 52 91 27 23 22 64 75 21 29 20 68 32 46 554 20 36 25 23 471 44 35 563 65 54 22 241 33 22
internal_value=2.0175e-06 -0.000378224 -0.0071298 -0.0204095 -0.000968252 0.0044019 0.0211932 -0.00286428 0.00872925 0.00407561 -0.0199792 0.0012232 0.00566026 0.00784695 0.00602027 0.00829685 -0.000508026 -0.00220194 -0.00858373 -0.00553234 -0.00331661 0.00169045 0.00558079 0.00189621 -0.0122706 0.0001998 0.00829674 0.0113558 -0.0319819 -0.0137403
internal_weight=2434.21 1856.23 100.563 31.8716 68.6912 53.5614 16.1774 37.384 22.2205 10.0017 15.1299 577.981 162.219 147.001 140.259 125.769 415.762 348.68 132.098 123.476 117.783 216.582 169.383 144.226 47.1997 28.9099 67.0812 62.3393 18.2899 14.4896
internal_count=10374 7889 443 143 300 232 70 162 98 43 68 2485 742 674 642 574 1743 1460 555 519 494 905 709 598 196 119 283 263 77 68
is_linear=0
shrinkage=0.05


Tree=198
num_leaves=31
num_cat=0
split_feature=12 12 7 3 7 11 12 8 3 3 3 8 9 2 13 12 3 3 12 3 3 9 12 11 12 2 9 3 9 7
split_gain=0.423821 3.77511 6.21236 3.48563 3.16349 2.65785 5.19244 6.53494 3.34206 7.67311 3.91356 3.22291 3.11106 2.50323 2.30208 0.934332 3.0322 0.764513 3.69451 3.40769 2.44889 4.54132 2.25422 6.43685 4.50501 2.19686 1.59003 2.78765 2.40936 1.51204
threshold=-0.017045454545454513 -0.018257219127580989 0.014502818315053964 -0.54595770544265931 0.019995885165415794 5.5000000000000009 -0.016604425916965475 0.061131866419586699 -0.21841429278087418 -0.1147893066402661 -0.08370722980207923 0.91350366494786039 1.3562374464936582 82.421312139769483 1.0000000180025095e-35 -0.018662773793370776 0.040693190317311369 -0.11177531377949107 -0.020424290392166006 -0.23934616596559877 -0.20017353114404332 0.80091114784164097 -0.020424290392166006 10.500000000000002 -0.019940390961185158 69.773830820342454 1.8991971394249842 0.62352067557173174 1.8029190336478724 0.010612982147635624
decision_type=2 2 2 2 2 2 2 2 2 2 2 2 2 2 2 2 2 2 2 2 2 2 2 2 2 2 2 2 2 2
left_child=1 15 14 -2 5 8 -7 -8 11 -10 -11 -5 -9 -6 -3 17 -17 18 20 29 25 -22 26 24 -24 -1 28 -28 -19 -20
right_child=3 2 -4 4 13 6 7 12 9 10 -12 -13 -14 -15 -16 16 -18 22 19 -21 21 -23 23 -25 -26 -27 27 -29 -30 -31
leaf_value=0.0002878203648049491 0.035634900955366665 0.014944205001439349 -0.022557240241788262 0.0090147058534520309 0.046054583068096025 -0.066397812255983943 0.04624474023911785 -0.027945512144675902 0.049409380422911847 -0.046122894129344255 0.00071182198133816911 -0.04408385661359418 0.013117535094455122 -0.0042307273026861046 0.059123072096813806 0.013169430948076126 -0.043880288632945824 0.0005927639711654927 -0.022799898789972 0.0058039356530489149 -0.015855733312168135 4.5850655729210483e-05 0.02641020545908539 0.060586162215846999 -0.016305429924347952 0.016209171836739127 -0.002285947414873632 -0.027598385535028552 0.01962312912136167 -0.061845348864308237
leaf_weight=560.05068342015147 5.6421470940113059 4.7641373127698916 5.2421798110008231 4.4356323033571234 5.2807314693927747 4.7988960742950431 4.3648930191993704 22.414941996335987 7.8440773338079373 4.8939363658428112 50.354069024324431 8.0334185063838941 5.8077243342995635 4.6579022109508514 7.7381208389997482 4.5835286602377874 4.7354057431221008 1356.2344716191292 4.8047066479921323 5.6091665774583808 69.250387623906136 127.68719913065434 11.209453120827678 5.9957563132047644 13.736639946699142 22.538133569061756 65.535831518471241 13.041570641100405 16.838612928986549 5.1234722286462784
leaf_count=2373 25 20 22 20 22 20 20 96 35 22 228 36 26 20 35 20 20 5774 20 24 291 534 49 26 59 98 288 56 74 21
internal_value=1.8699e-06 0.000157703 0.0231311 -0.00279246 -0.0045568 -0.00693652 -0.0178406 -0.01069 -0.00154135 0.00313338 -0.00343685 -0.025195 -0.0194955 0.0224876 0.0422882 -2.0546e-05 -0.0158203 4.40981e-05 -0.00120682 -0.0253489 -0.000725623 -0.00554572 0.000714922 0.014069 0.00288871 0.000903757 0.00043028 -0.00648708 0.000826142 -0.0429494
internal_weight=2433.25 2304.72 17.7444 128.528 122.886 112.948 37.3865 32.5876 75.5611 63.0921 55.248 12.4691 28.2227 9.93863 12.5023 2286.98 9.31893 2277.66 795.064 15.5373 779.526 196.938 1482.59 30.9418 24.9461 582.589 1451.65 78.5774 1373.07 9.92818
internal_count=10374 9804 77 570 545 503 162 142 341 285 250 56 122 42 55 9727 40 9687 3361 65 3296 825 6326 134 108 2471 6192 344 5848 41
is_linear=0
shrinkage=0.05


Tree=199
num_leaves=31
num_cat=0
split_feature=8 8 2 7 9 2 12 12 3 9 2 2 11 3 12 3 0 0 2 12 0 0 11 0 2 2 7 9 12 12
split_gain=0.433162 6.64065 5.28315 6.79113 6.5767 3.62257 4.99497 4.58967 4.45151 3.78489 3.52426 3.43964 4.49879 4.13004 3.28376 3.0661 4.20122 2.94562 6.01419 4.1198 3.39825 2.8307 4.24732 3.59003 2.44419 5.89505 4.65512 2.97813 2.6756 2.8215
threshold=3.3377858500789537 3.4057678343148043 65.39126963002397 0.02590028065395994 0.82882484791884059 61.682242990654181 -0.038285840402097128 -0.04350463992473478 0.067678523777688931 0.98937541420632313 61.456439393939412 67.721518987341781 2.5000000000000004 -0.08370722980207923 -0.035648413188756556 0.67876323045573439 0.0022453406611380993 0.0046288803159307912 57.142857142857146 -0.053612634349638068 0.0060480702069804727 0.0029568571602308657 4.5000000000000009 0.0019298452930141547 65.866824044219229 68.989794917083728 0.016943636159716387 0.28850172168020632 -0.025834121420021693 -0.030572631016730401
decision_type=2 2 2 2 2 2 2 2 2 2 2 2 2 2 2 2 2 2 2 2 2 2 2 2 2 2 2 2 2 2
left_child=2 -2 5 11 -5 10 7 8 9 -7 17 12 13 -4 -8 16 -16 21 19 -19 -20 23 -23 -1 26 28 -3 -27 29 -26
right_child=1 24 3 4 -6 6 14 -9 -10 -11 -12 -13 -14 -15 15 -17 -18 18 20 -21 -22 22 -24 -25 25 27 -28 -29 -30 -31
leaf_value=-0.00053018600911317417 -0.043302989996711116 0.045596759023247391 -0.021936048235237378 0.0017848412578331297 0.078122680228751629 0.024931785914782918 -0.057483674521174026 0.038059449743947815 -0.029014538729617869 -0.017755250960978859 0.036128990751374788 0.001328767183909749 0.031364409972841033 0.032637770768884487 -0.028977100464964146 0.018266209031214911 0.00034971788367705236 0.0087634019266737122 0.062484068968062384 -0.039599393828687865 0.012811216465911377 -0.004870716481935454 -0.038040618825749953 0.0090229427114506041 -0.017035829651985853 -0.059519401206363801 0.0030524673402754702 0.00079802269142735234 -0.045307621706646622 0.020901091924276659
leaf_weight=1466.3747546616942 9.252317085862158 6.7804530709981909 9.964438855648039 4.8684014752507192 6.7102988511323929 14.027300029993059 4.8850050270557395 8.0338047891855222 11.649632692337034 8.2450396269559842 6.7715528011322013 102.47172977775335 25.480536244809628 5.3164371103048316 34.892599239945412 6.2590274661779395 18.78729635477066 24.994714476168156 7.5946687012910825 5.3451337963342693 6.2988258674740791 68.295979961752892 11.239072680473326 105.41336595267057 46.900652877986431 2.0622669756412497 124.27983424440026 266.62399718910456 7.3388024866580954 5.4730697721242896
leaf_count=6208 40 29 42 23 29 59 20 33 49 34 28 455 109 24 146 27 78 115 32 22 29 284 47 441 204 9 554 1150 31 23
internal_value=1.99214e-06 -0.00136374 0.00032794 0.00919306 0.0460255 -0.000430681 -0.00936422 0.00407778 -0.00397016 0.00912939 0.000129682 0.0062156 0.0185008 -0.00294903 -0.0180642 -0.0148516 -0.0187131 -1.40887e-05 0.0127193 0.000243069 0.0399641 -0.000355172 -0.00955794 0.000110503 -0.000519193 -0.00282302 0.00525351 0.000335064 -0.0170333 -0.0130714
internal_weight=2432.63 468.711 1963.92 154.812 11.5787 1809.11 106.78 41.9558 33.922 22.2723 1702.33 143.233 40.7614 15.2809 64.8239 59.9389 53.6799 1695.56 44.2333 30.3398 13.8935 1651.32 79.5351 1571.79 459.459 328.399 131.06 268.686 59.7125 52.3737
internal_count=10374 2040 8334 682 52 7652 446 175 142 93 7206 630 175 66 271 251 224 7178 198 137 61 6980 331 6649 2000 1417 583 1159 258 227
is_linear=0
shrinkage=0.05


Tree=200
num_leaves=31
num_cat=0
split_feature=0 0 3 0 3 8 0 12 0 2 7 9 9 9 12 12 7 0 9 2 9 0 8 12 7 7 2 3 11 11
split_gain=0.43258 5.20932 6.47832 3.05603 5.97022 9.32471 7.73834 5.09907 4.71012 4.43415 4.54383 4.13471 8.9605 8.185 9.04351 4.4606 3.80031 4.73872 9.26296 4.88318 3.46821 4.91312 3.30868 3.28646 5.18534 6.31255 3.04788 2.91249 2.68564 2.55306
threshold=-0.00084717194776394347 -0.00091441908651181852 0.032237954461975186 -0.00015439444146503762 -0.14763066396848026 -1.564968058612678 -0.00042203818482007657 -0.028749278177816421 1.0000000180025095e-35 42.46943585211374 0.019179839298795454 0.76842432558398921 0.84345165384470289 0.92078529730948933 -0.033872722661714559 -0.039366265495193155 0.011655383096130878 -5.2493939937283985e-05 1.0402414135293301 52.31065849317779 1.0526925322819127 -0.00049855503084430478 -5.9999118345100468 -0.078474956089879477 0.021633343692807071 0.01929222243047363 22.641509433962302 -0.65669051721270322 10.500000000000002 5.5000000000000009
decision_type=2 2 2 2 2 2 2 2 2 2 2 2 2 2 2 2 2 2 2 2 2 2 2 2 2 2 2 2 2 2
left_child=1 29 -3 4 5 6 -2 20 9 10 -5 23 28 15 -15 -14 -11 18 -18 -19 21 -7 -10 -6 25 -25 -24 -22 -13 -1
right_child=3 2 -4 8 11 7 -8 -9 22 16 -12 12 13 14 -16 -17 17 19 -20 -21 27 -23 26 24 -26 -27 -28 -29 -30 -31
leaf_value=0.035506125765089873 0.048776033296836052 0.057764805483755448 0.00013885999884981207 -0.033944868736287319 -0.013861208017162131 -0.026627395256585362 -0.029090768008517971 0.0028648523264325808 -0.035906770992646886 0.057027816456407622 0.027116377094685496 -0.014841208569666118 0.058765787945850058 -0.01695315086622079 0.025483785454797753 -0.0024226191670670121 -0.033817861254038323 0.072796155490784165 0.045133238769682636 0.0089462573661191532 0.015617621390166737 -0.067125948177266678 0.040535415755654156 0.01973687052444385 0.062323204032458515 -0.040824100865255043 -0.00015092986613981959 -0.031743966611091086 -0.058599540728392935 9.7127355480089897e-05
leaf_weight=5.1205379366874686 8.3702038526535016 8.9378954768180865 10.734856277704237 7.5926284492015821 10.161774545907972 17.197759851813313 5.1561898738145819 11.252846539020537 6.4492352902889243 7.3488480895757666 5.0886231362819672 5.6518748849630347 8.2603086084127408 51.906451210379601 16.559258066117764 4.6580845266580573 9.1617106199264509 5.8506737202405947 6.2492221146821967 6.1339786499738693 5.1702622026205054 13.265453293919569 4.6198485642671576 28.439635515213013 5.6580843627452841 5.069957733154296 1261.8112675659359 8.7217780053615552 9.2372924685478193 872.16282966174185
leaf_count=22 35 37 45 32 44 71 22 48 29 33 21 23 35 217 70 20 38 24 26 26 22 56 19 119 23 21 5370 36 40 3750
internal_value=2.04946e-06 0.00087441 0.02632 -0.000507688 -0.00603956 -0.0181385 0.0190936 -0.0271951 0.000392027 0.0158636 -0.00944274 -0.000294774 -0.00632604 0.000198484 -0.00668927 0.0367026 0.0251001 0.0165355 -0.00180273 0.0401165 -0.0348212 -0.0442628 -0.000184423 0.0114761 0.0180497 0.0105741 -2.50904e-06 -0.0141172 -0.041989 0.000303803
internal_weight=2432 896.956 19.6728 1535.04 214.737 69.1345 13.5264 55.6081 1320.31 47.4257 12.6813 145.603 96.2733 81.3841 68.4657 12.9184 34.7444 27.3956 15.4109 11.9847 44.3553 30.4632 1272.88 49.3295 39.1677 33.5096 1266.43 13.892 14.8892 877.283
internal_count=10374 3854 82 6520 902 290 57 233 5618 200 53 612 405 342 287 55 147 114 64 50 185 127 5418 207 163 140 5389 58 63 3772
is_linear=0
shrinkage=0.05


Tree=201
num_leaves=31
num_cat=0
split_feature=9 9 9 7 3 12 8 8 8 8 8 9 3 3 12 9 12 12 12 9 12 3 9 11 9 12 9 11 12 7
split_gain=0.428247 2.3098 2.24624 2.41545 1.8439 1.79936 2.08127 2.35315 3.75751 2.23859 6.58246 3.05693 2.73163 7.32317 5.47274 0.705526 5.71931 6.84474 5.46637 6.73093 4.61637 3.901 3.08254 3.05356 2.8002 2.87013 2.49383 2.77882 1.95428 1.04277
threshold=0.55577164666085799 0.56478107682773715 0.56053121687902319 0.023040587761589005 -0.093052098369456313 -0.19148462437768471 -6.1744155501228226 -3.9543573623157089 -4.5137916300236292 -2.4427266922126689 -2.8973801815249409 0.48854379205758003 -0.52524052240041075 -0.43045467402157206 -0.05776010834391767 0.61845938689859326 -0.13536845233578668 -0.079545454545454516 -0.062212912410127039 0.61399110112556199 -0.10051822610551038 0.10485200420868897 0.58637800884051494 10.500000000000002 0.62745258142654103 -0.08244510760123254 0.63223446245346793 9.5000000000000018 -0.047746552918966796 0.070725601258957785
decision_type=2 2 2 2 2 2 2 2 2 2 2 2 2 2 2 2 2 2 2 2 2 2 2 2 2 2 2 2 2 2
left_child=5 2 3 -2 -4 -1 -7 8 -8 10 11 -9 14 -14 -11 16 -3 20 23 -20 22 -22 -18 -19 25 -17 27 -26 -27 -28
right_child=1 15 4 -5 -6 6 7 9 -10 12 -12 -13 13 -15 -16 24 17 18 19 -21 21 -23 -24 -25 26 28 29 -29 -30 -31
leaf_value=0.060881078654398152 -0.024443625636669256 0.052434662014584923 -0.057010807878520614 0.026125612887141287 -0.012627903111123023 -0.023613567746118811 -0.00054754342504062265 -0.012933207878816631 0.049738693994288423 0.056951439714276499 -0.051003334426809183 0.029046583047929331 -0.062977390040174705 0.0029771377988939501 0.0029094398299364674 0.015759142484809009 -0.029633502107672505 0.010476479463457998 -0.0042763822733896768 0.054060677809642223 -0.020137800010272558 -0.080794952819950902 0.021291041805682868 0.056800321472917539 -0.001684314696023714 -0.049932939502693618 -0.00012290111272836223 0.052479945305762922 -0.013086245565399513 -0.02010720368826955
leaf_weight=1.2975806146860112 4.9806353002786636 5.761155776679515 4.7198455780744553 4.490251213312149 4.6414371579885483 7.7413027063012114 8.3514153212308866 10.641837313771253 6.6912374496459952 6.8436676785349873 7.7321496605873099 7.3191051781177512 4.3504284322261801 129.20833319425583 14.849947258830069 4.4419645853340652 5.3483083695173281 6.3755913376808158 48.474920704960823 5.5061812549829474 6.1298614591360074 4.6700515896081924 6.6871104165911674 8.0481022000312787 4.7132471203803998 6.7159053236246118 2075.6150373090059 4.7588044479489326 7.7526536881923649 6.5481518507003775
leaf_count=11 21 29 21 20 20 35 37 44 29 34 34 31 18 566 63 21 23 26 201 23 26 20 29 33 21 28 8824 20 33 33
internal_value=1.77642e-06 -0.000199593 -0.0176362 -0.000468195 -0.0350052 0.00218844 0.00181462 0.002819 0.0218207 0.00123933 -0.0124315 0.00417361 0.00350174 0.000828792 0.019958 -5.08448e-05 0.00411862 0.00106781 0.00898035 0.00167412 -0.0226348 -0.0463669 -0.00133884 0.0363242 -0.000242475 -0.0193964 -6.93033e-05 0.0255281 -0.0301895 -0.000185749
internal_weight=2431.41 2226.38 18.8322 9.47089 9.36128 205.027 203.729 195.988 15.0427 180.945 25.6931 17.9609 155.252 133.559 21.6936 2207.55 97.0013 91.2401 68.4048 53.9811 22.8353 10.7999 12.0354 14.4237 2110.55 18.9105 2091.64 9.47205 14.4686 2082.16
internal_count=10374 9472 82 41 41 902 891 856 66 790 109 75 681 584 97 9390 410 381 283 224 98 46 52 59 8980 82 8898 41 61 8857
is_linear=0
shrinkage=0.05


Tree=202
num_leaves=31
num_cat=0
split_feature=9 7 9 7 3 2 8 12 8 12 12 11 9 2 2 9 9 7 11 9 0 7 9 12 12 9 12 7 8 8
split_gain=0.412229 3.52294 2.95866 2.20368 2.44963 4.22132 3.99299 4.99014 3.89354 3.68857 2.01186 0.61666 1.81497 2.07881 2.37975 2.33576 2.00254 1.74506 1.5598 3.50817 3.17537 2.36523 2.7778 2.67022 2.22058 1.73556 1.69083 1.53591 0.968528 0.967109
threshold=0.49761670988484791 0.0077067166971306706 0.48854379205758003 0.0086422861827657998 0.13247156188737058 45.928079242032759 -1.0718522330364921 -0.070336592287565836 3.3377858500789537 -0.066943452162934222 -0.061657339474422722 15.500000000000002 0.50603518670108028 13.802438437474843 16.724941724941718 1.0526925322819127 0.51985958848729485 0.016645434263158596 14.500000000000002 0.70247347564098428 -0.00081702195619442499 0.017699112599588594 0.93512801136823231 -0.088259336432120472 -0.059004631531059053 1.0652514016948478 -0.068323274830223338 0.0173075559337659 -6.3705911374249782 -0.13346569997585664
decision_type=2 2 2 2 2 2 2 2 2 2 2 2 2 2 2 2 2 2 2 2 2 2 2 2 2 2 2 2 2 2
left_child=1 -1 3 -3 6 9 7 -5 -8 -6 -7 18 -13 28 15 -15 -16 -18 29 26 21 22 -21 -23 25 -22 -20 -26 -14 -2
right_child=11 2 -4 4 5 10 8 -9 -10 -11 -12 12 13 14 16 -17 17 -19 19 20 24 23 -24 -25 27 -27 -28 -29 -30 -31
leaf_value=-0.046889898099100082 -0.0019372849902757384 0.039386494190911836 0.031133257173380752 -0.0037520636384622942 0.0069859501577694454 -0.025327489835899272 0.012280438314842421 -0.044770829065290924 -0.027780202576396171 0.057208934306123921 0.0082645206925689545 -0.036039901793686394 0.045948039374315068 -0.043641505613774584 0.035179654548625434 0.0021716089056378362 0.0062968348272960011 -0.00032479970656950881 -0.011738675586664608 0.046616604988988342 -0.018268145073934705 0.0083153271312647083 0.0038994687030592043 -0.018938870225399699 -0.018208430358487477 -0.061510602120139861 -0.046737674299079199 0.012360056339597105 0.010210941614304697 0.0006117309384204324
leaf_weight=3.4768269658088675 563.97966777533293 3.8011890202760688 9.3865373730659467 22.586554680019617 7.2962180897593498 6.7933829128742209 36.742304906249046 11.038143098354338 7.2644243501126757 7.3274167925119382 12.961336433887483 3.2338357120752326 3.6749744862318039 5.8085620105266553 4.4147105738520613 5.3399627655744553 133.5341018140316 390.38027514144778 6.5693688690662384 6.1475945636630085 5.5796322822570819 22.152173817157742 9.9902890473604185 15.122134894132616 10.454518035054209 3.972327746450901 7.2695566415786725 6.7703383713960639 3.9162620753049842 1093.7681037038565
leaf_count=15 2367 17 41 100 34 32 167 47 33 31 57 14 23 25 20 25 563 1679 30 27 26 98 43 64 46 20 32 29 18 4651
internal_value=1.80707e-06 0.00275593 0.00413463 0.00194637 0.000675798 0.0117872 -0.00424478 -0.0172175 0.00566742 0.032151 -0.00328732 -0.000152134 0.00130793 0.0015287 0.00116308 -0.0216978 0.00164548 0.00136291 -0.000610798 -0.00687544 -0.0028633 0.0041815 0.0201722 -0.00274166 -0.0169157 -0.0362512 -0.0301236 -0.00619329 0.0275115 -0.000255466
internal_weight=2430.75 128.674 125.198 115.811 112.01 34.3784 77.6314 33.6247 44.0067 14.6236 19.7547 2302.08 550.303 547.069 539.478 11.1485 528.329 523.914 1751.78 94.0279 80.189 53.4122 16.1379 37.2743 26.7768 9.55196 13.8389 17.2249 7.59124 1657.75
internal_count=10374 574 559 518 501 154 347 147 200 65 89 9800 2367 2353 2312 50 2262 2242 7433 415 353 232 70 162 121 46 62 75 41 7018
is_linear=0
shrinkage=0.05


Tree=203
num_leaves=31
num_cat=0
split_feature=12 12 12 2 3 12 2 7 3 2 12 0 3 3 9 12 12 3 3 9 12 9 9 7 0 8 3 3 0 8
split_gain=0.409204 7.30922 4.56788 4.20072 3.88869 6.63656 5.44963 4.95596 4.78719 3.48531 2.76846 4.05747 3.70505 2.67541 6.21015 4.0166 4.07107 3.82346 3.14451 2.66077 4.57957 4.27912 3.86758 3.56677 4.15202 2.5956 2.41514 2.67516 2.27627 2.13997
threshold=-0.055194755903572632 -0.052386107488940264 -0.052122382122382092 55.685220468154604 -1.6787218103267696 -0.036179506064646129 46.288644015916752 0.011065114088788052 -1.5059380293982547 57.601816180517297 -0.047746552918966796 -0.0019065140947839068 0.98326301898207447 -1.0769524651140319 1.5700082881422601 -0.080165909924784381 -0.069842671705553819 -1.8610580304532383 -2.5587403353781735 1.0166536765245902 -0.054315420580150681 0.7483157336914571 0.71252331428670657 0.020781660135350703 -0.00091441908651181852 -3.1228515733045792 0.31737217749065633 -0.013068114610492379 -0.00015439444146503762 -0.35054950006349134
decision_type=2 2 2 2 2 2 2 2 2 2 2 2 2 2 2 2 2 2 2 2 2 2 2 2 2 2 2 2 2 2
left_child=13 19 3 -3 5 6 -4 -7 -6 -9 12 -12 -10 14 15 17 -17 25 -18 20 21 -2 -22 24 -21 -1 27 -24 -20 -19
right_child=1 2 4 -5 8 7 -8 9 10 -11 11 -13 -14 -15 -16 16 18 29 28 23 22 -23 26 -25 -26 -27 -28 -29 -30 -31
leaf_value=-0.043508912596477288 0.054757797008568587 0.0014527822506131447 0.0070601985435978154 0.06603031155503325 0.052338307338808968 -0.030115857984504148 -0.055311705317800469 0.038617658107924654 0.0046667894680899246 -0.0096007591862157689 -0.021324902962101645 -5.7189147285697487e-06 0.034298637798261727 6.7533536761173071e-05 -0.035797778578676213 0.057104897411200117 0.038858869563688635 0.039170349375763976 -0.020464591229196347 -0.037493872541466459 -0.044230959678212514 -0.007997271897688004 -0.012813039611278478 -0.048755301392277461 0.015923534734450545 -0.00089828687206482669 -0.037586822619865977 0.028752790965381126 0.024387461187702464 0.00086736585746357816
leaf_weight=4.663610450923442 4.7647867798805219 5.0228537619113904 4.8194543570280102 5.0502670258283615 4.449158087372779 7.7911252230405834 12.81223627924919 9.1092493087053281 104.08494162559509 6.3670881539583197 22.860928669571877 939.67142566293478 11.738864272832869 1156.5337223205715 6.6731929779052725 8.7620927691459674 8.7759763300418872 8.4499749504029733 6.4791420698165911 7.6520199626684189 9.9157835245132464 6.3187730312347412 10.443962022662166 12.17592817544937 6.9343209713697451 15.294957511126997 4.8281128704547873 6.1505893021821985 5.0208920687437022 6.4148652553558341
leaf_count=21 20 21 20 21 19 33 53 38 430 27 97 3968 49 4999 29 38 36 38 27 32 42 26 43 52 29 70 20 25 21 30
internal_value=1.67516e-06 -0.000653628 0.000309135 0.0338294 8.65194e-06 -0.0151257 -0.0382629 0.00240733 0.000580298 0.0187802 0.000366751 -0.000512067 0.00767001 0.000644105 0.0100979 0.0148938 0.0286257 0.00344322 0.0163187 -0.0164312 -0.00864302 0.0189809 -0.0184129 -0.0287766 -0.0120993 -0.0108549 -0.00646258 0.00259288 -0.000882274 0.0226408
internal_weight=2430.03 1202.96 1133.78 10.0731 1123.7 40.8992 17.6317 23.2675 1082.81 15.4763 1078.36 962.532 115.824 1227.07 70.5347 63.8615 29.0381 34.8234 20.276 69.1843 42.422 11.0836 31.3384 26.7623 14.5863 19.9586 21.4227 16.5946 11.5 14.8648
internal_count=10374 5065 4776 42 4734 171 73 98 4563 65 4544 4065 479 5309 310 281 122 159 84 289 176 46 130 113 61 91 88 68 48 68
is_linear=0
shrinkage=0.05


Tree=204
num_leaves=21
num_cat=0
split_feature=9 3 2 3 8 7 12 9 3 3 3 8 2 3 0 8 7 3 8 7
split_gain=0.411225 0.958164 2.74683 2.5272 1.97222 1.50389 1.48428 0.666452 1.61256 0.469366 0.68005 3.79765 3.12817 2.30179 2.11019 1.48836 1.41759 0.927607 2.55156 0.727891
threshold=0.33197407145317887 -0.20484286163487025 42.253521126760553 -0.44268475442680283 -2.4427266922126689 0.020991070423876577 -0.023466880668740808 0.36020582267916035 -1.0000000180025095e-35 16.536060538208265 3.4295136090070168 0.60573453315025405 47.602627257799661 2.8067298525743749 0.00019190657532109834 2.6059584281455144 0.021281351062555548 1.6750095181845817 -0.13346569997585664 0.0099952522891580877
decision_type=2 2 2 2 2 2 2 2 2 2 2 2 2 2 2 2 2 2 2 2
left_child=1 3 4 -1 -3 6 -4 8 -2 10 13 12 16 17 -13 -16 -12 19 -19 -9
right_child=7 2 5 -5 -6 -7 -8 9 -10 -11 11 14 -14 -15 15 -17 -18 18 -20 -21
leaf_value=0.019129902340530747 0.0075149483023754975 0.015729949624746276 0.050372583240683846 -0.032954792859731838 -0.02826035981553901 0.0007406824177744473 0.011109050268477794 0.0030328603600175714 -0.033982394524657601 -0.011324002389978736 0.029256433587574987 0.050389520965840068 -0.0306366317782048 -0.025513806190132989 0.030201199835294897 -0.0091970833088309365 -0.0047002410920557432 0.023050259680956468 -0.0036472548844758996 -0.00036717932678102929
leaf_weight=4.4301022216677666 4.6474274396896362 4.4941069409251213 6.2043401375412914 4.9103701114654523 5.8834474533796328 4.627751260995864 3.9327319040894517 170.00816637277603 4.7174185961484891 9.1546565890312177 5.0548290461301821 5.5674168616533271 8.3744886517524701 8.8664168864488584 5.1090850383043271 4.516029566526413 7.8415262848138809 15.796737797558306 20.647385120391846 2124.588570529595
leaf_count=21 20 21 32 21 26 22 21 762 21 39 21 24 36 38 22 20 33 69 90 9015
internal_value=1.57085e-06 0.00542287 0.0105029 -0.00825149 -0.0092099 0.0243582 0.0351401 -7.64878e-05 -0.0133888 -2.42278e-05 1.93031e-05 0.006795 -0.00684208 -8.62844e-05 0.0258881 0.0117158 0.00860935 1.04325e-05 0.00792481 -0.000115268
internal_weight=2429.37 34.4829 25.1424 9.34047 10.3776 14.7648 10.1371 2394.89 9.36485 2385.53 2376.37 36.4634 21.2708 2339.91 15.1925 9.62511 12.8964 2331.04 36.4441 2294.6
internal_count=10374 164 122 42 47 75 53 10210 41 10169 10130 156 90 9974 66 42 54 9936 159 9777
is_linear=0
shrinkage=0.05


Tree=205
num_leaves=31
num_cat=0
split_feature=12 12 7 3 7 12 7 7 7 0 0 0 0 2 3 2 13 12 8 12 11 9 3 8 8 12 11 0 9 3
split_gain=0.395442 3.43218 5.64069 3.14261 2.86806 2.57593 4.54413 4.00621 4.15575 3.72553 5.51829 3.52971 3.30722 2.97057 2.41485 2.27402 2.13249 1.90587 1.66774 0.85926 2.77507 0.725318 2.62999 5.63517 4.73678 4.38331 4.23508 5.57486 1.09253 3.75058
threshold=-0.017045454545454513 -0.018257219127580989 0.014502818315053964 -0.54595770544265931 0.019995885165415794 -0.013432925317040855 0.011391236061893477 0.0095933957136201311 0.011065114088788052 0.0022940868228913652 0.0016893362173579453 0.0016893362173579453 0.0031276565839427296 59.114085816078891 0.076963181771232722 82.421312139769483 1.0000000180025095e-35 -0.011038244316389991 3.3377858500789537 -0.018662773793370776 3.5000000000000004 0.49761670988484791 0.13247156188737058 -1.0718522330364921 -0.32437152804104369 -0.067527926650400708 17.500000000000004 0.00021274266415891884 0.58637800884051494 -0.37939420128671603
decision_type=2 2 2 2 2 2 2 2 2 2 2 2 2 2 2 2 2 2 2 2 2 2 2 2 2 2 2 2 2 2
left_child=1 19 16 -2 5 7 9 13 -9 10 -7 -10 -11 14 -5 -6 -3 -8 -19 21 -21 22 23 25 -25 -1 27 -24 29 -23
right_child=3 2 -4 4 15 6 17 8 11 12 -12 -13 -14 -15 -16 -17 -18 18 -20 20 -22 28 26 24 -26 -27 -28 -29 -30 -31
leaf_value=-0.0048496224174942142 0.033973921283138371 0.014339031543194972 -0.021347380747585871 0.0065441292661546219 0.043898075076157554 0.011721774567998541 -0.047176736456155534 0.033173351133227967 -0.042532076985656933 0.066247903807702055 -0.037673106973540607 -0.0016997481958172006 0.0029232888514189826 -0.055716448023163938 -0.039271077071321769 -0.0040580844619455938 0.057039469276883858 -0.033647359141117161 0.0057347455794141853 -0.044084200263015398 0.01069910640491852 0.013211252775710537 0.046942457684644286 0.042044467561800247 0.0021056245680024554 -0.04340967384782108 -0.029363876627647285 0.0044529821935625161 0.00011847395281462199 -0.0088196434127070268
leaf_weight=26.44580614566803 5.5869236141443244 4.7549262791872042 5.2325439751148215 5.7850788235664385 5.2685112655162794 28.015765242278576 5.159042268991473 6.1042661219835272 7.1883408874273327 4.7613053023815137 7.0840739905834189 20.068944647908211 3.6367178782820702 8.1305657178163511 5.7198633402585983 4.6570684015750885 7.5930089950561523 4.5547990947961789 6.5599449574947357 4.385251507163046 4.8885791227221489 23.798873782157898 12.838504895567892 9.6123483180999738 32.608176242560148 10.217413768172262 4.710911124944686 19.363024417310953 2031.599723841995 102.61771437525749
leaf_count=116 25 20 22 25 22 129 22 27 30 27 32 84 19 34 25 20 35 20 29 19 21 104 58 42 150 44 20 87 8625 441
internal_value=1.57131e-06 0.000152217 0.0221599 -0.00270019 -0.00437016 -0.00663812 0.000477634 -0.0146635 -0.00411696 0.00891016 0.00175258 -0.0124681 0.0388255 -0.0325825 -0.0162336 0.0213971 0.0405964 -0.0220615 -0.010404 -1.72488e-05 -0.0152059 4.46987e-05 0.00389981 -0.00125476 0.0111985 -0.0155957 0.0149154 0.0213932 -0.000162161 -0.00467216
internal_weight=2428.95 2300.67 17.5805 128.281 122.694 112.769 59.7716 52.9971 33.3616 43.4979 35.0998 27.2573 8.39802 19.6355 11.5049 9.92558 12.3479 16.2738 11.1147 2283.09 9.27383 2273.81 115.796 78.8837 42.2205 36.6632 36.9124 32.2015 2158.02 126.417
internal_count=10374 9804 77 570 545 503 278 225 141 207 161 114 46 84 50 42 55 71 49 9727 40 9687 517 352 192 160 165 145 9170 545
is_linear=0
shrinkage=0.05


Tree=206
num_leaves=22
num_cat=0
split_feature=12 12 8 2 8 8 12 8 7 8 9 3 11 3 7 9 0 8 9 7 9
split_gain=0.43965 0.962102 3.08509 3.60343 4.77983 2.68089 2.52751 1.21056 0.528583 3.98024 5.33283 4.57299 2.8834 2.75861 2.22026 2.58892 6.05133 2.48149 0.839245 0.831842 0.334694
threshold=-0.0069407753618279987 -0.011038244316389991 4.766718288884956 74.246960624206139 1.1039118197094784 1.5667807258012763 -0.011932101552811785 3.0841780018746445 0.0079620210657362373 0.80722812525808096 1.409483231878726 0.15667117957079937 3.5000000000000004 0.17266621008480523 0.0088673374659109083 0.75649761196913901 0.00030607350688769932 0.061131866419586699 3.9360521939480253 0.0091053072037568742 0.95107136218373489
decision_type=2 2 2 2 2 2 2 2 2 2 2 2 2 2 2 2 2 2 2 2 2
left_child=1 6 3 4 20 -6 8 -5 9 10 11 -1 -11 -14 15 17 -17 -10 19 -16 -3
right_child=-2 2 -4 7 5 -7 -8 -9 14 12 -12 -13 13 -15 18 16 -18 -19 -20 -21 -22
leaf_value=0.018749657904789305 -0.012596044947578395 0.022998093041897313 -0.027221203287674751 0.024389685669746752 -0.048243725963540048 0.0037225383949795912 -0.02703501299001633 0.062490715017713395 0.057102924328479535 -0.051375584555800671 -0.034606036730064793 -0.012576619696802866 -0.027450691726374429 0.021077625266795207 -0.016273416775223669 -0.022478390324724821 0.029182487888555028 0.0074638900029416477 0.016199285028163542 -2.5493525757844424e-05 0.044252755853231865
leaf_weight=34.73683100938797 6.9058830812573424 3.827982999384413 4.9765048325061789 4.3164950013160688 4.5121048837900144 5.5157689452171326 8.6621866822242719 4.0321880877017975 5.4327699244022352 6.3585845977067974 8.4326605647802335 17.528566658496857 8.2225875556468946 4.5483428239822379 7.9050732478499404 11.190231695771219 11.48761837184429 4.6922464668750763 7.9425265230238429 2253.4485292173922 3.5884147733449936
leaf_count=152 35 20 22 21 20 26 37 20 24 27 36 77 35 20 35 48 53 21 36 9589 20
internal_value=1.784e-06 3.77139e-05 0.00882275 0.0157771 0.00284824 -0.01966 -7.5359e-05 0.0427915 2.26833e-05 -0.00397721 0.00229056 0.00824357 -0.0238649 -0.0101674 0.000161383 0.0130766 0.00369078 0.0340987 -2.53064e-05 -8.22918e-05 0.0332821
internal_weight=2428.26 2421.36 30.7695 25.793 17.4443 10.0279 2390.59 8.34868 2381.93 79.8276 60.6981 52.2654 19.1295 12.7709 2302.1 32.8029 22.6779 10.125 2269.3 2261.35 7.4164
internal_count=10374 10339 149 127 86 46 10190 41 10153 347 265 229 82 55 9806 146 101 45 9660 9624 40
is_linear=0
shrinkage=0.05


Tree=207
num_leaves=31
num_cat=0
split_feature=8 8 2 7 2 2 12 12 3 9 2 12 11 12 9 9 9 9 9 3 0 3 0 2 9 0 3 0 11 0
split_gain=0.39711 6.0546 4.83556 6.17352 3.61634 3.2683 4.5912 4.22977 4.03416 3.3789 3.1209 2.95576 2.86574 3.79487 2.88152 4.22516 2.79017 5.40154 3.40426 2.73399 3.79958 2.69557 2.69417 5.37535 3.74757 3.14333 2.64078 2.54535 3.84652 3.28151
threshold=3.3377858500789537 3.4057678343148043 65.39126963002397 0.028241321445521723 67.721518987341781 61.682242990654181 -0.038285840402097128 -0.04350463992473478 0.067678523777688931 0.98937541420632313 61.456439393939412 -0.035648413188756556 2.5000000000000004 -0.031517150374365498 0.93809297741384634 0.69226356549115209 0.60341699908862889 0.65388108712954984 0.52704581062272271 0.67876323045573439 0.0022453406611380993 -13.999972528268371 0.0046288803159307912 57.142857142857146 1.2696156429466006 0.0060480702069804727 -0.074168033651500223 0.0029568571602308657 4.5000000000000009 0.0019298452930141547
decision_type=2 2 2 2 2 2 2 2 2 2 2 2 2 2 2 2 2 2 2 2 2 2 2 2 2 2 2 2 2 2
left_child=2 -2 5 4 12 10 7 8 9 -7 22 -8 13 -4 15 -14 18 -18 -6 20 -13 -3 27 24 -24 -25 -16 29 -29 -1
right_child=1 21 3 -5 16 6 11 -9 -10 -11 -12 19 14 -15 26 -17 17 -19 -20 -21 -22 -23 23 25 -26 -27 -28 28 -30 -31
leaf_value=-0.00051099756500982529 -0.041411951329452946 -0.077833358173680256 -0.037105259719533983 0.054378026174379569 0.0048204350935486528 0.023714744654482828 -0.054715060783436957 0.036644832212051857 -0.027601903572795052 -0.016656301441155243 0.034087219687193117 -0.027618873360312986 0.045439692173396773 0.016984865199079945 0.075223837931534587 -0.0090465084593121942 -0.051128753337568944 0.0013203268344320915 0.056091570465549891 0.017133194084620142 0.00028630885285646832 -0.00031029671395216637 -0.0074919256022635359 0.059760224389663885 0.039696586912952907 0.011881283161587769 0.027549696222394355 -0.0046126470910394912 -0.036221424050984267 0.0086315299653366203
leaf_weight=1463.6141674406826 9.2251534610986692 1.1240701526403416 4.4375811666250256 7.0922805666923514 9.7549255937337858 13.981109671294691 4.8688200712203971 8.0205532908439618 11.626738473773001 8.2361447364091855 6.736191287636756 34.839218832552433 6.1692136749625233 12.042217992246149 4.9227326959371567 8.4062496870756132 5.2128431200981131 84.182263486087322 4.8458261489868155 6.2351029664278022 18.770843803882599 457.7421013340354 25.212347716093067 7.5465453118085843 5.0502080693840972 6.2812453210353851 7.0858773291110975 68.19141161441803 11.20655909180641 105.20281053334475
leaf_count=6208 40 5 18 33 47 59 20 33 49 34 28 146 29 53 21 35 22 373 21 27 78 1995 114 32 23 29 30 284 47 441
internal_value=1.93797e-06 -0.00130649 0.000314456 0.00881466 0.00661727 -0.000411235 -0.0089047 0.00399781 -0.00373908 0.00874882 0.000121548 -0.0172515 0.0188018 0.0024198 0.0289572 0.0140153 0.00157174 -0.0017381 0.0218368 -0.0142036 -0.0178482 -0.000500203 -1.36518e-05 0.0121841 0.000382882 0.0380113 0.0470929 -0.000339945 -0.00907404 0.000102088
internal_weight=2427.86 468.091 1959.77 154.152 147.06 1805.62 106.579 41.8645 33.844 22.2173 1699.04 64.714 43.0639 16.4798 26.5841 14.5755 103.996 89.3951 14.6008 59.8452 53.6101 458.866 1692.31 44.0903 30.2626 13.8278 12.0086 1648.21 79.398 1568.82
internal_count=10374 2040 8334 682 649 7652 446 175 142 93 7206 271 186 71 115 64 463 395 68 251 224 2000 7178 198 137 61 51 6980 331 6649
is_linear=0
shrinkage=0.05


Tree=208
num_leaves=31
num_cat=0
split_feature=0 0 3 8 0 7 8 8 8 7 7 12 9 7 3 3 3 9 0 12 0 7 8 8 8 2 8 0 11 2
split_gain=0.416922 4.7145 5.73572 2.85085 2.74802 4.65104 8.00662 3.64112 3.81037 3.46193 10.5046 3.51868 5.61023 3.22647 2.95682 5.04557 2.77256 2.64595 2.62995 4.81469 3.30847 2.41486 5.38001 4.71822 4.02754 3.82151 3.24311 5.034 4.01279 4.31317
threshold=-0.00084717194776394347 -0.00091441908651181852 0.0053554892206054564 -1.3078373660680411 -0.00021304958365674261 0.024116744892422003 -0.35054950006349134 -5.9999118345100468 -5.3612248602104344 0.02169330585505708 0.020781660135350703 -0.057411046638261555 1.1678101495349613 0.025237896248918566 -0.0079177990271754439 0.20931243480265826 0.070157621170835252 0.50603518670108028 1.0000000180025095e-35 -0.021525649922596542 -0.00015439444146503762 0.02420537301960226 3.7552478471161455 -6.3705911374249782 -1.0253359924049952 64.311178864228367 -0.21222688958821762 -0.0042363926564690383 11.500000000000002 62.83212936438742
decision_type=2 2 2 2 2 2 2 2 2 2 2 2 2 2 2 2 2 2 2 2 2 2 2 2 2 2 2 2 2 2
left_child=1 21 -3 -4 5 9 13 -6 -9 10 11 12 -2 -7 -15 -16 -8 -13 19 20 -10 22 23 -1 -23 -25 27 -26 -28 -30
right_child=4 2 3 -5 7 6 16 8 18 -11 -12 17 -14 14 15 -17 -18 -19 -20 -21 -22 24 -24 25 26 -27 28 -29 29 -31
leaf_value=0.024394787087121252 0.02627385543669138 0.057213554851068119 0.028830619413808101 -0.021159985506224565 -0.036594773797173491 -0.039960752049471554 -0.062421793281253482 0.048652605136180194 -0.013538368856525511 0.019791488024983088 -0.065705370028569937 -0.035360438128854428 -0.029924871991223512 -0.016412402393752579 0.0574251931814923 -0.0086311461865790865 -0.021716430086969957 -0.0034997519414137362 -0.00016391968850376485 0.050008875324145656 0.012858822785078799 0.00040136316286580966 -0.052618401713465129 -0.0028077914582818192 -0.004510692127787163 0.031408049180775117 -0.026381172231836891 0.04610233509763071 0.0055714776017775289 0.041411612934251857
leaf_weight=17.206238478422165 21.403185129165653 8.1376105695962924 5.3757706880569458 6.0745534002780897 6.6506239771842948 4.6079871654510525 10.709077522158625 4.0946321934461585 16.45163457095623 16.288868084549904 6.6877848207950583 6.9924853593111029 5.6035146862268439 8.2407879531383568 5.5090906023979134 6.0825740247964859 6.8649376928806296 95.722454935312271 1260.3591933250427 6.7750796824693671 42.623128056526184 266.3561118748039 5.1677983105182639 489.16608062386513 7.3622929081320789 8.2990148738026601 7.8572022020816794 14.766055233776568 49.688697416335344 10.101042065769432
leaf_count=78 90 34 22 26 30 20 46 18 69 68 28 30 23 35 23 26 29 402 5372 32 179 1185 22 2044 33 39 34 64 221 52
internal_value=2.06325e-06 0.000859057 0.0251191 0.00230992 -0.000499017 -0.00604858 -0.0207807 0.000309216 0.000493711 -0.00199508 -0.00459665 -0.00144619 0.0146134 -0.002272 0.00648482 0.022763 -0.0465211 -0.00566872 0.000345022 0.0100861 0.00550751 0.000316568 -0.00185634 -0.00134664 0.00348833 -0.00223698 0.0126471 0.0292629 0.00721182 0.0116264
internal_weight=2427.23 895.558 19.5879 11.4503 1531.67 194.713 42.0145 1336.95 1330.3 152.698 136.409 129.722 27.0067 24.4404 19.8325 11.5917 17.574 102.715 1326.21 65.8498 59.0748 875.971 519.839 514.671 356.131 497.465 89.7753 22.1283 67.6469 59.7897
internal_count=10374 3854 82 48 6520 820 179 5700 5670 641 573 545 113 104 84 49 75 432 5652 280 248 3772 2183 2161 1589 2083 404 97 307 273
is_linear=0
shrinkage=0.05


Tree=209
num_leaves=19
num_cat=0
split_feature=12 12 8 2 8 8 12 0 9 2 0 9 9 9 0 0 3 9
split_gain=0.400647 0.875627 2.79871 3.36209 4.00282 3.34435 2.31564 0.50479 1.52808 1.62635 0.7795 3.92916 3.25193 2.31875 2.41584 1.47727 0.428332 0.379842
threshold=-0.0069407753618279987 -0.011038244316389991 4.766718288884956 77.089248714603656 1.1039118197094784 1.7611083970018586 -0.011932101552811785 0.013454294945522804 0.93072135215566265 79.039858427475025 0.0060480702069804727 2.3434593178482097 1.0402414135293301 2.5976913601917699 -0.00018422597243552345 0.0048484632929444386 0.1605756628165961 0.9234816510107754
decision_type=2 2 2 2 2 2 2 2 2 2 2 2 2 2 2 2 2 2
left_child=1 6 3 4 17 -6 7 10 -9 -10 13 12 -12 15 -15 -1 -13 -3
right_child=-2 2 -4 -5 5 -7 -8 8 9 -11 11 16 -14 14 -16 -17 -18 -19
leaf_value=-0.00024737568974606661 -0.012009210237488736 0.021601038362153144 -0.025920412228165005 0.045970797362836081 -0.042604770053099199 0.011363773055343817 -0.025907294029506402 0.041505851863954946 -0.014545246453709824 0.020942184527427059 -0.0093670717417389162 -0.025308805866298134 0.0062561948066208409 -0.010719525025447379 0.023045773221488087 0.0065629191252680437 -0.048216368711641561 0.044119500994857438
leaf_weight=2112.1214066036046 6.9228977411985388 3.7263273000717261 4.9607947915792456 6.56320035457611 5.4221947938203794 6.1000157445669174 8.6413717120885831 2.9307703077793112 7.1198165342211706 5.907173827290535 66.753413528203964 3.90641140937805 66.47570113837719 7.09553384035826 20.90479788184166 82.747932836413383 4.2724581137299538 3.7646138593554497
leaf_count=8968 35 19 22 33 24 29 37 21 33 25 305 18 289 32 90 349 23 22
internal_value=1.98757e-06 3.63563e-05 0.00844948 0.0151159 0.00446498 -0.0140331 -7.11891e-05 2.26081e-05 0.00888557 0.00154676 -3.72127e-05 -0.00363677 -0.00157172 0.000191773 0.0144893 9.37664e-06 -0.0372752 0.0329178
internal_weight=2426.34 2419.41 30.5371 25.5764 19.0132 11.5222 2388.88 2380.24 15.9578 13.027 2364.28 141.408 133.229 2222.87 28.0003 2194.87 8.17887 7.49094
internal_count=10374 10339 149 127 94 53 10190 10153 79 58 10074 635 594 9439 122 9317 41 41
is_linear=0
shrinkage=0.05


Tree=210
num_leaves=31
num_cat=0
split_feature=12 12 12 2 3 12 2 7 3 2 8 12 2 2 12 0 3 9 3 8 8 3 9 12 12 3 3 7 0 0
split_gain=0.403946 6.57725 4.19477 3.81224 3.59243 5.96895 4.95276 4.59009 4.30983 3.08689 2.65781 3.11568 2.49624 10.5024 5.73891 3.75228 3.91121 3.64119 3.05625 2.63896 6.25384 2.4155 5.63781 3.66033 3.71298 3.44801 2.84662 2.57666 2.37966 2.01029
threshold=-0.055194755903572632 -0.052386107488940264 -0.052122382122382092 55.685220468154604 -1.6787218103267696 -0.036179506064646129 46.288644015916752 0.011065114088788052 -1.5059380293982547 57.601816180517297 -3.1228515733045792 -0.047746552918966796 50.917508417508422 53.947368421052666 -0.054315420580150681 0.00095044592550135455 0.083379982233073011 1.0526925322819127 0.28186116846964343 4.4853418738469557 1.5334381079822728 -1.0769524651140319 1.5700082881422601 -0.080165909924784381 -0.069842671705553819 -1.8610580304532383 -2.5587403353781735 0.025043793683955883 -0.0013982662084393073 -0.00015439444146503762
decision_type=2 2 2 2 2 2 2 2 2 2 2 2 2 2 2 2 2 2 2 2 2 2 2 2 2 2 2 2 2 2
left_child=21 12 3 -3 5 6 -4 -7 -6 -9 -10 -12 15 -14 -15 16 17 28 -18 20 -16 22 23 25 -25 27 -26 -1 -2 -28
right_child=1 2 4 -5 8 7 -8 9 10 -11 11 -13 13 14 19 -17 18 -19 -20 -21 -22 -23 -24 24 26 -27 29 -29 -30 -31
leaf_value=-0.038184467155838064 0.0077291988480042611 0.0016139647071524129 0.0065906880970129427 0.063233869237605808 0.049934916065571343 -0.029223224096188313 -0.052935114363324293 0.036652921335985092 -0.045774253985776239 -0.0088500931376968971 0.00830578591406087 -0.00046812853033517237 0.050564263214469357 0.015418210693197385 -0.06130938027642923 -0.06565626368278582 0.030062623116672006 -0.06760121097371731 -0.018138188906041769 -0.060938207273938998 0.0098769476478249262 9.3210084498955939e-05 -0.034261602909733478 0.054735127318982939 0.037116359005979517 0.02155210855279014 -0.019160925858880563 0.0012926100688283805 -0.038788981830044394 0.023059600346508297
leaf_weight=5.8528248220682171 4.9502358138561267 5.0177083015441877 4.8160859495401409 5.0223909169435501 4.3953478634357444 7.7862643748521831 12.733721658587454 9.0397444218397123 3.1178831905126563 6.342093586921691 113.103809684515 959.98275865614414 6.6137806326150885 8.1259876191616076 5.5127392858266848 4.878612592816352 5.543289214372634 5.5771814733743659 8.085652753710745 6.4000335782766333 7.0066148787736893 1155.4825397841632 6.622248336672782 8.6718873381614703 8.7412854880094546 14.806158315390347 6.4696353822946566 14.069821052253245 6.1831621527671849 4.9969515949487651
leaf_count=25 21 21 20 21 19 33 53 38 13 27 468 4063 27 34 23 20 23 24 34 28 29 4999 29 38 36 68 27 66 26 21
internal_value=1.97557e-06 -0.000650031 0.000263234 0.0324383 -2.48558e-05 -0.0146042 -0.0365998 0.00205736 0.000524508 0.0178915 0.00032271 0.000456646 -0.0156511 -0.00591447 -0.019726 -0.0249566 -0.0184121 -0.0346249 0.00146649 -0.0348206 -0.0214691 0.000640429 0.00964363 0.0142146 0.0273674 0.00327693 0.015623 -0.0103049 -0.0181056 -0.000761909
internal_weight=2425.95 1200.24 1131.36 10.0401 1121.32 40.7179 17.5498 23.1681 1080.6 15.3818 1076.2 1073.09 68.8773 33.6592 27.0454 35.2181 30.3395 16.7106 13.6289 18.9194 12.5194 1225.71 70.2308 63.6086 28.8798 34.7288 20.2079 19.9226 11.1334 11.4666
internal_count=10374 5065 4776 42 4734 171 73 98 4563 65 4544 4531 289 141 114 148 128 71 57 80 52 5309 310 281 122 159 84 91 47 48
is_linear=0
shrinkage=0.05


Tree=211
num_leaves=31
num_cat=0
split_feature=11 11 9 9 9 0 3 12 2 12 2 12 12 3 7 8 9 9 3 2 7 2 0 12 7 7 12 0 2 2
split_gain=0.397529 1.63692 2.90225 6.42879 2.45051 2.58873 3.15166 2.58801 2.25416 1.68414 1.57411 1.82213 6.08145 3.11318 4.17288 2.18357 3.60943 3.79374 3.69446 3.02565 2.07701 1.56294 3.24632 2.16813 1.01724 2.01067 2.23428 2.15513 1.83216 3.67717
threshold=15.500000000000002 14.500000000000002 0.85418483717465188 0.94375802855882984 0.97483531744139984 -0.00075452151880292648 -0.14009318803568527 -0.053199173683661533 27.380952380952404 -0.065296195807572829 68.483503425136306 -0.028121024926832727 -0.032025477216748761 0.1605756628165961 0.008199848637424104 0.55424389503079052 1.0789758244699224 0.99495459411296727 0.13247156188737058 58.333333333333321 0.012571183125682122 54.301872945981309 -0.00062110486426223159 -0.076461156424809246 0.031680279095547832 0.031261731085181731 -0.058204761041443225 -0.0052735313136115436 23.760245901639362 31.893606158196587
decision_type=2 2 2 2 2 2 2 2 2 2 2 2 2 2 2 2 2 2 2 2 2 2 2 2 2 2 2 2 2 2
left_child=1 24 8 9 -5 6 -6 -7 -3 -4 11 12 15 14 -13 19 17 -17 -18 20 -2 22 23 -10 25 27 -27 -1 -26 -30
right_child=10 2 3 4 5 7 -8 -9 21 -11 -12 13 -14 -15 -16 16 18 -19 -20 -21 -22 -23 -24 -25 28 26 -28 -29 29 -31
leaf_value=-0.040398996178858275 -0.010789648522077561 0.015929927312594128 0.016744120195086153 -0.0443279008523055 0.032325020406245755 -0.047400197129198712 -0.0057880314897404217 -0.0028457623709819001 -0.034921223387581309 0.053524887146375988 0.027417149357632859 -0.028649792097399825 0.047154603361918075 -0.040239392701915205 0.036574089742082254 -0.012351889871174918 0.023133298131698194 -0.05905180404270928 -0.0085467692792187411 0.035385847537701992 0.0024302874339477967 -0.0014900419348451326 -0.05891023173171233 -0.0032736848717465996 0.023237048238698429 0.036413057927171255 -0.0067680842666300563 0.00049348261619762326 -0.024107772999514273 -0.0016927153812922096
leaf_weight=3.2294075936079016 31.882035970687866 4.6266732960939398 7.672204501926899 4.2713711708784095 7.2582042366266242 5.935090184211731 21.465991944074631 7.2293207943439501 9.9354492276906985 5.2364511191844922 5.6472519263625136 5.0420376211404818 7.1634136140346518 7.1861777007579795 4.7742156237363815 24.953870635479692 13.993304200470446 5.2667159289121619 26.881602250039577 6.6935912221670142 436.3378196079284 7.8800268024206153 6.1122641563415554 11.886356219649313 6.7685851119458667 8.0284462571144086 4.7787224203348151 1405.1814827173948 19.474865265190601 302.44973712041974
leaf_count=14 137 20 34 19 31 30 94 31 45 23 29 22 31 31 20 109 61 23 115 30 1877 36 29 51 42 35 20 5896 86 1353
internal_value=1.77811e-06 -0.000355415 -0.00659337 0.000472031 -0.00825093 -0.00457216 0.00384261 -0.0229328 -0.0169132 0.0316644 0.00114901 0.000888837 0.00138438 -0.0152336 0.00307238 0.000783893 -0.00738832 -0.0204906 0.00229873 0.00200729 0.00153012 -0.0211561 -0.0267038 -0.0176828 -6.91305e-07 0.000579056 0.0203009 0.000399718 -0.00250743 -0.00304872
internal_weight=2425.24 1849.42 99.5094 59.0686 46.16 41.8886 28.7242 13.1644 40.4408 12.9087 575.822 570.175 553.172 17.0024 9.81625 546.009 71.0955 30.2206 40.8749 474.913 468.22 35.8141 27.9341 21.8218 1749.91 1421.22 12.8072 1408.41 328.693 321.925
internal_count=10374 7889 443 262 205 186 125 61 181 57 2485 2456 2383 73 42 2352 308 132 176 2044 2014 161 125 96 7446 5965 55 5910 1481 1439
is_linear=0
shrinkage=0.05


Tree=212
num_leaves=31
num_cat=0
split_feature=2 12 12 11 0 8 2 12 3 8 3 3 12 8 0 8 2 2 9 3 12 0 2 8 2 3 2 7 12 8
split_gain=0.400038 2.81941 4.29536 4.72904 3.24983 2.905 2.72144 2.73579 2.24946 4.28359 2.0397 1.80562 1.7011 1.54349 1.49329 5.13116 4.08289 3.9725 3.71772 3.21033 2.72857 3.72131 2.98239 5.37464 2.90742 2.27005 2.17341 2.11173 2.08176 4.57611
threshold=39.044357469014983 -0.02392172333516859 -0.034191598411781966 13.500000000000002 0.002120322405683103 -1.6540888296574774 37.070308303792039 -0.042870513568655295 -0.15159934605755027 -2.5775291003092544 -0.14763066396848026 0.36091421058480377 -0.028749278177816421 -3.0155326238054658 -0.0042965583590263918 -3.8747767890438518 40.338521772345288 42.253521126760553 0.71252331428670657 -0.38972808462538117 -0.12471867558414095 0.00013752032503311143 63.907644675735291 8.8855341695372498 46.942670197850155 0.60408747524443884 43.8860197108771 0.02611476536207721 -0.085600988331761482 2.3927277821937909
decision_type=2 2 2 2 2 2 2 2 2 2 2 2 2 2 2 2 2 2 2 2 2 2 2 2 2 2 2 2 2 2
left_child=1 2 4 12 5 8 7 -7 9 -1 -8 -10 -4 -6 15 -2 -17 -18 27 -20 21 25 24 -24 -23 26 -16 -19 29 -22
right_child=14 -3 3 -5 13 6 10 -9 11 -11 -12 -13 -14 -15 20 16 17 18 19 -21 28 22 23 -25 -26 -27 -28 -29 -30 -31
leaf_value=0.0010664950121785696 -0.051018411449365732 -0.036799354099041934 0.059231569066789738 -0.013265937360589973 0.0091147692676269258 -0.012089571916769608 -0.011991584365287949 -0.046972759132243642 -0.0016363218330506886 0.022653706094662687 0.016032100909547129 0.007294867529955321 0.020376589961856064 0.050256377488075946 0.061096598534298857 0.044030614291437835 -0.037561572145074329 -0.052140162310277807 -0.01956502242045681 0.020939166345594888 -0.010842798449196826 -0.019030845119985623 -0.063469030286965974 0.013703210073805195 0.02100896114998798 -0.006116727483815353 0.023091364836688916 -0.006317647453727579 0.00013373163631538778 0.0064086508582862694
leaf_weight=71.77797307819128 6.2817904949188224 4.8683698624372473 7.0872414112091073 5.2544125467538825 4.4272134229540825 30.425900340080261 12.525904521346094 6.894300401210784 349.83791015297174 33.802330937236547 13.481899902224539 67.512088492512703 4.6751581877470025 4.6998242214322072 5.3423424810171189 4.214893549680709 8.7923922389745695 4.2835343927144987 6.6329220235347703 18.639169625937946 125.15768105536699 6.3253852277994218 4.4552807435393316 4.5707732997834682 16.007200971245766 4.292541727423667 12.715096604079006 6.0875434577465057 1517.9071740806103 55.47996998950839
leaf_count=315 29 22 30 23 21 128 52 29 1506 141 56 292 21 23 23 18 38 20 32 82 535 28 23 30 88 20 69 31 6394 255
internal_value=1.61403e-06 0.00110056 0.00140185 0.026171 0.00069392 0.000233004 -0.00988098 -0.0185337 0.00145783 0.0079778 0.00253531 -0.000191579 0.043788 0.0303 -0.000373748 -0.0084913 -0.00300017 -0.00746123 -3.61283e-05 0.0103084 -0.000119266 0.0109765 -0.000134599 -0.0243892 0.00966826 0.0265661 0.0343353 -0.0252436 -0.000470117 -0.00554429
internal_weight=2424.46 617.271 612.402 17.0168 595.385 586.258 63.328 37.3202 522.93 105.58 26.0078 417.35 11.7624 9.12704 1807.19 54.9322 48.6505 44.4356 35.6432 25.2721 1752.25 53.7086 31.3586 9.02605 22.3326 22.35 18.0574 10.3711 1698.54 180.638
internal_count=10374 2659 2637 74 2563 2519 265 157 2254 456 108 1798 51 44 7715 250 221 203 165 114 7465 281 169 53 116 112 92 51 7184 790
is_linear=0
shrinkage=0.05


Tree=213
num_leaves=31
num_cat=0
split_feature=8 2 2 9 2 9 2 3 3 3 11 3 3 3 9 12 8 11 0 2 7 2 3 8 11 7 3 8 11 11
split_gain=0.397153 2.73951 5.36525 3.74183 4.84642 3.35039 3.69973 6.99641 5.739 2.87277 3.94746 2.38432 5.32408 5.05948 5.05153 4.13103 1.68114 5.66067 5.49338 5.11279 2.96657 4.98523 3.1129 2.77894 4.03902 4.25256 2.99194 2.27638 2.51209 1.66854
threshold=-3.0155326238054658 44.862338974488516 43.514984450098943 0.71941240277713525 47.403125669021613 0.70247347564098428 32.947860962566878 0.29328561067601638 0.10805010814923575 0.33602190679971539 9.5000000000000018 0.11692743190020258 0.12883259911753547 0.09347466212529755 0.80091114784164097 -0.061657339474422722 -2.4727964358263339 11.500000000000002 -0.0015377969111604265 31.57894736842103 0.023120389983923541 36.842105263157883 -0.23934616596559877 -2.8359260036161817 19.500000000000004 0.018170222766520458 -0.023581077680840386 -2.7835647427639856 6.5000000000000009 16.500000000000004
decision_type=2 2 2 2 2 2 2 2 2 2 2 2 2 2 2 2 2 2 2 2 2 2 2 2 2 2 2 2 2 2
left_child=1 2 5 -3 -5 6 7 8 -1 10 -8 13 -13 14 -7 -14 17 18 -2 -20 23 -22 -23 26 25 -25 -19 -21 -29 -24
right_child=16 3 -4 4 -6 11 9 -9 -10 -11 -12 12 15 -15 -16 -17 -18 20 19 27 21 22 29 24 -26 -27 -28 28 -30 -31
leaf_value=0.0048702978452915373 -0.064428048992836454 -0.048183131561556188 0.042281062144435513 -0.02933442968132622 0.030692849793884043 -0.01935138185280641 0.05446102511253318 0.053998534765309442 -0.035818936601546461 -0.0048035470084024619 0.015449051999915942 0.043029717642566891 0.0045886280847101312 -0.034902896697297257 0.001710150922965452 -0.027754461981460012 3.0739944417489489e-05 -0.044596762832709379 0.035148822336487834 -0.001716799513526101 0.049923160527223051 -0.033990149974926748 -0.0051329588102587672 -0.0054627135422430544 -0.038152896493056095 0.038998046067956343 0.005858281095006611 -0.016237790977940345 -0.055538321139934045 0.036722202222846605
leaf_weight=39.673987030982971 6.3800176531076422 6.4220205619931248 8.189238488674162 7.3425271511077863 6.2033121287822723 35.196038842201233 10.341350659728052 5.789267122745513 11.087896041572092 7.5422332286834708 17.385294824838638 8.3155288547277433 108.86812431737781 12.734099034219978 148.96975019201636 10.857273444533346 1880.9990710280836 7.6328116655349731 4.6029236614704159 8.9131184667348879 7.6477088779211071 4.5968482717871675 4.6918697208166087 13.46244958043099 4.8198226243257514 8.9561381340026838 4.7771674990653974 9.5116201639175433 7.1022102236747733 4.8346671164035797
leaf_count=176 27 27 36 31 28 147 45 25 48 32 76 38 483 55 651 45 8021 32 19 37 31 20 20 56 20 37 20 41 30 20
internal_value=1.69271e-06 0.0013515 0.00220198 -0.0167481 -0.00184496 0.00141443 0.00984793 0.00192179 -0.00401743 0.0225569 0.0299995 -0.000968656 0.00434261 -0.00442249 -0.00231493 0.0016556 -0.000301781 -0.00668875 -0.0222805 -0.0133558 0.00257954 0.0174087 -0.000197623 -0.00556321 0.00337172 0.0122992 -0.0251743 -0.0221019 -0.0330383 0.0161083
internal_weight=2423.85 444.918 424.95 19.9679 13.5458 416.761 91.82 56.5512 50.7619 35.2689 27.7266 324.941 128.041 196.9 184.166 119.725 1978.93 97.9294 36.5099 30.1299 61.4195 21.7711 14.1234 39.6484 27.2384 22.4186 12.41 25.5269 16.6138 9.52654
internal_count=10374 1943 1857 86 59 1821 402 249 224 153 121 1419 566 853 798 528 8431 410 154 127 256 91 60 165 113 93 52 108 71 40
is_linear=0
shrinkage=0.05


Tree=214
num_leaves=31
num_cat=0
split_feature=0 0 3 8 0 7 8 8 8 9 7 7 12 3 3 7 3 12 3 0 12 0 11 9 0 9 8 8 2 8
split_gain=0.381375 4.24014 5.15805 2.51294 2.42353 4.33784 7.16095 3.34518 3.38385 3.13511 4.05817 7.38545 3.79982 3.43537 3.37499 2.89679 2.68991 4.79798 2.57955 2.4544 4.46392 3.04877 2.27683 2.07505 2.00754 4.42345 1.88952 2.46091 3.50891 4.46014
threshold=-0.00084717194776394347 -0.00091441908651181852 0.0053554892206054564 -1.3078373660680411 -0.00021304958365674261 0.024116744892422003 -0.35054950006349134 -5.9999118345100468 -5.3612248602104344 1.3981749036880753 0.02177881696783936 0.020781660135350703 -0.056514604163118966 -0.1147893066402661 0.01507652992578599 0.025237896248918566 -0.0079177990271754439 -0.097918527090523622 0.070157621170835252 1.0000000180025095e-35 -0.021525649922596542 -0.00015439444146503762 5.5000000000000009 0.88038076206800608 0.00028058686444212903 1.1305792299553001 5.5607607636394221 1.9643444550359737 62.83212936438742 0.96143294175645333
decision_type=2 2 2 2 2 2 2 2 2 2 2 2 2 2 2 2 2 2 2 2 2 2 2 2 2 2 2 2 2 2
left_child=1 22 -3 -4 5 9 15 -6 -9 10 11 12 -2 -11 -12 -7 -17 -18 23 20 21 -10 -1 -8 25 -21 27 28 29 -24
right_child=4 2 3 -5 7 6 18 8 19 13 14 -13 -14 -15 -16 16 17 -19 -20 24 -22 -23 26 -25 -26 -27 -28 -29 -30 -31
leaf_value=0.033667030015430324 0.017906065428858496 0.054479359055607503 0.027150511380517772 -0.019858048951757017 -0.035254252035901497 -0.038379192821641234 -0.036848118546301031 0.046241872219914409 -0.01296960306065364 -0.049881365240110505 0.051980412788044196 -0.051425868846890391 -0.0038203119789525092 -0.0042314776433989747 -0.0002085763892021345 -0.016071411019293432 -0.018578870827687857 0.047334184637551222 -0.020475110745130136 -0.0010255102549233872 0.04841576026355808 0.012406631582678409 6.6796661175048863e-05 -0.08112692386311611 0.00037049339019548612 -0.027125978595171324 -0.031080812255749449 0.012175209578093007 0.027409758599236597 -0.018701177257665715
leaf_weight=5.0852359235286704 25.979773074388504 8.0723054856061953 5.3680476993322372 6.0437445789575559 6.5902137532830229 4.5573735535144833 5.0878091081976908 4.0233605057001105 16.397623062133789 6.6852822452783611 6.7323367446660978 7.1115242391824713 89.295372143387794 10.745757222175596 5.7381573021411896 8.1955513060092979 4.5550950020551708 7.0095615833997647 6.8311305791139594 65.435119584202766 6.7003586515784255 42.54864539206028 778.67181088402867 5.5129360407590866 1172.2092657014728 21.589069813489914 4.8276907205581656 41.444688498973846 11.258981794118879 32.997293680906296
leaf_count=22 109 34 22 26 30 20 22 18 69 29 28 30 376 45 24 35 20 29 29 274 32 179 3344 24 5008 90 24 186 55 141
internal_value=1.56368e-06 0.000822121 0.0238914 0.00225453 -0.000477923 -0.00569939 -0.0199775 0.000280719 0.000456942 -0.00178507 0.000794143 -0.00197454 0.0010762 -0.0217395 0.0279662 -0.0024451 0.00584251 0.0213723 -0.0444354 0.000317904 0.00974334 0.00534749 0.000308005 -0.0598754 -0.000173465 -0.00750055 0.000112839 0.000287062 -0.000311655 -0.00069619
internal_weight=2423.3 893.77 19.4841 11.4118 1529.53 194.038 41.7495 1335.49 1328.9 152.288 134.857 122.387 115.275 17.431 12.4705 24.3176 19.7602 11.5647 17.4319 1324.88 65.6466 58.9463 874.286 10.6007 1259.23 87.0242 869.2 864.373 822.928 811.669
internal_count=10374 3854 82 48 6520 820 179 5700 5670 641 567 515 485 74 52 104 84 49 75 5652 280 248 3772 46 5372 364 3750 3726 3540 3485
is_linear=0
shrinkage=0.05


Tree=215
num_leaves=31
num_cat=0
split_feature=12 2 12 0 8 12 0 8 9 3 0 0 2 0 9 2 2 0 0 11 3 7 0 8 0 9 7 9 0 12
split_gain=0.392578 4.87143 4.84326 3.8789 7.73216 4.85985 4.00413 4.7221 3.96565 3.7341 4.82486 4.23705 3.66175 3.20903 3.00207 6.51919 4.79624 3.80282 3.29456 1.98318 3.30926 2.17405 1.92507 4.2385 3.76269 1.79063 1.68402 4.98329 1.96881 1.6789
threshold=-0.025204511512827911 35.309396485867083 -0.027257248993911899 0.00058743273007416587 -0.17681502534809612 -0.024549272609793869 0.00024630524614839062 1.0697639020756007 1.1257816669112641 -0.43045467402157206 0.0046288803159307912 -0.00033737330238090474 67.209796243445993 0.0013740975602599564 0.87458801305873946 55.07692307692313 50.523574561403514 -0.00018422597243552345 -0.00018422597243552345 5.5000000000000009 -0.13311673059951964 0.014606223792196867 0.00087738574788552353 1.6056958893020561 0.0013027916566925428 1.4760359527203784 0.0070442841646802768 1.2331709870973901 -0.00081702195619442499 -0.029111967369152961
decision_type=2 2 2 2 2 2 2 2 2 2 2 2 2 2 2 2 2 2 2 2 2 2 2 2 2 2 2 2 2 2
left_child=2 -2 26 6 -5 12 14 8 -8 13 11 -11 -6 -4 16 18 -3 -17 -16 20 -13 -21 23 -7 -24 -12 27 28 -1 -28
right_child=1 3 9 4 5 22 7 -9 -10 10 25 19 -14 -15 15 17 -18 -19 -20 21 -22 -23 24 -25 -26 -27 29 -29 -30 -31
leaf_value=0.061542822468312587 -0.055764805013693887 0.017309889880108606 0.014690876577436084 -0.062323045001875757 -0.063553809065210423 -0.029737518772735168 0.05416110618993062 -0.016150509786332187 0.0010199541921043786 -0.0081975380436348395 -0.020034509248391771 0.05837787526354709 -0.0039943031114959785 -0.042710267505313232 0.011722241873198603 0.011841577591913566 -0.029239383135463051 0.066815365201843877 -0.037123402307137912 0.026265692767809587 0.01305068481596525 0.068346422801530526 0.016837026343530532 0.024786020553872481 -0.0023229369061663389 0.015215164542494245 -5.2145887010578089e-05 -0.023502361696192992 0.015166635707175644 -0.008946031453910713
leaf_weight=4.6804718524217597 4.0993665456771842 8.9198382049798983 4.7570295184850675 5.5250073522329322 5.5808055698871595 14.42768155038357 12.472287923097616 4.9520461410284033 4.8859902471303931 6.6793223917484275 8.6629059761762601 5.586527973413463 4.8003969639539719 4.9878627061843872 7.5508946180343628 6.3544030487537384 14.576927274465559 6.2301212921738607 6.3595981597900408 5.2240818142890912 14.422149091959005 7.441396564245224 29.610773347318172 4.7338920831680289 190.32371686398983 6.1678656190633765 1958.5983360856771 4.9248237311840048 4.4780426174402228 54.539490610361099
leaf_count=23 19 39 20 23 23 62 56 21 21 29 36 24 20 21 32 27 63 28 27 23 64 31 131 20 829 26 8364 21 20 231
internal_value=1.36293e-06 -0.0015975 0.000254749 -0.000919071 -0.00381743 -0.00252174 0.00930314 0.0269166 0.039203 0.013805 0.0189297 0.028089 -0.0360128 -0.0146895 0.00144261 0.0129812 -0.0115684 0.039057 -0.010609 0.0355068 0.0257063 0.0509895 -0.00106761 -0.0162674 0.000256655 -0.00537477 -0.000172563 0.0170571 0.0388673 -0.000293097
internal_weight=2422.55 331.404 2091.15 327.304 255.002 249.477 72.3021 22.3103 17.3583 63.9291 54.1842 39.3535 10.3812 9.74489 49.9918 26.495 23.4968 12.5845 13.9105 32.6742 20.0087 12.6655 239.096 19.1616 219.934 14.8308 2027.22 14.0833 9.15851 2013.14
internal_count=10374 1441 8933 1422 1108 1085 314 98 77 274 233 171 43 41 216 114 102 55 59 142 88 54 1042 82 960 62 8659 64 43 8595
is_linear=0
shrinkage=0.05


Tree=216
num_leaves=31
num_cat=0
split_feature=12 12 12 7 3 0 11 12 11 7 2 12 9 8 0 3 3 7 3 12 11 0 9 0 8 8 0 3 7 2
split_gain=0.382697 3.04235 3.35324 3.11482 2.83503 3.23247 5.74985 2.69052 4.3263 4.66461 3.09252 2.49027 5.88957 4.90557 8.44293 5.84129 3.86479 3.19018 2.23531 2.23254 3.64147 3.03507 2.72239 2.17488 2.14074 2.55865 2.11687 1.99729 1.55716 1.50233
threshold=-0.091932981769753466 -0.097918527090523622 -0.096881916948121261 0.018517848771013323 0.24401050814967734 -0.0036913943665344614 13.500000000000002 -0.089907849001697529 15.500000000000002 0.035524310734394764 34.306621199204358 -0.10539243722268714 1.1057922945125644 1.9643444550359737 -0.002006120654745609 0.0500980663623199 0.25147034631897619 0.032107465880783011 4.2233512829378066 -0.10770211305584154 9.5000000000000018 0.010929175309834322 0.94111808828196386 -0.0030205650450173915 -0.98218771120786486 -4.4277807691192725 -0.0021190597388806706 0.48641132959299366 0.023899940265919645 20.000000000000011
decision_type=2 2 2 2 2 2 2 2 2 2 2 2 2 2 2 2 2 2 2 2 2 2 2 2 2 2 2 2 2 2
left_child=1 11 28 23 5 -5 -7 8 9 -2 -10 18 13 14 15 -13 -16 24 19 21 -21 27 -22 -4 25 -14 -6 -1 -3 -9
right_child=7 2 3 4 26 6 -8 29 10 -11 -12 12 17 -15 16 -17 -18 -19 -20 20 22 -23 -24 -25 -26 -27 -28 -29 -30 -31
leaf_value=-0.00089321342579062294 0.012977052521239077 0.017851660272054187 0.053930470004254563 -0.01678127918856066 0.0065164627475206727 -1.9255055896181992e-06 0.049509846743547303 -0.01224531277085939 -0.015206845028674308 -0.042136114518160697 -0.072258929657167223 0.031234673547251596 -0.026395852883311754 0.044497307223686472 -0.042430075289620901 -0.01738762160672563 0.0027435385557095012 -0.056676077212289289 -0.029575436207659223 -0.014309648122367258 0.057725180187686943 0.038482059862319853 0.011494126831370651 0.0091475499674068504 -0.044644201204144064 0.022155396586294594 -0.034098328014407507 0.011972715205211384 0.057744007597150142 7.406504362324315e-05
leaf_weight=298.86743909306824 14.18755821883679 4.8189477324485761 5.2246504724025726 9.1974952667951495 5.2359571456909171 16.307069949805747 9.1562900245189649 25.081055641174316 4.8594448864459974 5.2635983377695075 4.6463374942541122 17.483876839280132 6.0627816766500473 5.6870996654033652 14.661344923079016 9.5515296161174756 6.9930894523859015 7.3834957778453818 5.7201904207468024 5.7154216393828419 6.1316948384046537 5.3171816989779463 6.6248018592596054 5.6353997439146024 4.818384677171708 4.9123328477144241 8.2842721343040449 33.551072143018246 4.9681690260767937 1859.5629700571299
leaf_count=1393 60 20 22 39 22 69 38 106 21 23 20 73 26 26 62 41 30 33 25 26 26 42 28 25 20 20 35 156 21 7826
internal_value=1.65851e-06 0.00122115 0.0109957 0.00650237 0.00104999 0.00862499 0.0178019 -0.000322276 -0.0154475 -0.0019369 -0.0430934 -0.000309663 -0.00844043 0.000555185 -0.00457737 0.0140566 -0.0278417 -0.0295456 0.0014326 0.00193055 0.0188564 0.00100481 0.0337161 0.0306921 -0.016862 -0.00466488 -0.0183695 0.000405348 0.0381019 -8.98826e-05
internal_weight=2421.91 508.31 68.8283 59.0411 48.1811 34.6609 25.4634 1913.6 28.9569 19.4512 9.50578 439.482 77.5539 54.3769 48.6898 27.0354 21.6544 23.177 361.928 356.208 18.4719 337.736 12.7565 10.8601 15.7935 10.9751 13.5202 332.419 9.78712 1884.64
internal_count=10374 2318 291 250 203 146 107 8056 124 83 41 2027 331 232 206 114 92 99 1696 1671 80 1591 54 47 66 46 57 1549 41 7932
is_linear=0
shrinkage=0.05


Tree=217
num_leaves=30
num_cat=0
split_feature=9 12 12 9 11 12 9 0 0 9 11 3 3 8 0 0 7 9 9 7 7 7 2 3 7 3 9 7 8
split_gain=0.374226 0.9057 2.29165 2.25663 1.5686 1.55694 0.671506 2.15584 1.71759 0.528892 2.71486 2.85868 4.45728 3.10316 2.78474 3.2469 0.608947 1.82537 3.33225 1.90129 1.38013 3.5067 4.41585 3.20833 3.86847 3.18602 2.07847 0.211938 0.196228
threshold=0.33197407145317887 -0.045269153101722977 -0.031517150374365498 0.25360638860852919 17.500000000000004 -0.021525649922596542 0.38875348084063305 -0.0017284812162363201 0.0018025380095504048 0.49761670988484791 17.500000000000004 0.097189793247971598 0.055089085264438543 -1.0253359924049952 3.2434529453189076e-05 0.0011115702852605811 0.0099952522891580877 0.57590454728015883 0.61399110112556199 0.0091053072037568742 0.01312013835352553 0.013940300079159284 52.853441894892683 0.089884727055713612 0.010799108437434273 -0.28299637944979966 0.58637800884051494 0.014705072468463103 0.49584662663340412
decision_type=2 2 2 2 2 2 2 2 2 2 2 2 2 2 2 2 2 2 2 2 2 2 2 2 2 2 2 2 2
left_child=1 3 -3 -1 -5 -4 7 -2 27 10 11 12 13 -8 -13 -16 17 28 -19 -20 23 22 -22 25 -25 -18 -23 -9 -11
right_child=6 2 5 4 -6 -7 9 8 -10 16 -12 14 -14 -15 15 -17 20 18 19 -21 21 26 -24 24 -26 -27 -28 -29 -30
leaf_value=-0.023410406325792832 0.021622445758345293 0.039860729949083497 -0.018556906257933083 0.03074425628843341 -0.010710556542723982 0.018021623513836234 -0.012669805126727593 -0.024372623050453235 0.0037732156935726181 0.031266765056936145 -0.024307966825076816 0.044364090320166832 -0.044773653707759875 0.016816975014405277 -0.022675370796341666 0.024665793940895755 0.0013408782340166726 -0.037203143890135237 8.5918851400249496e-05 0.014157123926505692 1.9316273914182964e-05 -0.0071024574267144914 0.026562262004486643 0.029244731010652409 -0.0015084538963665989 -0.015979388513563172 5.0146283752543513e-05 -0.039660632346597544 0.017060091805104174
leaf_weight=7.523674480617049 4.2825912386178997 5.5109474882483509 5.5144422501325616 5.4406754150986654 3.9304478466510773 6.1574293076992008 14.560787178575991 4.5320991277694684 5.3169260099530211 4.5982403010129911 7.5412721298634997 8.350677467882635 5.0172685980796805 23.04255797713995 5.4390699267387417 10.840455356985329 41.824002727866173 5.380383074283599 122.99134462326765 29.828408345580101 36.029734656214714 107.75354994833469 27.729087144136429 12.407670393586157 58.152510285377502 72.707231640815735 1769.2262491844594 4.5358096808195114 5.156135156750679
leaf_count=34 19 27 26 29 17 31 62 20 23 20 34 37 22 100 23 50 175 23 557 136 150 467 120 55 244 307 7523 20 23
internal_value=1.53745e-06 0.00520419 0.0132869 -0.00301632 0.0133572 0.000739889 -7.27297e-05 -0.00951873 -0.0187899 1.71691e-06 0.00413941 0.0073294 -0.000507211 0.00539909 0.02089 0.00884888 -0.000133198 0.00276516 0.00147082 0.00283243 -0.000362188 3.12501e-05 0.011563 -0.0044875 0.00389935 -0.00965445 -0.00036047 -0.0320198 0.0237572
internal_weight=2421.32 34.0776 17.1828 16.8948 9.37112 11.6719 2387.24 18.6674 14.3848 2368.58 74.7921 67.2508 42.6206 37.6033 24.6302 16.2795 2293.78 167.955 158.2 152.82 2125.83 1940.74 63.7588 185.091 70.5602 114.531 1876.98 9.06791 9.75438
internal_count=10374 164 84 80 46 57 10210 82 63 10128 328 294 184 162 110 73 9800 759 716 693 9041 8260 270 781 299 482 7990 40 43
is_linear=0
shrinkage=0.05


Tree=218
num_leaves=31
num_cat=0
split_feature=12 12 12 2 3 12 2 7 3 2 8 8 2 2 12 0 3 12 8 8 3 9 12 12 3 0 2 8 8 7
split_gain=0.395134 5.89484 3.86068 3.45103 3.27944 5.39718 4.47373 4.28156 3.8528 2.75045 2.4574 4.02041 2.24549 9.46109 5.19902 3.4527 3.62966 4.81277 2.45397 5.7814 2.18805 5.14735 3.26449 3.40474 3.09895 2.67281 3.30186 2.36941 1.84932 1.83829
threshold=-0.055194755903572632 -0.052386107488940264 -0.052122382122382092 55.685220468154604 -1.6787218103267696 -0.036179506064646129 46.288644015916752 0.011065114088788052 -1.5059380293982547 57.601816180517297 -2.8359260036161817 -2.731517865981 50.917508417508422 53.947368421052666 -0.054315420580150681 0.00095044592550135455 -0.077079158230222114 -0.053199173683661533 4.4853418738469557 1.5334381079822728 -1.0769524651140319 1.5700082881422601 -0.080165909924784381 -0.069842671705553819 -1.8610580304532383 0.00019190657532109834 47.403125669021613 -3.1228515733045792 -0.35054950006349134 0.025043793683955883
decision_type=2 2 2 2 2 2 2 2 2 2 2 2 2 2 2 2 2 2 2 2 2 2 2 2 2 2 2 2 2 2
left_child=20 12 3 -3 5 6 -4 -7 -6 -9 -10 -12 15 -14 -15 16 -2 -18 19 -16 21 22 24 -24 27 26 -25 -1 -26 -29
right_child=1 2 4 -5 8 7 -8 9 10 -11 11 -13 13 14 18 -17 17 -19 -20 -21 -22 -23 23 25 28 -27 -28 29 -30 -31
leaf_value=-0.041000284340628634 -0.041186285045812933 0.0018423145043322934 0.0060857889322098041 0.060589442021413732 0.04752266470882241 -0.028362355614030367 -0.050602153751958381 0.034996167928442116 -0.027070263316453159 -0.0080358912351567151 0.056470681580384853 0.00031951203143927212 0.047963673466766395 0.014654781413378601 -0.058878180605153707 -0.062869304612999319 -0.019399868907238164 0.03704804237580181 -0.058649158291873477 0.0096809291429292704 0.00011337000170909553 -0.032850347476345611 0.052478066148013328 0.020706779495334199 0.036077498038984059 0.038093513003933259 -0.03228883724884607 -0.026227678372460927 0.0002956435337497774 0.011445895255961075
leaf_weight=4.6204031184315673 10.491558134555818 5.0108919441699964 4.8016929477453258 4.9885970950126648 4.332853451371192 7.7789749354124096 12.648026317358015 8.9749238938093168 8.1512186974287015 6.3339006900787345 3.1973989307880393 1063.1416186392307 6.6102707237005225 8.1130356490612048 5.4780014604330081 4.8553478568792334 14.566706359386446 5.0974559336900702 6.310290500521659 7.0098302811384201 1152.9716304987669 6.5829149186611167 8.5641034394502658 7.7332890480756777 8.3689979724585992 7.6565908640623084 4.741012305021286 4.6724159270525005 6.3514999374747267 10.5475862249732
leaf_count=21 45 21 20 21 19 33 53 38 34 27 13 4497 27 34 23 20 62 21 28 29 4999 29 38 32 38 32 20 20 30 50
internal_value=1.64734e-06 -0.000643772 0.000220258 0.0311504 -5.60472e-05 -0.0140175 -0.0350032 0.00184337 0.000468565 0.017192 0.000278821 0.00048788 -0.0148823 -0.00563278 -0.0187978 -0.0237383 -0.0174378 -0.00476712 -0.0332356 -0.0203937 0.000633915 0.00922761 0.0136066 0.0260723 0.00325664 0.0148387 0.000565141 -0.00963982 0.0206386 -0.000119583
internal_weight=2420.7 1197.89 1129.36 9.99949 1119.36 40.5375 17.4497 23.0878 1078.82 15.3088 1074.49 1066.34 68.5325 33.5214 26.9112 35.0111 30.1557 19.6642 18.7981 12.4878 1222.81 69.8388 63.2559 28.695 34.5609 20.1309 12.4743 19.8404 14.7205 15.22
internal_count=10374 5065 4776 42 4734 171 73 98 4563 65 4544 4510 289 141 114 148 128 83 80 52 5309 310 281 122 159 84 52 91 68 70
is_linear=0
shrinkage=0.05


Tree=219
num_leaves=31
num_cat=0
split_feature=12 2 12 0 8 12 0 8 9 3 7 2 11 0 12 0 9 2 2 0 0 0 9 8 8 11 7 9 0 12
split_gain=0.3914 4.45378 4.36257 3.55723 7.04182 4.36227 3.67927 4.31635 3.66936 3.38394 4.56339 3.29896 3.14967 3.17994 3.68728 2.90605 2.71617 5.91667 4.31248 3.55943 2.97982 2.43356 1.84826 2.11993 1.94433 1.59526 1.55309 4.52504 1.86118 1.55806
threshold=-0.025204511512827911 35.309396485867083 -0.027257248993911899 0.00058743273007416587 -0.17681502534809612 -0.024549272609793869 0.00024630524614839062 1.0697639020756007 1.1257816669112641 -0.43045467402157206 0.027937107397923468 67.209796243445993 14.500000000000002 0.0027078371026616941 -0.026576047687861291 0.0013740975602599564 0.87458801305873946 55.07692307692313 50.523574561403514 -0.00018422597243552345 -0.00018422597243552345 0.0017255099581645922 2.3434593178482097 6.9250506593193668 0.030358856615780448 10.500000000000002 0.0070442841646802768 1.2331709870973901 -0.00081702195619442499 -0.029111967369152961
decision_type=2 2 2 2 2 2 2 2 2 2 2 2 2 2 2 2 2 2 2 2 2 2 2 2 2 2 2 2 2 2
left_child=2 -2 26 6 -5 11 16 8 -8 15 12 -6 13 21 -15 -4 18 20 -3 -19 -18 -11 24 -24 -7 -20 27 28 -1 -28
right_child=1 3 9 4 5 22 7 -9 -10 10 -12 -13 -14 14 -16 -17 17 19 25 -21 -22 -23 23 -25 -26 -27 29 -29 -30 -31
leaf_value=0.059951872716910465 -0.053841495210409263 0.016397737614705754 0.014035611600582039 -0.059542174386334815 -0.060305670699266928 0.032781791674654691 0.052189445104885782 -0.015300962926421639 0.00098297099274245628 0.032378251779222142 -0.026556668142304569 -0.0038047462708378811 -0.014894447734115721 0.038956365533184302 -0.0010687128682353433 -0.040600396117233657 0.011172964113144716 0.011082601504481386 -0.003433234444981659 0.064512464480723467 -0.035263304561075938 0.074178649332686225 0.035224400287558313 -0.0069128834934606524 -0.0027467466939733436 -0.039024704307609896 -3.3562834976906106e-05 -0.022151274235859983 0.014532901618006007 -0.0086037913440153574
leaf_weight=4.5633628219366065 4.0295233875513068 8.8878363966941851 4.7461182624101621 5.527940794825553 5.590890020132063 3.9185851067304602 12.322438992559915 4.9570867717266074 4.8855679333209983 15.240596458315851 5.1852473914623252 4.8028172701597214 4.980811968445777 9.5528709143400174 14.470399588346483 4.9954599589109421 7.5476921796798706 6.3431655466556549 4.6001992970705023 6.1289484128355962 6.3707953691482562 4.5130058079957953 7.2049787789583188 5.0961062610149384 222.72390884160995 9.9753822684288007 1956.8493485823274 4.9081344455480567 4.4600326865911475 54.509308353066444
leaf_count=23 19 39 20 23 23 17 56 21 21 67 22 20 22 40 61 21 32 27 20 28 27 21 32 22 971 43 8364 21 20 231
internal_value=1.50206e-06 -0.00159618 0.000254591 -0.000952154 -0.00372482 -0.00248732 0.00885991 0.0258088 0.0376513 0.0131401 0.018038 -0.0341972 0.0227805 0.0270671 0.0148473 -0.0139816 0.00132442 0.0123289 -0.0110529 0.0373387 -0.0100819 0.0419282 -0.00110798 0.0177677 -0.00213247 -0.0277917 -0.000150589 0.0164862 0.0375024 -0.000265822
internal_weight=2419.89 330.914 2088.97 326.884 254.865 249.337 72.0191 22.1651 17.208 63.6845 53.9429 10.3937 48.7577 43.7769 24.0233 9.74158 49.854 26.3906 23.4634 12.4721 13.9185 19.7536 238.944 12.3011 226.642 14.5756 2025.29 13.9315 9.0234 2011.36
internal_count=10374 1441 8933 1422 1108 1085 314 98 77 274 233 43 211 189 101 41 216 114 102 55 59 88 1042 54 988 63 8659 64 43 8595
is_linear=0
shrinkage=0.05


Tree=220
num_leaves=31
num_cat=0
split_feature=2 0 12 12 11 7 3 7 7 9 8 12 0 8 2 2 9 12 11 7 7 9 2 12 11 12 8 8 2 12
split_gain=0.389811 2.52946 2.06808 3.9818 4.38239 2.26438 5.044 5.36096 2.28606 4.81783 2.75432 1.48072 1.38113 4.66609 3.69935 3.83539 3.22822 2.90978 2.47327 4.89487 5.82123 4.80546 2.69084 3.31944 3.30608 3.89368 3.48104 3.27679 6.53844 3.9193
threshold=39.044357469014983 0.0030042827295598431 -0.02392172333516859 -0.034191598411781966 13.500000000000002 0.013554662611714329 -0.45815408896967275 0.012304081561218429 0.015044656613801059 0.88038076206800608 -1.1859829308828631 -0.028749278177816421 -0.0042965583590263918 -4.1838059200720332 40.338521772345288 42.253521126760553 0.71252331428670657 -0.10539243722268714 19.500000000000004 0.023365593973599417 0.019380450770710798 1.0789758244699224 40.525755089113481 -0.10437244385864768 15.500000000000002 -0.061657339474422722 -0.57106486873262585 -3.7464714275274162 44.657141112535875 -0.088955555955358007
decision_type=2 2 2 2 2 2 2 2 2 2 2 2 2 2 2 2 2 2 2 2 2 2 2 2 2 2 2 2 2 2
left_child=1 2 3 5 11 6 -1 -8 9 -7 -10 -5 13 -2 -15 -16 -17 -18 22 20 21 -20 23 -14 26 -26 -25 28 29 -24
right_child=12 -3 -4 4 -6 8 7 -9 10 -11 -12 -13 18 14 15 16 17 -19 19 -21 -22 -23 27 24 25 -27 -28 -29 -30 -31
leaf_value=0.038475800772178645 -0.050065278067650126 0.034329253977557171 -0.032305656194170675 0.056672786076039219 -0.013067438011201285 0.031923529507029057 -0.0026355423276286983 -0.036105075085031961 0.0013590386490576498 -0.0048359925001437466 -0.016034289312704762 0.020191887469871911 -0.039699646345633291 0.041739259565266876 -0.036558058182658837 -0.023397692469604825 0.020736965009606929 -0.016450846658501665 0.038149122035910296 0.046372622505734054 -0.030721347122746656 -0.016595414641685732 0.018932975472534527 -0.023050246402844143 0.039470913005890229 -0.010703224674522303 0.019711441389848625 -0.00027283282730692976 -0.018273420147404934 0.075594265395015514
leaf_weight=5.1576966047286978 5.9316389486193648 5.6701458655297747 4.6870962977409354 6.9785155504941949 5.2101919800043097 17.906303063035011 37.819236569106579 17.50050488114357 468.55513370968401 17.748680144548416 23.922990545630455 4.624927446246148 8.6280260533094388 4.2035306692123404 8.9655718356370908 10.40719326213002 17.728022135794159 7.4794040471315446 11.502746373414999 8.3778745234012586 8.7933184355497342 6.1528056412935248 7.6088331043720254 25.962823793292046 7.3130123466253272 8.2050682902336103 5.8275006115436581 1638.1007356308401 7.0903234630823126 5.095935970544816
leaf_count=23 27 29 22 30 23 75 162 74 2026 74 100 21 37 18 39 52 82 32 48 35 37 26 33 109 30 35 25 6998 31 21
internal_value=1.78471e-06 0.00108795 0.000779015 0.00103515 0.025027 0.000349826 -0.00881461 -0.0132237 0.00139926 0.013625 0.000514127 0.0421321 -0.000369097 -0.00819153 -0.00310007 -0.00732804 3.02836e-05 0.00970281 -0.000124334 0.0130668 0.00251688 0.0190711 -0.00039239 -0.0111784 -0.00597675 0.0129417 -0.0152116 -2.84763e-05 0.0201927 0.0416601
internal_weight=2419.16 615.781 610.111 605.424 16.8136 588.611 60.4774 55.3197 528.133 35.655 492.478 11.6034 1803.37 54.7154 48.7837 44.5802 35.6146 25.2074 1748.66 34.8267 26.4489 17.6556 1713.83 55.9364 47.3084 15.5181 31.7903 1657.9 19.7951 12.7048
internal_count=10374 2659 2630 2608 74 2534 259 236 2275 149 2126 51 7715 250 223 205 166 114 7465 146 111 74 7319 236 199 65 134 7083 85 54
is_linear=0
shrinkage=0.05


Tree=221
num_leaves=31
num_cat=0
split_feature=12 7 8 11 12 9 9 12 7 3 0 2 0 7 0 2 0 3 3 11 3 3 9 3 3 0 0 11 7 9
split_gain=0.369701 2.75389 3.49389 4.36943 5.07806 2.76156 6.06094 2.01199 5.5071 6.81916 4.85696 12.2806 6.01631 8.21727 7.56883 3.28746 3.20262 5.69077 3.19511 5.60707 5.02401 2.92105 4.02883 2.92681 2.96649 2.86171 6.80323 4.30774 2.78826 2.26466
threshold=-0.042870513568655295 0.011904761904761899 -1.6123344743971502 12.500000000000002 -0.056514604163118966 0.88885107977028077 0.64608684559211793 -0.0359130914793949 0.012817470458666472 0.28186116846964343 0.0025566900247485222 68.989794917083728 0.00098898899637192344 0.016783867441615048 1.0000000180025095e-35 70.784064420428123 0.0055606423617909949 -0.11923623200703583 -0.013068114610492379 14.500000000000002 0.21496895787844786 0.84841635745763899 0.98293405125777067 0.51822614881113138 0.36091421058480377 -0.0014877325795672651 -0.0017284812162363201 17.500000000000004 0.018031794237614682 0.1799742128329683
decision_type=2 2 2 2 2 2 2 2 2 2 2 2 2 2 2 2 2 2 2 2 2 2 2 2 2 2 2 2 2 2
left_child=1 2 3 -1 -5 6 -4 8 18 10 12 28 14 -14 -10 -13 25 -18 19 -2 -20 23 -23 24 -11 26 -9 29 -12 -27
right_child=7 -3 5 4 -6 -7 -8 16 9 21 11 15 13 -15 -16 -17 17 -19 20 -21 -22 22 -24 -25 -26 27 -28 -29 -30 -31
leaf_value=0.02774675473872644 -0.033767557061916767 0.0001085379548083983 0.058640125125314628 0.0075956318399813556 -0.055623010333598726 0.046547342892911042 -0.01416213347282584 -0.0059378351545154593 0.0047765585610721672 0.048445477104726027 -0.069867181644291593 0.045788785758728669 0.062726313178515444 0.0044719053603834184 -0.035283528528288755 0.00068394764689155211 -0.046714641443866216 -0.0039298065193264856 -0.065602835973362181 0.032604507727801796 -0.012448593825854309 -0.024601050283408032 0.028956292865410349 0.064553419887604574 0.0032542799115878825 0.040288437534726176 0.074657814763222363 -0.032077077672252631 -0.030008167251061143 0.0014916249512926685
leaf_weight=7.7814061790704754 7.5463130623102206 1503.5128164440393 4.3823368251323727 7.3683542758226404 5.5835596472024891 9.7859157174825651 8.2234615832567197 6.3790638148784637 32.537676677107811 5.7474906891584423 5.0907201766967765 5.0013107508420971 7.7070714533329001 28.215554982423782 18.49183289706707 21.011497169733047 9.1601458489894849 51.284808620810509 8.6720150262117404 5.5020921528339386 9.1210712939500791 7.4083960950374586 6.6753669083118439 4.7952824234962454 9.8632840812206251 3.7863115668296805 4.4414125978946668 9.5697884261608106 31.763274401426315 572.14087131619453
leaf_count=33 32 6473 20 32 24 46 35 27 136 24 21 21 32 115 76 87 39 218 36 24 38 31 28 20 41 19 20 41 131 2454
internal_value=1.70859e-06 0.00046586 0.0129236 -0.00186648 -0.0196579 0.0266182 0.0111472 -0.000821625 -0.00501805 -0.00174573 -0.00636023 -0.0169479 0.00129467 0.0169702 -0.00974023 0.00935596 0.000553091 -0.0104136 -0.0245734 -0.0057806 -0.038355 0.018299 0.00078385 0.0303875 0.0198925 0.00166472 0.0271438 0.00119385 -0.035514 0.00174669
internal_weight=2418.55 1546.64 43.125 20.7333 12.9519 22.3917 12.6058 871.913 215.15 184.309 149.819 62.8668 86.9521 35.9226 51.0295 26.0128 656.762 60.445 30.8415 13.0484 17.7931 34.4898 14.0838 20.4061 15.6108 596.317 10.8205 585.497 36.854 575.927
internal_count=10374 6663 190 89 56 101 55 3711 893 763 619 260 359 147 212 108 2818 257 130 56 74 144 59 85 65 2561 47 2514 152 2473
is_linear=0
shrinkage=0.05


Tree=222
num_leaves=31
num_cat=0
split_feature=3 3 0 3 13 2 0 2 12 11 8 7 12 8 11 7 8 11 2 3 11 0 3 2 2 8 9 8 11 11
split_gain=0.393331 3.92944 4.49198 3.53322 3.12951 2.46379 3.83297 4.24485 4.0805 3.28437 2.90704 3.59923 2.75378 6.19282 5.57763 5.98348 4.68114 3.83605 3.18313 2.63428 3.22913 8.06402 4.56455 2.76704 6.23632 3.49031 2.08017 3.71371 2.21309 1.13596
threshold=0.25147034631897619 0.23383629890641536 -0.00068670030074145913 0.24001113130134663 1.0000000180025095e-35 44.657141112535875 0.0027078371026616941 43.286812689797763 -0.049107581189396808 14.500000000000002 -2.3592412660026807 0.032107465880783011 -0.061150259713187195 -2.4727964358263339 5.5000000000000009 0.0173075559337659 -3.8747767890438518 5.5000000000000009 37.070308303792039 0.33602190679971539 6.5000000000000009 0.00091030803316081987 0.26211935006871562 45.722156631247536 46.072923551443075 -2.0348494794486673 1.3301045699919292 0.55424389503079052 1.5000000000000002 15.500000000000002
decision_type=2 2 2 2 2 2 2 2 2 2 2 2 2 2 2 2 2 2 2 2 2 2 2 2 2 2 2 2 2 2
left_child=1 -1 29 -4 -5 6 7 12 9 -9 11 -7 14 18 16 -16 -2 -15 -14 20 26 22 -22 -21 -25 -26 27 -12 -28 -3
right_child=5 2 3 4 -6 10 -8 8 -10 -11 19 -13 13 17 15 -17 -18 -19 -20 23 21 -23 -24 24 25 -27 28 -29 -30 -31
leaf_value=6.2172281708132855e-05 0.012934515122554842 -0.024717173001736089 0.068957534739047463 0.04264130628779586 -0.0077934293189621156 -0.055232471634205818 -0.036333500415491451 0.075691777724814502 -0.0030326373652577476 0.01781871026667518 -0.042566207278485826 -0.0043377218505073721 -0.018278768168440793 -0.017781947040973977 0.035362003012579801 -0.0019677023790711633 0.07335509169290301 0.015086233773615454 -0.066200163996324488 0.028104224574672966 0.032907381257415269 0.048089388114414947 -0.023361104020666944 -0.055724816132766503 0.057048078558733312 -0.00094142136209846125 -0.061266332832900422 3.8806251002596238e-05 -0.016871904002175409 0.0078954263835214981
leaf_weight=1841.1055673882365 7.9173499122262001 4.7986609414219874 5.2013287991285351 6.8129124194383603 5.6072895526885986 5.9929463267326346 5.8668253757059565 5.3538808822631818 6.0203295648097983 4.5223119705915451 7.5503181070089367 8.26396796107292 13.000205457210543 13.158581271767614 12.323203444480894 83.26969063654542 5.3867649883031827 27.28292290866375 4.7246280759572974 8.1700141206383687 4.3825530260801377 6.8109191805124274 20.293299898505211 5.1873528212308875 2.6206724494695655 262.94833859056234 5.825005888938902 15.856044664978979 5.4186978489160538 6.0196768268942833
leaf_count=7892 35 21 22 29 24 25 27 22 25 20 32 36 54 55 53 364 22 115 20 35 20 29 89 22 11 1134 25 67 23 26
internal_value=1.74599e-06 0.000347072 0.0187906 0.0343604 0.0198718 -0.00117605 0.00344811 0.00472376 0.0294133 0.0491917 -0.00360609 -0.0257315 0.00237448 -0.00640899 0.0070661 0.0028446 0.0373985 0.00439181 -0.0310524 -0.00269194 -0.0116636 -7.37646e-05 -0.0133675 -0.000564641 -0.00142972 -0.000369173 -0.0221954 -0.0137045 -0.0398712 -0.00657046
internal_weight=2417.69 1869.55 28.4399 17.6215 12.4202 548.147 188.827 182.96 15.8965 9.87619 359.32 14.2569 167.063 58.1663 108.897 95.5929 13.3041 40.4415 17.7248 345.063 66.1368 31.4868 24.6759 278.926 270.756 265.569 34.6501 23.4064 11.2437 10.8183
internal_count=10374 8014 122 75 53 2360 812 785 67 42 1548 61 718 244 474 417 57 170 74 1487 285 138 109 1202 1167 1145 147 99 48 47
is_linear=0
shrinkage=0.05


Tree=223
num_leaves=27
num_cat=0
split_feature=12 12 7 3 7 11 12 8 3 3 3 8 9 2 13 12 11 9 8 2 9 11 0 0 12 8
split_gain=0.371238 3.01974 4.99292 2.85269 2.74697 2.366 4.6528 5.93552 2.93573 6.65756 3.42456 2.76968 2.51424 2.02321 1.96576 0.82441 13.2452 2.97709 5.48628 0.902227 4.91136 0.724992 5.76527 5.57292 3.26592 3.10351
threshold=-0.017045454545454513 -0.018257219127580989 0.014502818315053964 -0.54595770544265931 0.019995885165415794 5.5000000000000009 -0.016604425916965475 0.061131866419586699 -0.21841429278087418 -0.1147893066402661 -0.08370722980207923 0.91350366494786039 1.3562374464936582 82.421312139769483 1.0000000180025095e-35 -0.019367094514077244 9.5000000000000018 1.1568649511910538 1.5667807258012763 88.380316518298756 1.409483231878726 8.5000000000000018 -0.0028223932769870503 -0.0017939980280988164 -0.020187896965419967 9.9230305818041202
decision_type=2 2 2 2 2 2 2 2 2 2 2 2 2 2 2 2 2 2 2 2 2 2 2 2 2 2
left_child=1 15 14 -2 5 8 -7 -8 11 -10 -11 -5 -9 -6 -3 19 17 18 -17 21 -21 22 -1 -24 25 -23
right_child=3 2 -4 4 13 6 7 12 9 10 -12 -13 -14 -15 -16 16 -18 -19 -20 20 -22 24 23 -25 -26 -27
leaf_value=0.056894793529641302 0.032682713329131016 0.013320423084416735 -0.020000141521658615 0.0084929852059186049 0.042295526736951472 -0.063034959053468537 0.04506463624422271 -0.025980216414187109 0.046682354745202326 -0.043086004190509869 0.00085146241190464655 -0.041092778698995254 0.011295083889361061 -0.0030374407909377526 0.054622304614470908 -0.010846663111417213 0.052413794252598594 0.00056343601710297036 -0.072439033779493067 0.050613441334824108 -0.01942569267271806 -0.00116276598303209 -0.02985786112291729 0.0012532590222857764 0.040496116408061007 0.024856774006929511
leaf_weight=4.599803000688552 5.473106935620307 4.7179483175277728 5.2077642381191245 4.347240284085272 5.2509230375289899 4.7453883439302436 4.2476724982261649 22.19705937802792 7.6712575703859249 4.8669663816690365 49.944897219538703 7.9959133267402649 5.681772641837596 4.6326898634433746 7.3989376872777939 7.4175612032413536 6.707127057015895 6.1907074302434912 7.053447425365448 4.9320175945758802 5.0822186544537544 1242.8463143762201 14.614109024405478 957.15115480870008 4.7774750590324393 11.566897407174109
leaf_count=22 25 20 22 20 22 20 20 96 35 22 228 36 26 20 35 32 30 27 30 22 24 5335 61 4065 21 58
internal_value=1.69658e-06 0.000147639 0.0209433 -0.00262903 -0.00421862 -0.00645424 -0.0168208 -0.0099945 -0.00134596 0.00305587 -0.00304992 -0.0236287 -0.0183834 0.0210469 0.0385406 -1.08684e-05 -0.00863634 -0.0284542 -0.040868 9.42582e-05 0.0150686 2.71801e-05 0.00104973 0.000785387 -0.000765694 -0.000922841
internal_weight=2417.32 2290.26 17.3247 127.055 121.582 111.698 36.8719 32.1265 74.8263 62.4831 54.8119 12.3432 27.8788 9.88361 12.1169 2272.94 27.3688 20.6617 14.471 2245.57 10.0142 2235.56 976.365 971.765 1259.19 1254.41
internal_count=10374 9804 77 570 545 503 162 142 341 285 250 56 122 42 55 9727 119 89 62 9608 46 9562 4148 4126 5414 5393
is_linear=0
shrinkage=0.05


Tree=224
num_leaves=31
num_cat=0
split_feature=8 8 2 7 9 2 12 12 3 9 2 7 3 7 0 3 2 0 3 8 3 0 2 12 0 0 11 0 2 2
split_gain=0.388074 5.62813 4.19616 5.67516 5.88046 3.13503 4.09897 4.02883 3.6635 2.9686 2.74989 2.62055 3.64978 4.14513 3.13233 2.88025 2.61219 3.86172 4.95713 3.68685 2.60758 2.42354 4.87151 3.57176 2.90929 2.24474 3.36656 3.10614 2.21536 4.99219
threshold=3.3377858500789537 3.4057678343148043 65.39126963002397 0.02590028065395994 0.82882484791884059 61.682242990654181 -0.038285840402097128 -0.04350463992473478 0.067678523777688931 0.98937541420632313 61.456439393939412 0.016346975087986864 0.67876323045573439 0.012420129221103722 0.0030042827295598431 0.043620654249984625 67.721518987341781 0.0019298452930141547 -0.12561875166625425 1.6056958893020561 -0.18224330822006127 0.0046288803159307912 57.142857142857146 -0.053612634349638068 0.0060480702069804727 0.0029568571602308657 4.5000000000000009 0.0019298452930141547 65.866824044219229 68.989794917083728
decision_type=2 2 2 2 2 2 2 2 2 2 2 2 2 2 2 2 2 2 2 2 2 2 2 2 2 2 2 2 2 2
left_child=2 -2 5 16 -5 10 7 8 9 -7 21 12 13 -8 15 -13 17 19 -19 20 -4 25 23 -23 -24 27 -27 -1 -3 -30
right_child=1 28 3 4 -6 6 11 -9 -10 -11 -12 14 -14 -15 -16 -17 -18 18 -20 -21 -22 22 24 -25 -26 26 -28 -29 29 -31
leaf_value=-0.00046082026746475713 -0.040112412978820879 0.004997977915583071 0.035546158641668088 9.3208535386108066e-05 0.073193070539747621 0.021904809846229265 -0.029949538568870011 0.035432547435387061 -0.026908912554564512 -0.016019707976924737 0.032153201713392941 -0.058252591415954791 0.031232983302147983 0.0053118466726761971 -0.0046932749770221124 -0.015934592051117785 0.0012763254889227211 -0.02659245656324339 0.032033048353129895 0.045451082805040705 -0.013777544246034213 0.0083287963197309096 0.057385009424481492 -0.036961210573738988 0.011136506481714194 -0.0043197991023744432 -0.033970850336997822 0.0084507921806547086 -0.015830468109098213 0.00019716564892162966
leaf_weight=1456.8184711821377 9.1541368663310987 130.23204747214913 4.5949024558067322 4.7549575567245466 6.5285209864377975 13.924730680882933 18.840108796954155 7.9918915182352057 11.531004190444945 8.1978832781314832 6.6890296041965476 10.23120947182179 5.0472647100687018 14.946596115827559 8.709501311182974 6.6241818815469733 101.57308059185743 9.193517714738844 5.9325425699353209 13.983972147107123 6.4283797442913073 24.807359293103218 7.4722722768783552 5.2798138111829784 6.2401088029146194 67.986620888113976 11.141778662800787 104.81468553841114 59.365927055478096 267.5042122900486
leaf_count=6208 40 583 20 23 29 59 81 33 49 34 28 42 22 63 36 27 455 39 26 61 29 115 32 22 29 284 47 441 258 1159
internal_value=1.86532e-06 -0.00129402 0.000311674 0.00826091 0.0423881 -0.000364983 -0.00870451 0.00351964 -0.00405888 0.00785128 0.00015792 -0.0166096 -0.00842606 -0.0143506 -0.0290408 -0.0416216 0.0055435 0.0163433 -0.00359914 0.0284058 0.00678236 3.08733e-05 0.0116384 0.00038113 0.0363387 -0.000278985 -0.00849485 0.000137315 -0.000516626 -0.00271376
internal_weight=2416.54 466.256 1950.28 152.99 11.2835 1797.29 106.044 41.6455 33.6536 22.1226 1691.25 64.3989 38.834 33.7867 25.5649 16.8554 141.706 40.1333 15.1261 25.0073 11.0233 1684.56 43.7996 30.0872 13.7124 1640.76 79.1284 1561.63 457.102 326.87
internal_count=10374 2040 8334 682 52 7652 446 175 142 93 7206 271 166 144 105 69 630 175 65 110 49 7178 198 137 61 6980 331 6649 2000 1417
is_linear=0
shrinkage=0.05


Tree=225
num_leaves=31
num_cat=0
split_feature=2 13 12 12 11 8 2 3 9 9 9 0 2 7 7 12 7 7 12 7 8 8 0 2 7 8 8 9 8 8
split_gain=0.383421 2.45487 2.61511 3.11443 3.79889 2.0866 3.11137 2.83667 2.74163 2.08236 6.00787 2.94037 1.28696 4.16462 5.31657 3.81092 3.46819 3.81853 3.28656 3.17178 3.07046 4.3236 3.46112 2.52978 2.43053 2.26057 1.28064 4.10219 6.68576 4.00524
threshold=39.044357469014983 1.0000000180025095e-35 -0.02392172333516859 -0.034191598411781966 13.500000000000002 -1.6540888296574774 37.070308303792039 -0.52524052240041075 0.81413087473336387 0.67128587117973371 0.62745258142654103 0.0015163175964041102 41.66666666666665 0.020446185101357522 0.019010875353839666 -0.15388698350481786 0.013806643941072628 0.01154017093747685 -0.027876131150828536 0.015650421729656718 -0.6012450591599886 -2.731517865981 -0.0024881115779446079 39.99999999999995 0.029418478379857674 0.061131866419586699 -0.6012450591599886 1.409483231878726 -2.3592412660026807 -0.17681502534809612
decision_type=2 2 2 2 2 2 2 2 2 2 2 2 2 2 2 2 2 2 2 2 2 2 2 2 2 2 2 2 2 2
left_child=1 2 3 5 -5 9 7 -7 -8 10 -1 -11 13 14 16 -15 17 18 -2 -18 21 22 -17 -21 -23 -22 27 -14 -29 -28
right_child=12 -3 -4 4 -6 6 8 -9 -10 11 -12 -13 26 15 -16 20 19 -19 -20 23 25 24 -24 -25 -26 -27 29 28 -30 -31
leaf_value=0.001382635615964781 -0.027532459877448269 0.037489221528204678 -0.037583559800215174 0.039320854208566645 -0.012509548417520614 0.013173731831315578 0.021970222623588817 -0.023762954283253868 -0.010176626545273274 0.00050648871087480914 0.030299406872770447 -0.032576520628888161 0.0013127745382042304 0.028325748893846987 0.044929228387189053 -0.027470475044427435 -0.048220142828962108 0.040736758783295551 0.028822251969721036 0.022750272371759413 0.026860272051595524 -0.025967004135356811 0.010029801479162678 -0.01779893692574654 -0.058860331025215762 -0.018817307252190781 -0.010740199640242545 -0.017349363783158621 0.042460091335596459 6.3980989832598218e-05
leaf_weight=79.629322648048401 6.420450747013092 4.5949572324752799 4.4042167067527762 11.02110578119755 5.2049369961023322 6.2623793780803672 12.526531308889391 30.581697091460228 14.095643714070318 416.80046873167157 23.194254502654076 6.8263236731290808 276.80411651730537 5.0958828330039969 7.3662012666463843 10.980201482772829 5.3101497441530254 8.0351871550083143 4.3332491070032138 5.8325165510177639 6.3431042134761793 20.34604477882386 13.996021002531046 11.29573220014572 7.7571291476488105 4.7273226529359818 91.878221035003662 6.7843616083264378 15.010643437504767 1292.3248890861869
leaf_count=349 28 23 21 48 23 27 52 129 59 1800 99 29 1169 25 30 46 22 33 20 24 27 85 59 47 33 20 392 30 63 5562
internal_value=1.92393e-06 0.00107964 0.000805624 0.00108456 0.0226949 0.000490153 -0.00807434 -0.0174848 0.00494943 0.00152265 0.00790549 -2.6611e-05 -0.00036625 -0.00541763 0.00580307 -0.0132918 -0.00118771 0.0146603 -0.00482409 -0.0144581 -0.0165978 -0.0215934 -0.0064563 -0.00399111 -0.0350463 0.00735491 -1.25243e-05 0.00295724 0.0238426 -0.00065316
internal_weight=2415.78 615.142 610.547 606.143 16.226 589.917 63.4663 36.8441 26.6222 526.45 102.824 423.627 1800.64 117.839 48.5935 69.2457 41.2273 18.7889 10.7537 22.4384 64.1498 53.0794 24.9762 17.1282 28.1032 11.0704 1682.8 298.599 21.795 1384.2
internal_count=10374 2659 2636 2615 71 2544 267 156 111 2277 448 1829 7715 499 204 295 174 81 48 93 270 223 105 71 118 47 7216 1262 93 5954
is_linear=0
shrinkage=0.05


Tree=226
num_leaves=29
num_cat=0
split_feature=7 8 0 8 9 11 7 11 3 12 3 3 3 3 7 0 8 2 3 12 3 12 0 8 8 9 8 9
split_gain=0.375778 2.08933 3.86991 3.03041 1.54617 1.036 0.876106 1.86249 2.67918 1.95147 2.44781 4.67626 1.94343 1.24131 1.05018 4.08949 3.37149 5.65835 2.91573 0.608284 3.43534 2.06726 3.04416 1.3642 1.56791 5.19647 0.963569 0.75077
threshold=0.056371742635609276 -1.3878126630788723 -0.0037789746796736408 3.6133669623341071 1.3677265533933003 1.0000000180025095e-35 0.042822809035846683 15.500000000000002 -3.234438294330205 -0.17708579940923441 0.24001113130134663 0.15667117957079937 0.67876323045573439 -0.060090305646155064 0.041016584224907254 -0.0033624098375473364 -0.46893382150828267 60.122814948764329 -0.10050716082393939 -0.16772551472588518 0.11349020326321048 -0.18388396197634374 -0.0063495611064356911 -9.7942670583742704 -8.504160240682948 0.95808203131752279 -6.3705911374249782 0.80936048930500393
decision_type=2 2 2 2 2 2 2 2 2 2 2 2 2 2 2 2 2 2 2 2 2 2 2 2 2 2 2 2
left_child=6 2 -2 -3 5 -5 14 8 -8 -10 11 -11 -12 -9 19 18 -17 -18 -16 20 21 27 -23 -21 25 -25 -26 -1
right_child=1 3 -4 4 -6 -7 7 13 9 10 12 -13 -14 -15 15 16 17 -19 -20 23 -22 22 -24 24 26 -27 -28 -29
leaf_value=0.02330277364903106 -0.019182813418023002 -0.045800774117009946 0.034567735521031324 -0.0074070850281898071 -0.027122334687727057 0.028991884025735062 -0.063034697569727433 0.060282661677419073 -0.023041263641342513 0.006578738809232214 -0.022642127881942354 0.053222942565109226 0.011814009585530605 0.014604500640232224 -0.015186117381303916 -0.061026311740389173 0.031132595693285497 -0.037083894423026779 0.044885325519119668 0.027573714014601982 0.033105424975781568 -0.051765007766877529 0.0011283422003674464 -0.057309244433297449 0.0068345134519129658 0.0087364693531593145 -3.126376402358494e-05 -0.0088945908435113744
leaf_weight=2.8402056172490164 6.2898839637637138 5.9481776133179691 7.1613360121846217 3.8836069926619512 4.0580144077539444 3.9363182596862316 1.5094335973262776 2.303212758153677 6.039573222398757 46.857601933181286 10.872953839600088 6.069320134818553 6.5622915625572196 4.1985318362712851 3.5640881359577179 4.5288854241371199 4.9389603734016383 7.9056093618273735 4.6626074388623255 4.5048349797725669 4.1693976093083611 6.8051243722438848 4.5316796675324404 4.9652387797832471 52.328591912984848 7.4421877562999725 2181.3156342282891 4.9940898157656193
leaf_count=15 31 28 36 21 19 25 7 22 36 229 50 30 31 35 18 19 22 36 25 24 33 30 24 21 227 33 9219 28
internal_value=1.81074e-06 -0.00544309 0.00943361 -0.0166687 -0.00208014 0.0109151 7.32489e-05 0.00507608 0.00293058 0.00423383 0.006575 0.0119276 -0.0096735 0.0307858 -0.000110401 -0.0101809 -0.0239324 -0.0108535 0.0188603 2.97448e-06 -0.00802725 -0.0169729 -0.0306219 8.62559e-05 3.11251e-05 -0.0176939 0.000129584 0.00277808
internal_weight=2415.19 31.2773 13.4512 17.8261 11.8779 7.81993 2383.91 84.4129 77.9112 76.4017 70.3622 52.9269 17.4352 6.50174 2299.5 25.6002 17.3735 12.8446 8.2267 2273.9 23.3405 19.1711 11.3368 2250.56 2246.05 12.4074 2233.64 7.8343
internal_count=10374 160 67 93 65 46 10214 440 383 376 340 259 81 57 9774 120 77 58 43 9654 130 97 54 9524 9500 54 9446 43
is_linear=0
shrinkage=0.05


Tree=227
num_leaves=31
num_cat=0
split_feature=0 9 9 2 9 9 9 8 3 3 12 2 11 9 0 3 7 2 2 8 9 3 0 8 2 2 3 3 9 0
split_gain=0.386385 3.55102 3.71875 4.01153 3.52583 4.12708 3.35142 4.91959 3.7765 3.02779 2.96718 2.59759 2.38465 4.60082 2.09719 1.90102 2.47135 3.05601 4.29785 3.36824 3.26386 2.98774 1.55865 1.69986 2.35209 2.4361 1.97538 1.65937 1.5207 1.38625
threshold=-0.0059120667619198585 0.9692453164844459 1.3372032047073457 34.306621199204358 1.1943672453833589 1.0974906612733306 0.67128587117973371 -5.8436545012100654 -0.044788700838287447 0.10805010814923575 -0.16389465191332406 28.693229986677952 19.500000000000004 0.56478107682773715 -0.0051288853384413345 0.31737217749065633 0.019380450770710798 34.306621199204358 37.272727272727259 -2.7835647427639856 0.70983750316580818 -0.10583311821984619 -0.0049907365120310469 -7.0528123371760794 30.075615441469107 26.411772521923989 0.2992584644273717 -0.031435729394740826 0.97213913857563006 -0.0066273020959264741
decision_type=2 2 2 2 2 2 2 2 2 2 2 2 2 2 2 2 2 2 2 2 2 2 2 2 2 2 2 2 2 2
left_child=1 6 4 11 5 10 12 8 -8 -10 -3 -4 13 -1 15 16 -2 20 -19 -20 -18 -22 27 24 25 26 -24 -16 -26 -9
right_child=14 2 3 -5 -6 -7 7 29 9 -11 -12 -13 -14 -15 22 -17 17 18 19 -21 21 -23 23 -25 28 -27 -28 -29 -30 -31
leaf_value=-0.03231470786881583 -0.04077427003166112 0.0087243419758481558 -0.012283116223742856 -0.048306356873758574 0.065192445158795284 -0.014836690084308785 0.033671567438101208 -0.020814204634622843 -0.038875414701172471 0.016159038784094328 0.059764928067833116 0.045477326354491927 0.035981480507531645 0.037478532741405189 -0.0022914645409597982 -0.034960413510894107 0.049259472583988197 -0.058970732639512413 0.03218751389641139 -0.023198781390704644 0.027706661578371962 -0.018452932370275333 -0.019636407651418299 0.00018478778446343877 -0.010287105063243219 -0.04948105726810223 0.017559244791359448 0.040470327581241666 0.029699697440148717 -0.051540941933359258
leaf_weight=5.6082769036293048 4.6273148804903022 5.4861405156552809 4.3687880598008615 3.9464061930775642 4.8565238416194907 6.4459245018661013 6.405180215835574 7.356142558157444 5.8360163643956202 4.370965339243412 5.9200697839260137 3.5106017664074898 6.6343417055904856 4.0784730315208435 4.2162520736455917 6.843466453254222 4.4326274842023876 4.5669589787721661 4.4895978868007669 7.0639035776257488 5.8937785699963561 8.6513097658753377 15.44998879730702 2241.9081009663641 4.6330417245626432 5.1859437674283972 4.6419569402933112 4.91135450825095 4.8842697143554688 7.3267520517110807
leaf_count=27 20 30 32 19 26 32 32 33 27 21 26 19 34 21 18 31 19 19 19 33 26 38 73 9556 21 22 24 23 22 31
internal_value=1.95651e-06 0.00337218 0.0155787 -0.00715775 0.027419 0.017143 -0.00548082 -0.0150603 0.00357723 -0.0153079 0.0352155 0.0134516 0.0128875 -0.00292922 -0.000116748 -0.0106209 -0.00642795 -0.00189976 -0.0179078 -0.00167611 0.0116981 0.00025128 9.7252e-05 1.4582e-05 -0.010952 -0.0189288 -0.0110429 0.0207177 0.0102341 -0.0361468
internal_weight=2414.55 82.1506 34.5345 11.8258 22.7087 17.8521 47.6161 31.2951 16.6122 10.207 11.4062 7.87939 16.3211 9.68675 2332.4 46.569 39.7255 35.0982 16.1205 11.5535 18.9777 14.5451 2285.83 2276.7 34.7952 25.2779 20.0919 9.12761 9.51731 14.6829
internal_count=10374 410 184 70 114 88 226 144 80 48 56 51 82 48 9964 205 174 154 71 52 83 64 9759 9718 162 119 97 41 43 64
is_linear=0
shrinkage=0.05


Tree=228
num_leaves=22
num_cat=0
split_feature=7 3 9 0 8 8 2 8 7 9 9 0 2 0 9 9 7 0 12 8 0
split_gain=0.37758 3.16994 1.66131 1.16488 2.33208 1.12344 1.41641 0.739931 2.82092 3.10139 2.23695 1.70345 2.391 1.6436 4.87295 2.95937 2.78152 1.12966 2.6605 1.36203 0.409396
threshold=0.059962499895075259 -0.36033469690784864 0.7394943166042659 -0.0037789746796736408 -1.0000000180025095e-35 -10.96993815403548 22.120513894707418 -8.504160240682948 0.031261731085181731 1.003463038512471 1.0001124382510389 -0.0086207439321224315 30.444664031620572 -0.0059120667619198585 0.97213913857563006 1.1057922945125644 0.022938401774552253 -0.0051288853384413345 -0.12313595794689369 -7.0528123371760794 -0.0052735313136115436
decision_type=2 2 2 2 2 2 2 2 2 2 2 2 2 2 2 2 2 2 2 2 2
left_child=5 -2 -3 -4 -5 6 20 8 9 -7 -10 12 -9 14 16 -16 -13 18 -15 -19 -1
right_child=1 2 3 4 -6 7 -8 11 10 -11 -12 13 -14 17 15 -17 -18 19 -20 -21 -22
leaf_value=0.022915253108325262 0.041454382717511229 0.014200373761293187 -0.043022117461631308 0.014195399887866493 -0.031561715435408491 -0.055717823162391947 -0.0028809182143810217 -0.049272368428355084 0.024130677519723708 -0.0016452679782550704 -0.014624860394438124 0.038307075650286848 -0.0013300136444651047 0.0045470456548594293 0.053198917372713629 0.013135730070492457 -0.0088907010412784329 -0.012666033925263121 -0.0206419766231907 0.00026351487964823924 0.05716125031657579
leaf_weight=1.5469655115157368 3.0141784176230457 4.2556749433279064 4.3503546491265341 4.7479973882436779 6.7340355664491556 5.2049248367548007 3.412359856069088 4.1858599036931974 7.7683323547244054 5.4061465114355087 7.1504512056708336 3.5357808023691204 6.8671681992709637 20.818047530949116 7.5594248324632671 11.811876632273195 26.649652391672134 20.555851221084595 21.115510955452919 2235.3577712476254 2.0022172071039668
leaf_count=25 20 22 20 23 35 22 23 20 36 24 34 16 38 93 35 56 121 88 90 9512 21
internal_value=2.09421e-06 -0.0063594 -0.0135338 -0.0209886 -0.0126404 6.35614e-05 0.0201202 4.99344e-06 -0.0084615 -0.0281688 0.00555546 9.66416e-05 -0.0194861 0.000188849 0.00919799 0.0287699 -0.00336217 -5.44699e-06 -0.00813681 0.000145701 0.0422346
internal_weight=2414.05 23.1022 20.0881 15.8324 11.482 2390.95 6.96154 2383.99 25.5299 10.6111 14.9188 2358.46 11.053 2347.4 49.5567 19.3713 30.1854 2297.85 41.9336 2255.91 3.54918
internal_count=10374 120 100 78 58 10254 69 10185 116 46 70 10069 58 10011 228 91 137 9783 183 9600 46
is_linear=0
shrinkage=0.05


Tree=229
num_leaves=31
num_cat=0
split_feature=12 12 12 2 7 12 11 7 7 12 9 8 0 3 12 7 3 12 11 0 2 7 2 12 8 8 12 7 2 3
split_gain=0.399566 2.68 3.05308 2.93396 2.42902 2.36027 3.92528 4.18483 2.90961 2.27508 5.2794 4.42207 7.77559 5.48283 3.52216 3.04668 2.01885 2.00482 3.24276 2.78597 2.52926 2.00337 1.96036 3.49799 1.9443 2.2933 1.79137 1.40601 1.33392 2.49481
threshold=-0.091932981769753466 -0.097918527090523622 -0.096881916948121261 24.377863067970804 0.018517848771013323 -0.089907849001697529 15.500000000000002 0.035524310734394764 0.022746746885644074 -0.10539243722268714 1.1057922945125644 1.9643444550359737 -0.002006120654745609 -0.13311673059951964 -0.10237965143040699 0.032107465880783011 4.2233512829378066 -0.10770211305584154 9.5000000000000018 0.010929175309834322 45.544554455445571 0.023583178848291309 34.306621199204358 -0.09545698924731183 -0.98218771120786486 -4.4277807691192725 -0.11103176474893568 0.02420537301960226 20.000000000000011 -0.010343430507606619
decision_type=2 2 2 2 2 2 2 2 2 2 2 2 2 2 2 2 2 2 2 2 2 2 2 2 2 2 2 2 2 2
left_child=1 9 21 -4 -5 6 7 27 -8 16 11 12 13 -11 -14 24 17 19 -19 26 -20 -3 -6 -24 25 -12 -1 -2 29 -7
right_child=5 2 3 4 22 28 8 -9 -10 10 15 -13 14 -15 -16 -17 -18 18 20 -21 -22 -23 23 -25 -26 -27 -28 -29 -30 -31
leaf_value=0.001614609803029368 -0.0085107788783256467 0.012118466940075468 0.03404456330519251 0.02865250488117756 -0.023925420197264482 -0.036725627575194847 -0.013945432642587144 -0.040033522559478965 -0.069609296269099993 0.046475884700102596 -0.024624499800872713 0.042468713098611839 -0.055381026053851305 -0.0018757671895746758 -0.012457796076273078 -0.054757879637129393 -0.028043348101269117 -0.013339777539180989 0.050475588449328215 0.03748572569735871 0.0050338933379176342 0.057518156686268231 0.026198275550351181 -0.0080773035354503725 -0.042224462179423175 0.021409177852923542 -0.011698855477655094 0.024262993749946397 4.309191285447285e-05 -0.0016512644443701663
leaf_weight=303.19795161858201 5.1286950111389222 4.5555791109800321 8.1210441291332227 7.1641572415828696 8.7469144463539106 7.0753099024295834 4.8193781375884992 5.2021885067224494 4.5773336589336395 8.6131817698478716 6.0465655773878098 5.6357912868261328 7.1592240780591991 18.362356901168823 14.377008184790609 7.2897825911641112 5.6988276392221442 5.6915306821465519 7.561442017555235 5.1725899241864672 5.1461537182331085 5.2077460661530495 10.790786370635024 23.998064145445831 4.7895730733871469 4.8963785767555237 27.563396781682968 9.0416800379753095 1854.1584408655763 17.887064322829247
leaf_count=1431 22 19 35 31 36 30 21 23 20 36 26 26 32 78 60 33 25 26 31 42 23 22 45 103 20 20 118 38 7826 76
internal_value=2.15126e-06 0.0012516 0.0104409 0.00614297 0.00167373 -0.00032908 -0.0145421 -0.00167933 -0.0410605 -0.000189937 -0.00798059 0.000546941 -0.00432327 0.0135627 -0.0267266 -0.028037 0.00147992 0.00195475 0.0180253 0.00107457 0.0320732 0.0363346 -0.00276585 0.00255428 -0.0156557 -0.00402691 0.000505156 0.0124012 -0.000111479 -0.0115927
internal_weight=2413.68 505.786 68.5843 58.821 50.6999 1907.89 28.7693 19.3726 9.39671 437.202 77.1699 54.1476 48.5118 26.9755 21.5362 23.0223 360.032 354.333 18.3991 335.934 12.7076 9.76333 43.5358 34.7889 15.7325 10.9429 330.761 14.1704 1879.12 24.9624
internal_count=10374 2318 291 250 215 8056 124 83 41 2027 331 232 206 114 92 99 1696 1671 80 1591 54 41 184 148 66 46 1549 60 7932 106
is_linear=0
shrinkage=0.05


Tree=230
num_leaves=31
num_cat=0
split_feature=11 9 9 3 3 0 0 9 9 12 7 0 12 0 8 12 3 3 11 9 9 0 2 2 9 0 3 3 9 7
split_gain=0.384418 1.65985 3.8668 3.50929 3.9764 2.87961 3.09365 2.85913 2.80249 6.30632 7.36829 4.32506 3.60909 4.25991 2.65731 2.44139 1.81139 2.93552 1.46525 2.62868 5.47596 2.23914 3.55756 3.45218 2.22935 2.32232 2.81655 2.50937 1.84613 2.74448
threshold=15.500000000000002 1.3677265533933003 1.4629747699870486 -1.0769524651140319 -0.52524052240041075 -0.00033737330238090474 -0.00059152923382757192 1.5024267039904491 0.88291386491949198 -0.068323274830223338 0.018517848771013323 -0.0033624098375473364 -0.027257248993911899 -0.0017939980280988164 1.6056958893020561 -0.038543163479606464 -0.1147893066402661 0.3238308411143877 14.500000000000002 0.85164313455424268 0.94375802855882984 -0.0014877325795672651 54.301872945981309 45.362780813600502 0.97483531744139984 -0.00075452151880292648 -0.14009318803568527 0.19934544586402939 0.66275570199703748 0.02118812682525437
decision_type=2 2 2 2 2 2 2 2 2 2 2 2 2 2 2 2 2 2 2 2 2 2 2 2 2 2 2 2 2 2
left_child=18 5 16 -4 -5 6 8 -6 12 10 -10 -11 13 -2 -9 -7 -3 -18 -1 21 -21 28 23 -23 -22 26 -26 -27 29 -20
right_child=1 2 3 4 7 15 -8 14 9 11 -12 -13 -14 -15 -16 -17 17 -19 19 20 24 22 -24 -25 25 27 -28 -29 -30 -31
leaf_value=-1.4344068382766816e-05 0.0017525653056167823 0.0097455123838290844 -0.039990858432647658 0.054640179559565932 -0.032536225013063018 -0.0066513440019653125 0.034610942484690106 0.01295632263209916 0.028605052698136197 0.025500490360270307 -0.0023900491070457767 -0.019064074894436414 -0.039980693104970891 0.019357321794043023 -0.012663137248946844 -0.049715767775535741 0.074318150725042498 0.017023866760561699 -0.051032150682827383 0.028515106301328249 -0.04251186238927615 -0.018893823891589348 0.0038659968989643392 -0.070082368251059929 0.030618706532720731 -0.045301389230062349 -0.005490259115242202 -0.0012454886030929414 0.0082502680885943661 0.0052292356074496189
leaf_weight=1741.9743438623846 193.18380741775036 6.1695220470428458 4.5192412063479415 3.88178677111864 5.3268816880881777 9.2145968526601774 6.6367771774530402 37.067478705197573 22.366146013140678 5.9076769053935996 134.36191591620445 69.431883692741394 4.5697657316923133 41.796641431748867 13.923276647925375 5.119619980454444 4.3630694448947889 4.5850155930966139 4.2309611439704913 13.385377980768679 4.2099360823631278 7.0069002658128756 5.8525571674108496 6.2154122740030289 7.2251029908657065 6.0770580172538775 21.383611276745796 6.9044381529092789 11.662475049495695 4.4447205066680908
leaf_count=7446 836 26 20 17 24 39 28 169 96 25 593 294 20 176 59 22 20 21 19 60 19 32 26 29 31 29 94 32 51 21
internal_value=1.97012e-06 0.00113362 0.00782148 0.00250318 0.00569326 4.96823e-05 0.000711521 0.00231951 0.000234476 -0.00368148 0.00203316 -0.0155696 0.00402812 0.00488397 0.0059608 -0.0220323 0.0305892 0.0449605 -0.000349976 -0.0062797 0.000382466 -0.0162841 -0.0285901 -0.042956 -0.00783947 -0.00432979 0.00362903 -0.0218695 -0.00474251 -0.0222083
internal_weight=2413 572.425 79.8363 64.7187 60.1994 492.589 478.255 56.3176 471.618 232.068 156.728 75.3396 239.55 234.98 50.9908 14.3342 15.1176 8.94809 1840.57 98.5986 59.1855 39.413 19.0749 13.2223 45.8001 41.5902 28.6087 12.9815 20.3382 8.67568
internal_count=10374 2485 356 289 269 2129 2068 252 2040 1008 689 319 1032 1012 228 61 67 41 7889 443 265 178 87 61 205 186 125 61 91 40
is_linear=0
shrinkage=0.05


Tree=231
num_leaves=29
num_cat=0
split_feature=0 12 9 7 9 9 8 8 8 7 2 13 2 0 8 0 3 9 9 0 9 12 12 0 12 7 9 12
split_gain=0.377469 1.47259 1.19524 0.761319 2.90989 2.38565 3.53964 2.54632 1.39846 0.903447 2.73179 2.82998 3.6601 2.41921 2.01375 2.36186 2.95223 2.01624 1.14838 1.02885 1.01173 0.924197 2.38071 2.24011 2.15348 2.55812 1.51951 1.21302
threshold=0.013454294945522804 -0.062212912410127039 1.3372032047073457 0.054730877967777099 0.65388108712954984 0.80358062442456113 1.0024653548756766 5.3042487195173473 -8.133741868315651 0.043580589018418193 62.83212936438742 1.0000000180025095e-35 65.39126963002397 0.0095036313553859206 2.3927277821937909 -0.0051288853384413345 -0.023581077680840386 0.8983580811055577 1.0240495806657153 0.010929175309834322 1.3301045699919292 -0.16772551472588518 -0.18388396197634374 -0.0047560838178056309 -0.1607940842672719 0.031680279095547832 0.67547328305529786 -0.15085332633501983
decision_type=2 2 2 2 2 2 2 2 2 2 2 2 2 2 2 2 2 2 2 2 2 2 2 2 2 2 2 2
left_child=3 2 -2 9 -5 -6 8 -8 -7 19 14 -12 -13 -14 15 16 -11 -17 -16 21 -21 22 26 -24 25 -23 -1 -26
right_child=1 -3 -4 4 5 6 7 -9 -10 10 11 12 13 -15 18 17 -18 -19 -20 20 -22 24 23 -25 27 -27 -28 -29
leaf_value=0.044002034627320386 0.04341735083809771 -0.0071721319800410526 0.0042196754140641467 0.031888896824831217 -0.040796525763166162 -0.0092837305604545478 -0.054196704844616597 -0.0018725312971544816 0.027519641509496175 0.00035707687511936636 0.024263080600757075 -0.053097532566861706 -0.026513233730976866 0.026701102894937229 0.046201483936127594 0.012575107489936435 0.061431502225118388 -0.015338553837976951 0.015037000501755691 0.00098949573038885287 -0.032982076749538694 -0.011701056161047736 -0.033177337474703465 0.0086071199256818037 -0.01126503703632928 0.035477280975837376 -0.00086209533254493615 7.126555903116644e-05
leaf_weight=2.2751100286841419 3.775040876120328 8.1610497981309873 4.0113010555505753 3.9967464506626156 6.2817709147930172 4.1391807943582588 4.6870018616318685 4.614096887409687 6.857282862067219 4.054635476320982 4.4949418604373941 5.5088597610592851 4.4271040558814985 4.1265563443303108 5.7691018246114236 13.261004190891983 3.8645737804472438 12.630969967693089 6.0622166022658348 4.10076906532049 4.7076835185289383 4.2428148910403243 11.733107704669239 4.4144116938114157 23.850345514714718 8.9012774527072889 11.072737472131847 2226.1774935647845
leaf_count=17 28 34 18 24 29 21 23 26 35 29 24 26 20 22 34 65 32 61 28 19 23 20 54 28 107 45 69 9413
internal_value=1.75166e-06 0.00766875 0.0232238 -4.92733e-05 -0.00788851 -0.0138699 -0.00553649 -0.0282397 0.0136665 5.2048e-05 0.00590237 -0.0102729 -0.021312 -0.000840954 0.012479 0.00626633 0.0301614 -0.00104211 0.0302332 -0.000111147 -0.0171666 -4.56201e-05 -0.00883916 -0.0217543 6.89839e-05 0.0202485 0.00678489 -4.88995e-05
internal_weight=2412.2 15.9474 7.78634 2396.25 30.5761 26.5793 20.2976 9.3011 10.9965 2365.68 64.2 18.5575 14.0625 8.55366 45.6425 33.8112 7.91921 25.892 11.8313 2301.48 8.80845 2292.67 29.4954 16.1475 2263.17 13.1441 13.3478 2250.03
internal_count=10374 80 46 10294 158 134 105 49 56 10136 341 92 68 42 249 187 61 126 62 9795 42 9753 168 82 9585 65 86 9520
is_linear=0
shrinkage=0.05


Tree=232
num_leaves=31
num_cat=0
split_feature=8 8 9 0 9 9 0 0 8 2 9 9 12 0 9 9 9 0 3 9 0 3 8 7 12 3 2 0 9 8
split_gain=0.366014 1.80933 1.91773 2.23188 1.37762 1.35521 2.40543 2.03773 4.05497 3.63067 4.66916 4.46094 3.35488 3.28526 2.74576 2.78382 3.61833 2.37101 1.91538 1.90361 1.60721 1.28407 3.2871 1.14325 0.91235 2.06901 0.693209 2.69158 2.14114 1.16448
threshold=-5.3612248602104344 -4.809614867320593 0.88885107977028077 -0.0015377969111604265 1.1257816669112641 1.6776566817245471 -0.0047560838178056309 -0.0040789619065891795 -7.0528123371760794 27.786652467163645 0.95808203131752279 0.75226656918724066 -0.10692156773281013 -0.0044877756239138271 1.1630496088892028 0.95808203131752279 0.69572318495761576 -0.0048401827259105983 0.18221731133705893 1.3797462035553127 -0.0051288853384413345 1.0000000180025095e-35 -5.0732980628186999 0.024413955517869894 -0.19148462437768471 -0.12561875166625425 18.604651162790663 -0.0020346970957529566 1.0789758244699224 -3.0155326238054658
decision_type=2 2 2 2 2 2 2 2 2 2 2 2 2 2 2 2 2 2 2 2 2 2 2 2 2 2 2 2 2 2
left_child=5 2 21 4 -4 7 -7 13 14 12 11 -11 -10 17 15 16 -9 19 -14 20 -1 -2 -23 -19 25 -3 27 28 -26 -28
right_child=1 24 3 -5 -6 6 -8 8 9 10 -12 -13 18 -15 -16 -17 -18 23 -20 -21 -22 22 -24 -25 26 -27 29 -29 -30 -31
leaf_value=0.0018306704517078527 -0.018882602798280652 0.012503345577329959 -0.049910244788501951 0.0075132073145776279 -0.017868831774327718 -0.0066613514838995379 0.044389496660464045 0.011824722626026275 0.044801769581623921 -0.020944013163501949 -0.039554420534955781 0.035258959075469096 0.020319260966688794 0.036429059335251375 -0.048551920550305612 0.020476554534838588 -0.043533246578173278 0.0038587140113886332 -0.019967047051134973 0.038476164088010884 0.029786130071300366 0.035422907362127776 -0.01507746107710521 -0.029644419995440374 0.026255613056082885 -0.039915162680461601 0.0035354251385865143 -0.035682171557602227 -0.019129899913133474 -0.0002351747816816012
leaf_weight=54.42940874397754 6.1481008827686336 3.3222992233932018 6.376289054751398 4.5329444110393515 7.0789508298039436 4.2816528398543596 5.0042692832648736 4.6214373111724916 7.9274596571922329 6.92505030333996 8.2922764122486097 7.2027822956442833 6.8238999694585782 8.1960063800215703 6.7868765369057646 4.9967176690697661 8.1704118698835355 3.8909104913473112 5.1976568102836609 4.4181539528071871 5.6776724718511167 6.1297775208950052 6.793423026800153 7.3682251647114754 5.6967667788267153 4.3437572270631781 228.63622677326202 6.3605875372886649 4.778426006436348 1960.9863426201046
leaf_count=266 26 24 29 20 33 24 25 22 35 30 36 31 29 38 31 23 36 18 22 30 26 27 29 32 24 26 951 27 20 8384
internal_value=1.9512e-06 -0.000162382 -0.011119 -0.0228304 -0.0330529 0.00231106 0.0208504 0.00117039 -0.00533681 0.00403518 -0.00977122 0.00770991 0.0195518 0.00635758 -0.0214945 -0.0111713 -0.0235335 0.00310538 0.00290102 0.00679969 0.00447132 -7.26315e-05 0.00887605 -0.0180665 2.10067e-05 -0.0171981 8.08325e-05 -0.0100262 0.00555229 0.000158544
internal_weight=2411.39 2251.18 37.0595 17.9882 13.4552 160.211 9.28592 150.925 66.9446 42.3691 22.4201 14.1278 19.949 83.9804 24.5754 17.7886 12.7918 75.7844 12.0216 64.5252 60.1071 19.0713 12.9232 11.2591 2214.12 7.66606 2206.46 16.8358 10.4752 2189.62
internal_count=10374 9620 164 82 62 754 49 705 295 183 97 61 86 410 112 81 58 372 51 322 292 82 56 50 9456 50 9406 71 44 9335
is_linear=0
shrinkage=0.05


Tree=233
num_leaves=31
num_cat=0
split_feature=9 9 9 7 12 8 3 3 3 3 2 0 7 12 8 0 2 9 2 8 3 9 9 9 7 2 7 9 12 9
split_gain=0.356361 2.24433 2.04299 1.83344 1.66167 1.68589 1.64897 1.2079 5.07749 3.15014 2.3124 3.70466 1.87116 4.31107 1.80746 5.53649 4.09556 0.667517 5.41512 8.33656 5.27751 4.71616 4.21973 3.43837 4.03998 3.41014 2.74246 2.50086 2.47801 2.21178
threshold=0.55577164666085799 0.56478107682773715 0.56053121687902319 0.022247490046084898 -0.19148462437768471 -8.504160240682948 -0.093052098369456313 -0.52524052240041075 -0.25917571566837688 -0.81793137922364256 58.139534883720948 -0.00056627813697075291 0.015736149517185414 -0.06258965124511344 -3.524318022675085 -0.0020747783601939569 35.309396485867083 0.60341699908862889 64.311178864228367 1.5334381079822728 -0.068241506290856971 0.60898601707211675 0.58637800884051494 0.61845938689859326 0.020081839134341185 49.047532656023229 0.026793345543345556 0.62745258142654103 -0.08244510760123254 0.61399110112556199
decision_type=2 2 2 2 2 2 2 2 2 2 2 2 2 2 2 2 2 2 2 2 2 2 2 2 2 2 2 2 2 2
left_child=4 2 3 -2 -1 -6 -4 9 10 12 11 -9 -7 -14 16 -16 -10 18 19 20 26 25 -22 24 29 -19 -3 28 -25 -23
right_child=1 17 6 -5 5 7 -8 8 14 -11 -12 -13 13 -15 15 -17 -18 21 -20 -21 22 23 -24 27 -26 -27 -28 -29 -30 -31
leaf_value=0.059963646168993578 -0.02269311348474563 0.013628385453987492 -0.055245315393294074 0.021535260750074173 -0.045514734984332075 0.026090546787472687 -0.01296673394664037 -0.013348826341282607 0.0014602873220415655 0.04298393295398089 0.0032810505663765639 -0.071096693241692752 0.027831140610582207 -0.034574600549428972 -0.024646562525069606 0.0050902196953494369 0.045051029721937336 -0.063005021113812773 0.047405156449444139 -0.055829403662348377 -0.026279149659999952 0.015576145779029188 0.012444839642427624 0.014666360077214849 -0.0049335816738483662 -0.0045051665237468589 0.052035452028124068 -5.6922965111799046e-05 -0.028405095346503331 0.061213670323522422
leaf_weight=1.229420170187949 4.7862218171358109 19.594898253679279 4.6290967836976051 4.5905687063932419 1.8764111250638951 5.3227782994508805 4.5961654484272003 6.3981986343860635 16.225711002945904 6.305367909371852 4.7105232626199713 4.9074106216430673 4.5966915898025071 6.9541525244712776 18.06040258705616 117.40683213621378 8.0676882714033109 5.111798554658888 6.733544595539569 5.9934353530406943 15.368012607097628 4.7135967910289782 12.974181488156317 4.3488407991826561 8.4176205396652204 4.8592531085014343 6.0932296961545935 2075.4739975184202 14.386042162775992 6.0783107876777649
leaf_count=11 20 82 21 21 10 24 20 28 70 29 20 21 24 29 79 521 36 21 31 26 66 20 55 21 36 20 27 8898 61 26
internal_value=1.96647e-06 -0.0001819 -0.0174759 -0.00104035 0.00201182 0.00165706 -0.0341815 0.00210195 0.000687224 0.0128305 -0.026152 -0.0384154 0.00156269 -0.00974006 0.00337788 0.00112573 0.0159365 -3.50126e-05 0.00488799 0.000118356 0.00632449 -0.000189787 -0.0085525 -2.79315e-05 0.0210295 -0.0344959 0.0227386 -0.000221085 -0.0184071 0.0412805
internal_weight=2410.81 2208.75 18.6021 9.37679 202.062 200.832 9.22526 198.956 175.777 23.179 16.0161 11.3056 16.8736 11.5508 159.761 135.467 24.2934 2190.15 66.7573 60.0238 54.0303 2123.39 28.3422 2113.42 19.2095 9.97105 25.6881 2094.21 18.7349 10.7919
internal_count=10374 9472 82 41 902 891 41 881 775 106 69 49 77 53 706 600 106 9390 287 256 230 9103 121 9062 82 41 109 8980 82 46
is_linear=0
shrinkage=0.05


Tree=234
num_leaves=31
num_cat=0
split_feature=9 11 0 0 2 9 8 2 9 7 3 8 2 2 12 12 2 9 2 9 0 9 7 0 2 3 12 2 3 8
split_gain=0.363826 0.865576 2.28122 2.40718 1.57158 0.632572 2.05321 3.43628 0.464402 2.62928 3.1658 5.4124 4.54954 3.18824 3.46303 2.83886 0.579749 2.36605 3.57426 3.04646 2.54302 2.19753 5.82953 4.4195 2.04335 3.58645 2.87116 2.2149 6.86835 1.30662
threshold=0.33197407145317887 7.5000000000000009 -0.0011269966913187051 -0.002006120654745609 59.114085816078891 0.38875348084063305 1.0697639020756007 44.055944055944103 0.49761670988484791 0.008199848637424104 0.1364368533820158 -0.9488968712451199 38.807746979388781 53.246753246753258 -0.066943452162934222 -0.069842671705553819 29.452054794520517 1.1163686375569124 24.811859899281412 1.3458784215456816 -0.0044877756239138271 0.90108595185836304 0.010799108437434273 -0.0020346970957529566 32.733692385927597 0.60408747524443884 -0.059004631531059053 33.333333333333314 -0.21841429278087418 -2.7835647427639856
decision_type=2 2 2 2 2 2 2 2 2 2 2 2 2 2 2 2 2 2 2 2 2 2 2 2 2 2 2 2 2 2
left_child=1 4 3 -3 -1 6 7 -2 9 -7 11 12 -11 14 -12 -13 17 21 19 -19 -20 22 -10 -23 25 26 -18 28 -26 -29
right_child=5 2 -4 -5 -6 8 -8 -9 16 10 13 15 -14 -15 -16 -17 24 18 20 -21 -22 23 -24 -25 27 -27 -28 29 -30 -31
leaf_value=-0.018672999691201116 -0.027358556456922173 0.015642634856075661 0.034781307508137231 -0.030570777383342847 0.014557635293203655 -0.04541626743419841 -0.034362074367105908 0.024662000838193664 0.057514832745087945 -0.0037884664712013101 0.0060182631180454218 0.054915030510158086 -0.051188450573546221 -0.0079376042887221651 0.052231143306478371 0.0074753459030687704 -0.005826512170213744 0.013604319851849964 -0.0043135569814487266 -0.013829146445624725 0.033379385007196491 -0.0010276389759827872 0.00076156781366977587 -0.033460214773626318 -0.033950669622311865 0.023605362420723572 -0.027964977499167706 0.0039264321117356456 0.035799469593490167 -0.00060651386542119557
leaf_weight=8.1100151687860471 5.6711142286658305 7.8510618880391112 7.035717315971854 4.3953378275036803 6.3388504311442366 2.6085175573825827 5.6629637777805319 7.2110645174980164 4.7265611886978141 15.741080842912199 7.045877512544398 3.7017923817038563 7.4621855951845637 6.8505780994892111 9.5464876294136047 21.293318420648575 76.03468818962574 22.075796712189913 5.7799320742487934 18.685626167804003 19.816276267170906 43.370069786906242 105.95591877773404 13.860905617475508 4.7982120811939266 8.6194792464375478 18.139323815703392 174.82319540157914 13.347129911184309 1753.5859226286411
leaf_count=36 26 38 36 21 33 11 24 32 22 68 33 21 33 31 41 90 322 102 28 97 84 195 459 58 20 37 78 752 56 7490
internal_value=1.95027e-06 0.00515829 0.0120917 -0.000943755 -0.00409441 -7.12392e-05 -0.00926956 0.00176102 1.10762e-06 0.00389265 0.00568802 -0.00164224 -0.0190323 0.0207589 0.032607 0.0145012 -0.000125422 0.00223086 0.010224 0.00102842 0.0248679 -0.000927964 0.00318515 -0.00888256 -0.00039478 -0.00726522 -0.0100907 -3.19668e-05 0.0173553 -0.000195572
internal_weight=2410.15 33.731 19.2821 12.2464 14.4489 2376.41 18.5451 12.8822 2357.87 74.2498 71.6413 48.1984 23.2033 23.4429 16.5924 24.9951 2283.62 234.271 66.3576 40.7614 25.5962 167.913 110.682 57.231 2049.35 102.793 94.174 1946.55 18.1453 1928.41
internal_count=10374 164 95 59 69 10210 82 58 10128 328 317 212 101 105 74 111 9800 1045 311 199 112 734 481 253 8755 437 400 8318 76 8242
is_linear=0
shrinkage=0.05


Tree=235
num_leaves=31
num_cat=0
split_feature=3 3 0 11 0 0 9 11 9 11 9 11 0 9 8 8 7 2 7 12 11 2 2 9 2 8 8 2 12 12
split_gain=0.359353 5.53121 3.13538 3.12623 2.12727 6.09235 2.31734 2.99114 2.23862 3.78853 2.36512 3.75744 4.46061 3.31365 4.12087 3.37599 3.11094 2.06314 3.07447 1.22116 0.965194 3.46811 4.82212 5.32469 4.20797 3.69403 6.91008 4.20597 3.20239 2.19901
threshold=0.24401050814967734 0.23383629890641536 -0.00068670030074145913 5.5000000000000009 0.0058438724652459095 0.0073999881961986933 2.5976913601917699 3.5000000000000004 1.9939528439632328 10.500000000000002 1.3458784215456816 6.5000000000000009 0.0014114080274330065 1.1057922945125644 1.843187464729467 2.2899737028971985 0.016645434263158596 60.122814948764329 0.0406098476364583 -0.057411046638261555 4.5000000000000009 36.842105263157883 54.617474916387955 0.82882484791884059 55.860721982758612 1.2457665231609976 2.2443856151734694 50.040257648953308 -0.018257219127580989 -0.068323274830223338
decision_type=2 2 2 2 2 2 2 2 2 2 2 2 2 2 2 2 2 2 2 2 2 2 2 2 2 2 2 2 2 2
left_child=1 20 -3 -4 6 19 8 -8 10 -10 13 16 -13 15 -15 -2 -12 -7 -19 -6 21 -1 25 28 -25 27 -27 -23 -24 -22
right_child=4 2 3 -5 5 17 7 -9 9 -11 11 12 -14 14 -16 -17 -18 18 -20 -21 29 22 23 24 -26 26 -28 -29 -30 -31
leaf_value=-0.034547018102101694 -0.001715261250985999 0.0011883061459157488 0.018581482111435104 0.070147552489229617 -0.02999760798764603 0.035114496886047022 -0.0048213191904377074 0.049512828791348801 0.0052542627698561814 -0.0449537319236223 -0.028754503692964752 0.010274740405508832 0.054762223121968226 -0.0024075369346986796 -0.026247566388716781 0.01217503584167025 0.0060557953337379879 0.017065372139645731 -0.035228396090927101 -0.066295623829700973 0.001562594397186038 0.0063114521593664354 -0.012786855051515708 -0.024344027739175576 0.0049714189877390035 -0.029191248800546278 0.028461471449728628 0.028597268464010533 0.010661478222894597 -0.002511517134415739
leaf_weight=6.4327347278594962 301.61118629202247 7.2003510668873814 6.1905259937047941 5.5963404029607773 4.8202079609036446 3.935048032552003 4.9076749533414823 5.2347948849201202 7.4916066974401456 7.5373553894460201 10.168248154222967 40.503707326948643 6.5450390279293051 49.905197814106941 28.466012693941593 51.164547991007566 17.403232201933861 6.1295432746410352 5.1909569501876831 4.4620679467916506 611.43155800923705 46.372590661048889 96.954497568309307 12.844495102763174 260.56375470012426 13.249205723404886 8.5522038713097555 38.957292564213276 17.134255081415176 722.67750872671604
leaf_count=29 1284 32 26 24 23 20 21 23 31 34 44 179 28 219 121 223 74 29 26 21 2689 196 420 55 1124 55 39 170 78 3037
internal_value=1.97993e-06 0.000336186 0.0271843 0.0430648 -0.00111359 -0.0155066 -0.000448398 0.023222 -0.000909377 -0.0199262 -0.00034429 0.00787445 0.0164635 -0.00176674 -0.0110667 0.000299307 -0.0067821 0.00392717 -0.00691367 -0.0474464 5.84071e-05 0.00192947 0.00240386 -0.000191954 0.0035942 0.011793 -0.00657538 0.016486 -0.0092653 -0.000644323
internal_weight=2409.63 1854.16 18.9872 11.7869 555.476 24.5378 530.939 10.1425 520.796 15.029 505.767 74.6202 47.0487 431.147 78.3712 352.776 27.5715 15.2555 11.3205 9.28228 1835.17 501.061 494.628 387.497 273.408 107.131 21.8014 85.3299 114.089 1334.11
internal_count=10374 7974 82 50 2400 119 2281 44 2237 65 2172 325 207 1847 340 1507 118 75 55 44 7892 2166 2137 1677 1179 460 94 366 498 5726
is_linear=0
shrinkage=0.05


Tree=236
num_leaves=19
num_cat=0
split_feature=7 3 12 2 8 2 0 11 8 2 0 8 0 8 11 8 3 0
split_gain=0.359368 2.83635 1.5078 2.20926 0.992575 1.38149 0.733785 2.47829 0.697617 2.52371 0.880537 2.41454 0.869221 0.783083 6.08144 1.26635 0.588271 0.420158
threshold=0.059962499895075259 -0.36033469690784864 -0.11455300489082441 47.80376436288801 -10.96993815403548 22.120513894707418 0.013454294945522804 1.0000000180025095e-35 13.82166037696882 84.379692192192195 0.010929175309834322 8.1550680841674517 0.008356885907909695 11.03046731492134 7.5000000000000009 9.9230305818041202 0.12603768467499427 -0.0052735313136115436
decision_type=2 2 2 2 2 2 2 2 2 2 2 2 2 2 2 2 2 2
left_child=4 -2 3 16 5 17 8 -8 10 -10 13 -12 -11 15 -15 -6 -3 -1
right_child=1 2 -4 -5 6 -7 7 -9 9 12 11 -13 -14 14 -16 -17 -18 -19
leaf_value=0.021619730700785628 0.039821668890778018 -0.034629407513850172 -0.038202870918625315 0.017362369298581922 -6.5636643719954016e-05 -0.0035820745567257729 0.033048946309503786 -0.014366235469765549 -0.038508580235079318 -0.011813098492178565 -0.010144360981979909 0.037205415000509695 0.019650454881237615 -0.026362221110473316 0.03726021238998304 0.014055651362231344 -0.009036504228987139 0.056952216911875957
leaf_weight=1.4929645881056788 2.9120490215718773 4.3233330845832842 4.5740096718072865 6.2503369040787229 2307.5527459383011 3.3671128004789352 6.4352108389139158 4.8200059272348881 5.2741054370999327 4.0604918897151929 5.2216395847499353 5.5584779568016529 4.7781893908977509 14.59671137481928 5.0573520101606837 15.986158140003679 4.6714190095663071 1.9279672950506199
leaf_count=25 20 20 22 36 9845 23 30 24 27 19 28 29 22 65 25 71 22 21
internal_value=1.99298e-06 -0.00625506 -0.0130252 -0.00547108 6.16e-05 0.019154 7.13109e-06 0.0127436 -5.34036e-05 -0.0111368 1.30449e-05 0.0142703 0.00519609 -5.2547e-05 -0.009991 3.15191e-05 -0.0213377 0.0415324
internal_weight=2408.86 22.7311 19.8191 15.2451 2386.13 6.78804 2379.34 11.2552 2368.09 14.1128 2353.97 10.7801 8.83868 2343.19 19.6541 2323.54 8.99475 3.42093
internal_count=10374 120 100 78 10254 69 10185 54 10131 68 10063 57 41 10006 90 9916 42 46
is_linear=0
shrinkage=0.05


Tree=237
num_leaves=31
num_cat=0
split_feature=8 8 2 7 9 2 11 3 8 12 12 12 9 2 3 3 2 7 9 0 2 12 0 3 12 11 9 2 8 7
split_gain=0.355804 5.12017 3.81458 5.2573 5.38177 2.75529 3.85303 6.50495 4.03598 3.35951 4.11297 6.2376 3.03897 2.5059 2.38915 3.85241 3.74049 3.60527 2.94463 2.27191 4.43134 3.27141 2.66815 2.18134 2.1303 2.03599 4.08059 4.45212 6.05619 6.23889
threshold=3.3377858500789537 3.4057678343148043 65.39126963002397 0.02590028065395994 0.82882484791884059 61.682242990654181 11.500000000000002 0.0053554892206054564 2.127269436244116 -0.022767274632328274 -0.026910993955682975 -0.030937805340086565 0.99162369740635958 61.456439393939412 -0.44268475442680283 -0.40313818975078969 66.266858478690907 0.024413955517869894 1.0166536765245902 0.0046288803159307912 57.142857142857146 -0.053612634349638068 0.0060480702069804727 0.17773246926569167 -0.026367258378122333 2.5000000000000004 0.98668964690708394 70.000000000000014 3.8769523416545195 0.02420537301960226
decision_type=2 2 2 2 2 2 2 2 2 2 2 2 2 2 2 2 2 2 2 2 2 2 2 2 2 2 2 2 2 2
left_child=2 -2 5 14 -5 13 9 -8 12 10 11 -7 -9 19 18 -16 -17 -18 24 -1 21 -21 -22 -11 -4 -3 27 28 29 -27
right_child=1 25 3 4 -6 6 7 8 -10 23 -12 -13 -14 -15 15 16 17 -19 -20 20 22 -23 -24 -25 -26 26 -28 -29 -30 -31
leaf_value=-0.000277136271872226 -0.038338413970336882 -0.0042962171529495434 -0.0062120621510494784 0.00049953038197740206 0.070677038165127049 -0.0050815400257246844 0.047386363111924096 -0.018691908253271394 -0.047563928693279023 -0.039696464536712245 0.020861631133501535 -0.050072847957920545 0.037166974036616 0.030771624417374018 0.065542839164535321 0.031406886367747008 0.005102962220769479 -0.0394579666408887 0.015826761348198159 0.0081902513181096852 0.055310686403200741 -0.035287383064613924 0.010801424004721446 -0.0012590351571816895 -0.053787199405854441 0.02282897366550422 -0.0020340287158134053 -0.00095782332376382587 0.032080771912419051 -0.052240071075836204
leaf_weight=1635.327019456774 9.1186238899826986 198.862104896456 4.5928319543600074 4.7466119229793531 6.4364395886659622 42.982694745063782 7.7265341430902508 4.9315406233072263 4.6908045113086692 15.699791066348554 10.709486588835714 9.3859491944313032 4.8096090853214264 6.6520608514547339 2.795513227581977 13.142997384071348 105.93449360132217 4.742291346192359 5.3638444244861594 24.577911823987961 7.3784245923161489 5.2509041428566006 6.1932724937796593 4.8255997896194449 4.8248672634363166 6.3117383867502195 170.63892553001642 39.75167166441679 35.094261035323143 4.9292608052492142
leaf_count=6980 40 864 20 23 29 179 33 21 20 67 45 39 21 28 12 56 477 20 24 115 32 22 29 21 21 27 737 180 171 21
internal_value=1.96365e-06 -0.00124094 0.000299117 0.00788826 0.0408904 -0.00034737 -0.00817577 0.0103616 -0.00946056 -0.013089 -0.00737153 -0.0131453 0.00888794 0.000143883 0.00527813 0.00749882 0.00618834 0.00319361 -0.0137438 2.25183e-05 0.0113135 0.000536683 0.0349994 -0.0306597 -0.0305857 -0.000498428 0.00244337 0.0113183 0.0218502 -0.0100894
internal_weight=2408.43 464.707 1943.72 152.58 11.1831 1791.14 105.762 22.1585 14.432 83.6035 63.0781 52.3686 9.74115 1685.38 141.397 126.615 123.82 110.677 14.7815 1678.73 43.4005 29.8288 13.5717 20.5254 9.4177 455.588 256.726 86.0869 46.3353 11.241
internal_count=10374 2040 8334 682 52 7652 446 95 62 351 263 218 42 7206 630 565 553 497 65 7178 198 137 61 88 41 2000 1136 399 219 48
is_linear=0
shrinkage=0.05


Tree=238
num_leaves=28
num_cat=0
split_feature=2 11 11 9 2 0 2 7 2 3 9 2 7 2 12 9 7 8 2 7 11 2 7 12 0 7 11
split_gain=0.353409 2.46918 3.05434 2.43576 2.23457 2.62882 0.815158 3.91454 2.71843 2.03949 3.06501 1.36616 1.20695 0.723311 3.60504 2.74204 2.67083 3.76272 1.99997 8.87456 3.43536 3.08928 4.43991 1.85435 1.60329 1.1644 0.824158
threshold=16.724941724941718 10.500000000000002 14.500000000000002 0.8171567140023499 15.473751600512182 -0.0048401827259105983 19.38155243656735 0.013554662611714329 18.604651162790663 -0.0050325812737729734 0.83802384866479518 20.000000000000011 0.018737270753906434 23.760245901639362 -0.12192618533066216 0.65044158216430115 0.029047335937942374 -9.1216571080439479 25.243085056169139 0.018829765201461037 14.500000000000002 26.411772521923989 0.014502818315053964 -0.084201483089166182 -0.010433720819822781 0.025378210170612904 15.500000000000002
decision_type=2 2 2 2 2 2 2 2 2 2 2 2 2 2 2 2 2 2 2 2 2 2 2 2 2 2 2
left_child=1 -1 -3 -4 5 -5 7 -2 9 -9 -11 12 -8 14 16 -16 25 -18 19 26 -21 22 -20 -17 -23 -13 -15
right_child=6 2 3 4 -6 -7 11 8 -10 10 -12 13 -14 18 15 23 17 -19 21 20 -22 24 -24 -25 -26 -27 -28
leaf_value=0.02414001625974338 -0.047644731739612631 -0.041205578740137305 -0.029559642017298278 0.05915528584928044 -0.015875463419723262 0.0042284547982998693 -2.4497786425397889e-05 0.030743945476657892 0.042286819387238009 -0.037052210057936887 0.015632487331532528 -0.013341558318938851 -0.035955563019860685 -0.066714183223821263 0.049307561652707957 0.020724568247994672 -0.026609727150119014 0.040927984684123307 0.066916494563800874 -0.021918091051640037 0.02272851219849148 0.033734423988648503 0.0076251985353717926 -0.0031509061461944751 -0.00013915699884447806 -0.048734158558089213 -0.03758948833357445
leaf_weight=5.9752308353781691 2.7358478009700802 6.5336109474301365 5.9064763486385372 3.3047109637409466 5.9992065131664267 6.3914244472980464 4.4106556475162488 5.1157989390194496 6.755185365676879 4.8960577696561778 6.3293266668915749 4.5651802718639392 4.9714865870773792 4.8203250765800494 4.9097779840230933 16.884052857756615 4.0569342449307442 4.1945102214813215 4.0107353031635311 6.6935085356235531 12.092494681477545 3.4987179413437834 14.840418122708796 15.690016761422156 2232.4407738558948 4.7334770560264587 4.8962732255458832
leaf_count=27 12 32 26 23 27 29 19 23 33 22 33 20 24 20 22 72 27 19 17 28 55 21 66 66 9571 20 20
internal_value=2.10825e-06 -0.00505108 -0.0112505 -0.0021904 0.00810921 0.022949 7.47286e-05 0.00890825 0.0156072 0.0045782 -0.00734644 -2.2468e-05 -0.0190639 5.39327e-05 0.00571822 0.0144747 -0.012984 0.00772216 -8.2593e-05 -0.0132443 0.0068208 8.37829e-05 0.0202399 0.00922442 -8.61528e-05 -0.0313581 -0.052038
internal_weight=2407.65 34.1107 28.1354 21.6018 15.6953 9.69614 2373.54 25.8322 23.0964 16.3412 11.2254 2347.71 9.38214 2338.33 55.0339 37.4838 17.5501 8.25144 2283.29 28.5026 18.786 2254.79 18.8512 32.5741 2235.94 9.29866 9.7166
internal_count=10374 164 137 105 79 52 10210 123 111 78 55 10087 43 10044 246 160 86 46 9798 123 83 9675 83 138 9592 40 40
is_linear=0
shrinkage=0.05


Tree=239
num_leaves=19
num_cat=0
split_feature=12 12 8 2 8 12 8 8 12 7 3 12 7 3 7 2 7 9
split_gain=0.352801 0.848154 2.55818 3.1034 3.87118 2.19258 1.99303 1.21324 0.53889 4.09325 2.02992 1.15375 1.65222 4.12953 0.549559 2.82048 2.53125 0.356856
threshold=-0.0069407753618279987 -0.011038244316389991 4.766718288884956 74.246960624206139 1.1039118197094784 -0.011932101552811785 1.5667807258012763 3.0841780018746445 -0.013432925317040855 0.011391236061893477 0.019294475348007292 -0.014618256440686359 0.0093653284853372695 -0.017374702360423985 0.0079620210657362373 41.17647058823529 0.0088673374659109083 0.93809297741384634
decision_type=2 2 2 2 2 2 2 2 2 2 2 2 2 2 2 2 2 2
left_child=1 5 3 4 17 8 -6 -5 11 10 -10 14 -13 -14 15 -1 -16 -3
right_child=-2 2 -4 7 6 -7 -8 -9 9 -11 -12 12 13 -15 16 -17 -18 -19
leaf_value=0.012036565685078179 -0.011282081514351042 0.019938933640976469 -0.024543791538922947 0.021616182633485512 -0.041643867580985656 -0.025341425530946482 0.0030714884263888013 0.060294517903906324 0.0040608010422522227 -0.031286254533230848 0.044673894568375609 -0.033571734578103883 -0.032737230038407943 0.025441400927142095 0.014892977939819566 -0.010757968114959288 -3.167697526426356e-06 0.042305297917771822
leaf_weight=18.827662363648415 6.9067619368433943 3.6366515904665091 4.9436910897493354 4.2077732831239683 4.5677757710218412 8.5529815405607206 5.4834716320037842 3.9127402678132057 6.2804661095142382 4.6082321256399146 6.0314431488513947 6.1841600388288525 5.7482017725706109 6.4981189221143696 28.88801334798336 48.603067323565483 2229.7951119933277 3.499481625854969
leaf_count=88 35 19 22 21 20 37 26 20 28 20 27 27 25 27 130 212 9569 21
internal_value=2.18908e-06 3.46595e-05 0.00835381 0.0147801 0.00274505 -7.15285e-05 -0.0172493 0.0402527 1.99964e-05 0.00891112 0.0239566 -4.41692e-05 -0.0125049 -0.0018666 5.45611e-05 -0.0043934 0.00018735 0.0309072
internal_weight=2407.18 2400.27 30.2516 25.3079 17.1874 2370.02 10.0512 8.12051 2361.46 16.9201 12.3119 2344.54 18.4305 12.2463 2326.11 67.4307 2258.68 7.13613
internal_count=10374 10339 149 127 86 10190 46 41 10153 75 55 10078 79 52 9999 300 9699 40
is_linear=0
shrinkage=0.05


Tree=240
num_leaves=19
num_cat=0
split_feature=7 3 9 0 8 8 2 0 11 8 2 0 8 0 9 8 2 0
split_gain=0.349978 2.60018 1.42316 0.993011 2.00585 0.91873 1.28024 0.681751 2.25518 0.615461 2.30972 0.810068 2.19009 0.783904 0.710898 1.52471 0.966202 0.417964
threshold=0.059962499895075259 -0.36033469690784864 0.7394943166042659 -0.0037789746796736408 -1.0000000180025095e-35 -10.96993815403548 22.120513894707418 0.013454294945522804 1.0000000180025095e-35 13.82166037696882 84.379692192192195 0.010929175309834322 8.1550680841674517 0.008356885907909695 2.5976913601917699 3.0841780018746445 81.627382511275997 -0.0052735313136115436
decision_type=2 2 2 2 2 2 2 2 2 2 2 2 2 2 2 2 2 2
left_child=5 -2 -3 -4 -5 6 17 9 -9 11 -11 14 -13 -12 16 -16 -7 -1
right_child=1 2 3 4 -6 7 -8 8 -10 10 13 12 -14 -15 15 -17 -18 -19
leaf_value=0.020683529964970082 0.038440855883418085 0.01334277820113149 -0.03992221687905452 0.013335912276977708 -0.029498401204461039 -2.1677847133120721e-06 -0.0030404932995217208 0.031721661630602173 -0.013544453038981297 -0.03688933852346666 -0.011107844668283339 -0.0094860271863553142 0.035649905307196028 0.018775779166629532 0.019691690983961424 -0.0025944364297259548 -0.0071790613301085911 0.056511406852928138
leaf_weight=1.4558056779205801 2.8517038188874748 4.1617603600025204 4.3284737914800688 4.6677458137273815 6.5941375605761907 2262.5965715236962 3.38504808396101 6.4123918823897821 4.8196021020412445 5.2101925909519187 4.0509352385997754 5.2314711026847345 5.5268625617027283 4.7886412143707275 13.997961863875391 16.989294186234474 47.88848640024662 1.8465091586112965
leaf_count=25 20 22 20 23 35 9656 23 30 24 27 19 28 29 22 61 74 215 21
internal_value=2.23018e-06 -0.00619005 -0.0126336 -0.0195679 -0.0117447 6.09372e-05 0.0185675 8.88262e-06 0.0122982 -4.94507e-05 -0.0104833 1.28699e-05 0.0137016 0.00508093 -5.00255e-05 0.00747294 -0.00015092 0.0407169
internal_weight=2406.8 22.6038 19.7521 15.5904 11.2619 2384.2 6.68736 2377.51 11.232 2366.28 14.0498 2352.23 10.7583 8.83958 2341.47 30.9873 2310.49 3.30231
internal_count=10374 120 100 78 58 10254 69 10185 54 10131 68 10063 57 41 10006 135 9871 46
is_linear=0
shrinkage=0.05


Tree=241
num_leaves=31
num_cat=0
split_feature=8 3 3 7 7 12 11 0 8 8 7 12 9 7 11 9 0 3 9 9 3 3 12 7 8 8 3 2 2 12
split_gain=0.346359 2.73474 4.04114 3.23894 5.84966 2.86879 2.98329 3.82467 2.64554 2.63923 1.70852 1.63499 3.40076 3.22791 1.75992 2.35674 1.55294 1.41822 1.07865 3.84569 3.20616 3.25619 2.90709 2.9542 7.27865 2.71195 2.34563 1.22215 2.71818 4.16165
threshold=5.1753774031976851 1.045836565270067 0.41347259395777131 0.030583174850529523 0.021633343692807071 -0.15085332633501983 13.500000000000002 0.0011115702852605811 5.9610509824125151 4.6818662487737255 0.0097731701027050314 -0.066639588410506351 1.045046955592323 0.02420537301960226 1.5000000000000002 1.0974906612733306 0.0060480702069804727 -0.026257765677830915 1.7436394501872743 1.7157437682208003 0.67876323045573439 1.5528149618165379 -0.099745326481505969 0.019179839298795454 -0.74119625883298268 -5.5154683945869092 0.12603768467499427 77.089248714603656 80.103792308104929 -0.011038244316389991
decision_type=2 2 2 2 2 2 2 2 2 2 2 2 2 2 2 2 2 2 2 2 2 2 2 2 2 2 2 2 2 2
left_child=9 2 5 4 -4 -2 7 8 -7 18 -9 12 -11 14 -13 -16 -5 -15 19 27 22 -22 25 26 -25 -20 -24 -1 -29 -30
right_child=1 -3 3 16 -6 6 -8 10 -10 11 -12 13 -14 17 15 -17 -18 -19 20 -21 21 -23 23 24 -26 -27 -28 28 29 -31
leaf_value=-0.00023483302485684775 0.046054857820774509 0.032418401450113474 -0.046620352620378329 -0.062606478446759956 0.019192247296799626 0.0048196298624012023 -0.029483864217254536 0.072597202932098773 0.058288644813504611 0.037130235810065436 0.0015468162887132435 -0.02317746913356562 -0.021882458092749437 -0.054053628521997736 0.02880304219480874 -0.012045297047881483 -0.020973413129353968 -0.020622991010424595 0.01539029171248848 -0.041700727314744578 -0.046272030659769002 0.0046815278137682997 -0.001834905436014811 0.071342890654659874 0.010351079431018678 -0.030259487664503468 0.021483478920582957 0.024636498236868976 -0.025114404599867964 0.033396343606417876
leaf_weight=1971.2491186689585 3.7989843860268584 7.0689235404133788 5.2525645196437862 4.6242939531803113 9.4525975883007032 4.1628576517105085 7.1716940999031058 0.84972381591796775 5.2071152180433273 4.6457695215940458 199.04103694483638 9.1701100468635577 5.1449687629938126 6.3125586956739426 6.0041897594928733 8.5724927484989148 4.3438416123390198 6.3775622695684415 5.2631717529147855 5.5667421519756308 5.7648079395294172 6.8744242265820503 35.889770820736885 6.5706158280372646 19.14209121465683 8.5203578323125821 15.417362123727797 15.260710403323175 9.2931673079729062 4.5157464668154708
leaf_count=8437 35 32 22 20 40 19 32 4 23 24 869 39 22 27 25 36 24 27 29 24 25 30 153 28 80 39 69 74 43 23
internal_value=2.19479e-06 0.00176013 0.000871583 -0.0187585 -0.00431548 0.00298168 0.00222562 0.00331236 0.0345336 -0.000202484 0.00184885 -0.0120206 0.00611945 -0.016895 -0.00601594 0.00478029 -0.0424409 -0.0372527 5.65212e-05 -0.000200243 0.00503551 -0.0185586 0.00831965 0.0121043 0.0259369 -0.0128283 0.00517207 -8.47499e-05 0.0100926 -0.00598041
internal_weight=2406.53 250.974 243.905 23.6733 14.7052 220.231 216.432 209.261 9.36997 2155.56 199.891 46.2277 9.79074 36.4369 23.7468 14.5767 8.96814 12.6901 2109.33 2005.89 103.443 12.6392 90.8034 77.0198 25.7127 13.7835 51.3071 2000.32 29.0696 13.8089
internal_count=10374 1120 1088 106 62 982 947 915 42 9254 873 200 46 154 100 61 44 54 9054 8601 453 55 398 330 108 68 222 8577 140 66
is_linear=0
shrinkage=0.05


Tree=242
num_leaves=30
num_cat=0
split_feature=9 3 2 3 8 11 9 0 12 9 9 7 7 7 0 7 9 9 7 0 7 7 2 3 3 12 9 0 0
split_gain=0.348284 0.818928 2.28454 2.06244 1.75141 1.38218 0.604487 2.02071 1.75197 0.438762 2.55959 2.5002 2.7662 2.55631 1.99386 0.558555 1.64259 5.51303 1.796 1.15447 1.13259 3.10208 3.91431 2.85162 5.09038 4.54426 1.8497 0.457976 0.305633
threshold=0.33197407145317887 -0.20484286163487025 42.253521126760553 -0.44268475442680283 -2.4427266922126689 7.5000000000000009 0.38875348084063305 -0.0017284812162363201 -0.028749278177816421 0.49761670988484791 0.48854379205758003 0.010612982147635624 0.022136133798938345 0.023899940265919645 -0.0017594532817533459 0.0099952522891580877 0.59876276796079975 0.61399110112556199 0.0095933957136201311 0.00028058686444212903 0.01312013835352553 0.013940300079159284 52.853441894892683 -0.020542441927198556 -0.28299637944979966 -0.042075463226407019 0.57590454728015883 -1.0000000180025095e-35 0.0022453406611380993
decision_type=2 2 2 2 2 2 2 2 2 2 2 2 2 2 2 2 2 2 2 2 2 2 2 2 2 2 2 2 2
left_child=1 3 4 -1 -3 28 7 -2 -9 10 11 -8 14 -14 -13 16 19 -18 -19 -11 23 22 -22 24 -17 -25 -23 -12 -4
right_child=6 2 5 -5 -6 -7 9 8 -10 15 27 12 13 -15 -16 20 17 18 -20 -21 21 26 -24 25 -26 -27 -28 -29 -30
leaf_value=0.017614181695096372 0.02112961533400233 0.015458004098263185 0.019253676211271321 -0.029995226652567583 -0.026464342210031917 0.040451915284080993 -0.029702330685078288 -0.032576364078421342 0.0032113886335502998 0.0058626533853896878 0.016969232541065304 -0.0077493617511668784 -0.051067141602436632 -0.0027298079291672057 0.020941518106271532 0.0013410124707230152 -0.06196984880065444 0.00091694243854205165 0.019200398227012676 0.037482535967392767 2.0807343811260555e-05 -0.0072802604461135803 0.02511961361511672 0.019007161339899815 -0.023486432314448379 -0.0048830030098820591 4.8707714625848399e-06 0.039300226296932535 -0.00018440874784377882
leaf_weight=4.2756345495581627 4.2588044703006771 4.3928114622831345 3.8707331717014295 4.8608963489532453 5.7556347846984881 6.2067335769534102 6.2763783335685721 8.4749633073806763 5.7331977486610386 6.0972441434860212 4.4538163989782333 8.1641936302185041 3.0909208804368999 23.765881482511759 23.444442957639698 41.578947350382805 3.3670965284109107 136.42445469647646 14.898474052548407 5.4822288453578949 35.817017152905464 91.628191512078047 27.431553363800049 27.207902207970619 41.007106393575668 74.160336509346962 1774.7157839015126 4.7389232218265516 4.234569326043129
leaf_count=21 19 21 20 21 26 34 28 38 25 27 20 36 13 111 99 175 14 623 70 25 150 401 120 116 173 317 7589 21 21
internal_value=2.23288e-06 0.00505736 0.00982827 -0.00771539 -0.00831802 0.0226955 -6.93614e-05 -0.00908027 -0.0181355 1.336e-06 0.00379213 0.000286539 0.0035059 -0.0082929 0.013531 -0.0001216 0.00266871 0.00130901 0.00271704 0.0208329 -0.000341109 1.62638e-05 0.0109064 -0.00408978 -0.0109868 0.00152927 -0.000352793 0.028481 0.00909836
internal_weight=2405.81 33.597 24.4605 9.13653 10.1484 14.312 2372.22 18.467 14.2082 2353.75 73.9346 64.7418 58.4654 26.8568 31.6086 2279.82 166.269 154.69 151.323 11.5795 2113.55 1929.59 63.2486 183.954 82.5861 101.368 1866.34 9.19274 8.1053
internal_count=10374 164 122 42 47 75 10210 82 63 10128 328 287 259 124 135 9800 759 707 693 52 9041 8260 270 781 348 433 7990 41 41
is_linear=0
shrinkage=0.05


Tree=243
num_leaves=19
num_cat=0
split_feature=12 12 8 2 8 12 8 8 12 0 7 12 7 3 7 2 7 9
split_gain=0.3502 0.743214 2.26207 2.74638 3.52032 1.97036 1.79131 1.18753 0.516357 3.81146 2.35252 1.03681 1.48202 3.68683 0.488794 2.50926 2.26402 0.343148
threshold=-0.0069407753618279987 -0.011038244316389991 4.766718288884956 74.246960624206139 1.1039118197094784 -0.011932101552811785 1.5667807258012763 3.0841780018746445 -0.013432925317040855 0.00068328219209867096 0.010944267599790992 -0.014618256440686359 0.0093653284853372695 -0.017374702360423985 0.0079620210657362373 41.17647058823529 0.0088673374659109083 0.93809297741384634
decision_type=2 2 2 2 2 2 2 2 2 2 2 2 2 2 2 2 2 2
left_child=1 5 3 4 17 8 -6 -5 11 -10 -11 14 -13 -14 15 -1 -16 -3
right_child=-2 2 -4 7 6 -7 -8 -9 9 10 -12 12 13 -15 16 -17 -18 -19
leaf_value=0.011375641266344036 -0.011247552814034889 0.019029151981394488 -0.02311012912081311 0.019757724626152613 -0.039403651907509142 -0.0240590297032751 0.0029674915753448586 0.058457300899639512 0.050498740661013009 0.012555793917498706 -0.031450027374879848 -0.031741644380440005 -0.031038553544960629 0.024064780631489341 0.014120043447280612 -0.010135816346139408 -1.3765202308160148e-06 0.041114369818550482
leaf_weight=18.793565526604652 6.8979194834828368 3.6119298934936621 4.9271097034215918 4.1503232568502417 4.5775796473026258 8.5249494612216932 5.4813224673271179 3.7948547676205635 4.1265874952077892 7.6981133967637998 5.0159569978713989 6.210871338844302 5.7079874277114877 6.4835323244333241 28.749524191021919 48.647667869925499 2228.4576565427706 3.4281057119369507
leaf_count=88 35 19 22 21 20 37 26 20 18 35 22 27 25 27 130 212 9569 21
internal_value=2.26216e-06 3.46174e-05 0.00785889 0.0139516 0.00266501 -6.43952e-05 -0.0163147 0.0382418 2.22838e-05 0.00874618 -0.00480539 -4.04191e-05 -0.0118618 -0.00173423 5.31616e-05 -0.00414131 0.000178485 0.0297834
internal_weight=2405.29 2398.39 29.9712 25.0441 17.0989 2368.42 10.0589 7.94518 2359.89 16.8407 12.7141 2343.05 18.4024 12.1915 2324.65 67.4412 2257.21 7.04004
internal_count=10374 10339 149 127 86 10190 46 41 10153 75 57 10078 79 52 9999 300 9699 40
is_linear=0
shrinkage=0.05


Tree=244
num_leaves=26
num_cat=0
split_feature=2 11 11 9 2 0 2 7 0 11 9 2 7 2 7 11 8 12 2 7 9 3 2 7 8
split_gain=0.335088 2.22893 2.76843 4.3214 2.21706 1.94805 0.716129 3.60525 2.50262 2.355 1.36908 1.26814 1.08245 0.625692 4.60106 2.35874 2.90375 1.7515 0.7897 6.32967 3.3507 3.02757 2.79465 4.02572 0.781407
threshold=16.724941724941718 10.500000000000002 16.500000000000004 0.75940428067767396 13.802438437474843 -0.0039046613032606421 19.38155243656735 0.013554662611714329 -0.0020346970957529566 12.500000000000002 0.92078529730948933 20.000000000000011 0.018737270753906434 22.641509433962302 0.015892569034949448 9.5000000000000018 -5.3612248602104344 -0.061657339474422722 25.243085056169139 0.018829765201461037 1.0290154786135233 -0.17758196519867867 26.411772521923989 0.014502818315053964 -4.6107782716613466
decision_type=2 2 2 2 2 2 2 2 2 2 2 2 2 2 2 2 2 2 2 2 2 2 2 2 2
left_child=1 -1 5 -4 -5 -3 7 -2 9 -9 -11 12 -8 14 17 -16 -17 -13 19 20 -15 -21 23 -20 -24
right_child=6 2 3 4 -6 -7 11 8 -10 10 -12 13 -14 18 15 16 -18 -19 22 21 -22 -23 24 -25 -26
leaf_value=0.022847534514457743 -0.046164955536001175 -0.0017747833174577292 -0.058587078543264205 0.038917363038673644 -0.0023617223650438243 -0.044278606431008241 -0.00030905187500945646 0.058381101313361862 -0.012329652928766151 -0.0021752550779444765 0.030553603614294718 0.058985024645558451 -0.034328542875296512 -0.013459958225249265 0.02811916793480549 0.0030003023464184129 -0.034605089110617729 0.015712282216574808 0.064011391195472125 0.049775322405868572 -0.059176796349483841 0.0014004558190910158 -0.0041139250021836318 0.0073144359319070821 0.00014201382123597744
leaf_weight=5.9557582885026923 2.7101336866617229 4.1686662100255489 2.4511032849550274 5.277567313052713 8.4784573093056661 7.629799962043764 4.4072743505239469 3.9896729625761607 6.2011262178420976 6.317611947655676 6.4651863854378462 4.5531039834022522 4.9807504080235958 10.547124445438387 4.7220816314220455 13.974544491618873 8.1138124763965589 4.8074561655521375 3.9688786119222668 3.685636222362521 6.4644979983568183 26.418642453849316 113.63193636015058 14.827960073947905 2120.1594529561698
leaf_count=27 12 21 11 31 39 35 19 21 28 28 34 20 24 44 20 69 34 21 17 17 27 117 508 66 9084
internal_value=2.28737e-06 -0.0049291 -0.0108362 0.00257678 0.0134752 -0.029261 7.29243e-05 0.00837662 0.0148107 0.0248451 0.0143781 -1.80122e-05 -0.0183579 5.56968e-05 0.00658071 -0.00395631 -0.0108135 0.0367607 -4.69321e-05 -0.00645345 -0.0308326 0.00732294 8.70689e-05 0.0192858 -7.44838e-05
internal_weight=2404.91 33.9614 28.0056 16.2071 13.756 11.7985 2370.95 25.6837 22.9736 16.7725 12.7828 2345.26 9.38802 2335.88 36.171 26.8104 22.0884 9.36056 2299.7 47.1159 17.0116 30.1043 2252.59 18.7968 2233.79
internal_count=10374 164 137 81 70 56 10210 123 111 83 62 10087 43 10044 164 123 103 41 9880 205 71 134 9675 83 9592
is_linear=0
shrinkage=0.05


Tree=245
num_leaves=31
num_cat=0
split_feature=11 7 7 7 9 7 9 3 3 8 9 12 7 3 0 12 3 2 11 8 9 9 9 0 3 0 8 7 7 9
split_gain=0.338393 1.48674 4.12033 2.36421 4.69577 2.28616 4.33803 3.00735 2.14556 3.08258 3.01994 5.16707 2.78843 2.31976 2.09626 3.36891 1.92477 1.70058 1.27235 2.53292 2.89841 5.25145 2.1624 2.05851 1.84946 1.42598 2.48382 2.02808 1.99412 1.62683
threshold=15.500000000000002 0.029047335937942374 0.02857665377782424 0.031015150784670164 0.96198572045547925 0.032847076807191795 0.8171567140023499 0.12883259911753547 4.2233512829378066 2.7145827298491318 1.389721570559973 -0.08619597045583674 0.026940147220910097 0.50143315063568317 -0.003544446374613481 -0.11552386912211697 -0.21841429278087418 36.585365853658537 14.500000000000002 -8.133741868315651 0.85164313455424268 0.93512801136823231 0.97483531744139984 -0.00075452151880292648 0.15236063458408577 -0.00059152923382757192 0.57674438025430019 0.023583178848291309 0.027786717932580658 0.70535153456127198
decision_type=2 2 2 2 2 2 2 2 2 2 2 2 2 2 2 2 2 2 2 2 2 2 2 2 2 2 2 2 2 2
left_child=18 2 8 4 16 6 -5 -8 9 10 12 -12 -2 -11 15 17 -3 -7 -1 -20 25 24 -23 -24 -22 27 -27 29 -29 -21
right_child=1 3 -4 5 -6 14 7 -9 -10 13 11 -13 -14 -15 -16 -17 -18 -19 19 20 21 22 23 -25 -26 26 -28 28 -30 -31
leaf_value=-1.5617548212036269e-05 -0.0018589300284913163 0.015038427688407636 -0.037815705172479876 -0.043621015448319422 -0.0056060971113821865 0.017009070014373316 -0.016498083059886117 0.036240973798762482 0.027078523424339675 -0.038476636883955508 -0.010831156217411049 0.022355566523561327 0.015182546386159877 0.001034217626864726 0.031171371270981619 -0.032363018153778962 0.055644388247367782 -0.0028099543829694096 0.037374856154782456 -0.016476226933191517 0.012732245854438065 -0.038782142894101597 0.0037576298924291542 -0.020587386729634286 0.052706848083307424 -0.061605348721894396 -0.0089222894948851068 -0.054338620428957041 -0.0079091216418932866 0.012341411895644468
leaf_weight=1736.1290742941201 362.78933593630791 4.5673061460256568 7.1303507685661307 7.0635208860039738 9.4466640651226026 24.488617394119501 6.1694950014352781 4.8109260350465775 7.4617195129394522 8.9218959957361204 17.151965115219355 37.09552700817585 25.704840913414955 6.3653413653373709 7.9540225118398658 5.7787807285785666 8.0834136605262774 19.396757829934359 3.2726215943694106 11.002845346927648 6.9896012358367425 5.0772351920604697 26.814880907535549 12.841222815215589 4.9373483061790466 4.5141861587762815 4.4355897158384323 4.8039306104183179 4.4593619257211685 8.8258124440908414
leaf_count=7446 1536 20 30 31 40 142 27 21 32 38 75 157 108 27 39 25 34 103 16 50 32 23 116 61 22 22 20 22 21 38
internal_value=2.31916e-06 0.00106597 -9.50179e-05 0.0066788 0.0210669 0.00247671 -0.0130543 0.00660884 0.000482785 4.95153e-05 0.000811717 0.0118626 -0.000731375 -0.022025 0.00734045 0.00352379 0.0409844 0.00824932 -0.000328461 -0.00587212 -0.0073666 -0.000199214 -0.00805915 -0.00412564 0.0292804 -0.0180419 -0.0354951 -0.0126726 -0.0319874 -0.00364938
internal_weight=2404.48 570.38 472.621 97.7595 22.0974 75.6621 18.0439 10.9804 465.491 458.029 442.742 54.2475 388.494 15.2872 57.6182 49.6642 12.6507 43.8854 1834.1 97.9746 94.702 56.6603 44.7333 39.6561 11.9269 38.0417 8.94978 29.092 9.26329 19.8287
internal_count=10374 2485 2003 482 94 388 79 48 1973 1941 1876 232 1644 65 309 270 54 245 7889 443 427 254 200 177 54 173 42 131 43 88
is_linear=0
shrinkage=0.05


Tree=246
num_leaves=31
num_cat=0
split_feature=7 9 9 9 7 2 8 7 11 8 11 9 9 7 3 12 12 12 7 0 9 7 12 9 7 3 0 0 7 0
split_gain=0.339596 2.27808 1.72014 1.89112 0.837497 2.59359 2.49595 4.08854 2.10304 2.0086 2.16658 1.99377 3.65403 2.72172 1.13624 0.971348 2.09264 2.05864 2.35175 2.0337 1.49286 1.38343 1.23303 1.65289 1.2276 4.32091 3.25046 0.88764 3.12462 2.46674
threshold=0.054730877967777099 0.65388108712954984 0.80358062442456113 1.3677265533933003 0.043580589018418193 62.83212936438742 9.9230305818041202 0.048196211683053797 5.5000000000000009 2.3927277821937909 15.500000000000002 0.8983580811055577 0.77157413446297995 0.049536068653547503 -0.14009318803568527 -0.16772551472588518 -0.18388396197634374 -0.1607940842672719 0.031680279095547832 -0.0047560838178056309 0.89478195729210752 0.03448645749530705 -0.19938671152545306 0.87778289126163722 0.0406098476364583 -0.22766362238706497 -0.0021617139606348928 0.0080344818118911511 0.03781866878285884 0.0077150417577745668
decision_type=2 2 2 2 2 2 2 2 2 2 2 2 2 2 2 2 2 2 2 2 2 2 2 2 2 2 2 2 2 2
left_child=4 -2 -3 -4 15 9 8 -8 -7 10 11 12 -6 -13 -11 16 22 18 -17 21 -20 -18 23 -1 27 -26 -27 29 -29 -19
right_child=1 2 3 -5 5 6 7 -9 -10 14 -12 13 -14 -15 -16 17 19 24 20 -21 -22 -23 -24 -25 25 26 -28 28 -30 -31
leaf_value=-0.04266248601879815 0.030882597204166935 -0.030639045707522718 0.0053445286016555009 -0.024222824885979589 -0.002465325999088695 -0.041272909490436882 0.04651354206486176 -0.018792080314205057 0.0013609981859058378 0.015092781204360226 0.037836616535844615 -0.030924526957035195 0.051912615598751211 0.013257264482698917 0.045888708069440773 -0.010985866285760607 -0.011966167910781977 1.1507398238805111e-05 0.059227008112433581 0.0080936888016536635 0.017467915891267557 -0.046737196758754172 0.019556786072592716 0.011045611824580878 -0.043305874017710203 0.042218204548875149 -0.0076171354011340502 0.013100560601845565 -0.024168689083107684 -0.03051701287205278
leaf_weight=2.4514159969985503 4.0192374251782885 7.1873821578919879 19.008340351283554 7.5583455562591544 10.231147363781931 7.1063200384378451 4.3087162263691408 5.4007597044110298 4.8780893888324499 6.2252127416431904 4.6291426159441462 8.26490545645356 4.4257176592946044 6.0281504541635504 5.7725579589605314 4.2069193348288527 4.9501190446317214 2175.5349044278264 3.5996609739959222 4.313146334141492 5.2787337899208069 6.7770398259162903 7.2007268331944942 3.4466334711760283 7.3994448184967068 3.8889992088079515 20.622523777186867 35.682315826416016 6.6760912016034117 6.6370405107736579
leaf_count=14 27 35 100 38 53 33 23 26 25 32 45 39 22 29 33 20 23 9222 19 28 27 31 44 28 32 18 94 155 30 29
internal_value=2.17651e-06 -0.00470131 -0.00893843 -0.00306752 7.72699e-05 0.00557629 -0.00865393 0.0101882 -0.0239194 0.0123497 0.00607542 0.000996754 0.0139544 -0.0122907 0.0299098 -8.36595e-05 -0.00915454 3.2804e-05 0.0198076 -0.021263 0.0343987 -0.0320601 0.00567303 -0.0112772 -8.1872e-05 -0.00981911 0.000289742 5.78091e-05 0.00722657 -8.13446e-05
internal_weight=2403.71 37.7733 33.7541 26.5667 2365.94 67.2707 21.6939 9.70948 11.9844 45.5768 33.5791 28.9499 14.6569 14.2931 11.9978 2298.67 29.1391 2269.53 13.0853 16.0403 8.87839 11.7272 13.0988 5.89805 2256.44 31.911 24.5115 2224.53 42.3584 2182.17
internal_count=10374 200 173 138 10174 360 107 49 58 253 188 143 75 68 65 9814 168 9646 66 82 46 54 86 42 9580 144 112 9436 185 9251
is_linear=0
shrinkage=0.05


Tree=247
num_leaves=31
num_cat=0
split_feature=3 3 0 11 0 0 8 12 0 2 2 3 8 7 9 3 3 12 0 12 0 3 9 12 9 11 2 2 9 2
split_gain=0.342294 4.99717 2.79784 2.86757 1.89468 5.46249 2.19614 2.50651 1.97475 1.96393 3.82458 3.26707 3.24667 4.30671 3.86025 3.40169 2.62048 4.21027 2.24856 5.22898 3.67104 2.23161 1.54691 1.1594 1.08795 0.948078 3.14047 4.31036 4.76472 3.818
threshold=0.24401050814967734 0.23383629890641536 -0.00068670030074145913 5.5000000000000009 0.0058438724652459095 0.0073999881961986933 8.1550680841674517 -0.047315267739769733 0.0086848952416330952 44.657141112535875 42.673786514386137 0.65043082293516619 -1.564968058612678 0.032107465880783011 0.81413087473336387 0.67876323045573439 0.25640172412986323 -0.061150259713187195 -0.0025346845843529152 -0.10237965143040699 -0.0021190597388806706 1.6750095181845817 0.94111808828196386 -0.057411046638261555 1.3055859899774152 4.5000000000000009 36.842105263157883 54.617474916387955 0.82882484791884059 55.860721982758612
decision_type=2 2 2 2 2 2 2 2 2 2 2 2 2 2 2 2 2 2 2 2 2 2 2 2 2 2 2 2 2 2
left_child=1 25 -3 -4 6 23 9 -8 -7 10 16 22 13 14 -11 -15 -2 -18 19 -14 -20 -13 -12 -6 -10 26 -1 -28 -29 -30
right_child=4 2 3 -5 5 8 7 -9 24 12 11 21 18 15 -16 -17 17 -19 20 -21 -22 -23 -24 -25 -26 -27 27 28 29 -31
leaf_value=-0.032799203967432793 -0.027845085137170062 0.0013714975246625028 0.017614118174298764 0.067255561911778117 -0.028353844751573182 0.02523736252615515 0.0014974648004083123 0.047716142055122507 0.0052484218726582274 -0.010394883627299237 0.025449391077809691 -0.013610036897145692 0.0058323170911342825 -0.02422039214079234 -0.060718249086030379 0.034435462525524707 0.0075525697901878339 -0.0097347471731711391 0.033532526744347618 -0.039530583275685455 -0.0015318419798277224 0.028877540916755789 0.062198657419635761 -0.064056764166517385 -0.029940111827713445 -0.00063200622645932141 0.011267630825133185 -0.0086758125842369797 -0.023130345812331143 0.0048208106204887273
leaf_weight=6.4284311458468428 7.8512932062149039 7.1751784756779697 6.1632375419139844 5.5099076181650162 4.7854919582605362 6.2423640340566626 7.0994358062744141 4.9989445805549604 4.6079721860587579 7.1634251773357418 7.0770191103220004 7.5045024007558805 13.144003402441742 4.9329279810190183 8.1423815935850126 4.9542835801839828 104.93585116136819 53.013983532786369 7.6776895225048056 12.294965267181395 268.72829763963819 5.2544551342725754 4.8097281083464622 4.3324907198548335 4.1975082829594612 1330.913083024323 106.76779780909419 113.79040548205376 12.820488557219504 259.69352509453893
leaf_count=29 33 32 26 24 23 29 31 21 24 30 30 32 63 21 34 22 461 223 33 54 1149 23 21 21 22 5726 460 498 55 1124
internal_value=2.32044e-06 0.00032887 0.0259425 0.0410457 -0.0010882 -0.0147796 -0.00046344 0.0205946 0.00372489 -0.00095576 0.00308066 0.0214587 -0.00330632 -0.0205505 -0.0371659 0.00517088 0.000348838 0.00175029 -0.00186706 -0.0160921 -0.000557864 0.0038874 0.0403192 -0.0453184 -0.0115257 6.51187e-05 0.0019226 0.00237528 -8.24046e-05 0.00350584
internal_weight=2403.01 1849.26 18.8483 11.6731 553.749 24.1658 529.583 12.0984 15.0478 517.485 190.447 24.6457 327.038 25.193 15.3058 9.88721 165.801 157.95 301.845 25.439 276.406 12.759 11.8867 9.11798 8.80548 1830.41 499.501 493.072 386.304 272.514
internal_count=10374 7974 82 50 2400 119 2281 52 75 2229 823 106 1406 107 64 43 717 684 1299 117 1182 55 51 44 46 7892 2166 2137 1677 1179
is_linear=0
shrinkage=0.05


Tree=248
num_leaves=31
num_cat=0
split_feature=9 3 2 12 2 2 2 8 3 9 12 0 7 9 7 12 3 7 8 8 7 11 3 7 12 3 12 3 7 2
split_gain=0.35699 2.68245 2.35098 2.26326 3.30489 5.13223 3.2815 2.90045 2.65986 2.42919 2.2342 5.05125 4.38791 2.10198 3.73539 6.69287 3.21686 2.13557 1.92799 3.0424 1.63096 0.874348 2.40905 6.96418 9.24511 4.86326 2.97348 2.85236 1.56377 2.34891
threshold=0.66730894313150024 -13.999972528268371 80.103792308104929 -0.12471867558414095 44.444444444444471 31.57894736842103 27.07107843137258 -0.57106486873262585 -0.12561875166625425 0.65854512433743018 -0.079545454545454516 0.0014858602170101372 0.033459851420451596 0.67943433696383504 0.022746746885644074 -0.039999999999999987 0.046680017718267471 0.027616381457303055 -2.3592412660026807 0.55424389503079052 0.070725601258957785 4.5000000000000009 -1.2773690423579926 0.012420129221103722 -0.037013416477702121 -0.85992222589668443 -0.039662296950698138 -0.81793137922364256 0.0054264148615145507 49.268292682926827
decision_type=2 2 2 2 2 2 2 2 2 2 2 2 2 2 2 2 2 2 2 2 2 2 2 2 2 2 2 2 2 2
left_child=1 -1 3 4 5 6 -3 -6 -7 10 11 -5 -12 14 15 16 -2 -16 -11 -20 21 22 23 -15 -25 26 -24 -27 29 -23
right_child=13 2 -4 9 7 8 -8 -9 -10 18 12 -13 -14 20 17 -17 -18 -19 19 -21 -22 28 25 24 -26 27 -28 -29 -30 -31
leaf_value=-0.054704288456572249 -0.00045524725658022439 0.017193368013093197 -0.032845448713967711 -0.013009687524334484 -0.046150886869157921 0.066058461057076495 -0.034617791131398755 0.0091892595015172392 0.024524837671614286 0.045600951635220058 0.0033353143297237078 0.019312622923456126 -0.03065783972185946 -0.069880063378038079 -0.060062717288993497 -0.037878652749875154 0.05754463133153595 -0.017935265166830718 -0.016247984991260712 0.032651846054422208 -0.027508089637315738 0.033322845158081253 0.047319861333794067 -0.023075564457949657 0.041078446379796678 -0.050018935875356267 0.0013180693644665776 0.0018977356090695494 -0.00085858606173095991 -0.0043239204460199998
leaf_weight=2.1251070946454993 4.7399136424064618 8.6599226407706755 4.8915405347943297 68.148155689239502 3.7512079551815987 6.3276308029890087 4.7227381095290175 6.4196471534669381 9.8637020289897901 4.8943899273872402 261.87885724008083 14.693644894286988 9.8503351807594282 4.4449437856674221 4.8224636912345868 6.2059014290571239 4.8234601318836212 7.9968294128775597 6.240777060389517 6.4873731434345245 5.4053622633218756 8.3276322260499018 9.5558698922395688 17.1412045583129 8.351912438869471 2.6594608575105658 5.5548011958599082 509.15924594551325 1375.9764596512541 8.2461466640233976
leaf_count=9 20 43 23 297 18 30 23 40 48 20 1123 74 43 19 20 26 20 37 26 28 29 40 42 75 36 11 24 2195 5895 40
internal_value=2.16037e-06 0.00132834 0.001614 0.00202319 0.0133645 0.0218199 -0.00109078 -0.0112213 0.0407563 0.0008121 -8.8431e-05 -0.00727668 0.00210304 -0.000277967 -0.0137377 0.00255784 0.028798 -0.0337831 0.0189311 0.00867562 -8.11238e-05 -5.0741e-06 0.00166944 -0.0121275 -0.00205779 0.00245333 0.0304092 0.00162797 -0.000674697 0.014592
internal_weight=2402.37 418.955 416.83 411.938 39.7448 29.574 13.3827 10.1709 16.1913 372.194 354.571 82.8418 271.729 1983.41 28.5886 15.7693 9.56337 12.8193 17.6225 12.7282 1954.82 1949.42 556.867 29.9381 25.4931 526.929 15.1107 511.819 1392.55 16.5738
internal_count=10374 1845 1836 1813 202 144 66 58 78 1611 1537 371 1166 8529 123 66 40 57 74 54 8406 8377 2402 130 111 2272 66 2206 5975 80
is_linear=0
shrinkage=0.05


Tree=249
num_leaves=31
num_cat=0
split_feature=9 9 2 9 9 11 2 11 8 0 0 0 11 2 0 12 0 0 3 12 3 7 3 7 11 0 12 9 0 2
split_gain=0.355931 4.64714 4.69975 4.27209 3.32889 4.95979 5.5294 3.14012 2.88363 2.86213 8.34586 5.67078 5.34067 4.06146 3.66807 2.98579 2.71413 2.53279 3.3077 3.01593 2.51297 2.5537 2.40278 2.3768 3.72115 6.55649 4.43467 3.31088 4.60185 3.88947
threshold=0.95808203131752279 0.93512801136823231 27.07107843137258 0.96587438112592261 0.9269314071906819 2.5000000000000004 49.453535594839948 12.500000000000002 9.9230305818041202 -0.001939053224797216 0.00030607350688769932 0.0014524027329829042 10.500000000000002 65.866824044219229 -0.003418241972059755 -0.053199173683661533 0.00077950930145620175 -0.0059120667619198585 -0.30637195346513019 -0.14843912266854981 -0.054412225554269479 0.034338924008561443 0.0075670730803758446 0.014396572116728691 12.500000000000002 0.0017255099581645922 -0.074878672822968742 0.82882484791884059 -0.0014877325795672651 80.103792308104929
decision_type=2 2 2 2 2 2 2 2 2 2 2 2 2 2 2 2 2 2 2 2 2 2 2 2 2 2 2 2 2 2
left_child=1 4 -3 7 8 -6 -7 22 23 14 12 16 -11 -13 -4 -14 -12 18 -5 20 -20 -22 -2 27 25 -25 -26 29 -29 -1
right_child=3 2 9 17 5 6 -8 -9 -10 10 11 13 15 -15 -16 -17 -18 -19 19 -21 21 -23 -24 24 26 -27 -28 28 -30 -31
leaf_value=0.0024640371579091216 0.013528956793156983 -0.025720558038347493 0.0080456973934049485 0.056444580896353104 -0.06007949339064092 -0.033601823833176697 0.030678776730534929 -0.048442627581960461 0.040588887229289335 -0.059908949018154078 0.030454169252902452 -0.0068502291167178726 -0.024065778195639351 0.038993620898039358 0.060955796872049189 0.031419041685140002 0.078832192066966039 -0.0006707024239622 -0.03040402779212378 0.028823792684969332 -0.01976878792164484 0.025742055384315427 -0.033126365104683829 -0.0083955556532357353 -0.0014223263016962704 0.0021855621042435607 0.010129060562841977 0.04850314080373877 0.0089564531296912539 -0.039706495737282688
leaf_weight=185.5971844419837 6.226242810487749 6.9021699987351885 5.7392086237668991 3.913937482982873 5.6646497249603298 7.34635943174362 6.1429218798875809 7.8261540234088889 4.4017417803406707 5.1810214146971694 5.8781767040491086 12.714292898774149 4.9775112867355338 7.7921782881021491 7.6312332749366742 4.7275636643171302 5.7206603437662125 1066.7070344723761 6.2235973104834583 10.7192340195179 5.0115002915263167 8.0071334801614267 4.9564802348613739 318.65801163762808 219.15735628455877 270.83229301683605 133.8215309381485 8.6531589552760106 49.078501105308533 5.6337710320949546
leaf_count=811 26 31 24 24 24 31 27 34 28 22 26 54 21 33 32 20 24 4572 30 48 23 60 22 1341 973 1171 561 38 218 25
internal_value=2.21757e-06 0.000570971 0.0133639 -0.000649167 -0.000137271 -0.0208168 -0.0043289 -0.0241506 0.000193957 0.0178331 0.0120255 0.0263737 -0.0189198 0.0105698 0.0382443 0.00296214 0.0543147 -0.000243259 0.0132165 0.00756957 -0.00427048 0.00822274 -0.00714992 4.47181e-05 -0.00110308 -0.00353422 0.00295704 0.0043898 0.0148839 0.00122167
internal_weight=2401.84 1282.25 67.264 1119.59 1214.99 19.1539 13.4893 19.0089 1195.83 60.3618 46.9914 32.1053 14.8861 20.5065 13.3704 9.70507 11.5988 1100.58 33.8754 29.9615 19.2422 13.0186 11.1827 1191.43 942.469 589.49 352.979 248.963 57.7317 191.231
internal_count=10374 5535 287 4839 5248 82 58 82 5166 256 200 137 63 87 56 41 50 4757 185 161 113 83 48 5138 4046 2512 1534 1092 256 836
is_linear=0
shrinkage=0.05


Tree=250
num_leaves=24
num_cat=0
split_feature=9 9 12 3 3 7 12 12 3 2 13 2 9 2 13 9 0 2 7 12 7 9 7
split_gain=0.35587 3.26082 2.58236 2.38417 2.70369 3.41953 6.21582 3.99549 3.22955 3.26382 2.95085 2.54872 2.19315 2.36223 2.68752 2.09646 2.41591 1.89178 0.752658 0.797796 0.695054 3.61685 2.75443
threshold=0.61845938689859326 0.61399110112556199 -0.050353467226218966 -13.999972528268371 -0.54595770544265931 0.023237312410053678 -0.090539853179731053 -0.049974515800203789 -0.45815408896967275 64.102564102564145 1.0000000180025095e-35 53.246753246753258 0.62745258142654103 44.055944055944103 1.0000000180025095e-35 0.63223446245346793 6.1431144377782531e-05 74.246960624206139 0.070725601258957785 -0.23717589734544492 0.019010875353839666 0.65388108712954984 0.019380450770710798
decision_type=2 2 2 2 2 2 2 2 2 2 2 2 2 2 2 2 2 2 2 2 2 2 2
left_child=1 3 -3 -1 5 7 -7 -5 -6 11 -9 -10 13 -2 -15 16 -14 -11 19 -17 21 -21 -22
right_child=12 2 -4 4 8 6 -8 10 9 17 -12 -13 15 14 -16 18 -18 -19 -20 20 22 -23 -24
leaf_value=-0.052200136241595044 0.0036193260604715535 0.0034788296097411353 0.055607567392033166 0.054160646734398347 -0.034807845632544077 0.039595379187280282 -0.035433987289189471 -0.017466478107345904 0.00079645917712489647 0.019908881665089195 0.028519405226510492 -0.011893809225630717 0.049552312031520343 -0.05739603076529104 -0.007557425079501157 -0.022651192501420302 -0.0012518636402616408 -0.0039766356558059912 -0.017529476781484792 -0.023346196176445465 0.015225744243135487 -0.00072669324654052242 0.00027085406950705474
leaf_weight=2.1174407154321662 7.8269049562513855 4.6007264852523804 4.9125301390886289 7.9644343554973593 6.7454877719283095 4.3957406412810087 7.4200495034456235 5.8203774392604837 168.94934643432498 29.459295898675919 8.7072688490152359 51.665135331451893 4.5671655535697919 5.4021252542734128 5.4177326187491417 3.9264286495745173 4.7987013086676598 11.535914391279219 6.2375802099704734 18.077237755060196 31.594177350401878 789.86176068335772 1209.1318932380527
leaf_count=9 35 20 21 34 29 27 32 25 740 138 38 227 20 23 24 29 21 54 33 76 130 3381 5208
internal_value=2.31961e-06 0.00157082 0.0303975 0.000671039 0.00104093 0.0142577 -0.00752137 0.025699 -0.000648776 0.000232 0.0100956 -0.00217544 -0.000233908 -0.0173047 -0.0324408 -7.99984e-05 0.0235223 0.0131876 -0.000187368 -0.000134667 -9.15127e-05 -0.00123279 0.000651669
internal_weight=2401.14 314.294 9.51326 304.78 302.663 34.3079 11.8158 22.4921 268.355 261.61 14.5276 220.614 2086.84 18.6468 10.8199 2068.19 9.36587 40.9952 2058.83 2052.59 2048.67 807.939 1240.73
internal_count=10374 1394 41 1353 1344 156 59 97 1188 1159 63 967 8980 82 47 8898 41 192 8857 8824 8795 3457 5338
is_linear=0
shrinkage=0.05


Tree=251
num_leaves=31
num_cat=0
split_feature=8 8 2 7 2 2 12 12 3 9 12 9 9 9 2 0 12 12 12 2 3 0 0 7 12 0 11 0 2 8
split_gain=0.346922 4.71445 3.43801 4.91594 2.67577 2.409 3.54053 3.54315 3.18251 2.76165 2.62369 2.36844 4.27997 3.0936 2.29444 2.24706 2.33351 2.58428 2.14999 2.12943 2.11823 3.22315 2.11679 4.14014 4.85733 2.11766 2.99395 2.66752 2.08547 1.96207
threshold=3.3377858500789537 3.4057678343148043 65.39126963002397 0.028241321445521723 67.721518987341781 61.682242990654181 -0.038285840402097128 -0.04350463992473478 0.067678523777688931 1.0741555256695026 -0.035648413188756556 0.60341699908862889 0.65388108712954984 0.52704581062272271 61.456439393939412 6.1431144377782531e-05 -0.031760041468779351 -0.025204511512827911 -0.017045454545454513 63.475657380890418 0.67876323045573439 0.0022453406611380993 0.0046288803159307912 0.042822809035846683 -0.049107581189396808 0.0029568571602308657 4.5000000000000009 0.0019298452930141547 66.266858478690907 -1.3878126630788723
decision_type=2 2 2 2 2 2 2 2 2 2 2 2 2 2 2 2 2 2 2 2 2 2 2 2 2 2 2 2 2 2
left_child=2 -2 5 4 15 14 7 8 9 -7 -8 13 -13 -6 22 -4 28 -18 -14 -10 21 -12 25 24 -24 27 -27 -1 -17 -25
right_child=1 -3 3 -5 11 6 10 -9 19 -11 20 12 18 -15 -16 16 17 -19 -20 -21 -22 -23 23 29 -26 26 -28 -29 -30 -31
leaf_value=-0.00041383799516656072 -0.03694818479423901 -0.00051469568692401649 0.042199735363028096 0.049079134995348848 0.0037396373816003074 0.019005084928186096 -0.05050117352248959 0.033741781037691092 -0.044601062460622155 -0.020173215804719064 -0.024398823793400595 -0.04570292644617268 0.0067380178175019054 0.053258011137231942 0.0295405333778757 0.013120663375804871 0.048939629306345274 0.010624361224003424 -0.010176430812445861 -0.0013156522188702792 0.015702735621017719 0.0013998649825299751 0.039264189742226251 0.021732266128658327 -0.0052326772082686036 -0.004320683225840549 -0.032374598788395985 0.0078651684975506349 -0.029224888086893521 -0.018373612864522413
leaf_weight=1447.8392651965842 9.0563303157687169 453.76714171096683 6.926743045449256 6.7967438027262679 9.5217188298702222 15.65863971412182 4.8160810917615882 7.9555890411138526 6.2003498226404172 6.3107438534498206 34.468926392495632 5.2302041798830023 54.674481756985188 4.7163701653480521 6.6107595115900031 6.0376945286989194 5.838469758629798 17.872581206262115 28.622200712561607 5.2447219341993332 6.1303987950086585 18.6611018627882 16.975933708250526 4.0266413837671307 9.6021646261215192 67.729087397456169 11.063950031995772 104.30430025607347 5.6083852052688599 12.567692399024962
leaf_count=6208 40 2000 32 33 47 67 20 33 26 26 146 22 242 21 28 25 26 80 131 23 27 78 74 21 40 284 47 441 23 63
internal_value=2.30459e-06 -0.00122761 0.000296025 0.00751881 0.00557137 -0.000317999 -0.00764893 0.00375342 -0.00338646 0.00775105 -0.0150107 0.00121522 -0.00182893 0.0201426 0.000141936 0.0161584 0.0110567 0.0200589 0.000925917 -0.0247655 -0.0121264 -0.0153374 2.58457e-05 0.0109536 0.0231883 -0.000263423 -0.00825995 0.000142513 -0.00727162 -0.00864186
internal_weight=2400.84 462.823 1938.01 151.846 145.049 1786.17 105.447 41.37 33.4145 21.9694 64.0765 102.765 88.5269 14.2381 1680.72 42.2839 35.3571 23.7111 83.2967 11.4451 59.2604 53.13 1674.11 43.1724 26.5781 1630.94 78.793 1552.14 11.6461 16.5943
internal_count=10374 2040 8334 682 649 7652 446 175 142 93 271 463 395 68 7206 186 154 106 373 49 251 224 7178 198 114 6980 331 6649 48 84
is_linear=0
shrinkage=0.05


Tree=252
num_leaves=31
num_cat=0
split_feature=9 12 12 11 11 12 9 0 0 2 13 9 2 7 0 9 12 0 7 7 3 8 0 3 0 8 3 7 0 7
split_gain=0.335941 0.786259 2.20219 2.02924 1.73415 1.4766 0.548945 1.83895 1.6281 0.437726 2.24945 1.75133 4.4921 5.06132 4.08407 3.39663 2.01909 1.61816 5.3753 6.76299 4.92374 3.61562 3.21285 2.94129 2.66052 3.84605 3.50698 3.00174 2.77929 6.64334
threshold=0.33197407145317887 -0.045269153101722977 -0.031517150374365498 10.500000000000002 17.500000000000004 -0.021525649922596542 0.38875348084063305 -0.0017284812162363201 0.0018025380095504048 39.044357469014983 1.0000000180025095e-35 0.67128587117973371 35.809914689225032 0.02889237425515544 0.00042251681946756201 0.68784673126947127 -0.025545467921033699 -0.002579129399226283 0.024805139763887301 0.016645434263158596 -0.95271911687101507 -4.1018456637302245 -0.0033624098375473364 -0.020542441927198556 -0.0021190597388806706 -1.6540888296574774 0.012870483487065884 0.027071524076899476 -0.001939053224797216 0.02118812682525437
decision_type=2 2 2 2 2 2 2 2 2 2 2 2 2 2 2 2 2 2 2 2 2 2 2 2 2 2 2 2 2 2
left_child=1 3 -3 -1 -5 -4 7 -2 -9 10 11 12 14 -14 -8 -13 -17 18 19 23 -20 -22 -21 -11 25 26 -19 -27 29 -26
right_child=6 2 5 4 -6 -7 9 8 -10 17 -12 15 13 -15 -16 16 -18 24 20 22 21 -23 -24 -25 28 27 -28 -29 -30 -31
leaf_value=-0.0287035754323221 0.020212669002172751 0.039079077210014447 -0.018694388154223768 0.026438979994277897 -0.012727928279936438 0.017281937223544062 0.0037272742939206609 -0.030430393506806687 0.0046351359651188072 -0.0028752133606436791 0.036226519529498506 -0.028975067909622027 0.01162163878577039 0.059733983168011651 -0.03800974340647631 0.00055295414782507849 -0.032985601876644163 0.01227698140116854 0.040690885563208955 -0.012027551943897404 -0.033128696312036569 0.0030373540805500674 -0.035605415483419826 0.047889886060559585 -0.040538112098842914 0.012793806428616423 -0.045764839963285134 0.050017174675973136 -4.5117278882307741e-07 0.0096907368078059525
leaf_weight=5.1770510375499752 4.2390944063663509 5.3535214811563518 5.4235958009958276 6.3551892191171628 5.0892764180898666 6.0155305862426731 70.802690826356411 8.8611264973878843 5.2842905595898619 6.4957545697689056 4.5410196334123603 10.167658001184462 23.12298691272736 7.1585420034825793 6.3902530670166007 469.40339079778641 4.5308373570442191 5.6005310863256437 7.9596895128488532 32.898669168353081 7.6978650987148276 67.578490313142538 25.763084024190903 5.0884092748165113 13.682872891426088 28.73032408952713 4.861664853990078 6.6742030996829262 1526.5107715744525 12.686523318290709
leaf_count=23 19 27 26 35 22 31 309 40 23 27 23 44 97 35 28 2038 21 23 38 142 35 305 110 23 58 122 21 30 6545 54
internal_value=2.36533e-06 0.00498079 0.0126115 -0.00272846 0.00902172 0.000224599 -6.79214e-05 -0.00867419 -0.017331 -5.45455e-07 0.00116982 0.000900715 0.00667456 0.0229954 0.000272164 -0.000381123 0.000232324 -0.000398708 -0.00530266 -0.0154883 0.00329336 -0.000661037 -0.0223825 0.0194236 7.2078e-05 0.0119402 -0.0146944 0.0198109 -0.000278466 -0.0163726
internal_weight=2400.14 33.4142 16.7926 16.6215 11.4445 11.4391 2366.73 18.3845 14.1454 2348.35 596.117 591.576 107.474 30.2815 77.1929 484.102 473.934 1752.23 153.482 70.2459 83.236 75.2764 58.6618 11.5842 1598.75 45.8667 10.4622 35.4045 1552.88 26.3694
internal_count=10374 164 84 80 57 57 10210 82 63 10128 2595 2572 469 132 337 2103 2059 7533 680 302 378 340 252 50 6853 196 44 152 6657 112
is_linear=0
shrinkage=0.05


Tree=253
num_leaves=19
num_cat=0
split_feature=0 12 2 8 0 12 11 0 8 0 0 9 12 12 0 3 8 12
split_gain=0.333114 1.47951 1.35215 0.703347 2.23172 2.80832 1.64515 0.810926 2.54374 0.702159 0.742779 2.86693 2.78385 1.26913 0.953642 3.03086 1.30725 0.396409
threshold=0.013454294945522804 -0.062212912410127039 72.893879936545048 12.755898121751775 0.010929175309834322 -0.044150858738190822 8.5000000000000018 0.010929175309834322 8.1550680841674517 0.010194863754946938 0.0086848952416330952 0.98937541420632313 -0.037642181092353309 -0.054741228039777469 0.0060480702069804727 -0.22222436849113672 5.9610509824125151 -0.031760041468779351
decision_type=2 2 2 2 2 2 2 2 2 2 2 2 2 2 2 2 2 2
left_child=3 2 -2 7 5 6 -5 9 -9 10 14 13 -13 -12 16 -16 -1 -7
right_child=1 -3 -4 4 -6 17 -8 8 -10 -11 11 12 -14 -15 15 -17 -18 -19
leaf_value=-0.0001099973846331398 0.0030735498930120741 -0.0075556534009688361 0.045363753705377728 -0.043388998410890556 -0.037336953485529616 0.02984758766699205 0.0013726740072660772 -0.0076118398526921248 0.04526575794011721 -0.015745987736930721 -0.035921279155954264 0.038676113252665012 -0.0080379997102309961 0.0032883134764779063 0.012828954194485069 -0.010205193666372205 0.0060585664389867164 0.0086739802685828673
leaf_weight=2148.0344360535964 3.981243109330534 8.1307822614908201 3.5984822437167168 4.1321666836738622 5.2645674720406523 4.5025309026241302 4.0791135281324387 5.3760190941393358 3.942236240953207 7.0770285427570334 3.7216479554772377 9.3491793125867826 4.8404642343521109 4.6327875107526797 18.179412193596363 66.59881865978241 89.464469011873007 4.3424287438392639
leaf_count=9235 28 34 18 20 28 20 20 30 22 32 20 41 21 20 82 291 392 20
internal_value=2.28606e-06 0.00725908 0.0231509 -4.55453e-05 -0.00887953 -9.58859e-05 -0.0211528 3.79632e-05 0.0147589 -2.03612e-05 2.71011e-05 0.00905914 0.0227407 -0.0141784 -6.05797e-05 -0.00526587 0.000136647 0.0194524
internal_weight=2399.25 15.7105 7.57973 2383.54 22.3208 17.0562 8.21128 2361.22 9.31826 2351.9 2344.82 22.5441 14.1896 8.35444 2322.28 84.7782 2237.5 8.84496
internal_count=10374 80 46 10294 108 80 40 10186 52 10134 10102 102 62 40 10000 373 9627 40
is_linear=0
shrinkage=0.05


Tree=254
num_leaves=31
num_cat=0
split_feature=8 8 2 7 13 2 2 11 3 8 12 12 12 3 2 12 0 9 8 7 9 3 3 0 3 0 9 3 12 11
split_gain=0.329676 4.31709 3.10537 4.49659 2.73818 2.43681 2.19191 3.48692 5.74685 3.58366 2.90779 3.71227 5.52454 2.90025 2.16101 4.14007 6.39181 4.56221 5.13177 4.99679 3.93891 3.58559 2.5528 5.04684 4.24719 3.49833 2.75557 2.52599 2.49114 2.15177
threshold=3.3377858500789537 3.4767879141469717 65.39126963002397 0.028241321445521723 1.0000000180025095e-35 67.721518987341781 61.682242990654181 11.500000000000002 0.0053554892206054564 2.127269436244116 -0.022767274632328274 -0.026910993955682975 -0.030937805340086565 0.15236063458408577 65.559234731420176 -0.036716862922705241 0.0046288803159307912 1.9939528439632328 5.3042487195173473 0.033158470634545682 0.87778289126163722 -1.6787218103267696 0.30844908253402703 0.0019298452930141547 0.28186116846964343 0.0038612057782270496 1.3372032047073457 0.038178291637760702 -0.15085332633501983 2.5000000000000004
decision_type=2 2 2 2 2 2 2 2 2 2 2 2 2 2 2 2 2 2 2 2 2 2 2 2 2 2 2 2 2 2
left_child=2 4 6 5 -2 29 -1 10 -9 13 11 12 -8 -10 15 17 27 18 20 -20 -3 -16 24 26 28 -25 -24 -17 -23 -4
right_child=1 14 3 -5 -6 -7 7 8 9 -11 -12 -13 -14 -15 21 16 -18 -19 19 -21 -22 22 23 25 -26 -27 -28 -29 -30 -31
leaf_value=0.00014398494294570402 -0.0048294948484904456 0.014587872666499198 0.0011789833693296812 0.047152158243642883 -0.043442854566963451 0.0011508710593169183 -0.0045217034363294268 0.045387028753147027 -0.018567529206069064 -0.044542151401704283 -0.028326120029755177 0.020248888220927051 -0.046929165431997044 0.036190540368744827 -0.058103034669263726 0.077236089763496829 -0.019724091046653496 -0.040182992620686919 0.043045592296258518 0.0046321473210400484 -0.012378131621870313 0.057855710103317054 -0.068560272057116706 0.013042877402083883 0.043594926897591389 -0.019067086931523904 -0.020361871978769815 0.028889287260375957 -0.0012961130474072309 0.024393511313332894
leaf_weight=1679.7349220905453 8.8188171237707138 19.628622464835644 16.256625838577747 6.7175524905323973 9.5772753730416298 102.65280174463987 42.83853842318058 7.6582191437482861 4.802426874637602 4.6156894117593756 20.477636843919754 10.664804190397261 9.3573556244373304 4.8705549985170364 2.8574182987213126 4.8673065602779371 4.6227729469537726 6.0586330294609061 13.952474936842917 21.527898790314794 43.671484269201756 1.7918536271899927 5.0494866520166379 17.195137917995453 5.471568912267684 16.74075136333704 7.1848944574594498 6.0721923112869263 267.43030140548944 25.861620873212814
leaf_count=7206 38 92 71 33 42 463 179 33 20 20 88 45 39 22 13 20 20 27 59 115 188 18 21 73 24 79 31 26 1154 115
internal_value=2.16987e-06 -0.00119717 0.000288622 0.00716166 -0.0249322 0.00530605 -0.00029467 -0.00729302 0.0104384 -0.00829286 -0.0119625 -0.0066319 -0.0121242 0.00900434 -0.000214035 0.00550492 0.0295698 0.00193275 0.00451589 0.019738 -0.00401629 -0.00234108 -0.0018445 -0.0127228 -1.60844e-05 -0.00279714 -0.0402548 0.0504002 -0.000902418 0.0154333
internal_weight=2399.03 462.519 1936.51 151.489 18.3961 144.771 1785.02 105.285 21.9469 14.2887 83.3383 62.8607 52.1959 9.67298 444.123 120.401 15.5623 104.839 98.7805 35.4804 63.3001 323.721 320.864 46.1703 274.694 33.9359 12.2344 10.9395 269.222 42.1182
internal_count=10374 2040 8334 682 80 649 7652 446 95 62 351 263 218 42 1960 547 66 481 454 174 280 1413 1400 204 1196 152 52 46 1172 186
is_linear=0
shrinkage=0.05


Tree=255
num_leaves=31
num_cat=0
split_feature=3 2 11 9 8 3 3 9 3 12 3 7 0 2 2 11 3 7 3 3 9 7 7 2 12 3 8 8 0 3
split_gain=0.338335 1.3836 3.64213 3.02253 4.14179 3.02103 4.05105 2.99064 2.94661 3.59563 2.63712 3.4905 2.33628 1.86885 2.91783 3.88109 2.71977 1.74166 1.49348 1.3972 4.09912 5.56254 5.90245 2.22668 2.24795 2.65291 2.04555 3.23178 2.30389 1.12544
threshold=-0.065977175474899535 69.773830820342454 2.5000000000000004 0.86080001052697486 4.3288535221835245 -0.093052098369456313 -0.10895460284575013 0.61845938689859326 -0.11923623200703583 -0.033872722661714559 -0.18224330822006127 0.023040587761589005 0.0034977949882601688 67.721518987341781 68.292682926829272 1.0000000180025095e-35 -0.20017353114404332 0.015736149517185414 -0.19216175675711988 -0.074168033651500223 0.69226356549115209 0.018737270753906434 0.025378210170612904 23.241339931480763 -0.13750250485005025 -0.18224330822006127 -3.2404135503381073 -3.0551844183145884 -0.00071611952514943585 0.062443478198833065
decision_type=2 2 2 2 2 2 2 2 2 2 2 2 2 2 2 2 2 2 2 2 2 2 2 2 2 2 2 2 2 2
left_child=1 13 3 7 17 6 10 -3 9 -6 11 -4 -12 19 -15 -16 -17 -5 -9 23 -21 -22 -23 24 -1 -26 28 -28 -25 -2
right_child=29 2 5 4 8 -7 -8 18 -10 -11 12 -13 -14 14 15 16 -18 -19 -20 20 21 22 -24 26 25 -27 27 -29 -30 -31
leaf_value=-0.011739143562022571 0.0026101268374940458 0.012737901458766621 0.00854816118358445 0.0099536676135980415 -0.004226038088121116 -0.013892079356574376 0.068623844085749827 -0.018573272245580363 0.015149291878376915 -0.058722494897777894 0.022226253418160674 0.066943002202812449 -0.022136744826596923 -0.038562186173822108 0.02583332743337647 -0.04171498955104281 0.00062051591747308544 0.04680676684334395 -0.057162962520717037 0.024155210225032982 -0.055424119171945688 0.040447051070308854 -0.035294858717886297 -0.0054663460371243084 -0.00073228844432769789 0.042116303719677083 0.030371118315907514 -0.00044159542644514778 -0.032325030220349174 -0.00043721884602675024
leaf_weight=5.497497700154784 435.58612509071827 4.237093210220336 5.5864708647131938 6.7966860979795438 8.8339794725179619 5.9148055911064139 4.5412699654698399 5.1508152186870566 8.1902854144573229 4.6043299585580852 6.1269262582063657 4.7221846021711826 5.755572609603405 8.375129237771036 7.3538189232349422 6.8729944676160839 8.4675405398011154 6.0683354884386063 4.8851723819971076 5.7426071465015438 8.0424874126911181 4.8196623027324659 5.5159306675195694 73.988724831491709 5.8873559087514886 9.3481985628604853 8.6118506416678411 718.48619827628136 8.9500113129615766 995.26318588107824
leaf_count=26 1886 19 26 33 37 25 21 23 35 20 27 21 25 36 31 30 38 26 21 24 34 20 25 331 26 41 38 3062 40 4327
internal_value=2.15497e-06 -0.000720114 0.00551775 -0.00313511 0.00487214 0.0184429 0.0255974 -0.0224862 -0.00849031 -0.022898 0.0167923 0.0352976 0.000737974 -0.00129333 -0.0133392 -0.00403092 -0.018347 0.027337 -0.0373574 -0.000855546 -0.0127184 -0.0242403 2.48785e-05 -0.000511118 0.0156689 0.0255587 -0.000925249 -7.66453e-05 -0.0083647 0.000490469
internal_weight=2398.22 967.374 81.4139 48.7667 34.4936 32.6472 26.7324 14.2731 21.6286 13.4383 22.1912 10.3087 11.8825 885.96 31.0695 22.6944 15.3405 12.865 10.036 854.891 24.1207 18.3781 10.3356 830.77 20.7331 15.2356 810.037 727.098 82.9387 1430.85
internal_count=10374 4161 359 214 151 145 120 63 92 57 99 47 52 3802 135 99 68 59 44 3667 103 79 45 3564 93 67 3471 3100 371 6213
is_linear=0
shrinkage=0.05


Tree=256
num_leaves=21
num_cat=0
split_feature=0 8 8 11 7 11 7 0 0 3 0 11 9 12 2 2 0 2 2 2
split_gain=0.31147 0.623824 0.484057 3.45451 3.3918 3.93854 2.56849 1.52853 1.35021 2.43447 1.36983 5.97717 3.70299 0.746024 0.57646 1.60302 2.34202 1.49182 1.68396 1.36165
threshold=-0.010433720819822781 -9.1216571080439479 -8.504160240682948 13.500000000000002 0.034042694486796483 17.500000000000004 0.039912516783399875 -0.0040789619065891795 -0.0086207439321224315 -0.13311673059951964 -0.0070070421960991272 18.500000000000004 0.82520014412859544 -0.15388698350481786 18.604651162790663 13.802438437474843 -0.0021617139606348928 19.38155243656735 20.000000000000011 11.895420632878855
decision_type=2 2 2 2 2 2 2 2 2 2 2 2 2 2 2 2 2 2 2 2
left_child=1 -1 3 6 13 -6 -2 -8 9 -4 11 -10 -13 -5 15 19 -17 -16 -19 -12
right_child=2 -3 8 4 5 -7 7 -9 10 -11 14 12 -14 -15 17 16 -18 18 -20 -21
leaf_value=0.026166431943607391 0.039756309362485753 -0.0062477251260552721 0.0093242771823038566 -0.053549604073277503 -0.023718974096886326 0.04378746865892616 0.01999485792079677 -0.023561264184657645 -0.021927115505770676 -0.040182626032156998 -0.006125654004653985 0.0018017039825508965 0.060258590245745564 -0.026764036974526364 0.023839469655500628 -0.003405518310356534 -0.035754260289089887 -0.023540870218358621 0.00014218017335869252 0.02677657047426904
leaf_weight=3.2571741342544556 5.480292033404111 2.7271250113844863 4.4632081035524607 4.732348557561636 5.4709623754024488 3.5709198722615838 3.5852360278367987 4.5968808457255355 7.1738416925072679 5.5974891036748868 6.9611395597457868 4.564107570797205 6.6653862446546555 5.767791688442232 6.616933822631835 19.303271949291229 7.8790052235126522 7.5306458622217169 2276.0027197301388 5.7353210598230362
leaf_count=26 37 15 26 23 28 26 21 22 32 27 31 24 35 25 29 84 34 32 9770 27
internal_value=2.11538e-06 0.0113949 -2.63906e-05 -0.00602133 -0.0195061 0.00294141 0.0132666 -0.00447586 5.80101e-05 -0.01822 0.000136313 0.013724 0.0364994 -0.0388361 2.89927e-05 -0.00593085 -0.0127821 0.000132772 6.40781e-05 0.00873714
internal_weight=2397.68 5.9843 2391.7 33.2044 19.542 9.04188 13.6624 8.18212 2358.49 10.0607 2348.43 18.4033 11.2295 10.5001 2330.03 39.8787 27.1823 2290.15 2283.53 12.6965
internal_count=10374 41 10333 182 102 54 80 43 10151 53 10098 91 59 48 10007 176 118 9831 9802 58
is_linear=0
shrinkage=0.05


Tree=257
num_leaves=31
num_cat=0
split_feature=3 9 9 9 8 11 8 12 11 11 9 2 11 3 12 12 9 11 12 9 9 12 3 2 0 9 7 2 3 2
split_gain=0.313074 1.3607 5.09424 2.88844 2.6944 8.42957 6.02708 5.88766 3.96213 5.64163 3.80524 3.66283 3.3796 3.32257 2.8249 2.59188 2.16696 4.32482 8.71116 4.77915 2.8586 2.74199 2.22602 1.69318 2.13637 2.07846 1.25633 1.15086 1.08515 4.59452
threshold=-0.065977175474899535 1.2918150192261681 1.2756333193627798 1.3055859899774152 1.3198884887034297 11.500000000000002 -0.50359168543398003 -0.048677158133300015 5.5000000000000009 9.5000000000000018 1.6550342211432771 56.727957714799835 18.500000000000004 -0.65669051721270322 -0.023466880668740808 -0.038285840402097128 1.2066170112533989 9.5000000000000018 -0.040190703414571816 1.2390541392913015 1.1883419531993848 -0.076923076923076775 -0.23310782499032448 20.840694935217922 -0.0044877756239138271 0.80091114784164097 0.021533318051630109 48.693375825176425 -0.047590981413238899 74.014209207912259
decision_type=2 2 2 2 2 2 2 2 2 2 2 2 2 2 2 2 2 2 2 2 2 2 2 2 2 2 2 2 2 2
left_child=1 2 16 -3 6 10 7 12 11 -10 14 -8 -5 -12 -6 -9 20 18 -18 -19 23 -21 -20 25 -25 -1 -7 -22 29 -2
right_child=28 3 -4 4 5 26 8 15 9 -11 13 -13 -14 -15 -16 -17 17 19 22 21 27 -23 -24 24 -26 -27 -28 -29 -30 -31
leaf_value=-0.0028260284571018143 0.013100037837170335 -0.036826590809074917 0.04079817123824879 -0.018754051992152191 -0.020580660932776437 0.06528982923126006 -0.023806180551749628 0.063613821116886973 -0.07902191401687636 -0.022787196768141747 -0.027442710245362073 0.030826289588809702 0.011990173729269558 0.021421319187044541 0.018297736332015768 0.010915973655684809 0.064273959717552662 0.022893835796022881 0.02417366822211723 -0.0021425940844700731 -0.01143101502957585 -0.052697077265378173 -0.021165527793319806 -0.0093229137955872145 0.0001138368666048708 0.045796155843072825 0.029351641968316761 -0.043514535486930885 0.00019054696410686307 -0.026810301626724195
leaf_weight=4.4205555319786054 48.874541118741035 6.7975338846445075 7.6295247673988333 22.02384489774704 27.965533815324303 4.7855139523744565 7.4641149118542653 4.8261590451002121 5.7740595191717174 19.597723290324211 4.2744238078594234 5.2091079950332642 15.045102611184118 18.69090636074543 5.6094321161508587 4.5172218829393369 8.9117505699396151 8.1817783340811747 4.6733653396368027 5.2772066295146942 6.2425135076045972 5.4544032961130124 6.4347835630178434 65.806693844497204 676.78959220275283 4.3714276105165482 4.9443774856626987 5.0613366216421127 1373.2032064972445 8.45937432348728
leaf_count=20 211 30 33 96 120 20 32 20 24 84 19 22 65 82 25 20 38 35 20 23 27 23 27 302 2891 20 22 21 5967 35
internal_value=2.20768e-06 -0.000692843 0.000134754 -0.00494447 -0.00350664 0.00404019 -0.00942833 0.00266475 -0.0241811 -0.035585 -0.00335738 -0.00135045 -0.00627595 0.0123265 -0.0140852 0.0381361 -0.000252262 0.0112537 0.0274512 -0.00589137 -0.000839611 -0.0278372 -0.00209065 -0.00046416 -0.00072242 0.0213492 0.0470273 -0.0257965 0.000471934 0.00721144
internal_weight=2397.32 966.78 809.255 157.525 150.728 66.2702 84.4573 46.4123 38.045 25.3718 56.5403 12.6732 37.0689 22.9653 33.575 9.34338 801.625 38.9333 20.0199 18.9134 762.692 10.7316 11.1081 751.388 742.596 8.79198 9.72989 11.3039 1430.54 57.3339
internal_count=10374 4161 3480 681 651 288 363 201 162 108 246 54 161 101 145 40 3447 166 85 81 3281 46 47 3233 3193 40 42 48 6213 246
is_linear=0
shrinkage=0.05


Tree=258
num_leaves=30
num_cat=0
split_feature=8 8 0 7 7 3 9 2 0 8 7 9 0 0 8 12 3 2 2 0 9 8 3 7 8 8 11 12 7
split_gain=0.313337 1.56901 1.76839 2.1262 1.96373 1.76743 1.62088 1.3728 1.86417 3.37399 1.80584 1.4164 1.68676 2.40804 2.35475 0.973 1.80726 0.954795 0.6013 2.26694 1.93893 0.970888 3.14802 3.05231 2.98402 1.57599 5.35908 1.92699 0.464235
threshold=-5.3612248602104344 -4.809614867320593 -0.003418241972059755 0.019179839298795454 0.03146649298250271 0.14443696826110339 0.93512801136823231 40.525755089113481 -0.00039666687803643035 -6.5590398628375537 0.018117094205347649 1.6776566817245471 -0.0040789619065891795 -0.0044877756239138271 -7.0528123371760794 -0.19148462437768471 -0.12561875166625425 29.747827929646082 18.604651162790663 -0.0020346970957529566 1.0789758244699224 -3.0155326238054658 -0.26683586714210111 0.018031794237614682 -3.1228515733045792 -2.4727964358263339 11.500000000000002 -0.16389465191332406 0.025791348221768384
decision_type=2 2 2 2 2 2 2 2 2 2 2 2 2 2 2 2 2 2 2 2 2 2 2 2 2 2 2 2 2
left_child=7 2 6 -4 5 -5 17 8 10 -10 -1 12 13 -12 -14 16 -3 -2 19 20 -17 22 23 -20 -24 26 -23 -27 -13
right_child=1 15 3 4 -6 -7 -8 -9 9 -11 11 28 14 -15 -16 18 -18 -19 21 -21 -22 25 24 -25 -26 27 -28 -29 -30
leaf_value=0.03001951345880749 0.006484701389219312 0.010437746756193682 0.029410914785052086 -0.0038361445522829274 0.017499212556730898 -0.044244689979078523 -0.041126657211598701 0.027283360319668465 -0.050029413232183795 0.0087662464442856691 0.0020829835420208679 0.037875964328933122 -0.020253743272356711 0.031932222549532874 0.0019426990551743356 0.024808928801132057 -0.039424707732236407 -0.02555361858727195 0.026296846428391536 -0.033172972292274235 -0.01860798061255722 -0.021785337500957021 0.0037157171985274691 -0.01835620395376383 0.026162692903035641 0.022527374413007357 0.0027012183516629843 -1.70082651759159e-08 0.012441300972026139
leaf_weight=5.8159591257572165 4.7686667591333407 3.1802763640880585 4.5717823952436474 6.4390715807676298 4.783972166478633 4.6676679253578186 6.8933016881346694 5.2535014972090712 4.7530924528837204 5.0139405876398069 72.670658223330975 3.0283484011888495 19.784589849412441 7.4493517801165572 30.168391942977905 5.6226028650999087 4.2400738783180705 4.5388810038566589 4.4918871819973019 6.2514716833829871 4.7387361973524094 35.736959502100945 181.20218482613564 25.858085379004478 16.122947044670582 9.5419604107737523 59.626403585076332 1845.274548234418 4.401471839286387
leaf_count=29 20 24 20 28 22 20 34 25 23 22 360 14 90 35 129 24 26 20 19 27 20 153 753 112 67 65 249 7917 27
internal_value=2.1176e-06 -0.000149924 -0.0104083 -0.000637492 -0.00928247 -0.0208181 -0.0227494 0.00215163 0.00128918 -0.0198465 0.00272955 0.00157527 0.000362429 0.00485829 -0.00684852 2.08875e-05 -0.0180542 -0.00913898 8.20065e-05 -0.0093944 0.0049523 0.000154293 0.00324402 -0.0117474 0.0055498 -0.000206419 -0.006475 0.000115873 0.0228083
internal_weight=2396.89 2238.55 36.6633 20.4625 15.8907 11.1067 16.2008 158.339 153.086 9.76703 143.319 137.503 130.073 80.12 49.953 2201.89 7.42035 9.30755 2194.47 16.6128 10.3613 2177.85 227.675 30.35 197.325 1950.18 95.3634 1854.82 7.42982
internal_count=10374 9620 164 90 70 48 74 754 729 45 684 655 614 395 219 9456 50 40 9406 71 44 9335 951 131 820 8384 402 7982 41
is_linear=0
shrinkage=0.05


Tree=259
num_leaves=31
num_cat=0
split_feature=8 8 2 7 9 0 7 11 12 2 0 3 3 7 3 2 12 3 3 2 7 9 12 3 8 13 8 9 3 3
split_gain=0.309064 4.00848 2.75174 4.15138 4.95411 2.15832 5.05927 2.90214 7.12588 2.77775 3.05477 2.91051 3.97966 4.84389 3.18641 4.65147 2.7062 2.12653 3.44509 3.00112 3.28848 2.60687 2.01381 3.65241 1.89386 4.311 2.0617 1.85804 1.76659 1.88116
threshold=3.3377858500789537 3.4057678343148043 65.39126963002397 0.02590028065395994 0.82882484791884059 0.0045201089968799424 0.042822809035846683 1.0000000180025095e-35 -0.049107581189396808 60.294117647058833 0.004253566685301865 0.067678523777688931 -0.1603345904309717 0.011214696758121203 0.15236063458408577 61.275791920953168 -0.024250592175120517 -0.44268475442680283 -0.40313818975078969 66.266858478690907 0.024413955517869894 1.0166536765245902 -0.051326676608855558 -0.10378855597090215 2.3440483258652551 1.0000000180025095e-35 1.6056958893020561 0.28850172168020632 2.406157667758241 0.38821404036256041
decision_type=2 2 2 2 2 2 2 2 2 2 2 2 2 2 2 2 2 2 2 2 2 2 2 2 2 2 2 2 2 2
left_child=2 -2 5 17 -5 9 7 8 -7 10 24 12 16 -14 -13 -16 -11 21 -19 -20 -21 -4 23 -9 26 -26 -1 -3 29 -29
right_child=1 27 3 4 -6 6 -8 22 -10 11 -12 14 13 -15 15 -17 -18 18 19 20 -22 -23 -24 -25 25 -27 -28 28 -30 -31
leaf_value=0.00029302503985223532 -0.034223958899466604 -0.04609640028200139 -0.029429415425634816 -0.0023687858091179389 0.065782063942464594 0.037180127550404132 -0.011507632697544077 0.049161822321479039 -0.031536291559902327 -0.0042256469881154692 -0.034420285809844742 -0.038299766248233419 -0.033599042732216304 0.01655038864076953 -0.03700230489740005 0.00068613872215251995 -0.030692204748951842 0.062239700118708642 0.028063495988956619 0.0044697506603676154 -0.038166352583607809 0.014474684270171271 0.057882325632663323 -0.00241673777386406 0.022117253397802607 -0.010441362627402737 -0.0081674922107151278 0.00058084438619259804 0.023448206063466242 -0.0090356366700660527
leaf_weight=1459.8688410287723 8.9883275926113111 2.2236650288105002 9.3621486574411374 4.6746327653527242 6.2079354375600815 7.9101351499557495 18.465660400688648 6.7723243385553351 7.2129780799150449 35.985864982008934 6.4089991152286521 12.713995382189749 5.5701864063739768 35.5185367166996 11.283978298306463 29.826969608664513 13.20162074267864 2.7173622250556937 12.974090069532393 105.08978537470102 4.7258902043104163 5.2922630906105033 5.9324146956205395 6.9592835009098044 28.212388560175896 15.894861191511152 75.742501899600029 384.22051561065018 7.7106697410345069 58.612899795174599
leaf_count=6271 40 10 41 23 29 35 93 29 30 149 27 54 25 149 47 129 57 12 56 477 20 24 25 30 119 66 317 1697 35 258
internal_value=2.02243e-06 -0.00116025 0.000279447 0.00675935 0.0365077 -0.00026934 0.00964524 0.0208736 0.00440579 -0.00057449 2.93601e-05 -0.0072211 -0.00173421 0.00975189 -0.0164238 -0.00965844 -0.0113291 0.0044496 0.00655406 0.00532173 0.00263492 -0.013574 0.0335386 0.0230214 0.000169124 0.0103842 -0.000124282 -0.000503866 -0.000278843 -0.000691982
internal_weight=2396.28 461.756 1934.53 151.044 10.8826 1783.48 53.2528 34.7871 15.1231 1730.23 1586.13 144.101 90.2762 41.0887 53.8249 41.1109 49.1875 140.162 125.507 122.79 109.816 14.6544 19.664 13.7316 1579.72 44.1072 1535.61 452.768 450.544 442.833
internal_count=10374 2040 8334 682 52 7652 242 149 65 7410 6800 610 380 174 230 176 206 630 565 553 497 65 84 59 6773 185 6588 2000 1990 1955
is_linear=0
shrinkage=0.05


Tree=260
num_leaves=27
num_cat=0
split_feature=9 3 2 3 8 11 9 8 2 11 0 0 2 12 12 8 9 12 0 0 0 3 8 8 2 0
split_gain=0.316998 0.756301 2.12921 1.90247 1.61588 1.30257 0.510077 1.76946 3.26689 0.427294 5.22459 4.20727 3.33239 3.83895 4.99498 4.51045 3.99747 5.44775 3.11097 3.04884 2.85164 3.1123 2.30749 2.07929 1.66799 0.269762
threshold=0.33197407145317887 -0.20484286163487025 42.253521126760553 -0.44268475442680283 -2.4427266922126689 7.5000000000000009 0.38875348084063305 1.0697639020756007 44.055944055944103 8.5000000000000018 -0.0028223932769870503 -0.0017939980280988164 82.421312139769483 -0.021156687449597384 -0.023466880668740808 1.0024653548756766 0.78199110603968525 -0.018257219127580989 -0.0020747783601939569 0.00032756258123442815 -0.00088672707804067399 0.11349020326321048 6.1115077757879108 9.9230305818041202 24.377863067970804 0.0022453406611380993
decision_type=2 2 2 2 2 2 2 2 2 2 2 2 2 2 2 2 2 2 2 2 2 2 2 2 2 2
left_child=1 3 4 -1 -3 25 7 8 -2 10 -8 18 13 14 23 -16 19 -18 -12 -15 21 -13 -14 -11 -22 -4
right_child=6 2 5 -5 -6 -7 9 -9 -10 12 11 20 22 16 15 -17 17 -19 -20 -21 24 -23 -24 -25 -26 -27
leaf_value=0.017064173844561055 -0.026634343655608701 0.014878847167345249 0.018372925109676534 -0.028847225698887171 -0.025494922420192467 0.039473676454139295 0.05501447877075169 -0.031829542288594276 0.024434899124503154 -0.00077518022617198163 -0.0077997086403375528 -0.0031207662918900968 -0.060428469671256348 -0.032649134630668375 -0.052917810316498587 0.0034485597350022803 0.044248066689623305 0.0044714241885439061 -0.056035796605088978 0.01849544155495382 0.021545158521057924 0.03444696779041951 -0.0099173446455702724 0.023285669077105338 0.00029283702428350007 -8.5402429383897229e-06
leaf_weight=4.2234988659620285 5.5986335277557391 4.3636235408484936 3.8221115395426732 4.8446656465530378 5.7359999567270297 6.0819475799798965 4.4138918071985236 5.5885029882192603 7.1063919216394424 1181.1644288767129 8.5311292409896833 9.5995202511549014 3.789988771080969 6.9720473736524564 8.6998481154441816 5.9946279078721991 15.536702930927271 19.302152343094352 5.4961443692445746 5.0061967372894287 9.3157942146062833 12.950704254209993 5.6046433337032795 9.0478710569441301 1032.8530458658934 4.1777026206254959
leaf_count=21 26 21 20 21 26 34 22 24 32 5103 36 40 17 30 38 25 67 87 23 21 39 55 28 47 4450 21
internal_value=2.10457e-06 0.00485019 0.00946808 -0.00746399 -0.00805111 0.0220331 -6.61248e-05 -0.00838283 0.00193058 -1.22556e-06 0.000727159 0.000505032 -0.000626826 -0.000404159 -0.000949977 -0.0299231 0.0136433 0.0222102 -0.0266995 -0.0112737 0.000863441 0.0184546 -0.0302946 -0.000592272 0.000482808 0.00877367
internal_weight=2395.82 33.2495 24.1814 9.06816 10.0996 14.0818 2362.57 18.2935 12.705 2344.28 1083.16 1078.75 1261.12 1251.72 1204.91 14.6945 46.8171 34.8389 14.0273 11.9782 1064.72 22.5502 9.39463 1190.21 1042.17 7.99981
internal_count=10374 164 122 42 47 75 10210 82 58 10128 4665 4643 5463 5418 5213 63 205 154 59 51 4584 95 45 5150 4489 41
is_linear=0
shrinkage=0.05


Tree=261
num_leaves=31
num_cat=0
split_feature=9 9 2 9 9 11 2 11 0 0 0 11 3 0 12 0 8 7 12 0 2 3 9 0 12 0 0 3 3 12
split_gain=0.321743 4.18547 4.23479 3.86883 2.9674 4.42273 4.89979 2.89742 2.57205 7.44581 5.19853 4.85897 3.70139 3.24366 2.70511 2.54024 2.37391 2.77275 5.36273 2.60324 4.71651 5.34201 4.53956 2.5969 6.29937 3.21236 2.32603 3.02884 2.71029 2.85495
threshold=0.95808203131752279 0.93512801136823231 27.07107843137258 0.96587438112592261 0.9269314071906819 2.5000000000000004 49.453535594839948 12.500000000000002 -0.001939053224797216 0.00030607350688769932 0.0014524027329829042 10.500000000000002 0.012870483487065884 -0.003418241972059755 -0.053199173683661533 0.00077950930145620175 7.3777885007243915 0.030002560163850469 -0.078474956089879477 0.0064669239778938755 61.057289240801104 -0.1147893066402661 0.65044158216430115 0.0048484632929444386 -0.052811880839544849 0.004327042510859992 -0.0059120667619198585 -0.30637195346513019 -0.057493218502550146 -0.14843912266854981
decision_type=2 2 2 2 2 2 2 2 2 2 2 2 2 2 2 2 2 2 2 2 2 2 2 2 2 2 2 2 2 2
left_child=1 4 -3 7 16 -6 -7 -2 13 11 15 -10 -12 -4 -13 -11 19 -18 -19 23 21 -21 -22 25 -25 -1 27 -5 -29 -30
right_child=3 2 8 26 5 6 -8 -9 9 10 12 14 -14 -15 -16 -17 17 18 -20 20 22 -23 -24 24 -26 -27 -28 28 29 -31
leaf_value=0.00020331505256638205 -0.0067023342820204035 -0.02445751528351563 0.007898188959699513 0.054844938158813666 -0.056871648111797818 -0.031649638486598505 0.029089152146002769 -0.046450342406466991 -0.057130348195778752 0.028855620880253553 0.025473663586149123 -0.022844832897777115 -0.019169668450175793 0.057644401152455373 0.030031086189845235 0.075874148440829833 0.052215632250890598 0.049803438636867564 -0.0145576179081627 0.052393898753455438 0.016347784374469074 -0.01414626611682057 -0.042260543924979757 0.037298291516220911 -0.0041792250868389717 -0.02129464571576558 -0.00063962612896947401 -0.011763302561506395 0.0071572911461185709 0.051441799459904597
leaf_weight=1085.7520507555455 11.168077997863294 6.8778444565832606 5.7408000826835632 3.7888945341110221 5.6370234489440945 7.3152714967727643 6.0800679624080658 7.7778240442275992 5.1431116908788672 5.8550270348787326 13.303093716502191 4.94696320593357 7.1321040242910376 7.6347378492355329 4.7331677675247184 5.6394701302051544 4.4595945030450848 4.8812184240669021 9.6056092977523768 4.6234776414930812 4.2125308625400093 8.6773576624691469 15.318632893264292 15.771065585315226 21.817645832896233 17.659439474344254 1064.0413115732372 11.398178048431875 13.272038231603803 5.0145082324743262
leaf_count=4670 48 31 24 24 24 31 27 34 22 26 57 21 30 32 20 24 19 40 42 27 20 44 68 69 92 75 4572 52 85 24
internal_value=2.12264e-06 0.00054358 0.0127082 -0.000618073 -0.000129054 -0.0197163 -0.00408065 -0.02302 0.0169594 0.0114282 0.0250237 -0.017857 0.00989266 0.0362933 0.00300922 0.051924 0.000183488 0.0177409 0.00712832 -9.99012e-05 -0.0139808 0.00898363 -0.0296198 0.000299519 0.0132235 -0.000140747 -0.000231359 0.0127464 0.00737305 0.0193009
internal_weight=2395.28 1278.82 67.0063 1116.46 1211.81 19.0324 13.3953 18.9459 60.1285 46.7529 31.9297 14.8232 20.4352 13.3755 9.68013 11.4945 1192.78 18.9464 14.4868 1173.83 32.832 13.3008 19.5312 1141 37.5887 1103.41 1097.51 33.4736 29.6847 18.2865
internal_count=10374 5535 287 4839 5248 82 58 82 256 200 137 63 87 56 41 50 5166 101 82 5065 159 71 88 4906 161 4745 4757 185 161 109
is_linear=0
shrinkage=0.05


Tree=262
num_leaves=31
num_cat=0
split_feature=7 3 12 2 12 0 8 12 0 9 8 7 9 2 2 3 0 11 2 0 3 9 7 9 0 12 0 0 12 0
split_gain=0.320594 1.43036 0.404895 4.45659 4.20788 3.37088 6.17779 3.98624 3.88336 3.97986 4.06788 3.38065 3.36282 5.62738 5.25208 3.11594 3.97726 3.38685 2.96874 2.55969 1.78875 1.68553 1.24133 3.92713 1.74855 1.33953 6.36021 3.57695 2.98438 4.76058
threshold=0.0042516847646405995 -0.031435729394740826 -0.025204511512827911 35.309396485867083 -0.027257248993911899 0.00058743273007416587 -0.17681502534809612 -0.024549272609793869 0.00028058686444212903 1.0837498352672157 0.16265698496725511 0.0048057776061599415 0.92078529730948933 55.07692307692313 52.31065849317779 -0.43045467402157206 0.0046288803159307912 14.500000000000002 67.209796243445993 0.0013740975602599564 -0.22766362238706497 1.4760359527203784 0.0070442841646802768 1.2331709870973901 -0.00081702195619442499 -0.029111967369152961 0.0020066322902067297 0.0011704818234524509 -0.029694674040063779 0.0014114080274330065
decision_type=2 2 2 2 2 2 2 2 2 2 2 2 2 2 2 2 2 2 2 2 2 2 2 2 2 2 2 2 2 2
left_child=1 -1 4 -4 22 8 -7 18 12 10 -10 -9 14 -14 -5 19 17 20 -8 -6 -17 -18 23 24 -2 28 27 -27 -24 -30
right_child=2 -3 3 5 15 6 7 11 9 -11 -12 -13 13 -15 -16 16 21 -19 -20 -21 -22 -23 25 -25 -26 26 -28 -29 29 -31
leaf_value=-0.011369261583428615 0.058041448426899483 0.030515039970469032 -0.060390690015532683 0.012150414030367818 0.013246796742104145 -0.056212342504800353 -0.057660084159257212 -0.069243524794352099 0.080147152899405966 -0.0047329604677152186 0.021992504416086467 -0.00068019459944992206 -0.0079846071407787302 0.042049621890472719 -0.035758549193157095 0.060409199679525419 -0.01873705361117297 -0.012480498151343311 -0.0039039026104964267 -0.038225592991653137 0.02724872824389224 0.015660046388747722 -0.00025844351731339987 -0.021092986830063748 0.012996689808910064 -0.0059197279342992175 -0.02832321023149938 0.029363840922346413 -0.0045400648162795664 0.044690095341320707
leaf_weight=4.0142581164836884 4.2479020431637755 4.1411852315068227 3.2008176594972602 11.194898143410684 4.7173589766025525 5.4807230681180945 5.5821524411439878 1.8117884546518315 4.8475899398326892 6.2080149203538886 7.9198660850524902 233.92131640017033 12.317964479327204 10.334445655345915 11.698365382850168 4.741334348917003 8.5382435917854291 4.9185502976179114 4.7571101784706116 4.9495839625597 28.584033489227298 6.1102384924888602 1917.2316958541051 4.8377414047718039 4.3715322315692893 20.478689238429073 22.537618890404701 11.063719719648359 10.131426289677622 9.5295231789350492
leaf_count=19 22 22 16 49 20 23 23 8 22 27 35 1031 52 45 51 21 36 22 20 21 127 26 8282 21 20 87 97 47 42 40
internal_value=2.29331e-06 0.00989882 -3.15297e-05 -0.00168871 0.000224444 -0.00109424 -0.00370931 -0.00253992 0.00910132 0.0281055 0.0440729 -0.00120716 0.00118368 0.0148419 -0.0123309 0.0129942 0.0177647 0.0262503 -0.0329268 -0.0131076 0.0319666 -0.00438919 -0.000174106 0.0149606 0.035196 -0.000276403 -0.00803795 0.00645623 -5.96926e-05 0.0193214
internal_weight=2394.42 8.15544 2386.26 319.275 2066.99 316.074 251.553 246.072 64.5211 18.9755 12.7675 235.733 45.5457 22.6524 22.8933 62.5593 52.8924 38.2439 10.3393 9.66694 33.3254 14.6485 2004.43 13.4572 8.61943 1990.97 54.08 31.5424 1936.89 19.6609
internal_count=10374 41 10333 1402 8931 1386 1105 1082 281 84 57 1039 197 97 100 273 232 170 43 41 148 62 8658 63 42 8595 231 134 8364 82
is_linear=0
shrinkage=0.05


Tree=263
num_leaves=27
num_cat=0
split_feature=9 9 9 2 7 12 8 3 2 2 8 0 9 2 8 3 9 3 2 9 7 8 9 12 9 9
split_gain=0.317235 2.16902 1.85957 1.7593 1.7042 1.53735 1.52178 1.44378 1.33324 3.07235 2.21244 1.50196 0.617677 4.48797 7.26406 4.65312 3.92429 3.88135 3.19142 2.94511 3.80803 2.53359 1.96648 2.13274 1.83778 1.80275
threshold=0.55577164666085799 0.56478107682773715 0.56053121687902319 13.802438437474843 0.022247490046084898 -0.19148462437768471 -8.504160240682948 -0.093052098369456313 28.693229986677952 29.452054794520517 -3.524318022675085 -0.0025346845843529152 0.60341699908862889 64.311178864228367 1.5334381079822728 -0.068241506290856971 0.60898601707211675 0.26808634838420309 49.047532656023229 0.61845938689859326 0.020081839134341185 -1.7772348683082486 0.62745258142654103 -0.08244510760123254 0.63223446245346793 0.61399110112556199
decision_type=2 2 2 2 2 2 2 2 2 2 2 2 2 2 2 2 2 2 2 2 2 2 2 2 2 2
left_child=3 2 4 -1 -2 -5 -7 -4 11 -10 -11 -8 13 14 15 21 18 -17 -14 20 25 -3 23 -21 -24 -18
right_child=1 12 7 5 -6 6 8 -9 9 10 -12 -13 16 -15 -16 17 19 -19 -20 22 -22 -23 24 -25 -26 -27
leaf_value=-0.078520414121476367 -0.022491833904807308 0.04565228845234201 -0.053372285015122548 0.059681542105269436 0.02034727176431925 -0.043112865815973594 0.0014889220421023149 -0.013465335489669604 -0.052824237132567078 0.020596960560179192 0.00016794069506444482 0.032002185212935783 -0.059402711666374043 0.044046370870889882 -0.052230613260717068 -0.023601666653401163 0.016170855615825295 0.014026751621604709 -0.0026171163734650615 0.014614620927732759 -0.0055950514595219207 0.011323015256102402 0.022094831270494854 -0.025644905112689381 -0.00016130201985365029 0.057715953904775935
leaf_weight=0.67755207419395347 4.7527872920036316 7.6877129450440433 4.5278363525867462 1.1558752879500378 4.5384127125144005 1.8641246929764737 8.4625297933816928 4.5378984063863754 2.6089127808809272 14.429605379700659 162.53809683956206 7.7047248482704154 5.0499467402696592 6.5410035997629157 5.9030290842056266 16.34030115604401 4.6527623385190982 11.803615584969519 4.8511365950107574 4.2706897538155344 8.3912487477064115 17.862776011228561 9.3175273425877077 14.319147393107412 2052.8833629749715 5.9508589804172516
leaf_count=3 20 34 21 11 21 10 38 20 11 64 732 33 21 31 26 70 20 51 20 21 36 75 41 61 8857 26
internal_value=2.45651e-06 -0.000171085 -0.0172861 0.0019117 -0.00156649 0.00218588 0.00184957 -0.0333967 0.00227776 0.00103961 0.00183368 0.0160304 -2.66897e-05 0.00473127 0.000416316 0.00620419 -0.000175851 -0.00782023 -0.03158 -2.77717e-05 0.019571 0.0216521 -0.000206683 -0.016396 -6.07434e-05 0.0394864
internal_weight=2393.62 2194.18 18.3569 199.441 9.2912 198.764 197.608 9.06573 195.744 179.577 176.968 16.1673 2175.83 66.1384 59.5974 53.6944 2109.69 28.1439 9.90108 2099.79 18.9949 25.5505 2080.79 18.5898 2062.2 10.6036
internal_count=10374 9472 82 902 41 899 888 41 878 807 796 71 9390 287 256 230 9103 121 41 9062 82 109 8980 82 8898 46
is_linear=0
shrinkage=0.05


Tree=264
num_leaves=26
num_cat=0
split_feature=8 9 2 7 3 9 3 0 8 2 9 11 2 0 0 12 12 8 0 3 0 2 12 3 7
split_gain=0.310481 2.66075 2.56799 3.10865 2.26448 2.2191 6.1146 2.21 1.80123 4.82369 1.26037 0.479317 5.6593 4.81792 4.37939 3.83661 5.48033 5.02592 3.33889 2.63354 2.4912 2.38362 3.16423 2.75908 1.74844
threshold=11.03046731492134 0.97483531744139984 75.900974025974008 0.036415904311185736 0.065641639764135798 1.6134181535951404 0.22697502815618806 0.010194863754946938 9.9230305818041202 75.517339803054071 1.3797462035553127 8.5000000000000018 82.421312139769483 -0.0028223932769870503 -0.0017939980280988164 -0.019940390961185158 -0.019055283790563062 0.19553492352055313 -0.00088672707804067399 0.11349020326321048 -0.0020747783601939569 72.164948453608289 -0.023466880668740808 0.09347466212529755 0.02420537301960226
decision_type=2 2 2 2 2 2 2 2 2 2 2 2 2 2 2 2 2 2 2 2 2 2 2 2 2
left_child=8 -2 7 5 -5 -4 -7 -3 11 -10 -11 13 15 -1 20 21 -17 -18 19 -16 -15 22 -13 -23 -20
right_child=1 2 3 4 -6 6 -8 -9 9 10 -12 12 -14 14 18 16 17 -19 24 -21 -22 23 -24 -25 -26
leaf_value=0.053398489660368476 0.030825673605335491 -0.046614410053485128 0.0076819202791697369 0.040956853796064958 -0.00212353236216974 -0.05691569362080251 0.017003881062569337 -0.0058527989988801099 0.054887931183170029 -0.018767126539247815 0.013918942929097414 -0.00025372417057342023 -0.052645155436543412 -0.010620124517878735 0.00016952061922903414 0.064656384942469919 0.038752883305591616 -0.0039108096497917563 0.0020979975248358929 0.034352081544310027 -0.053499247079463547 -0.02547000088529628 -0.020646256699408318 0.0027684015137780411 -0.0022014595178044762
leaf_weight=4.3284778967499724 4.9723894521594039 6.6281814873218519 8.143252678215509 6.2151069492101652 5.9904397055506706 6.7779553234577161 4.7639638036489487 6.6731584370136261 5.4891018494963673 5.6943802386522275 6.1178727596998215 1174.1422512056306 5.2191423177719107 8.9529357850551587 9.8384750783443469 4.8513812720775595 9.5451802983880025 24.93809249997139 632.65053664892912 13.187404423952101 5.4489085525274268 20.777932960540056 19.335655614733696 14.819910973310469 377.5971272084862
leaf_count=22 30 33 35 28 28 30 23 32 29 25 26 5089 24 38 41 22 44 110 2711 56 23 92 83 63 1637
internal_value=2.37498e-06 -0.00388977 -0.00770944 -1.19158e-05 0.0198132 -0.0123042 -0.0264052 -0.0261647 8.57095e-05 0.016159 -0.00183816 -3.38664e-05 -0.000686242 0.000755945 0.000538452 -0.000472446 0.014899 0.00789876 0.000920102 0.0197466 -0.0268434 -0.000964386 -0.000584106 -0.0137139 0.000491003
internal_weight=2393.1 50.1644 45.1921 31.8907 12.2055 19.6852 11.5419 13.3013 2342.93 17.3014 11.8123 2325.63 1273.63 1052 1047.68 1268.41 39.3347 34.4833 1033.27 23.0259 14.4018 1229.08 1193.48 35.5978 1010.25
internal_count=10374 239 209 144 56 88 53 65 10135 80 51 10055 5527 4528 4506 5503 176 154 4445 97 61 5327 5172 155 4348
is_linear=0
shrinkage=0.05


Tree=265
num_leaves=31
num_cat=0
split_feature=7 9 9 9 11 12 12 7 11 3 3 3 11 7 0 8 2 3 3 0 9 7 12 3 0 3 0 8 9 8
split_gain=0.326538 2.01343 1.41661 1.7813 0.79997 1.11753 1.12622 0.753366 2.032 1.75094 2.05617 2.39271 2.25056 0.971574 3.32349 3.13986 4.84702 2.6927 0.780041 0.571314 3.53182 3.41807 2.93606 2.48169 2.21328 3.21649 1.9762 0.857576 3.76631 3.02217
threshold=0.054730877967777099 0.65388108712954984 0.80358062442456113 1.3677265533933003 8.5000000000000018 -0.10124470227115924 -0.15388698350481786 0.042822809035846683 15.500000000000002 -3.234438294330205 -0.95271911687101507 -0.54595770544265931 2.5000000000000004 0.041016584224907254 -0.0033624098375473364 -0.46893382150828267 60.122814948764329 -0.10050716082393939 -0.060090305646155064 0.0069373462584216058 1.8707258496465238 0.038124089890496739 -0.042870513568655295 0.19471006713546377 0.0064669239778938755 -0.017374702360423985 0.0090236510881207144 5.1753774031976851 0.8983580811055577 4.6818662487737255
decision_type=2 2 2 2 2 2 2 2 2 2 2 2 2 2 2 2 2 2 2 2 2 2 2 2 2 2 2 2 2 2
left_child=7 -2 -3 4 5 6 -4 13 9 -9 -11 -12 -13 19 17 -16 -17 -15 -10 24 21 22 -21 -22 27 -26 -23 29 -29 -1
right_child=1 2 3 -5 -6 -7 -8 8 18 10 11 12 -14 14 15 16 -18 -19 -20 20 23 26 -24 -25 25 -27 -28 28 -30 -31
leaf_value=2.1809251073454251e-05 0.029401276870774196 -0.028370673776830547 0.0074866462799427465 -0.023869526429299071 0.022497027187087171 0.018729756031909916 -0.027511447874448137 -0.0558216554272499 0.059366862736649539 0.047213461139681355 -0.034379344746975182 -0.0077920214747869464 0.012001350038897598 -0.016246518670928554 -0.058348751817495798 0.029487008116694132 -0.034349459184154767 0.042384547110026483 0.020274806583552032 0.029479648202656101 -0.037827569304169348 0.0040791957638071467 0.0047140462842815041 0.0089012198570104679 0.0037178079512203382 -0.043134814473325928 -0.041716592682056422 0.021934365491837655 9.0083965599987553e-05 -0.01385978792068783
leaf_weight=1989.3676053415984 3.8904917724430552 7.1301733218133441 4.3043111190199861 7.4830668717622748 4.8380005136132231 4.706912815570834 4.9331212304532537 1.256349742412566 1.9632321484386919 2.6161828190088263 4.2256105095148078 23.079366695135832 38.018102541565895 3.4783308878540993 4.4726643711328569 4.8637886643409676 7.6513636559247971 4.4810780882835415 3.6458944967016569 20.041658245027062 7.5296633392572385 4.8554862439632398 29.706282854080204 4.5632300823926926 7.3959930539131165 7.2579039931297284 4.5756080746650696 23.757895972579718 116.45858485996723 39.996797539293766
leaf_count=8502 27 35 25 38 28 21 26 6 21 15 19 110 195 18 19 22 36 25 34 88 33 21 127 24 31 31 22 109 494 172
internal_value=2.38079e-06 -0.00464013 -0.00860586 -0.00324037 0.00497848 -0.00109959 -0.0112036 7.58763e-05 0.00501329 0.00266704 0.00374863 0.00200786 0.00452447 -8.60837e-05 -0.00989923 -0.0223911 -0.00954057 0.0167623 0.0339573 2.24555e-05 0.00442776 0.00945919 0.0146912 -0.0201946 -0.00012129 -0.0194877 -0.0181392 9.51562e-06 0.00379132 -0.000251784
internal_weight=2392.54 37.2861 33.3956 26.2654 18.7823 13.9443 9.23743 2355.26 74.8047 69.1956 67.9393 65.3231 61.0975 2280.45 24.9472 16.9878 12.5152 7.95941 5.60913 2255.51 71.2719 59.179 49.7479 12.0929 2184.23 14.6539 9.43109 2169.58 140.216 2029.36
internal_count=10374 200 173 138 100 72 51 10174 400 345 339 324 305 9774 120 77 58 43 55 9654 315 258 215 57 9339 62 43 9277 603 8674
is_linear=0
shrinkage=0.05


Tree=266
num_leaves=28
num_cat=0
split_feature=0 12 2 7 9 9 9 11 3 7 2 0 0 0 9 0 8 7 8 0 9 0 12 12 12 12 12
split_gain=0.296854 1.33686 1.23222 0.638562 2.24381 1.46504 2.82082 0.712624 0.821079 0.661009 2.28407 2.53086 1.70278 2.57881 4.1977 2.43753 1.49349 1.70335 1.33621 0.970358 0.908246 0.878925 5.32242 4.98075 0.835393 1.90426 1.68731
threshold=0.013454294945522804 -0.062212912410127039 72.893879936545048 0.054730877967777099 1.3677265533933003 0.65388108712954984 0.80358062442456113 6.5000000000000009 -0.054412225554269479 0.043580589018418193 62.83212936438742 0.0095036313553859206 0.0049493848949817487 0.0015905375232083221 1.0929111501083619 0.0073999881961986933 5.4330052130700892 0.048196211683053797 -5.9999118345100468 0.010929175309834322 1.3301045699919292 0.0086848952416330952 -0.047315267739769733 -0.037938731527093532 -0.16772551472588518 -0.18388396197634374 -0.1607940842672719
decision_type=2 2 2 2 2 2 2 2 2 2 2 2 2 2 2 2 2 2 2 2 2 2 2 2 2 2 2
left_child=3 2 -2 9 5 -5 -7 8 -8 19 12 16 13 18 -15 -14 -12 -18 -11 21 -21 24 -23 -24 25 -1 -26
right_child=1 -3 -4 4 -6 6 7 -9 -10 10 11 -13 15 14 -16 -17 17 -19 -20 20 -22 22 23 -25 26 -27 -28
leaf_value=0.0056649238235436548 0.0028153218313855407 -0.0072028413438824926 0.043389705660967531 0.027462377849446679 -0.040536545804248737 -0.035100832768465651 -0.015585073598292211 0.019587182699148494 0.013407078396876097 0.002614420709701101 0.0034661216475925338 0.020021587077346595 0.048671599903944394 0.0089636290088475068 -0.050257365361514483 0.0050615104078680223 -0.011196803239729826 -0.055102869555631928 0.029572824442172508 0.00039024394238875343 -0.032262019239748585 -0.030995790724798186 0.067887748305186776 0.0072580853056372213 0.018187266348430476 -0.020202831009327477 -0.00012002096758823285
leaf_weight=12.908242201432587 3.9404081255197516 8.1065071672201139 3.5634011030197144 3.6938914656639161 4.3439225554466239 6.1917948648333576 5.6377740874886566 5.361914634704589 4.3083391822874475 8.6111576650291699 4.0453113317489651 5.0651755630969992 6.3265652135014516 8.4486787840723974 4.6331970989704123 6.492278840392828 4.4048525355756265 4.4312066845595837 9.8591489214450139 4.0210982859134656 4.5276964455842972 5.9421938508749035 4.679416730999951 12.268216997385021 12.657981857657431 15.851111419498919 2211.5213369876146
leaf_count=86 28 34 18 24 24 29 29 30 22 58 19 28 33 40 21 35 23 22 62 19 23 26 20 53 65 82 9421
internal_value=2.35991e-06 0.00687485 0.0220832 -4.27879e-05 -0.00734858 -0.00162629 -0.00662402 0.00489429 -0.0030266 4.91695e-05 0.00512987 -0.00992158 0.0112177 0.00497445 -0.0120106 0.0265847 -0.0216957 -0.0332153 0.0170044 -8.94316e-05 -0.0169034 -2.62727e-05 0.00972204 0.0239986 -0.000125315 -0.00859244 -1.58327e-05
internal_weight=2391.84 15.6103 7.50381 2376.23 29.5376 25.1937 21.4998 15.308 9.94611 2346.69 62.3176 17.9465 44.371 31.5522 13.0819 12.8188 12.8814 8.83606 18.4703 2284.38 8.54879 2275.83 22.8898 16.9476 2252.94 28.7594 2224.18
internal_count=10374 80 46 10294 158 134 110 81 51 10136 341 92 249 181 61 68 64 45 120 9795 42 9753 99 73 9654 168 9486
is_linear=0
shrinkage=0.05


Tree=267
num_leaves=31
num_cat=0
split_feature=7 9 9 7 13 12 0 3 7 2 9 12 3 2 7 7 12 12 2 3 7 3 2 0 2 12 7 12 7 0
split_gain=0.304262 1.81181 4.44418 4.9731 4.51033 4.45084 4.44818 3.36944 4.46866 3.81883 3.15622 2.89973 2.67517 2.61525 2.61494 2.25671 4.97504 5.59582 3.74292 3.70215 8.66011 3.395 3.00583 3.95552 3.61786 1.8258 1.71732 5.74686 3.82784 5.27768
threshold=0.032107465880783011 0.83802384866479518 0.7428346177773234 0.049536068653547503 1.0000000180025095e-35 -0.054315420580150681 -0.0046618609717841595 -0.20017353114404332 0.034042694486796483 27.380952380952404 0.65388108712954984 -0.063943439010824443 -4.2409631868603164 33.507896468523803 0.043580589018418193 0.03523219457828914 -0.049459736692871438 -0.040582327941319433 21.48941568798023 0.18600279762522015 0.033684460968588313 -0.19613623745672484 31.57894736842103 -0.0073729122490178668 46.695125059161896 -0.090539853179731053 0.029047335937942374 -0.029111967369152961 0.02857665377782424 -0.0042363926564690383
decision_type=2 2 2 2 2 2 2 2 2 2 2 2 2 2 2 2 2 2 2 2 2 2 2 2 2 2 2 2 2 2
left_child=26 2 5 4 6 7 -4 8 -2 -9 -11 25 -3 -8 -10 16 19 -18 -17 21 -21 -14 23 -20 -24 -6 28 -28 -1 -30
right_child=1 12 3 -5 11 -7 13 9 14 10 -12 -13 15 -15 -16 18 17 -19 22 20 -22 -23 24 -25 -26 -27 27 -29 29 -31
leaf_value=0.0001270552812444853 0.071921081228236955 -0.047658849134544962 0.046025056605151493 -0.024039394958084173 0.054680524797041052 -0.036036675216719945 -0.040483884874518476 0.03978706730550606 -0.0051231074209085424 0.00098353479574940527 -0.023136008711668619 0.076329729564469248 -0.0055385756474840078 0.0066048489106114404 0.04196870101860925 0.053612113021814005 0.059529992174102514 -0.0087386331805403544 0.0074540180207450235 0.03308134112860836 -0.037498973232228242 -0.037847288875813047 0.014334630704175797 -0.047629153504530473 -0.0036187003163548519 0.01112325263762224 0.0077646937111482397 -0.039280022337285905 -0.064149462913493827 -0.0082910839417418593
leaf_weight=1840.8528320454061 3.2924609184265163 3.4476948678493491 6.5702447667717925 7.0014522206038228 4.0320537760853759 9.40437503159046 3.4982864260673585 4.3551050946116439 10.927354913204907 33.395038284361362 22.839806005358696 4.6940827518701544 12.309879146516321 18.766030792146921 4.0369384232908478 3.1675605671480289 4.8106285333633423 7.9823797494173032 5.6996499411761761 9.5920835100114363 7.9465588368475428 23.951193612068892 37.027526304125786 7.6116140782833082 115.8764963299036 5.9652106165885916 136.34246397390962 6.8160882741212836 5.135768041014674 23.94247692078352
leaf_count=7834 15 16 32 37 20 41 15 24 53 162 105 20 53 85 33 31 20 34 35 43 35 107 179 35 546 26 585 30 21 102
internal_value=2.34741e-06 -0.00129886 0.0032467 0.0150717 0.021363 -0.0035236 0.00987421 0.000354365 0.0191842 -0.00531936 -0.00881263 0.0439119 -0.00393363 -0.00079398 0.00758092 -0.00329479 -0.011093 0.0169328 -0.000228927 -0.0177573 0.00110221 -0.0268792 -0.00125497 -0.0240435 0.000728912 0.0286906 0.000246807 0.00552479 -0.000157266 -0.0181567
internal_weight=2391.29 378.202 138.778 50.5274 43.5259 88.2511 28.8346 78.8467 18.2568 60.5899 56.2348 14.6913 239.423 22.2643 14.9643 235.976 66.5927 12.793 169.383 53.7997 17.5386 36.2611 166.215 13.3113 152.904 9.99726 2013.09 143.159 1869.93 29.0782
internal_count=10374 1802 668 235 198 433 132 392 101 291 267 66 1134 100 86 1118 292 54 826 238 78 160 795 70 725 46 8572 615 7957 123
is_linear=0
shrinkage=0.05


Tree=268
num_leaves=31
num_cat=0
split_feature=8 3 3 7 7 12 11 0 0 8 7 12 2 2 9 8 12 2 12 9 7 8 12 2 7 9 2 2 7 2
split_gain=0.321394 2.41705 3.48427 2.76519 5.31747 2.45925 2.64707 3.53088 2.55835 2.02072 4.07764 2.72844 2.59708 3.52623 4.13752 2.48406 5.94408 3.83148 2.53916 2.50114 1.61905 1.54676 6.08756 8.622 5.51356 4.00753 3.51393 2.51386 3.96916 2.08924
threshold=5.1753774031976851 1.045836565270067 0.41347259395777131 0.030583174850529523 0.021633343692807071 -0.15085332633501983 13.500000000000002 0.0011115702852605811 0.00045319204578842502 4.0887368898771914 0.01154017093747685 -0.016604425916965475 77.500000000000057 75.517339803054071 0.99495459411296727 3.8769523416545195 -0.035648413188756556 70.000000000000014 -0.045269153101722977 0.97213913857563006 0.0097731701027050314 3.3377858500789537 -0.059929706093983508 63.043478260869584 0.031015150784670164 0.87204053450695318 59.706118169483169 65.39126963002397 0.028241321445521723 64.102564102564145
decision_type=2 2 2 2 2 2 2 2 2 2 2 2 2 2 2 2 2 2 2 2 2 2 2 2 2 2 2 2 2 2
left_child=9 2 5 4 -4 -2 7 8 -7 15 -11 12 13 14 -12 21 18 -18 19 -17 -9 27 24 26 -23 -25 -24 29 -29 -1
right_child=1 -3 3 -5 -6 6 -8 20 -10 10 11 -13 -14 -15 -16 16 17 -19 -20 -21 -22 22 23 25 -26 -27 -28 28 -30 -31
leaf_value=-6.7308615232571119e-05 0.044311842666489069 0.030795279044694958 -0.044663024129256435 -0.039812702986749063 0.018211367436180511 0.0061619610207005703 -0.027925306602823524 0.071529336579573541 0.058577070898324861 0.037450305649122023 0.0063473293448584366 -0.046204716173177326 0.019137787876546176 -0.045576795009829911 -0.016113542216652139 0.03271690518792806 0.074668986685278077 0.017539464079829446 -0.034898981204630225 -0.014536680541378614 0.0014724905948249308 -0.058900176137285036 0.0095737084675147598 -0.031208283046677499 -0.0025374759335798414 0.00088439215576142146 0.060013230611699532 0.0047013585575034341 0.044539290285454163 -0.013006503843085116
leaf_weight=1748.089573902078 3.5160983353853217 6.9409981891512862 5.2288841009140041 8.7013229727745038 9.422559902071951 4.5043900460004789 7.0727860927581778 0.82816661894321342 4.8182660192251205 4.9671504721045485 34.632563933730125 4.6857735961675635 8.5777740478515607 6.3504852354526511 50.256961166858673 5.3944631665945071 5.0482416898012143 7.0104357898235321 4.9188593924045589 5.8232118785381317 197.3191933799535 9.4215723127126711 6.8035799413919431 14.886224716901777 8.0431685969233495 28.070716589689255 7.0113761126995087 143.96249743551016 6.5362511537969104 31.763963773846626
leaf_count=7516 35 32 22 44 40 19 32 4 23 26 156 20 39 26 213 24 21 31 20 24 869 41 28 64 38 120 29 649 33 136
internal_value=2.40879e-06 0.0017051 0.000868709 -0.0174867 -0.00422757 0.00283446 0.0021547 0.00318014 0.0332519 -0.000194985 -0.00681234 -0.00891619 -0.00716574 -0.00963862 -0.00695013 0.000161377 0.0148991 0.0414562 -0.00494674 0.00818708 0.0017653 -4.59142e-05 -0.00712827 0.000813128 -0.032943 -0.0102369 0.0351728 0.000226456 0.00643154 -0.000298227
internal_weight=2390.61 248.353 241.412 23.3528 14.6514 218.059 214.543 207.47 9.32266 2142.25 109.471 104.504 99.8178 91.24 84.8895 2032.78 28.1952 12.0587 16.1365 11.2177 198.147 2004.59 74.2366 56.7719 17.4647 42.9569 13.815 1930.35 150.499 1779.85
internal_count=10374 1120 1088 106 62 982 947 915 42 9254 480 454 434 395 369 8774 120 52 68 48 873 8654 320 241 79 184 57 8334 682 7652
is_linear=0
shrinkage=0.05


Tree=269
num_leaves=31
num_cat=0
split_feature=3 2 11 3 3 9 8 9 3 12 3 7 0 2 2 11 3 7 3 3 9 7 7 2 12 12 8 8 2 9
split_gain=0.299581 1.26417 3.2697 2.73219 3.80474 2.58006 3.64206 2.78289 2.55726 3.28502 2.42319 3.29854 2.06845 1.7022 2.59961 3.4586 2.48455 1.66201 1.36267 1.27814 3.70934 4.98065 5.22722 1.9876 2.03196 2.63429 1.72676 4.61921 2.61766 0.996468
threshold=-0.065977175474899535 69.773830820342454 2.5000000000000004 -0.093052098369456313 -0.10895460284575013 0.86080001052697486 4.3288535221835245 0.61845938689859326 -0.11923623200703583 -0.033872722661714559 -0.18224330822006127 0.023040587761589005 0.0034977949882601688 67.721518987341781 68.292682926829272 1.0000000180025095e-35 -0.20017353114404332 0.015736149517185414 -0.19216175675711988 -0.074168033651500223 0.69226356549115209 0.018737270753906434 0.025378210170612904 23.241339931480763 -0.13750250485005025 -0.083228889052723048 -3.5683335039470454 -3.7464714275274162 25.243085056169139 1.3458784215456816
decision_type=2 2 2 2 2 2 2 2 2 2 2 2 2 2 2 2 2 2 2 2 2 2 2 2 2 2 2 2 2 2
left_child=1 13 5 4 10 7 17 -3 9 -8 11 -4 -12 19 -15 -16 -17 -7 -9 23 -21 -22 -23 24 -1 -26 27 -25 -28 -2
right_child=29 2 3 -5 -6 6 8 18 -10 -11 12 -13 -14 14 15 16 -18 -19 -20 20 21 22 -24 26 25 -27 28 -29 -30 -31
leaf_value=-0.011354627764305014 -0.00017379405343820645 0.013178082049969585 0.0078423506637755672 -0.013117156358540905 0.066734235918615187 0.0086706304301222663 -0.0037473766128011429 -0.01729832443179951 0.014005010168271931 -0.056165592971047763 0.020908916236784453 0.064911773543294291 -0.020943060210539342 -0.036655462734760835 0.024293432361500056 -0.03990573673531228 0.00066828537189332507 0.044861290077697569 -0.054298432776940735 0.022938650821490034 -0.052816680359306194 0.037698841519824673 -0.033662731380451755 -0.0040815243868574181 0.038721785256620504 -0.0058066171947485316 -0.040306707137194281 -0.04716098392359229 4.1057076382528662e-05 0.0032074692285919805
leaf_weight=5.4389537125825909 1157.588331790641 4.2203703671693793 5.5644763857126254 5.9136474281549445 4.4337951019406345 6.7408244758844358 8.8079319745302147 5.12419269979 8.1589772328734416 4.5241615325212505 6.0703338682651502 4.6459503844380379 5.747490718960762 8.3153967857360858 7.3222879916429546 6.8357302248477962 8.4211648628115601 5.9925578087568283 4.837719351053237 5.7263607233762768 7.984604865312579 4.8310635685920698 5.4735891968011856 59.188701631501317 10.235251277685165 4.9171443432569477 4.0419336110353461 6.9535692557692519 737.1882725469768 268.41895746532828
leaf_count=26 5018 19 26 25 21 33 37 23 35 20 27 21 25 36 31 30 38 26 21 24 34 20 25 269 45 22 17 31 3154 1195
internal_value=2.4521e-06 -0.000678565 0.00530833 0.0176084 0.0244749 -0.0029183 0.00451253 -0.0208503 -0.00804252 -0.0215352 0.015969 0.0338101 0.000554591 -0.00122636 -0.0127556 -0.0039538 -0.0175106 0.0257026 -0.0352664 -0.000808289 -0.0121794 -0.0231748 -0.000206748 -0.000478462 0.0148615 0.0242718 -0.000869695 -0.00861049 -0.00017896 0.000462665
internal_weight=2389.66 963.656 80.7824 32.3757 26.462 48.4067 34.2245 14.1823 21.4911 13.3321 22.0283 10.2104 11.8178 882.874 30.8946 22.5792 15.2569 12.7334 9.96191 851.979 24.0156 18.2893 10.3047 827.964 20.5913 15.1524 807.372 66.1423 741.23 1426.01
internal_count=10374 4161 359 145 120 214 151 63 92 57 99 47 52 3802 135 99 68 59 44 3667 103 79 45 3564 93 67 3471 300 3171 6213
is_linear=0
shrinkage=0.05


Tree=270
num_leaves=19
num_cat=0
split_feature=12 12 8 2 8 8 12 12 0 7 12 8 9 12 3 12 0 9
split_gain=0.304758 0.69031 2.10201 2.6252 3.11754 2.17347 1.74959 0.526681 3.46407 2.21427 0.994461 5.23181 4.50461 2.68707 4.58086 0.915574 0.830994 0.301939
threshold=-0.0069407753618279987 -0.011038244316389991 4.766718288884956 77.089248714603656 1.1039118197094784 1.7611083970018586 -0.011932101552811785 -0.013432925317040855 0.00068328219209867096 0.010944267599790992 -0.017045454545454513 5.3042487195173473 0.7394943166042659 -0.018257219127580989 0.12603768467499427 -0.019367094514077244 0.0058438724652459095 0.9234816510107754
decision_type=2 2 2 2 2 2 2 2 2 2 2 2 2 2 2 2 2 2
left_child=1 6 3 4 17 -6 7 10 -9 -10 13 12 -12 15 -15 -1 -13 -3
right_child=-2 2 -4 -5 5 -7 -8 8 9 -11 11 16 -14 14 -16 -17 -18 -19
leaf_value=8.9643385967844174e-05 -0.010496724660865916 0.020097829641631908 -0.022316354687116388 0.041692132456641204 -0.03474730219401307 0.0088533309669445778 -0.022768577697451248 0.049075849042489739 0.012844386248829196 -0.030037485620472718 0.012069571328729435 0.040412278551788874 -0.021105137636592788 0.037939060978376904 -0.017424117357239133 -0.0092128400294815595 0.011882287415899752 0.040713473029437813
leaf_weight=2220.1065310686827 6.8918468803167334 3.6500834971666434 4.8980429768562308 6.2031120136380187 5.4839084446430189 5.9698963314294815 8.4536023885011655 4.0549602806568172 7.6401204466819745 4.9678301513195038 13.815259173512457 5.2556162327527982 39.457464188337326 11.480491265654566 5.5389985740184775 26.769551761448383 4.9620787650346756 3.4594001471996307
leaf_count=9608 35 19 22 33 24 29 37 18 35 22 62 22 169 52 25 119 21 22
internal_value=2.38429e-06 3.27593e-05 0.00761248 0.0135315 0.00412133 -0.012022 -6.2819e-05 1.90673e-05 0.00887673 -0.00405208 -4.43491e-05 -0.00621604 -0.0125019 0.000128734 0.0199211 -2.11875e-05 0.0265571 0.0301292
internal_weight=2389.06 2382.17 29.6644 24.7664 18.5633 11.4538 2352.5 2344.05 16.6629 12.608 2327.39 63.4904 53.2727 2263.9 17.0195 2246.88 10.2177 7.10948
internal_count=10374 10339 149 127 94 53 10190 10153 75 57 10078 274 231 9804 77 9727 43 41
is_linear=0
shrinkage=0.05


Tree=271
num_leaves=31
num_cat=0
split_feature=3 3 0 7 3 9 7 7 7 2 11 12 2 3 7 0 8 2 2 12 2 7 2 8 11 0 0 9 12 0
split_gain=0.294132 3.03822 3.64396 2.44441 1.77937 3.09564 3.4629 5.28045 3.78475 3.20145 4.5651 2.74244 2.72902 2.06324 7.05057 5.10638 2.81966 2.39228 9.63392 4.08702 4.01493 3.11916 2.53395 1.36055 0.793306 2.70462 3.58135 3.26225 4.06957 2.99009
threshold=0.25147034631897619 0.23383629890641536 -0.0021190597388806706 0.02258062516214689 0.28186116846964343 1.020269003399614 0.012817470458666472 0.01929222243047363 0.024932902725803178 37.272727272727259 7.5000000000000009 -0.060779507459863373 17.827772160431419 0.2992584644273717 0.022938401774552253 -9.1619549876422246e-05 1.140219240775435 60.294117647058833 58.139534883720948 -0.11352922417250012 60.644058683462653 0.020991070423876577 48.693375825176425 -0.06852667492387822 4.5000000000000009 0.00032756258123442815 0.00055347695410141637 1.0569439023974474 -0.032387765879102914 0.0018492836954372034
decision_type=2 2 2 2 2 2 2 2 2 2 2 2 2 2 2 2 2 2 2 2 2 2 2 2 2 2 2 2 2 2
left_child=1 24 -3 23 5 9 -7 -8 -9 -2 11 -11 -6 14 16 -16 -14 18 22 -19 -21 -20 -15 -4 25 -1 -27 28 -28 -29
right_child=4 2 3 -5 12 6 7 8 -10 10 -12 -13 13 17 15 -17 -18 19 21 20 -22 -23 -24 -25 -26 26 27 29 -30 -31
leaf_value=-0.026624830110802009 -0.034771396653524592 -0.016588908450056544 -0.00905320012476565 0.047579942650146721 0.046334059416144206 0.013564877125492475 -0.079126990875247175 0.011135069343542534 -0.047552147263430863 -0.039470060561520255 0.039929250129529227 0.008873818157160724 0.015959295297112316 0.0020046334073323467 -0.045836501112092816 0.022192496407017172 0.058493341169936375 -0.050238720957640939 0.015019082968036527 -0.051343040741050089 -0.0034042984260887529 0.051690182660731956 -0.007036689562205798 0.02475675395622997 -0.00058726042508191502 0.035594743208650893 -0.0068595286096059241 0.021643656588310953 0.0052075783007697676 0.0041140866370608245
leaf_weight=8.2538297772407514 4.9827195703983334 6.3543111793696907 4.5544177591800716 8.392688035964964 3.137580018490552 4.5459419935941723 4.8952530473470679 5.7885303199291211 5.2287177033722401 4.5938984006643322 7.8326401747763148 8.1166572123765928 8.9537870883941668 205.39240101724863 6.5526607781648636 4.763889364898203 6.8983238935470572 5.3508043736219397 12.655294805765154 4.5629910230636588 102.00580954551697 10.702678613364695 124.45033004134893 8.5832375437021238 1323.5498157665133 7.9161347225308409 163.75862160883844 28.518447495996952 121.86171571910381 165.50292062014341
leaf_count=36 21 29 19 36 20 20 20 25 24 20 36 34 38 887 28 22 30 24 54 19 453 48 537 38 5726 35 713 126 534 722
internal_value=2.42892e-06 0.000302805 0.0166821 0.0265014 -0.00102243 -0.010431 -0.0249219 -0.0359169 -0.0167175 0.0011831 0.0099038 -0.00859881 -0.000149145 -0.000445404 0.0129478 -0.0171986 0.0344687 -0.00122773 0.000790804 -0.0075979 -0.00545691 0.0318219 -0.00140668 0.0130359 5.17664e-05 0.00175762 0.00223811 0.00168758 -0.00171102 0.00669069
internal_weight=2388.66 1847.25 27.8847 21.5303 541.411 45.9844 20.4584 15.9125 11.0172 25.5259 20.5432 12.7106 495.427 492.289 27.1687 11.3166 15.8521 465.12 353.201 111.92 106.569 23.358 329.843 13.1377 1819.36 495.812 487.558 479.642 285.62 194.021
internal_count=10374 8014 122 93 2360 200 89 69 49 111 90 54 2160 2140 118 50 68 2022 1526 496 472 102 1424 57 7892 2166 2130 2095 1247 848
is_linear=0
shrinkage=0.05


Tree=272
num_leaves=31
num_cat=0
split_feature=12 7 8 11 12 9 9 0 8 2 11 12 3 7 0 0 12 3 7 11 3 9 9 7 3 8 9 12 3 8
split_gain=0.349937 2.46077 3.12582 3.60656 4.51877 2.57662 5.63825 1.93015 2.19202 2.37884 2.70472 2.27 7.74252 4.18667 3.87439 5.04097 3.68028 3.23393 1.91853 3.96117 1.75388 2.11897 1.76695 4.41766 5.72357 2.63379 2.60617 2.10011 1.48674 0.975709
threshold=-0.042870513568655295 0.011904761904761899 -1.6123344743971502 12.500000000000002 -0.056514604163118966 0.88885107977028077 0.64608684559211793 -0.0021617139606348928 -2.1800522606186719 31.57894736842103 13.500000000000002 -0.039662296950698138 0.50143315063568317 0.01312013835352553 -0.0015377969111604265 -0.0017594532817533459 -0.039366265495193155 0.98326301898207447 0.012571183125682122 16.500000000000004 -7.6737254469188754 0.93809297741384634 0.67547328305529786 0.015044656613801059 0.080402559150195244 5.1753774031976851 0.67943433696383504 -0.044766576325533429 0.024331807315006511 0.60573453315025405
decision_type=2 2 2 2 2 2 2 2 2 2 2 2 2 2 2 2 2 2 2 2 2 2 2 2 2 2 2 2 2 2
left_child=1 2 3 -1 -5 6 -4 -2 -9 10 -10 12 13 -11 15 -13 -16 -14 19 28 21 -20 23 24 -22 -25 -24 -28 -3 -7
right_child=7 18 5 4 -6 29 -8 8 9 11 -12 14 17 -15 16 -17 -18 -19 20 -21 22 -23 26 25 -26 -27 27 -29 -30 -31
leaf_value=0.025343883842414591 -0.027110210592936682 -0.018331243123737805 0.056924493166984294 0.0079749474780320736 -0.052141594577708145 0.031173073329766345 -0.013873857630642401 0.024585237833721987 -0.004547096884391727 -0.047536250082843332 -0.05369537970966768 0.0020230582960795449 0.061956646191474021 -0.0097975530965164984 0.032798493556784714 0.068208355163297027 -0.00048096994586577149 0.0072907221744330994 -0.0018456428747949687 -0.05488196444037842 0.052993672756395771 0.043033714028786557 -0.032583345708580756 0.0013868810283663023 -0.0069434214692696249 0.035416363911303456 -0.00087925384457306739 0.011409630447540687 0.020508767245713763 0.06351364966100552
leaf_weight=7.6575580388307598 6.9166137278079978 5.1293113529682142 4.2834350615739849 7.2118832767009744 5.5172506570816013 5.4657962620258314 8.187132000923155 8.5595202147960645 7.4520123749971372 8.2538576424121839 4.4834245964884758 7.1731128543615341 4.7672302126884443 67.045058593153954 8.4034757167100889 4.8034936636686307 727.16279404610395 6.2554429471492767 5.249513700604437 4.8434326201677314 9.878815136849882 5.2709106653928757 6.3664314597845069 247.82551867887378 6.673912100493907 5.8195735067129126 1146.6860798606649 35.853234261274338 4.7414048761129379 4.0679406374692917
leaf_count=33 30 22 20 32 24 26 35 36 34 35 21 31 20 280 35 21 3142 26 23 20 43 23 28 1098 31 35 4982 148 20 20
internal_value=2.4706e-06 0.000457079 0.0123354 -0.00177035 -0.0180817 0.0254042 0.0104442 -0.000803385 -0.000590413 -0.000845192 -0.0230091 -0.00052795 -0.00820498 -0.0139343 0.000358545 0.0285682 -0.000100769 0.0309334 0.000117848 -0.017847 0.000297716 0.0206397 0.000151046 0.00380087 0.0288276 0.00216765 -0.000678435 -0.000506669 0.000325581 0.0449724
internal_weight=2388.01 1526.73 42.391 20.3867 12.7291 22.0043 12.4706 861.276 854.359 845.8 11.9354 833.864 86.3216 75.2989 747.543 11.9766 735.566 11.0227 1484.34 14.7141 1469.62 10.5204 1459.1 270.198 16.5527 253.645 1188.91 1182.54 9.87072 9.53374
internal_count=10374 6663 190 89 56 101 55 3711 3681 3645 55 3590 361 315 3229 52 3177 46 6473 62 6411 46 6365 1207 74 1133 5158 5130 42 46
is_linear=0
shrinkage=0.05


Tree=273
num_leaves=31
num_cat=0
split_feature=12 12 12 2 3 12 7 2 3 12 8 3 3 12 8 0 12 2 0 0 3 3 8 9 7 3 11 8 3 0
split_gain=0.33479 5.10335 3.47842 3.04107 2.9445 4.78122 3.89538 3.8595 3.24584 2.41294 3.88226 3.23387 2.31997 5.57655 4.04653 2.87887 3.46452 2.22003 2.14322 3.34854 2.53462 3.10436 2.63316 1.87226 5.11136 5.4772 4.64491 1.85126 1.78857 3.19252
threshold=-0.055194755903572632 -0.052386107488940264 -0.052122382122382092 55.685220468154604 -1.6787218103267696 -0.036179506064646129 0.011065114088788052 46.288644015916752 -1.5059380293982547 -0.047746552918966796 -3.0155326238054658 0.98326301898207447 -2.1389561495821012 -0.061150259713187195 -2.4427266922126689 -0.00039666687803643035 -0.084761569882365925 57.601816180517297 -0.0020346970957529566 -0.0016961184587748551 -0.58280419924068327 0.55659868540074553 0.30582387753059742 1.9939528439632328 0.024116744892422003 0.20931243480265826 15.500000000000002 -0.13346569997585664 1.448432739123735 -0.0052735313136115436
decision_type=2 2 2 2 2 2 2 2 2 2 2 2 2 2 2 2 2 2 2 2 2 2 2 2 2 2 2 2 2 2
left_child=12 18 3 -3 5 7 -7 -4 -6 11 -11 -10 13 14 -1 16 -16 -8 -2 -20 -21 22 -22 28 26 -26 -25 -9 -14 -30
right_child=1 2 4 -5 8 6 17 27 9 10 -12 -13 23 -15 15 -17 -18 -19 19 20 21 -23 -24 24 25 -27 -28 -29 29 -31
leaf_value=-0.028154805183390669 0.010239956165049763 0.0022964082802078576 0.005028781319419127 0.057770628707792898 0.04417019683876669 -0.027276412222824838 0.032585766119851957 -0.072884966113905436 0.0043020780162302636 -0.090553454947066334 -0.00044205208918339636 0.032111067021666238 8.5175693176353865e-05 0.058260399164601344 0.0047703106941135928 -0.0055034027079067125 0.058495422418566513 -0.00654287639538136 -0.057117920226652387 -0.044508402372538849 -0.017690467000433863 -0.040345488507102185 0.0074912282686179837 -0.06707796592880097 0.027267725316275235 -0.030175590848264922 -0.0065549910998837155 -0.033004820125418721 -0.034590253163444815 0.012375330415929503
leaf_weight=7.171538099646571 8.0713768601417524 4.99297086894512 4.7471147328615215 4.8900833427906036 4.2280651926994315 7.6801297664642361 8.8289139419794065 4.6601090282201776 103.10725106298923 1.1967801898717869 945.37052277475595 11.633799701929091 1082.9956559091806 5.764578938484191 6.039144270122053 9.3824470266699755 5.964269623160364 6.1501495987176886 4.8311837315559378 5.946388602256774 20.113309279084206 7.1570208221673957 21.45482125878334 6.2241425067186373 10.892841771245005 6.7034751782193771 6.4607744514942169 7.7486309707164738 3.8830290213227263 53.089473828673363
leaf_count=33 35 21 20 21 19 33 38 20 430 5 4060 49 4760 24 28 43 26 27 21 25 86 31 91 27 51 35 28 33 20 234
internal_value=2.53343e-06 -0.00059499 0.000213449 0.0297448 -5.05929e-05 -0.0134007 0.00167574 -0.0333135 0.000448251 0.000274071 -0.000555983 0.00712168 0.000589261 0.0134022 0.00434712 0.0152463 0.0314653 0.0165202 -0.0139374 -0.017217 -0.013691 -0.00993007 -0.00469328 0.000213474 -0.0120574 0.00538418 -0.036252 -0.0479818 0.000539427 0.00917433
internal_weight=2387.38 1182.81 1115.23 9.88305 1105.35 39.815 22.6592 17.1559 1065.54 1061.31 946.567 114.741 1204.57 34.322 28.5574 21.3859 12.0034 14.9791 67.5741 59.5027 54.6715 48.7252 41.5681 1170.25 30.2812 17.5963 12.6849 12.4087 1139.97 56.9725
internal_count=10374 5065 4776 42 4734 171 98 73 4563 4544 4065 479 5309 154 130 97 54 65 289 254 233 208 177 5155 141 86 55 53 5014 254
is_linear=0
shrinkage=0.05


Tree=274
num_leaves=31
num_cat=0
split_feature=2 0 12 12 11 7 7 2 3 7 11 8 12 0 2 8 7 7 7 8 11 11 7 7 8 9 3 8 3 8
split_gain=0.335572 2.51708 1.4856 3.12637 3.58673 1.8213 4.50999 3.25733 2.77201 1.87494 4.51574 2.27138 1.44617 1.26955 1.05474 3.54236 3.85396 3.10455 7.50438 5.62235 5.50591 4.05164 3.77536 2.73594 1.50012 4.18276 4.06028 4.28779 3.70551 3.60264
threshold=39.044357469014983 0.0030042827295598431 -0.02392172333516859 -0.034191598411781966 13.500000000000002 0.013554662611714329 0.012037271882128298 20.840694935217922 0.040693190317311369 0.015044656613801059 18.500000000000004 -1.1859829308828631 -0.028749278177816421 -0.0070070421960991272 41.66666666666665 -0.74119625883298268 0.014705072468463103 0.020446185101357522 0.019010875353839666 -2.731517865981 18.500000000000004 9.5000000000000018 0.029418478379857674 0.03146649298250271 -0.6012450591599886 1.409483231878726 0.60408747524443884 -2.2785482855093444 1.6750095181845817 -0.17681502534809612
decision_type=2 2 2 2 2 2 2 2 2 2 2 2 2 2 2 2 2 2 2 2 2 2 2 2 2 2 2 2 2 2
left_child=1 2 3 5 12 6 8 -8 -1 10 -7 -11 -5 -2 15 17 -17 18 20 21 -15 -19 -21 -18 25 28 27 -27 -16 -26
right_child=13 -3 -4 4 -6 9 7 -9 -10 11 -12 -13 -14 14 24 16 23 19 -20 22 -22 -23 -24 -25 29 26 -28 -29 -30 -31
leaf_value=0.013738793050427257 -0.02381433435105413 0.034630904380772973 -0.02809866536697558 0.052828879791996491 -0.012046881253350093 0.0028654940562049258 -0.065830109670989873 -0.016631257067353463 -0.014341557488617483 0.0012261449768912918 0.04601812860760153 -0.014645367212259895 0.016219622359416565 -0.020818873417794891 0.00022216226231010469 0.049062004365640184 -0.0092298514749323997 0.028122682423446427 0.049910535678126651 -0.021500172328974995 0.029268338391215329 -0.013983807733457544 -0.06300199085553114 0.035369610924667831 -0.010269317935330285 -0.0032022872521848679 -0.016548415451862055 0.05290226124993358 0.025735126259301869 4.1964553234187974e-05
leaf_weight=22.461960308253765 5.7430366910994044 5.5188943929970256 4.4421823620796195 6.7795415967702874 5.1693104654550543 27.443077757954597 4.1241264641284969 18.259796097874641 14.438030317425726 462.16076569072902 7.7815845608711234 23.697939053177834 4.4803584069013604 22.961422026157383 256.5778883844614 5.4486015886068371 14.483837813138964 8.3538884744048136 6.6269404739141455 19.744912624359134 7.2094961106777182 18.07297782599926 7.5848073214292517 4.5091834664344779 90.734851233661175 4.8203531205654189 4.6369921043515197 11.602056637406349 15.067814789712427 1275.798255816102
leaf_count=100 33 29 22 30 23 115 19 78 62 2026 34 100 21 97 1089 25 61 37 27 83 30 77 33 21 390 21 21 49 65 5556
internal_value=2.35041e-06 0.0010178 0.000709263 0.000923691 0.0224327 0.000314808 -0.00798933 -0.0256959 0.00275166 0.00125957 0.0123985 0.000452006 0.0382619 -0.000343797 -0.000267825 -0.00489856 0.0119928 -0.00945773 0.00173198 -0.0171174 -0.00885028 -0.000673379 -0.0330182 0.00135862 5.31155e-05 0.00330154 0.0247682 0.0364343 0.00163733 -0.000642682
internal_weight=2386.73 606.758 601.239 596.796 16.4292 580.367 59.2839 22.3839 36.9 521.083 35.2247 485.859 11.2599 1779.98 1774.23 114.996 24.4416 90.5544 36.7979 53.7566 30.1709 26.4269 27.3297 18.993 1659.24 292.705 21.0594 16.4224 271.646 1366.53
internal_count=10374 2659 2630 2608 74 2534 259 97 162 2275 149 2126 51 7715 7682 491 107 384 154 230 127 114 116 82 7191 1245 91 70 1154 5946
is_linear=0
shrinkage=0.05


Tree=275
num_leaves=31
num_cat=0
split_feature=8 8 13 12 12 0 9 3 9 2 0 12 2 7 9 9 3 0 11 8 8 11 9 9 2 7 8 12 12 2
split_gain=0.316883 11.6092 2.68509 3.28548 3.81253 2.92785 4.79272 4.67031 4.10312 5.32943 3.72862 11.9665 2.97494 2.67016 2.26921 6.46436 2.07197 5.40322 2.33292 2.36229 2.04918 3.48666 3.31325 3.0343 2.69643 2.36114 3.50042 1.88482 3.52628 1.6428
threshold=0.51990797289658097 0.49584662663340412 1.0000000180025095e-35 -0.019055283790563062 -0.022051245188958537 -0.00049855503084430478 1.9534287763784397 8.876238557236368 1.1723630657639252 54.103974848416776 -0.0011269966913187051 -0.040582327941319433 58.923745173745225 0.012304081561218429 0.49761670988484791 0.55577164666085799 -2.1389561495821012 0.0029007055874741574 18.500000000000004 1.5334381079822728 1.1795277829726398 16.500000000000004 1.8340482750213709 1.0741555256695026 45.722156631247536 0.0063667731771180234 1.2457665231609976 -0.043918032142299217 -0.078947368421052613 55.480589814772721
decision_type=2 2 2 2 2 2 2 2 2 2 2 2 2 2 2 2 2 2 2 2 2 2 2 2 2 2 2 2 2 2
left_child=1 2 5 4 14 7 8 10 13 -10 12 -12 -1 -7 -4 -16 17 27 20 -20 21 22 23 -18 -22 -26 -27 28 -2 -5
right_child=16 -3 3 29 -6 6 -8 -9 9 -11 11 -13 -14 -15 15 -17 18 -19 19 -21 24 -23 -24 -25 25 26 -28 -29 -30 -31
leaf_value=-0.00055261488630150072 0.0059797799286977942 0.055902802898337767 0.032343462860038551 0.01732396268391841 -0.034144003400525189 0.0072770178303924824 0.041116721224598779 -0.046225989405922541 -0.012682716331354496 -0.062819623451251319 0.018178500224923465 -0.017232280362623201 0.032865594389704357 -0.0055889695880833859 -0.056009462766240616 0.0069324644416462484 -0.0062213349767899677 -0.021699761135323199 -0.0008624079204535203 -0.049029361079979211 0.032450681190067519 -0.032413901515659753 -0.043101123159749538 0.010033933529592072 -0.025906866041293487 0.023232235506116056 -0.00017514880335902229 0.0089863013517802234 0.061187145066693371 0.056978550572430189
leaf_weight=686.30630929302424 4.863555312156679 9.397670701146124 7.8728699833154669 6.5971620231866819 6.093879058957099 49.334143601357937 5.6006928086280814 5.2224601358175269 37.885893657803535 6.1625265777111045 93.451985992491245 32.037090510129929 6.7249024808406821 220.86802209913731 4.2372938692569724 109.40279402583838 127.51912762224674 8.3746975474059564 5.120728634297846 5.0616697520017624 6.4516037069261065 11.361353248357771 5.1993450075387946 37.04950375854969 8.7024877518415433 16.280724346637726 841.80403867736459 9.4822453707456607 7.1367670595645905 4.3233917057514191
leaf_count=3001 21 41 35 32 26 217 24 23 164 26 394 140 34 931 18 470 542 38 24 22 32 50 22 158 39 69 3688 41 31 21
internal_value=2.25798e-06 0.000532691 0.00012684 0.00670119 0.00444858 -0.000669533 -0.00472958 0.000906941 -0.00554667 -0.019697 0.00120767 0.0091382 -0.000228338 -0.00323987 0.006384 0.00458555 -0.00062371 0.0123669 -0.000988056 -0.0248062 -0.000758036 -0.00559794 -0.00380334 -0.00256177 0.000245868 6.16353e-06 0.000268967 0.0256474 0.0388124 0.033023
internal_weight=2385.93 1291.52 1282.12 138.527 127.607 1143.59 319.851 823.743 314.251 44.0484 818.52 125.489 693.031 270.202 121.513 113.64 1094.41 29.8573 1064.55 10.1824 1054.37 181.129 169.768 164.569 873.239 866.787 858.085 21.4826 12.0003 10.9206
internal_count=10374 5597 5556 602 549 4954 1362 3592 1338 190 3569 534 3035 1148 523 488 4777 131 4646 46 4600 772 722 700 3828 3796 3757 93 52 53
is_linear=0
shrinkage=0.05


Tree=276
num_leaves=31
num_cat=0
split_feature=11 0 0 0 0 12 12 7 11 8 9 9 9 0 12 0 8 7 7 9 7 7 7 0 0 2 8 8 8 7
split_gain=0.32365 1.44672 1.6025 2.48473 3.35452 3.10285 4.11753 1.96666 1.09543 2.33712 2.76776 4.56245 2.04455 1.82046 1.75116 1.27317 2.29547 1.88509 1.79893 1.51389 0.812099 5.10072 3.99791 2.85057 6.49778 2.61385 4.40372 2.27441 5.8014 4.50976
threshold=15.500000000000002 0.00021274266415891884 -9.1619549876422246e-05 -0.00039666687803643035 -0.00059152923382757192 -0.026367258378122333 -0.032724529191146615 0.018344429224416838 14.500000000000002 -8.133741868315651 0.85164313455424268 0.93512801136823231 0.97483531744139984 -0.00075452151880292648 -0.068722308184659658 -0.00059152923382757192 0.57674438025430019 0.023583178848291309 0.027786717932580658 0.70535153456127198 0.024805139763887301 0.024932902725803178 0.024710154332003097 -0.0032188651013769264 -0.0028223932769870503 27.380952380952404 -5.2244702922296957 5.0502382162664956 4.766718288884956 0.02857665377782424
decision_type=2 2 2 2 2 2 2 2 2 2 2 2 2 2 2 2 2 2 2 2 2 2 2 2 2 2 2 2 2 2
left_child=8 2 3 4 5 6 -2 -5 20 -10 15 14 -13 -14 -12 17 -17 19 -19 -11 22 -22 23 25 -25 26 -1 28 -23 -29
right_child=1 -3 -4 7 -6 -7 -8 -9 9 10 11 12 13 -15 -16 16 -18 18 -20 -21 21 27 -24 24 -26 -27 -28 29 -30 -31
leaf_value=0.041587429044559934 0.00089978244464006946 -0.02477578753968741 0.027246922888855288 -0.0035802027989378302 0.033912978763968309 -0.028789503888074542 0.03409070207823859 -0.046670638979035374 0.036393333312545274 -0.016110112755330336 0.0076461319036404771 -0.037399038911440634 0.0039851415266645047 -0.019044716358461306 0.046218955688370915 -0.059719945861633719 -0.008584005524610373 -0.052594719600084341 -0.0081663626212868969 0.011733850781512895 -0.051698343157646702 -0.0020403918111371062 0.03907015920097015 -0.046755569770847091 0.00056622669757254267 0.048462810380879809 -0.026424829595253788 0.019245864001488765 -0.039827907526423331 -0.00047145279989686687
leaf_weight=4.5330865681171408 517.79687266331166 5.3725453764200202 5.885604426264762 5.9284609705209714 7.8615022748708716 8.59355680644512 9.5158409327268583 4.7852523922920227 3.2196868397295466 10.921584159135824 5.646053209900856 4.9896305054426184 26.676154077053067 12.650249816477301 6.144696004688738 4.3791138678789121 4.3994243144989014 4.719024330377577 4.4054458141326904 8.827347055077551 5.0138922184705725 441.7248775921762 6.777793049812316 7.3036846220493308 1068.0331237688661 5.7892104983329764 5.011027365922927 37.273652739822865 10.396301284432409 130.64748410880566
leaf_count=20 2277 23 25 26 33 38 43 20 16 50 26 23 116 61 28 22 20 22 21 38 21 1925 28 31 4551 24 21 159 46 620
internal_value=2.28495e-06 0.00104679 0.00129436 0.00101889 0.0014887 0.00101305 0.00149874 -0.0228264 -0.000322486 -0.00549297 -0.00693135 0.00010609 -0.00724838 -0.00342295 0.0277482 -0.0174181 -0.0340928 -0.0123484 -0.031144 -0.00366446 -3.13842e-05 -0.00146994 0.000787951 0.000550053 0.000244817 0.0219564 0.00587837 -0.00106377 -0.0029093 0.00390522
internal_weight=2385.22 565.74 560.367 554.481 543.768 535.906 527.313 10.7137 1819.48 96.9784 93.7587 56.1068 44.316 39.3264 11.7907 37.6519 8.77854 28.8734 9.12447 19.7489 1722.5 625.056 1097.45 1090.67 1075.34 15.3333 9.54411 620.042 452.121 167.921
internal_count=10374 2485 2462 2437 2391 2358 2320 46 7889 443 427 254 200 177 54 173 42 131 43 88 7446 2771 4675 4647 4582 65 41 2750 1971 779
is_linear=0
shrinkage=0.05


Tree=277
num_leaves=31
num_cat=0
split_feature=12 12 12 2 3 12 2 7 3 12 8 12 9 0 7 0 8 12 8 9 3 0 0 9 2 9 7 8 8 2
split_gain=0.31814 4.60966 3.14617 2.77841 2.72479 4.42409 3.58392 3.57496 2.98683 2.16231 3.56367 3.11127 2.02499 5.67274 4.55693 4.56848 3.3846 4.54932 2.67435 2.24829 1.9979 5.45241 3.56657 2.38318 1.97125 1.93978 4.5752 1.86228 1.70583 1.66489
threshold=-0.055194755903572632 -0.052386107488940264 -0.052122382122382092 55.685220468154604 -1.6787218103267696 -0.036179506064646129 46.288644015916752 0.011065114088788052 -1.5059380293982547 -0.047746552918966796 -3.0155326238054658 -0.048092706540242926 1.0701614615482253 -0.0020346970957529566 0.020781660135350703 -0.00091441908651181852 0.12208665781047552 -0.053612634349638068 2.4345248856080199 0.7483157336914571 -2.5587403353781735 -0.0037789746796736408 -0.00075452151880292648 0.96587438112592261 57.601816180517297 0.96198572045547925 0.016548024876824267 -0.32437152804104369 -0.13346569997585664 77.500000000000057
decision_type=2 2 2 2 2 2 2 2 2 2 2 2 2 2 2 2 2 2 2 2 2 2 2 2 2 2 2 2 2 2
left_child=20 12 3 -3 5 6 -4 -7 -6 11 -11 -10 13 -2 15 -14 25 19 -16 -18 21 -1 27 -24 -9 26 -15 -23 -8 -22
right_child=1 2 4 -5 8 7 28 24 9 10 -12 -13 14 16 18 -17 17 -19 -20 -21 29 22 23 -25 -26 -27 -28 -29 -30 -31
leaf_value=-0.036880111945072756 0.042566549122902184 0.0022014902136296591 0.0047565884483958031 0.055401832709483081 0.042620183514289894 -0.026174906816294048 -0.070579394071699386 0.031098568159474396 0.0042653412194287926 -0.08725999319344277 -0.00042822878716524499 0.034213300471015021 -0.034917631423313118 0.0010558065445161165 -0.073001510527175711 0.027597504532640645 0.050189062799579104 -0.02616082789847813 -0.020493284597421502 0.0026284797842091347 3.7671323544246535e-05 0.026763031732232403 0.027548505164007028 -0.015702178781425113 -0.0058722544687376541 0.0009330693775766489 -0.052144749123847672 0.067841126516148278 -0.032057306394073892 0.016543750802419117
leaf_weight=4.5130715370178249 5.0670882537960997 4.9904454350471479 4.7372623533010509 4.8289480656385422 4.1756022274494162 7.6591888815164593 4.5853499919176111 8.7506283521652204 105.15777233242989 1.1831070035696019 944.58013077825308 9.4520082473754865 6.0549229234457016 6.1520589739084306 5.7322714775800687 5.648819565773012 4.7334131002426165 7.5884894132614127 4.2029528468847275 5.2307582497596741 1158.8647680599242 6.9106878489255905 6.0510391145944542 6.7244928777217865 6.1320219188928595 5.1464592218399039 11.778561413288115 4.5927283987402969 7.6990977227687809 15.481069974601267
leaf_count=22 22 21 20 21 19 33 20 38 440 5 4060 39 26 26 25 24 20 32 20 22 5100 30 28 29 27 22 50 21 33 79
internal_value=2.02449e-06 -0.000580847 0.000187087 0.0283642 -6.35052e-05 -0.0129479 -0.0321889 0.00158127 0.000415339 0.000249142 -0.000536851 0.00673519 -0.0132847 -0.00731803 -0.0258851 -0.00474466 -0.0135393 0.00300771 -0.0507887 0.0252218 0.000574301 0.0135868 0.0229678 0.0047832 0.0158657 -0.0261252 -0.0338915 0.0431634 -0.0464362 0.000255266
internal_weight=2384.41 1181.27 1113.93 9.81939 1104.11 39.5635 17.0217 22.5418 1064.55 1060.37 945.763 114.61 67.3358 45.6968 21.639 11.7037 40.6297 17.5527 9.93522 9.96417 1203.14 28.792 24.2789 12.7755 14.8827 23.0771 17.9306 11.5034 12.2844 1174.35
internal_count=10374 5065 4776 42 4734 171 73 98 4563 4544 4065 479 289 194 95 50 172 74 45 42 5309 130 108 57 65 98 76 51 53 5179
is_linear=0
shrinkage=0.05


Tree=278
num_leaves=31
num_cat=0
split_feature=8 8 13 12 12 0 9 3 9 2 0 12 2 0 9 8 3 11 11 9 2 11 8 8 3 0 13 11 9 0
split_gain=0.308918 10.483 2.51249 2.99623 3.47002 2.52029 4.32051 4.24612 3.71419 4.80656 3.3854 10.8274 2.72087 2.53552 2.16564 3.03471 2.00032 3.34572 3.06102 2.80949 2.29639 2.90262 4.30196 2.1906 1.82746 5.32621 1.85507 5.24891 5.32624 5.18196
threshold=0.51990797289658097 0.49584662663340412 1.0000000180025095e-35 -0.019055283790563062 -0.022051245188958537 -0.00049855503084430478 1.9534287763784397 8.876238557236368 1.1723630657639252 54.103974848416776 -0.0011269966913187051 -0.040582327941319433 58.923745173745225 0.0020467623963547998 1.5922052512482061 0.12208665781047552 3.4295136090070168 7.5000000000000009 16.500000000000004 0.70535153456127198 46.288644015916752 18.500000000000004 1.1795277829726398 2.6059584281455144 -2.1389561495821012 0.0029007055874741574 1.0000000180025095e-35 7.5000000000000009 0.64608684559211793 0.0019655914913820354
decision_type=2 2 2 2 2 2 2 2 2 2 2 2 2 2 2 2 2 2 2 2 2 2 2 2 2 2 2 2 2 2
left_child=1 2 5 4 14 7 8 10 13 -10 12 -12 -1 -7 15 -4 18 23 24 -20 -21 22 -22 -18 25 -2 27 29 -29 -26
right_child=16 -3 3 -5 -6 6 -8 -9 9 -11 11 -13 -14 -15 -16 -17 17 -19 19 20 21 -23 -24 -25 26 -27 -28 28 -30 -31
leaf_value=-0.00055753138423206164 0.027719983493797652 0.053359476527694662 0.0035904749343978145 0.031766165880333215 -0.032473609912420466 -0.0049787351838312503 0.039245059220260219 -0.044288976183923613 -0.011986676859269033 -0.059668402527677057 0.017277828528261926 -0.016440131560329176 0.03153764022120998 0.0087612373502445363 -0.022975417664240418 0.023601897058231184 0.018253309977988085 0.037983656269349068 -0.051276382216089968 0.027337454639837572 -0.037545573709433872 -0.04107221437979585 0.0035913825542624798 -0.028446563680342169 0.022817181219901089 -0.020515988114016684 -0.002358666034414543 0.018475666264359904 -0.0044619142594542437 0.0019984822836843549
leaf_weight=685.93162782676518 18.281205832958225 9.3208674192428571 91.318431757390499 10.822907857596872 6.0874542295932761 230.55304987728596 5.5717076510190955 5.1807591170072547 37.830767527222633 6.1436329185962668 93.385795541107655 31.956273466348648 6.667602375149726 39.299979373812675 6.0386194586753836 23.904610767960548 5.2235321253538149 8.8255623877048475 4.3737207353115073 3.9054264575242987 8.4469947069883329 7.4352124705910674 25.666243886575103 4.8359936624765396 50.782368265092373 8.330874063074587 614.76745323836803 28.411600545048714 231.71903662756085 72.652860768139362
leaf_count=3001 80 41 393 53 26 977 24 23 164 26 394 140 34 171 26 104 23 39 21 19 37 33 115 22 214 38 2697 131 1000 308
internal_value=1.80225e-06 0.0005259 0.000141378 0.00650965 0.0043632 -0.000628776 -0.00439867 0.000834068 -0.00517352 -0.0186483 0.00111987 0.00868135 -0.000248554 -0.00297772 0.00621244 0.00774212 -0.000616392 0.0155152 -0.000899844 -0.0130019 -0.00931903 -0.0127646 -0.0065948 -0.00419708 -0.000311503 0.0126198 -0.000656206 0.00207244 -0.00195666 0.0105635
internal_weight=2383.67 1290.01 1280.69 138.172 127.349 1142.52 319.399 823.122 313.827 43.9744 817.941 125.342 692.599 269.853 121.262 115.223 1093.66 18.8851 1074.77 49.8276 45.4539 41.5485 34.1132 10.0595 1024.95 26.6121 998.333 383.566 260.131 123.435
internal_count=10374 5597 5556 602 549 4954 1362 3592 1338 190 3569 534 3035 1148 523 497 4777 84 4693 225 204 185 152 45 4468 118 4350 1653 1131 522
is_linear=0
shrinkage=0.05


Tree=279
num_leaves=31
num_cat=0
split_feature=11 7 12 7 12 2 0 0 2 7 2 12 3 9 0 8 9 3 9 9 2 0 9 0 0 12 7 8 11 8
split_gain=0.315902 1.44691 2.51214 5.60326 3.27236 6.61843 2.83324 4.86173 6.14879 2.19894 2.24941 2.1272 5.16096 3.77989 3.53946 2.68111 1.79673 4.95596 4.63597 3.96976 3.30744 8.04887 3.45069 3.20285 6.88997 4.84046 2.75031 1.61684 1.00475 2.1343
threshold=15.500000000000002 0.02590028065395994 -0.074878672822968742 0.027786717932580658 -0.092422842099367117 43.286812689797763 -0.0044055053741882703 -0.0018703884225157034 53.472222222222207 0.026427061310782225 46.942670197850155 -0.11989933744703836 -0.28299637944979966 0.95474058625944236 -0.0051288853384413345 -6.5590398628375537 0.80091114784164097 0.097189793247971598 0.58178275320032269 0.80936048930500393 31.034482758620694 -0.0017939980280988164 0.82284382486551022 -0.0042363926564690383 -0.002579129399226283 -0.093419865080061296 0.019879766448987191 -1.8999611381865436 14.500000000000002 -8.133741868315651
decision_type=2 2 2 2 2 2 2 2 2 2 2 2 2 2 2 2 2 2 2 2 2 2 2 2 2 2 2 2 2 2
left_child=28 11 4 -4 6 -6 9 8 -8 -3 -11 12 -2 14 -14 -15 17 23 27 -18 21 -21 -22 25 -25 -13 -20 -19 -1 -30
right_child=1 2 3 -5 5 -7 7 -9 -10 10 -12 16 13 15 -16 -17 19 18 26 20 22 -23 -24 24 -26 -27 -28 -29 29 -31
leaf_value=-4.0832482680036719e-05 -0.05769792451060303 0.036775842111766203 0.054883217158133872 -0.009923858863964798 -0.049490632408824925 0.012779310835772106 0.01584218153357907 -0.028463506273258082 0.079719692089034344 0.0021746519684556521 -0.02338800299717619 0.052756275787191602 0.00084969356166120355 0.049419960617252234 -0.052691780483981848 -0.0046484416948360001 -0.048184765434814071 0.019292672675450907 0.042251297722666593 0.015624287339602425 -0.046044758281486652 -0.042623168893324827 -0.0031964816510028152 -0.024330072947077383 0.0080704384227792483 -0.013047503313913604 0.010421925263385647 -0.016481720134268438 0.034937268380436003 -0.0066579637841856151
leaf_weight=1721.1094079818577 5.4186893850564983 4.084143564105033 7.4181810021400434 6.0599245429039001 8.2728954404592532 8.8127632886171323 29.763556275516748 5.0894454680383197 4.3132873065769664 74.060175265185535 9.7373886033892614 6.0947922766208649 7.6464186087250736 4.4013551473617554 5.176286742091178 4.785980746150015 4.5546425729989997 4.759859859943389 18.304600492119793 53.445622712373734 4.8180579841136923 6.6712207049131385 189.6888599395752 29.414446726441383 37.10680890083313 5.1611904054880124 10.785887256264685 9.3870750069618207 3.1893475428223601 93.325883273035288
leaf_count=7446 23 17 31 26 34 37 132 23 23 371 48 27 34 22 22 21 19 22 78 229 20 29 808 124 156 23 45 41 16 427
internal_value=1.82653e-06 0.0010342 0.00510248 0.0257451 0.00317216 -0.0173719 0.00593496 0.0171196 0.0239275 0.00095031 -0.000795763 -0.000538853 -0.0139864 -0.00322504 -0.020764 0.021254 0.000431313 0.00546156 0.0190325 -0.00191739 -0.00108977 0.00916051 -0.00425786 -0.00208274 -0.00625646 0.0225834 0.0304499 -0.00444511 -0.000319214 -0.00528345
internal_weight=2382.86 565.234 157.612 13.4781 144.134 17.0857 127.048 39.1663 34.0768 87.8817 83.7976 407.622 27.4287 22.01 12.8227 9.18734 380.193 121.015 43.2374 259.178 254.624 60.1168 194.507 77.7772 66.5213 11.256 29.0905 14.1469 1817.62 96.5152
internal_count=10374 2485 742 57 685 71 614 178 155 436 419 1743 122 99 56 43 1621 516 186 1105 1086 258 828 330 280 50 123 63 7889 443
is_linear=0
shrinkage=0.05


Tree=280
num_leaves=31
num_cat=0
split_feature=2 11 11 2 9 2 2 3 3 2 3 7 8 11 0 2 3 7 0 7 7 3 2 3 0 9 9 0 3 9
split_gain=0.325898 2.08807 2.45665 1.95151 1.69045 1.42669 0.523217 3.00077 2.61085 2.13724 7.16015 3.88777 5.67459 4.08013 4.26297 2.55735 5.71818 2.52675 2.39174 1.64764 6.01631 5.71919 3.85164 3.68246 3.43946 1.87412 1.21986 1.11112 3.97183 3.20645
threshold=16.724941724941718 10.500000000000002 14.500000000000002 13.802438437474843 1.0526925322819127 11.895420632878855 30.711473565804308 1.045836565270067 -1.6787218103267696 32.733692385927597 0.62352067557173174 0.023237312410053678 -2.5278126055204937 10.500000000000002 -0.0028223932769870503 33.333333333333314 -0.21841429278087418 0.01406420685553981 -0.0023637532767449426 0.023583178848291309 0.021362428191717405 0.36091421058480377 27.380952380952404 -0.25092416607202134 -0.0042363926564690383 1.1420098078245993 0.88885107977028077 -0.0070070421960991272 -0.30637195346513019 1.0001124382510389
decision_type=2 2 2 2 2 2 2 2 2 2 2 2 2 2 2 2 2 2 2 2 2 2 2 2 2 2 2 2 2 2
left_child=1 -1 -3 5 -5 -4 7 8 -2 10 11 12 26 -13 -15 16 -11 -14 -18 20 21 -10 23 -21 -22 -24 -8 28 -17 -30
right_child=6 2 3 4 -6 -7 9 -9 19 15 -12 13 17 14 -16 27 18 -19 -20 22 24 -23 25 -25 -26 -27 -28 -29 29 -31
leaf_value=0.022092553444726985 -0.041507119768377447 -0.037887202641382324 -0.0037127906972791863 -0.03238514291910994 0.0045151313932647553 0.03709608081002861 -0.056955149372597241 -0.029972099001802491 -0.0008438829656273422 -0.025600570275836839 0.044912546283092464 -0.040570525139165731 -0.029902474212279057 -0.0050118392192138404 0.041839684274784669 0.02985907338359528 0.053689683978031658 0.011234952667356593 0.012911577176797263 0.062256351027785942 0.0012489442536570609 0.037847996898483699 -0.023024296723771247 0.0029186412525831406 0.041479167024785275 0.0077107686489284099 -0.029531605949871371 2.2294080690434335e-05 -0.061805347481663248 -0.002462733874059445
leaf_weight=5.8937284536659709 3.2280491739511481 6.3809304088354137 4.4607303999364394 6.6270512044429761 5.8378166556358337 4.1196797592565417 10.05097569525242 7.0310189127922049 111.74722354114056 5.4677010327577618 5.660815328359603 5.2475553676486042 5.9857141077518454 17.375654369592674 6.737905696034427 3.5716562140732995 7.618748590350152 9.9171338677406293 6.8099593818187687 2.7321010529994956 7.6179848164320019 10.443240046501158 23.076939783990387 60.831976028159261 17.557504862546921 6.3176853209733954 6.7976630032062522 1997.8333636187017 4.5867635421454889 4.5189784839749336
leaf_count=27 14 32 24 29 28 24 42 30 479 23 24 24 27 77 28 26 32 41 29 14 33 45 101 294 73 30 29 8649 22 24
internal_value=1.87532e-06 -0.00490833 -0.0107107 -0.00247073 -0.0151032 0.0158806 7.15323e-05 0.00223095 0.0031606 -0.000186365 -0.00892085 -0.0138271 -0.0256712 -0.000615379 0.0080796 0.000105186 0.0179429 -0.00424887 0.0344435 0.00376058 0.00704871 0.00246299 -0.00145203 0.00546909 0.0293057 -0.0164185 -0.045891 -7.13398e-05 -0.0148271 -0.0323549
internal_weight=2382.08 33.3199 27.4262 21.0453 12.4649 8.58041 2348.76 250.584 243.553 2098.18 67.7734 62.1126 32.7515 29.3611 24.1136 2030.41 19.8964 15.9028 14.4287 240.325 147.366 122.19 92.9587 63.5641 25.1755 29.3946 16.8486 2010.51 12.6774 9.10574
internal_count=10374 164 137 105 57 48 10210 1113 1083 9097 292 268 139 129 105 8805 84 68 61 1069 630 524 439 308 106 131 71 8721 72 46
is_linear=0
shrinkage=0.05


Tree=281
num_leaves=31
num_cat=0
split_feature=3 3 0 11 8 2 0 2 7 3 3 2 3 11 3 9 11 9 8 0 9 2 2 7 12 8 11 7 3 3
split_gain=0.300241 2.7826 3.28198 2.36811 2.22587 1.62138 3.40697 3.63529 3.49837 2.65535 3.39423 3.83273 6.36012 4.55661 4.24387 3.41205 4.65779 3.36699 2.14406 5.20401 2.51209 2.13715 3.70506 2.54394 2.0954 5.77696 4.5914 5.00192 4.35325 3.57481
threshold=0.25147034631897619 0.23383629890641536 -0.0021190597388806706 11.500000000000002 1.0024653548756766 44.657141112535875 0.0028025998611221261 43.286812689797763 0.021533318051630109 0.33602190679971539 0.2992584644273717 56.366531557614373 0.28186116846964343 5.5000000000000009 0.26211935006871562 0.87204053450695318 2.5000000000000004 0.81166259500312188 -1.564968058612678 0.0028025998611221261 0.81413087473336387 45.722156631247536 46.072923551443075 0.039912516783399875 -0.061150259713187195 -2.4727964358263339 8.5000000000000018 0.018517848771013323 0.84841635745763899 0.3238308411143877
decision_type=2 2 2 2 2 2 2 2 2 2 2 2 2 2 2 2 2 2 2 2 2 2 2 2 2 2 2 2 2 2
left_child=1 -1 -3 4 -4 6 7 24 -9 10 11 14 13 -13 -7 -12 -17 -16 19 20 -11 -20 -23 -24 26 -26 28 -28 -2 -27
right_child=5 2 3 -5 -6 9 -8 8 -10 18 15 12 -14 -15 17 16 -18 -19 21 -21 -22 22 23 -25 25 29 27 -29 -30 -31
leaf_value=6.5330015086987066e-05 0.014071849376507959 -0.015565659710946528 0.03279019964810348 0.052076018867519759 -0.0052867544149625611 0.013847592622634776 -0.036070744873357839 0.0047924680497809825 0.051811310590523664 -0.009912224999313277 -0.059093114937871095 -0.033128920586886865 0.038258471066538673 0.018042182524304055 -0.0039098072023842417 -0.053930456880957447 0.0037603412281987216 -0.059772521045109731 0.03011542537540602 0.02684298301395326 -0.048986617706699633 -0.047367320052061547 0.0015990924423050776 -0.020512365347918348 -0.030000177014538394 0.036101712560761709 0.024434869940116476 -0.0064725773716332704 0.065633844796033305 -0.0025794558151986452
leaf_weight=1814.3238289747387 21.81483102589846 6.3443553745746639 8.224040552973749 5.9847012758254996 7.1967717409133902 5.4106989670544889 5.4870289489626876 8.467764660716055 7.4248799234628668 8.0357569009065681 6.3175886273384121 10.055662862956529 10.403723090887068 7.6677931249141684 4.2110429406166059 5.2628982216119757 10.437248840928076 7.5039718151092529 5.884363889694213 5.3517075777053824 8.4267259538173658 4.1246540993452063 240.65424629300833 13.751361779868601 17.441344738006592 7.3058397173881522 16.466747090220451 63.841276679188013 5.0390662103891364 32.740751266479492
leaf_count=7892 94 29 35 26 32 25 25 36 32 34 28 43 46 34 19 23 45 32 26 24 36 18 1043 72 74 31 73 286 22 139
internal_value=1.83857e-06 0.000305664 0.016019 0.0253804 0.01502 -0.00103549 0.00274291 0.00392254 0.0267592 -0.00302388 -0.0119627 -0.00412857 0.00722579 -0.0109905 -0.0227769 -0.0280641 -0.0155784 -0.0396923 -0.000923043 -0.0159893 -0.0299134 0.000319921 -0.00035825 0.000403904 0.00171825 -0.00598288 0.00584959 -0.000135164 0.0237473 0.00447729
internal_weight=2381.6 1842.07 27.7499 21.4055 15.4208 539.529 186.03 180.543 15.8926 353.499 67.2706 45.2529 28.1272 17.7235 17.1257 22.0177 15.7001 11.715 286.229 21.8142 16.4625 264.415 258.53 254.406 164.65 57.4879 107.162 80.308 26.8539 40.0466
internal_count=10374 8014 122 93 67 2360 812 787 68 1548 295 199 123 77 76 96 68 51 1253 94 70 1159 1133 1115 719 244 475 359 116 170
is_linear=0
shrinkage=0.05


Tree=282
num_leaves=31
num_cat=0
split_feature=0 13 7 12 0 2 7 11 3 3 0 7 8 2 2 9 7 0 9 2 2 8 13 0 12 2 0 13 11 11
split_gain=0.312321 2.21655 2.22685 3.78647 2.92665 2.65144 4.30396 4.23843 4.68493 1.29251 0.99463 2.52525 2.433 3.98284 2.33251 2.32387 1.94136 1.44193 2.93685 3.121 3.06635 4.4472 2.78501 3.17483 3.16114 1.35209 1.16464 3.93743 5.44965 3.92301
threshold=0.0086848952416330952 1.0000000180025095e-35 0.03781866878285884 -0.0359130914793949 0.0095036313553859206 79.039858427475025 0.043580589018418193 2.5000000000000004 -0.60721213834266108 0.089884727055713612 0.0060480702069804727 0.020349377336371079 2.1664301224480922 57.942789968652065 55.860721982758612 2.2517434714608022 0.038459113701832144 0.0048484632929444386 1.9534287763784397 63.220403808603585 57.777777777777821 1.889890759734252 1.0000000180025095e-35 0.0051713792291983012 -0.040800067603890079 60.869565217391326 0.0032435435927936989 1.0000000180025095e-35 2.5000000000000004 2.5000000000000004
decision_type=2 2 2 2 2 2 2 2 2 2 2 2 2 2 2 2 2 2 2 2 2 2 2 2 2 2 2 2 2 2
left_child=10 -2 3 4 -3 6 -4 8 -8 -5 17 -12 14 -14 -13 16 -15 26 19 20 21 -19 24 -24 -21 -22 -1 28 -28 -29
right_child=1 2 5 9 -6 -7 7 -9 -10 -11 11 12 13 15 -16 -17 -18 18 -20 22 25 -23 23 -25 -26 -27 27 29 -30 -31
leaf_value=0.00022500576311219276 -0.027178458213232511 0.071968552566027841 -0.04176865512101921 -0.012838754571964532 0.015107234810772375 0.025401728146866934 0.055096740085583441 0.044436283114367828 -0.017664460099211025 0.021608545822517124 -0.048764097500657147 -0.002506119649203449 -0.045242387974693633 0.0036153619794463709 0.043261925553656697 -0.034422794827812006 -0.018574093803662498 0.023566969205483814 0.041226621089752356 0.051540719340336487 0.052343008184477492 -0.030627612112273096 0.011507442658804374 -0.019214423853192379 -0.0042214904637627951 0.019377363888726878 0.019322204358962088 -0.0046995587187321271 -0.024821737682193284 0.01414571192747522
leaf_weight=1953.9920340497047 5.4180165082216254 4.555192783474924 7.0294603705406216 7.0447725355625135 4.4970376193523407 7.7063066512346259 2.5553413461893859 4.8559922948479644 16.479474198073149 4.4389441013336182 3.2169858813285819 6.2041144222021085 6.2122809365391722 50.730943895876408 5.0495660305023193 5.5583263784646979 12.234320864081381 9.8550456538796478 5.6908198595046988 4.4165609180927277 6.2148991748690587 6.1462793946266165 12.211997345089911 27.006884872913361 5.9867730885744077 6.2268700003623962 8.5934181809425336 106.10178108513355 37.503807656466961 37.332299456000328
leaf_count=8482 26 20 35 30 20 34 17 33 85 20 14 30 29 217 24 27 59 44 24 20 27 27 51 115 25 27 37 451 161 163
internal_value=1.77286e-06 0.00343142 0.00623462 0.0195385 0.0437205 -0.000838422 -0.0073783 0.00274048 -0.00789658 0.00047659 -9.3841e-05 -0.0052708 -0.00364366 -0.00690729 0.0180302 -0.00343187 -0.000696109 0.000113506 0.00654943 0.00402152 0.0172265 0.00275025 -0.00354747 -0.00964823 0.0194514 0.0358443 -0.000137972 -0.00388013 -0.0165924 0.000205393
internal_weight=2381.07 64.5805 59.1625 20.5359 9.05223 38.6266 30.9203 23.8908 19.0348 11.4837 2316.49 89.2065 85.9896 74.7359 11.2537 68.5236 62.9653 2227.28 83.7561 78.0653 28.4431 16.0013 49.6222 39.2189 10.4033 12.4418 2143.52 189.531 46.0972 143.434
internal_count=10374 320 294 90 40 204 170 135 102 50 10054 400 386 332 54 303 276 9654 360 336 125 71 211 166 45 54 9294 812 198 614
is_linear=0
shrinkage=0.05


Tree=283
num_leaves=31
num_cat=0
split_feature=2 11 11 9 2 3 9 2 3 3 2 3 7 8 11 0 2 3 7 7 7 2 12 7 12 9 9 12 9 0
split_gain=0.297378 1.88092 2.22273 1.79158 4.10155 2.73652 1.69067 0.45983 2.69529 2.36072 1.93797 6.39713 3.53628 5.16461 3.68491 3.84294 2.31806 2.95013 3.44556 4.06233 2.28438 1.50086 3.85996 5.55417 4.703 3.81128 3.34082 2.52673 1.11972 0.992799
threshold=16.724941724941718 10.500000000000002 14.500000000000002 1.1217534286446742 15.473751600512182 0.021934380241897557 0.8171567140023499 30.711473565804308 1.045836565270067 -1.6787218103267696 32.733692385927597 0.62352067557173174 0.023237312410053678 -2.5278126055204937 10.500000000000002 -0.0028223932769870503 33.507896468523803 -0.21841429278087418 0.01616445932743607 0.020520748428698197 0.01406420685553981 25.243085056169139 -0.084201483089166182 0.015892569034949448 -0.096227093234967323 1.3677265533933003 0.95474058625944236 -0.093419865080061296 0.88885107977028077 -0.0070070421960991272
decision_type=2 2 2 2 2 2 2 2 2 2 2 2 2 2 2 2 2 2 2 2 2 2 2 2 2 2 2 2 2 2
left_child=1 -1 -3 4 6 -5 -4 8 9 -2 11 12 13 28 -14 -16 17 -12 -19 -20 -15 22 24 -24 -11 26 -23 -27 -9 -18
right_child=7 2 3 5 -6 -7 -8 10 -10 21 16 -13 14 20 15 -17 29 18 19 -21 -22 25 23 -25 -26 27 -28 -29 -30 -31
leaf_value=0.020958881966786812 -0.039558046813295909 -0.036076866055138455 -0.017250973854572572 -0.018545929867380181 -0.053997233895886745 0.04308277726510748 0.025410392337754439 -0.054485394116792575 -0.02842496564765162 -0.00080909271799581924 -0.011654296363888664 0.042542249707313712 -0.03853621440497175 -0.028482434785559035 -0.0047205866768994477 0.039739212479617772 -0.014088871872474424 -0.013808026203073502 0.073779795202177131 0.018912691431831725 0.010655571019442268 0.010038865216639105 0.00013710327277223423 -0.041884680252886809 0.029177363092861116 0.0028620635094879954 -0.0085272207489120004 0.046811110224902634 -0.028138191399835345 -1.1886321786660558e-05
leaf_weight=5.8797803483903399 3.2191512286663047 6.3713606968522098 4.3808726221323031 3.0872221142053595 4.2301543764770022 4.3242248855531216 4.9423992410302162 9.9765331894159335 7.031522572040557 62.425725722685456 8.0789952203631419 5.6280100643634787 5.2431880906224277 5.9711914211511603 17.382699228823192 6.7468372881412462 12.604569710791109 4.7242195457220104 4.7264060825109508 11.786393970251082 9.9257647097110731 76.784860711544752 22.481875583529472 12.093187674880026 16.540202215313911 5.0189814865589133 35.400907374918461 9.3869803547859174 6.7683198601007453 1987.2879891078919
leaf_count=27 14 32 20 15 19 26 25 42 30 302 35 24 24 27 77 28 72 20 20 50 41 331 98 50 71 25 151 41 29 8608
internal_value=1.81927e-06 -0.00469603 -0.0102142 -0.00235434 -0.0131629 0.0174115 0.00536442 6.82992e-05 0.00209351 0.00297533 -0.00017353 -0.00849909 -0.0131312 -0.0244574 -0.000544558 0.00771078 0.000103998 0.0140619 0.0238449 0.0346171 -0.00404539 0.00354552 -0.000628369 -0.0145607 0.00547187 0.00728911 0.00418022 0.0314994 -0.0438358 -0.000100608
internal_weight=2380.45 33.216 27.3362 20.9649 13.5534 7.41145 9.32327 2347.23 250.383 243.352 2096.85 67.6425 62.0145 32.6418 29.3727 24.1295 2029.21 29.316 21.237 16.5128 15.897 240.133 113.541 34.5751 78.9659 126.592 112.186 14.406 16.7449 1999.89
internal_count=10374 164 137 105 64 41 45 10210 1113 1083 9097 292 268 139 129 105 8805 125 90 70 68 1069 521 148 373 548 482 66 71 8680
is_linear=0
shrinkage=0.05


Tree=284
num_leaves=23
num_cat=0
split_feature=9 3 3 2 8 12 12 9 0 12 9 12 11 0 0 2 12 12 9 0 0 8
split_gain=0.286294 1.01839 2.16952 1.70882 3.03372 1.5064 2.50449 0.539699 1.70961 1.60878 0.374302 1.54995 0.387449 4.41367 3.1762 2.86083 3.70557 4.84734 3.39817 2.31047 2.23567 2.07494
threshold=0.33197407145317887 -0.60721213834266108 -0.23934616596559877 42.253521126760553 -2.2785482855093444 -0.049107581189396808 -0.023466880668740808 0.38875348084063305 -0.0017284812162363201 -0.028749278177816421 0.41038784475030893 -0.077442109856493205 8.5000000000000018 -0.0028223932769870503 -0.0017939980280988164 82.421312139769483 -0.021525649922596542 -0.023466880668740808 0.78199110603968525 -0.0021190597388806706 -0.00056627813697075291 8.8855341695372498
decision_type=2 2 2 2 2 2 2 2 2 2 2 2 2 2 2 2 2 2 2 2 2 2
left_child=1 -1 -3 4 -4 -5 -7 8 -2 -10 11 -9 13 -12 19 16 17 -14 -18 -15 -16 -17
right_child=7 2 3 5 -6 6 -8 10 9 -11 12 -13 15 14 20 21 18 -19 -20 -21 -22 -23
leaf_value=0.036734319317807906 0.019409764926525491 -0.026776210267387374 0.016605550938237876 -0.0013239134611075446 -0.037638110302239486 0.059074082620316194 0.0069499807793987249 0.032997632801537072 -0.031058042427389684 0.0035443231731160547 0.051694380924810115 -0.0088414272869653636 -0.00063947994932622969 -0.0055784958061304186 0.012562696060173318 -0.050861024778213297 -0.010237783702493383 -0.03136400233778109 0.020863083535550535 -0.047125372204000801 0.00032024498538403079 -0.0034822318807625307
leaf_weight=2.298206813633441 4.1750209033489254 5.3265982568264034 5.894797045737505 5.5443005785346058 4.5805285423994082 4.3786766529083261 4.8650342896580634 4.0666837226599455 8.3047721162438393 5.640664562582967 4.220078080892562 4.857703894376753 1177.3860826008022 7.7515486776828766 38.711885377764702 4.8561993017792684 11.62505094707012 12.978788211941717 35.924995593726635 5.8881773948669416 1016.3703657016158 4.4089375473558903
leaf_count=12 19 24 28 28 21 25 26 20 38 25 22 21 5126 33 163 22 50 56 161 25 4407 22
internal_value=1.75121e-06 0.00463446 0.00222282 0.00833706 -0.00711349 0.0192817 0.0316408 -6.31616e-05 -0.0086588 -0.017062 3.71419e-06 0.0102239 -3.55979e-05 0.000661026 0.00045951 -0.0006349 -0.000427727 -0.000974476 0.0132595 -0.023514 0.000769431 -0.0283152
internal_weight=2380.06 32.8881 30.5899 25.2633 10.4753 14.788 9.24371 2347.17 18.1205 13.9454 2329.05 8.92439 2320.12 1072.94 1068.72 1247.18 1237.91 1190.36 47.55 13.6397 1055.08 9.26514
internal_count=10374 164 152 128 49 79 51 10210 82 63 10128 41 10087 4650 4628 5437 5393 5182 211 58 4570 44
is_linear=0
shrinkage=0.05


Tree=285
num_leaves=31
num_cat=0
split_feature=12 12 7 3 7 12 7 9 9 7 7 7 0 0 0 9 2 0 12 11 9 8 2 9 12 8 3 12 0 12
split_gain=0.288165 2.41521 4.53126 2.34089 2.52746 2.07503 3.51441 3.2042 4.69356 2.41754 2.3621 3.09064 2.59066 4.62096 3.41535 1.78431 1.76294 1.39499 0.868028 11.024 2.61412 4.79917 0.826069 4.3708 0.573847 6.13108 3.68482 2.02732 4.2942 1.73577
threshold=-0.017045454545454513 -0.018257219127580989 0.014502818315053964 -0.54595770544265931 0.019995885165415794 -0.013928074015121321 0.0070442841646802768 1.2118016640979354 0.7394943166042659 0.013445198058414 0.011391236061893477 0.012304081561218429 0.0023810937305803795 0.0016893362173579453 0.0031810484608432539 0.98668964690708394 82.421312139769483 0.0022453406611380993 -0.019367094514077244 9.5000000000000018 1.1568649511910538 1.5667807258012763 88.380316518298756 1.409483231878726 -0.022051245188958537 0.51990797289658097 0.12883259911753547 -0.02392172333516859 3.2434529453189076e-05 -0.027257248993911899
decision_type=2 2 2 2 2 2 2 2 2 2 2 2 2 2 2 2 2 2 2 2 2 2 2 2 2 2 2 2 2 2
left_child=1 18 15 -2 5 6 -5 8 -8 -9 12 -12 13 -7 -14 -3 -6 -13 22 20 21 -20 24 -24 27 -26 -27 29 -29 -1
right_child=3 2 -4 4 16 10 7 9 -10 -11 11 17 14 -15 -16 -17 -18 -19 19 -21 -22 -23 23 -25 25 26 -28 28 -30 -31
leaf_value=-0.00020608098540425831 0.0302306833462576 0.055877780843759418 -0.020193399329801711 -0.045475590940340621 0.040703229001376517 0.0097461918491765463 0.013872647005443953 0.035075934575753191 -0.031829582421743011 -0.011782463276426928 -0.050699091153275012 -0.02698657304688909 0.06363879636802143 -0.033092299750946283 -0.0032070264761376744 0.016841381627903398 -0.0019677285872507291 0.0063587781237063531 -0.010350306891331061 0.048355087438249067 0.00032990003281772233 -0.068544455458414685 0.048586868684918669 -0.01825813305564376 -0.023314745532981067 0.020360161347244769 -0.0074515628896098668 -0.046602180760512431 -0.0040063715021271739 0.0066644908514346055
leaf_weight=1987.5268040709198 5.2824780344963065 5.7957407087087649 5.1293565034866324 7.4916361719369879 5.1519254595041257 29.579619318246841 8.1759913489222544 6.2574737817049009 17.954746633768082 4.9142916202545166 4.5824240297079113 4.4972942471504203 4.1020578742027274 7.9970385730266562 3.577216312289238 5.9147739559412003 4.5656128823757172 10.365557610988615 7.250753462314611 6.3791518434882155 6.1133509576320639 6.9278275072574615 4.8087436407804471 4.9760120511054993 15.637464791536329 39.814055800437927 16.992800250649452 6.9943052008748046 38.408335298299789 96.385553061962128
leaf_count=8634 25 28 22 32 22 141 37 28 76 21 21 20 26 37 18 27 20 46 32 30 27 30 22 24 67 171 74 31 165 420
internal_value=1.80089e-06 0.000131084 0.0189958 -0.00233997 -0.00378322 -0.00595208 -0.0142244 -0.00794813 -0.0175299 0.0144636 -0.000224926 -0.0147994 0.00603735 0.000629333 0.0325002 0.0361612 0.020655 -0.00373107 -1.08506e-05 -0.00897715 -0.0270006 -0.0387847 9.72825e-05 0.014593 3.28625e-05 0.0044091 0.0120408 -0.000116027 -0.0105683 0.000111698
internal_weight=2379.55 2255.06 16.8399 124.495 119.213 109.495 44.7941 37.3025 26.1307 11.1718 64.7012 19.4453 45.2559 37.5767 7.67927 11.7105 9.71754 14.8629 2238.22 26.6711 20.2919 14.1786 2211.54 9.78476 2201.76 72.4443 56.8069 2129.31 45.4026 2083.91
internal_count=10374 9804 77 570 545 503 194 162 113 49 309 87 222 178 44 55 42 66 9727 119 89 62 9608 46 9562 312 245 9250 196 9054
is_linear=0
shrinkage=0.05


Tree=286
num_leaves=19
num_cat=0
split_feature=12 12 8 2 9 3 12 0 12 0 7 12 8 9 12 7 0 12
split_gain=0.298874 0.660357 1.84572 2.42989 2.46064 2.48243 1.65841 1.34977 0.417883 3.05008 1.93016 0.873204 4.59868 3.84351 2.19851 4.13283 0.794755 0.788234
threshold=-0.0069407753618279987 -0.011038244316389991 4.766718288884956 79.039858427475025 0.76256060843503493 0.0500980663623199 -0.011932101552811785 0.0013027916566925428 -0.013432925317040855 0.00068328219209867096 0.010944267599790992 -0.017045454545454513 5.3042487195173473 0.7394943166042659 -0.018257219127580989 0.014502818315053964 0.0058438724652459095 -0.019367094514077244
decision_type=2 2 2 2 2 2 2 2 2 2 2 2 2 2 2 2 2 2
left_child=1 6 3 4 -3 7 8 -6 11 -10 -11 14 13 -13 17 -16 -14 -1
right_child=-2 2 -4 -5 5 -7 -8 -9 9 10 -12 12 16 -15 15 -17 -18 -19
leaf_value=9.2473587420107071e-05 -0.010433078139446236 -0.021221305867276191 -0.020627032780488455 0.048600135297246674 0.021893906443414365 0.045355205131828245 -0.022234031315837857 -0.015885434247164185 0.046215284200910672 0.011713956506903704 -0.028509858454923317 0.011048399161105647 0.038591976056156892 -0.01969442409299663 0.034718790274314223 -0.019217528286338492 0.010623751112795607 -0.0085795134531397223
leaf_weight=2211.2522718217224 6.8421295657753936 5.8749175220728018 4.8679527193307868 4.0239240527153006 4.4933339208364469 5.0709291771054259 8.4029917865991575 4.9895598739385605 3.9567542076110866 7.5558522045612317 4.9272932261228561 13.714208759367464 5.2144348919391614 39.303257301449776 11.591255448758604 5.1205626726150504 4.9525332152843475 26.517636880278587
leaf_count=9608 35 27 22 22 24 30 37 24 18 35 22 62 22 169 55 22 21 119
internal_value=1.92695e-06 3.20293e-05 0.00748916 0.0130864 0.00609117 0.0171164 -6.13098e-05 0.00201577 1.8514e-05 0.00796203 -0.00416301 -3.78317e-05 -0.00583506 -0.0117421 0.000124642 0.0181925 0.0249681 -1.02897e-05
internal_weight=2378.67 2371.83 29.3206 24.4527 20.4287 14.5538 2342.51 9.48289 2334.11 16.4399 12.4831 2317.67 63.1844 53.0175 2254.48 16.7118 10.167 2237.77
internal_count=10374 10339 149 127 105 78 10190 48 10153 75 57 10078 274 231 9804 77 43 9727
is_linear=0
shrinkage=0.05


Tree=287
num_leaves=31
num_cat=0
split_feature=11 7 8 7 9 9 9 7 12 7 3 0 0 12 7 3 12 12 7 0 9 0 2 3 12 12 9 3 12 8
split_gain=0.293345 1.40431 3.26093 2.11738 4.01987 1.98515 7.37574 2.2001 3.41818 2.41752 1.64783 1.50189 1.64025 4.20906 3.87587 3.38461 2.82125 6.14512 1.33782 0.873527 6.08494 4.27305 6.66134 6.14523 4.41363 8.42876 3.80685 4.44443 3.31793 3.02795
threshold=15.500000000000002 0.029047335937942374 -8.504160240682948 0.031015150784670164 0.96198572045547925 0.65388108712954984 0.70535153456127198 0.034713667877604583 -0.16389465191332406 0.03781866878285884 -0.21841429278087418 0.00021274266415891884 -0.00081702195619442499 -0.048378616736202952 0.018437288492998801 0.53517875619113953 -0.027257248993911899 -0.037013416477702121 0.034713667877604583 -0.00021304958365674261 2.0478343373342396 -0.00049855503084430478 63.694267515923578 -2.5587403353781735 -0.040582327941319433 -0.042424242424242344 1.3198695093319606 -0.95271911687101507 -0.033872722661714559 -5.9999118345100468
decision_type=2 2 2 2 2 2 2 2 2 2 2 2 2 2 2 2 2 2 2 2 2 2 2 2 2 2 2 2 2 2
left_child=19 2 -2 4 10 18 -7 8 -8 -9 -3 12 16 14 -14 -15 17 -4 -5 20 21 23 26 -1 25 -25 27 -23 -26 -21
right_child=1 3 11 5 -6 6 7 9 -10 -11 -12 -13 13 15 -16 -17 -18 -19 -20 29 -22 22 -24 24 28 -27 -28 -29 -30 -31
leaf_value=0.047151915588855085 -0.035646692474563188 0.014670090069045075 -0.00086660341978127503 0.045934450321089781 -0.004584648866131631 -0.069676426914749429 -0.049561404912657231 0.027092689109313436 0.00026752214423858285 0.00030912152302981801 0.052516331989127078 -0.027238667425614406 0.066989981802120541 -0.013364352479507841 0.011981796989096811 0.035161619605787724 -0.030914933098658587 0.031075259538663042 0.0088906310468743529 -0.034075765725672301 -0.038071008499119374 -0.058068267656866318 0.036850510542274596 0.0004593872373995138 -0.034795185747337261 0.053919759919872925 -0.051113295400980509 -0.0087280643894632123 -0.0046115463105859704 0.00055570406525456072
leaf_weight=6.9921958744525901 6.3748304285109034 4.5087566822767258 399.08678232878447 3.8866167366504651 9.3382954448461515 3.666698843240737 4.1095223911106613 14.542875725775955 21.178620830178261 20.027528564445674 7.9428296685218829 4.8774198144674292 5.1478374898433676 16.593991786241535 8.472813352942465 4.5865562409162512 7.3487456291913977 15.647781133651732 6.5359551440924406 6.3427557423710814 11.460186414420603 4.9806755185127249 6.2742587029933921 380.81068412959576 14.838666692376135 7.518493339419364 7.2990537062287322 54.567949011921883 23.561485201120377 1289.7164046242833
leaf_count=31 29 20 1702 20 40 16 21 71 91 129 34 21 23 71 35 20 33 69 40 30 50 22 28 1657 63 31 34 235 103 5605
internal_value=2.00678e-06 0.000998106 -0.000130298 0.00651576 0.0202139 0.00247938 -0.00083894 0.00337777 -0.00783007 0.0115763 0.0388121 0.000360022 0.000654649 0.011088 0.0327718 -0.00285626 -0.000205592 0.000338551 0.0227044 -0.000307565 -0.00204243 -0.00122779 -0.0124089 0.000657245 -0.000104596 0.00149444 -0.0170323 -0.0128549 -0.0162752 0.000386222
internal_weight=2378.24 563.874 468.137 95.7377 21.7899 73.9478 63.5252 59.8585 25.2881 34.5704 12.4516 461.762 456.885 34.8012 13.6207 21.1805 422.083 414.735 10.4226 1814.36 518.304 506.843 73.1219 433.722 426.729 388.329 66.8477 59.5486 38.4002 1296.06
internal_count=10374 2485 2003 482 94 388 328 312 112 200 54 1974 1953 149 58 91 1804 1771 60 7889 2254 2204 319 1885 1854 1688 291 257 166 5635
is_linear=0
shrinkage=0.05


Tree=288
num_leaves=31
num_cat=0
split_feature=8 8 13 8 8 0 12 7 9 12 2 9 0 9 3 9 2 0 12 7 2 3 0 11 11 9 2 11 8 13
split_gain=0.304302 9.55817 2.22675 2.66393 5.6098 5.33095 3.48421 6.39646 4.47686 3.32924 2.6757 2.45034 2.05631 3.83509 3.70372 3.23576 4.40103 2.98208 9.38272 2.51946 2.51693 1.81538 3.01524 2.81228 2.69948 2.512 2.04149 2.61312 3.86734 1.73516
threshold=0.51990797289658097 0.49584662663340412 1.0000000180025095e-35 0.19553492352055313 0.30582387753059742 0.0016275754779789384 -0.054315420580150681 0.027194538079291172 1.2066170112533989 -0.051742602047254276 49.710084033613455 0.95474058625944236 -0.00049855503084430478 1.9534287763784397 8.876238557236368 1.1723630657639252 54.103974848416776 -0.0011269966913187051 -0.040800067603890079 0.012304081561218429 50.917508417508422 3.4295136090070168 0.00019190657532109834 16.500000000000004 2.5000000000000004 0.70535153456127198 46.288644015916752 18.500000000000004 1.1795277829726398 1.0000000180025095e-35
decision_type=2 2 2 2 2 2 2 2 2 2 2 2 2 2 2 2 2 2 2 2 2 2 2 2 2 2 2 2 2 2
left_child=1 2 12 6 -5 -6 7 11 -9 -8 -11 -4 14 15 17 19 -17 20 -19 -14 -1 23 -23 29 -24 -25 -27 28 -28 -2
right_child=21 -3 3 4 5 -7 9 8 -10 10 -12 -13 13 -15 -16 16 -18 18 -20 -21 -22 22 24 25 -26 26 27 -29 -30 -31
leaf_value=-0.0010120617592137625 0.002317263221195603 0.05122333642747217 0.052137900422192324 0.049576326574428731 0.025668462456883891 -0.027046961246167674 -0.04955860251118812 -0.0095801445548862156 0.040533793551868064 -0.0147584096374488 0.0070384879405693173 0.010344418702585045 0.0075669899274920255 0.037310158915266629 -0.041564841463739538 -0.010937581690030748 -0.056726053133125148 0.016211291161042692 -0.015077488635955231 -0.0049470048597022587 0.011944930994522266 0.042055911625820945 0.020104760037245706 -0.048687201121778385 -0.02747709752471468 0.025742999522325428 -0.035837553031922563 -0.03919245994873842 0.0032621989522866389 -0.0019279782237825189
leaf_weight=650.86925492808223 387.70225479826331 9.2292032986879331 10.7442679554224 10.150100789964201 11.586028493940832 8.183249890804289 3.9736954122781745 24.910338863730434 5.4275299087166777 24.514641486108303 33.076232872903347 5.206648960709571 49.212981291115284 5.5264053791761389 5.1379135549068442 37.593056999146938 6.0993043780326834 92.720521964132786 32.309483639895916 220.13771528750658 39.7703802511096 6.5869804322719601 7.0885862559080106 4.3742990270256987 5.1438893228769302 3.8652275726199141 8.3985988795757276 7.3939367458224288 25.604532025754452 634.81662090308964
leaf_count=2859 1674 41 45 45 53 37 17 109 25 106 143 22 217 24 23 164 26 392 142 931 176 29 32 21 23 19 37 33 115 2794
internal_value=1.94334e-06 0.000522896 0.000156514 0.00616046 0.019361 0.00384756 0.00249854 0.0128627 -0.00061462 -0.00529397 -0.00223977 0.0384958 -0.00056948 -0.00397905 0.000753833 -0.00470796 -0.0173295 0.0010204 0.00812584 -0.00266058 -0.000265935 -0.000612317 0.0147824 -0.000882539 9.60703e-05 -0.0125052 -0.00900843 -0.0122532 -0.00639524 -0.000318336
internal_weight=2377.35 1286.38 1277.15 137.773 29.9194 19.7693 107.853 46.2888 30.3379 61.5646 57.5909 15.9509 1139.38 318.569 820.808 313.043 43.6924 815.67 125.03 269.351 690.64 1090.97 18.8195 1072.16 12.2325 49.6366 45.2623 41.3971 34.0031 1022.52
internal_count=10374 5597 5556 602 135 90 467 201 134 266 249 67 4954 1362 3592 1338 190 3569 534 1148 3035 4777 84 4693 55 225 204 185 152 4468
is_linear=0
shrinkage=0.05


Tree=289
num_leaves=31
num_cat=0
split_feature=2 0 9 12 12 11 9 3 9 2 7 7 12 9 12 9 9 7 7 2 7 11 2 8 9 8 3 3 9 8
split_gain=0.301967 2.43127 1.41343 1.62408 4.19705 2.29408 1.5814 4.78339 4.43764 1.0553 3.26611 4.42256 3.07711 3.0016 5.21485 3.88448 3.9971 2.93676 3.29796 3.14878 3.00248 2.81724 2.32759 1.17133 3.03227 4.86978 3.01284 3.21104 5.20897 2.97168
threshold=39.044357469014983 0.0030042827295598431 2.2517434714608022 -0.025545467921033699 -0.033872722661714559 13.500000000000002 1.3677265533933003 -1.0054291466514589 1.2918150192261681 41.66666666666665 0.020446185101357522 0.019010875353839666 -0.15388698350481786 0.73658675390189665 -0.099745326481505969 0.78507165974127713 0.85700031109886232 0.013806643941072628 0.011655383096130878 40.338521772345288 0.015650421729656718 12.500000000000002 40.122576164285867 -0.6012450591599886 1.409483231878726 -2.3592412660026807 1.6750095181845817 0.30844908253402703 0.95474058625944236 -0.17681502534809612
decision_type=2 2 2 2 2 2 2 2 2 2 2 2 2 2 2 2 2 2 2 2 2 2 2 2 2 2 2 2 2 2
left_child=1 2 3 4 6 -6 8 -8 -1 10 11 17 -12 14 -14 -15 -17 18 19 -2 -19 -16 -22 24 26 -26 27 -11 -29 -25
right_child=9 -3 -4 -5 5 -7 7 -9 -10 23 12 -13 13 15 21 16 -18 20 -20 -21 22 -23 -24 29 25 -27 -28 28 -30 -31
leaf_value=0.00054545957484510672 -0.024565418548653413 0.034220659509146642 -0.019846804593913053 -0.026073242317411545 0.044172711891039385 -7.506622937891082e-05 -0.059228989839011204 0.012229401126261877 -0.026548296948003449 0.0030022894507676697 0.026597986242929941 0.040776807769650314 -0.033972233939481171 -0.064657426900186596 3.7110464096117502e-05 0.013779135242366014 -0.025619408503117572 -0.046755443700103677 0.039557865619216995 0.029886695708803708 0.017125880745352703 0.04674716011335589 -0.020155709531282304 -0.0093743842490991054 -0.014639304912843827 0.037095130992272615 0.02279987972606878 -0.0012130881033352611 -0.036285145948502039 4.9113325409728669e-07
leaf_weight=503.77071470953524 6.9205441176891345 5.447218131273984 8.2824258506298047 5.5069455951452246 8.6595282629132253 4.4267922192811957 2.4576574862003318 49.723132364451885 15.580505136400459 204.44441300630569 4.7996377348899832 7.3358484655618659 7.0326887518167522 4.8364252597093573 7.8521030247211439 8.2205304205417615 29.681920751929283 5.2387125641107586 7.2652533352375022 4.3073706328868866 7.5896184891462353 5.4816122502088547 9.3370319753885251 90.54926460236311 6.594703949987891 14.661671459674833 15.568584129214285 38.873368769884109 14.549324572086332 1271.6103120651096
leaf_count=2187 31 29 39 27 40 20 11 235 71 874 25 30 31 21 33 35 127 22 30 20 32 23 39 392 30 63 68 165 62 5562
internal_value=1.94023e-06 0.000967611 0.000664913 0.000952796 0.00120737 0.0292047 0.00056632 0.00886379 -0.000267351 -0.000326998 -0.00493949 0.00504441 -0.011996 -0.0149314 0.000865398 -0.022459 -0.0170744 -0.00140263 0.013309 -0.00367593 -0.0136769 0.01924 -0.00343929 -4.34702e-06 0.00285388 0.0210447 0.00143976 0.000150155 -0.0107647 -0.000622702
internal_weight=2376.61 603.855 598.408 590.125 584.618 13.0863 571.532 52.1808 519.351 1772.75 115.899 47.9944 67.9049 63.1053 20.3664 42.7389 37.9025 40.6585 18.4932 11.2279 22.1654 13.3337 16.9267 1656.85 294.692 21.2564 273.436 257.867 53.4227 1362.16
internal_count=10374 2659 2630 2591 2564 60 2504 246 2258 7715 499 204 295 270 87 183 162 174 81 51 93 56 71 7216 1262 93 1169 1101 227 5954
is_linear=0
shrinkage=0.05


Tree=290
num_leaves=31
num_cat=0
split_feature=12 12 0 12 3 3 0 7 8 2 8 3 3 7 3 9 8 2 9 9 8 9 3 11 12 8 8 12 12 3
split_gain=0.303342 3.85214 4.82833 2.58608 13.4638 4.85026 2.04679 2.10754 2.03499 2.14063 1.96945 2.10935 2.47514 2.0102 3.47763 1.82253 1.0418 3.98447 4.40377 4.74268 3.13431 3.04692 4.97251 3.6511 3.25355 7.38714 3.02026 4.90849 7.18833 4.20546
threshold=-0.10692156773281013 -0.10770211305584154 -0.0015377969111604265 -0.10237965143040699 0.34292007876996433 0.043620654249984625 -0.0018703884225157034 0.027786717932580658 11.77821692414159 69.773830820342454 3.8101736635741625 4.2233512829378066 1.448432739123735 0.033459851420451596 0.36091421058480377 0.89478195729210752 -3.0551844183145884 32.947860962566878 1.0611665834306814 0.95474058625944236 -4.3543561318369859 0.7394943166042659 0.33602190679971539 9.5000000000000018 -0.09545698924731183 -4.7112374351949926 -2.5775291003092544 -0.091932981769753466 -0.068323274830223338 0.44083510106106183
decision_type=2 2 2 2 2 2 2 2 2 2 2 2 2 2 2 2 2 2 2 2 2 2 2 2 2 2 2 2 2 2
left_child=1 8 -3 4 5 6 7 -2 9 10 11 12 -1 -12 -15 -7 17 18 19 20 -5 22 23 -19 -23 -26 27 -18 -29 -30
right_child=3 2 -4 16 -6 15 -8 -9 -10 -11 13 -13 -14 14 -16 -17 26 21 -20 -21 -22 24 -24 -25 25 -27 -28 28 29 -31
leaf_value=-0.00073190175840887604 -0.015190865442523635 0.070448832545835921 -0.0029075291972406915 0.0092237178438725233 0.056578570088712379 -0.031796648879845069 -0.031968491304941525 0.026898229297693373 0.03260610689706183 -0.030634739486123486 0.04868082596023638 -0.035283963572372845 0.027865291259426994 0.018853918957984835 -0.037317353904173352 -0.072253490990921029 0.025475445630535828 0.071099119364921318 0.011678683091989391 -0.033581858938502775 -0.01214974823741766 0.03165003141162142 -0.0071223733006689277 0.023096818789828125 -0.055714569428117491 0.0069018851714779507 3.7449661535395318e-05 -0.039354736786731383 0.0029998844229311215 -0.043439444802962565
leaf_weight=288.15875134523958 7.8711332082748431 4.4787960946559906 4.4939020313322526 29.56583645939827 5.8232650905847541 5.3903727084398252 7.7103200927376774 4.780726745724678 4.8657374158501616 5.5934630297124377 3.7013040632009533 4.2926091849803916 7.7704924941062918 14.541667453944685 3.3996575623750678 5.7567036151885986 8.3523954302072507 6.4953513443470063 38.22990146279335 15.680623173713682 40.854642555117607 10.187532275915144 7.5382708609104148 10.153812319040297 5.2154147624969474 48.623985022306442 1714.1229716204107 20.77118968963623 35.825708374381065 5.6429667323827735
leaf_count=1358 34 20 21 126 26 24 35 20 30 34 18 19 40 98 17 25 35 27 165 68 170 43 32 43 23 203 7356 88 152 24
internal_value=1.8002e-06 0.00138122 0.0337089 -0.000229593 -0.013268 -0.0261765 -0.011662 0.000713236 0.000508375 3.1431e-05 0.000564357 -0.000485765 1.90016e-05 0.0151314 0.00821016 -0.0526898 1.41201e-05 0.00332318 -0.00244329 -0.00871361 -0.00317616 0.0114505 0.0265693 0.041824 0.00573912 0.000836238 -0.000379962 -0.0105156 -0.0153455 -0.00331948
internal_weight=2375.89 341.296 8.9727 2034.59 37.3325 31.5093 20.3622 12.6519 332.324 327.458 321.864 300.222 295.929 21.6426 17.9413 11.1471 1997.26 212.545 124.331 86.1011 70.4205 88.2144 24.1874 16.6492 64.0269 53.8394 1784.72 70.5923 62.2399 41.4687
internal_count=10374 1655 41 8719 164 138 89 54 1614 1584 1550 1417 1398 133 115 49 8555 900 529 364 296 371 102 70 269 226 7655 299 264 176
is_linear=0
shrinkage=0.05


Tree=291
num_leaves=31
num_cat=0
split_feature=2 0 9 12 12 8 2 3 2 0 8 2 2 9 0 0 11 7 7 9 0 2 0 0 0 9 8 7 2 11
split_gain=0.297053 2.19709 1.28126 1.48286 4.19735 1.60197 2.79762 2.1017 1.50029 0.999235 3.64041 3.52552 3.44731 4.55697 4.52523 2.74652 2.25918 4.44437 5.10072 4.17747 2.51874 2.05298 2.6475 3.85147 4.17158 3.19552 2.36462 5.08168 3.76003 1.7728
threshold=39.044357469014983 0.0030042827295598431 2.2517434714608022 -0.026189848604014156 -0.033872722661714559 -1.6540888296574774 37.070308303792039 -0.15159934605755027 36.05046669830724 -0.0042965583590263918 -4.1838059200720332 40.338521772345288 43.514984450098943 0.71941240277713525 -0.0055826769612982571 -0.0052735313136115436 19.500000000000004 0.023365593973599417 0.019380450770710798 1.0789758244699224 -0.0022608449569643109 40.525755089113481 -0.003149751643553674 -0.00030126519440673772 0.00048880559335053194 0.73658675390189665 -3.7464714275274162 0.026940147220910097 44.657141112535875 18.500000000000004
decision_type=2 2 2 2 2 2 2 2 2 2 2 2 2 2 2 2 2 2 2 2 2 2 2 2 2 2 2 2 2 2
left_child=1 2 3 4 5 7 -7 -1 -6 10 -2 -12 14 -14 -13 -15 21 18 19 20 -18 22 -11 25 -25 -24 27 -23 -29 -28
right_child=9 -3 -4 -5 8 6 -8 -9 -10 16 11 12 13 15 -16 -17 17 -19 -20 -21 -22 26 23 24 -26 -27 29 28 -30 -31
leaf_value=0.0079394469756428922 -0.04507603943333266 0.032740722659895617 -0.018867598039601228 -0.023518161773604617 0.015992328553513489 -0.015919860719503395 0.0053825897205965548 -9.4872421226634433e-05 0.051670577836901335 -0.04336601616452776 0.041825092561080982 0.013212470918810724 -0.027451904003253438 -0.0030948492276100651 -0.048844866849699582 0.03308340678566201 0.057651042126328024 0.044603542293120725 -0.028953370428265797 -0.01556125741143481 0.010474707376326567 0.062198800073628081 0.035941515446543178 -0.057073469207165488 -0.0076017374841071562 -0.0036391688580791298 -2.0358244316664919e-05 0.02322786742072401 -0.028717224676433672 -0.011569436952028129
leaf_weight=101.79977137409151 5.6370783895254126 5.3896820768713942 8.2723273523151857 6.1288894563913336 7.4741669148206693 36.509075626730919 26.672039210796356 406.15078985411674 4.864059180021286 5.3326208963990203 4.0860193967819205 4.4167479872703543 8.852745074778797 10.305227257311342 8.7718081027269346 10.685623049736025 6.1294766217470178 8.2364438623189908 8.6356540620326978 6.0426609963178626 5.2548377960920378 4.7571597695350674 6.5132623165845898 6.2980040907859829 13.175580590963362 23.490597769618034 1576.8771126996726 8.8069652467966062 5.763562783598899 33.943335495889187
leaf_count=449 27 29 39 30 35 157 112 1786 22 23 18 21 47 51 38 48 26 35 37 26 22 20 27 28 57 101 6853 39 26 145
internal_value=1.70772e-06 0.000960029 0.000673532 0.000947703 0.0012047 0.000581384 -0.00692699 0.00151531 0.0300576 -0.000324541 -0.00710264 -0.00255962 -0.00677407 0.0026337 -0.0280623 0.0153221 -0.000116556 0.0125871 0.00246909 0.01804 0.0358751 -0.000375152 -0.00989327 -0.00628561 -0.0236015 0.00495304 -5.51267e-05 0.0173297 0.00268031 -0.000263721
internal_weight=2375.27 603.261 597.871 589.599 583.47 571.132 63.1811 507.951 12.3382 1772.01 52.7552 47.1182 43.0322 29.8436 13.1886 20.9909 1719.26 34.2991 26.0626 17.427 11.3843 1684.96 54.8101 49.4774 19.4736 30.0039 1630.15 19.3277 14.5705 1610.82
internal_count=10374 2659 2630 2591 2561 2504 269 2235 57 7715 250 223 205 146 59 99 7465 146 111 74 48 7319 236 213 85 128 7083 85 65 6998
is_linear=0
shrinkage=0.05


Tree=292
num_leaves=31
num_cat=0
split_feature=11 7 3 3 3 7 9 9 12 12 7 3 0 2 12 12 9 12 0 11 12 8 7 2 12 9 12 3 7 7
split_gain=0.289642 1.32401 2.38148 3.29956 2.23663 2.67906 1.95579 2.97762 3.24743 3.32947 5.27633 3.20167 3.18922 3.18613 2.90921 3.63764 2.69908 3.71111 4.57871 4.02055 2.72958 2.69295 2.33583 2.00053 1.92643 1.71627 1.70922 1.67198 1.67178 2.17261
threshold=15.500000000000002 0.02590028065395994 0.98326301898207447 0.60408747524443884 0.31737217749065633 0.02611476536207721 1.3301045699919292 1.1678101495349613 -0.116997885439473 -0.09545698924731183 0.018737270753906434 0.019294475348007292 -0.0049907365120310469 31.893606158196587 -0.050353467226218966 -0.067944669956264872 1.4629747699870486 -0.083713977821809712 -0.0012079168218865389 18.500000000000004 -0.096881916948121261 -6.5590398628375537 0.022665522665522648 51.392768466790812 -0.13140812967711024 1.020269003399614 -0.074878672822968742 0.48641132959299366 0.021949241450311439 0.016783867441615048
decision_type=2 2 2 2 2 2 2 2 2 2 2 2 2 2 2 2 2 2 2 2 2 2 2 2 2 2 2 2 2 2
left_child=-1 6 3 4 5 -3 7 8 12 10 -10 14 21 -13 15 -9 28 20 19 -19 -18 -2 -11 -15 -6 -4 -7 -20 29 -8
right_child=1 2 25 -5 24 26 16 11 9 22 -12 13 -14 23 -16 -17 17 18 27 -21 -22 -23 -24 -25 -26 -27 -28 -29 -30 -31
leaf_value=-0.00030606047125347551 0.025895220492392741 0.04468628519126433 0.0030884763591201153 0.041954280749478982 -0.038323447264113297 0.0041523697673661267 0.035993527127146943 0.0025609988100035621 0.058478720833419276 0.0010047933072448085 0.0067632274967369026 -0.001033121654486226 -0.040109201582908011 -0.068844414706902682 0.031890355499291707 -0.047919728245787045 -0.0040311874051980534 0.039293690089991958 -0.040146022578766108 0.0002770724481766064 -0.053750684512254621 -0.018661777447580883 -0.013514029311865787 -0.025347987730566925 0.00021510374141337212 -0.031071351296062751 0.026486013740546845 0.0014063841541075066 0.047715095195600361 -0.0064770564084641108
leaf_weight=1812.2012162189931 5.1717012599110594 4.6356385797262183 7.2421541437506658 6.4023077040910712 5.0632642088457933 107.65629817731678 5.8208812922239321 12.042052596807483 5.9626266434788695 211.69376812875271 28.536779806017876 5.4154813736677196 9.6925872564315778 5.5627360343933088 4.7332859486341468 5.0717008858919153 7.1345605403184891 13.344028785824774 5.0388383716344851 13.069910973310469 4.5025681108236295 9.8491195142269152 31.8734440356493 5.0372721403837204 9.018246188759802 7.4693808779120445 9.307441443204878 4.6596463471651077 5.2997920364141455 6.2385633140802383
leaf_count=7889 25 20 33 32 30 515 26 51 28 904 120 24 41 25 20 22 32 58 22 55 20 43 135 22 38 35 39 20 23 27
internal_value=1.59728e-06 0.000992694 0.00489481 0.00687764 0.0052225 0.00740707 -0.000515204 -0.00203285 -0.000379762 0.00116396 0.0157014 -0.0152523 -0.0177491 -0.032234 -0.00280352 -0.0123991 0.00742497 0.00128681 0.00919964 0.0199878 -0.0232684 -0.00332071 -0.000895154 -0.0481743 -0.0136421 -0.0142552 0.00592958 -0.0201821 0.0243091 0.0140227
internal_weight=2374.75 562.546 156.795 142.083 135.681 121.599 405.751 340.643 302.78 278.067 34.4994 37.8625 24.7134 16.0155 21.847 17.1138 65.1088 47.7496 36.1124 26.4139 11.6371 15.0208 243.567 10.6 14.0815 14.7115 116.964 9.69848 17.3592 12.0594
internal_count=10374 2485 742 674 642 574 1743 1460 1296 1187 148 164 109 71 93 73 283 207 155 113 52 68 1039 47 68 68 554 42 76 53
is_linear=0
shrinkage=0.05


Tree=293
num_leaves=31
num_cat=0
split_feature=3 9 9 9 8 11 8 12 9 11 7 9 3 11 12 12 9 11 12 9 12 9 3 2 0 12 7 2 3 2
split_gain=0.293535 1.29811 4.50145 2.35756 2.18881 7.25687 4.88877 5.20386 3.3652 4.55778 4.05269 3.34687 2.91914 2.80556 2.3965 2.29888 1.85564 3.90271 7.74937 4.34228 2.58427 2.36793 1.86444 1.52105 3.0312 2.53318 1.17918 1.02941 0.953689 4.06067
threshold=-0.065977175474899535 1.2918150192261681 1.2756333193627798 1.3055859899774152 1.3198884887034297 11.500000000000002 -0.50359168543398003 -0.048677158133300015 1.6953517310853725 3.5000000000000004 0.016878320719366253 1.6550342211432771 -0.65669051721270322 18.500000000000004 -0.023466880668740808 -0.038285840402097128 1.2066170112533989 9.5000000000000018 -0.040190703414571816 1.2390541392913015 -0.076923076923076775 1.1883419531993848 -0.23310782499032448 39.478539522237348 -0.0044877756239138271 -0.13750250485005025 0.021533318051630109 48.693375825176425 -0.047590981413238899 74.014209207912259
decision_type=2 2 2 2 2 2 2 2 2 2 2 2 2 2 2 2 2 2 2 2 2 2 2 2 2 2 2 2 2 2
left_child=1 2 16 -3 6 11 7 13 9 -8 -10 14 -13 -5 -6 -9 21 18 -18 -19 -21 23 -20 25 -25 -1 -7 -23 29 -2
right_child=28 3 -4 4 5 26 8 15 10 -11 -12 12 -14 -15 -16 -17 17 19 22 20 -22 27 -24 24 -26 -27 -28 -29 -30 -31
leaf_value=-0.0086330882706300623 0.012369160083912013 -0.033818515583223838 0.038611123020153668 -0.017924416838877629 -0.019731780833071744 0.061449775960671638 0.021459266722972842 0.059831265915178899 -0.018598686842407047 -0.025209600784962441 -0.081275988724848397 -0.0264119454175063 0.019718077889944258 0.010335055821841485 0.016429419868387952 0.0096999807708071858 0.060997014527007523 0.021602352985266429 0.022260500137598466 -0.0020627176398262245 -0.051393081417401336 -0.0099461911585767056 -0.019561758878936276 -0.022561103949710226 -0.0010728893588524328 0.0063796286737259527 0.026378262924657742 -0.040374614430105732 0.00019304642094774074 -0.025212290648056614
leaf_weight=34.678957110270858 48.491244662553072 6.7238111943006507 7.5304252803325644 21.551614113152027 27.657581359148022 4.6733245104551298 7.085724942386153 4.7615064978599548 5.8140643835067731 19.993797205388546 4.6351966261863708 4.2092890739440945 18.51148647069931 14.823779821395872 5.4914655238389996 4.4001729190349561 8.7808588147163409 8.1536662839353102 4.5834033638238907 5.2706506699323654 5.3495673686265928 6.2177396118640882 6.3663457036018354 16.921491242945194 544.77241942100227 148.08676714450121 4.9197153523564339 5.0265587568283081 1360.0841259313747 8.438522741198538
leaf_count=167 211 30 33 96 120 20 31 20 24 87 20 19 82 65 25 20 38 35 20 23 23 27 27 80 2355 631 22 21 5967 35
internal_value=1.52446e-06 -0.000675013 0.000135341 -0.00485976 -0.00354881 0.00328846 -0.00893715 0.00207464 -0.0222988 -0.0129981 -0.0464018 -0.00360975 0.011172 -0.00640805 -0.0137413 0.0357542 -0.000229474 0.0104776 0.0260052 -0.00584132 -0.0269112 -0.000775018 -0.00205558 -0.000431045 -0.00172024 0.00353103 0.0434636 -0.0235487 0.000458429 0.00679858
internal_weight=2374.01 956.991 801.739 155.253 148.529 65.4629 83.0659 45.5371 37.5288 27.0795 10.4493 55.8698 22.7208 36.3754 33.149 9.16168 794.208 38.5045 19.7306 18.7739 10.6202 755.704 10.9497 744.46 561.694 182.766 9.59304 11.2443 1417.01 56.9298
internal_count=10374 4161 3480 681 651 288 363 201 162 118 44 246 101 161 145 40 3447 166 85 81 46 3281 47 3233 2435 798 42 48 6213 246
is_linear=0
shrinkage=0.05


Tree=294
num_leaves=31
num_cat=0
split_feature=12 12 0 12 3 3 8 2 0 8 2 12 8 7 3 9 2 0 8 7 7 3 8 0 2 2 12 7 9 7
split_gain=0.29626 3.478 4.3696 2.40213 12.1997 4.40327 1.86597 1.88635 1.85882 1.78408 2.00961 3.25937 2.79421 1.80213 3.11969 1.70235 1.69881 0.957143 4.84336 3.94876 4.25898 5.41421 2.62922 4.78551 2.08511 3.2148 1.79197 3.72814 8.0628 5.38295
threshold=-0.10692156773281013 -0.10770211305584154 -0.0015377969111604265 -0.10237965143040699 0.34292007876996433 0.043620654249984625 11.77821692414159 69.773830820342454 -0.0032188651013769264 3.8101736635741625 49.047532656023229 -0.11225015237815002 -0.70316659246234015 0.033459851420451596 0.36091421058480377 0.89478195729210752 40.338521772345288 -0.002579129399226283 -0.57106486873262585 0.016645434263158596 0.018829765201461037 -0.33953104507820603 -1.0253359924049952 -0.0032188651013769264 49.268292682926827 40.752535975465911 -0.06936905216004996 0.018920197397018605 0.91781816102404956 0.033684460968588313
decision_type=2 2 2 2 2 2 2 2 2 2 2 2 2 2 2 2 2 2 2 2 2 2 2 2 2 2 2 2 2 2
left_child=1 6 -3 4 5 8 7 9 -2 10 12 -12 -1 -11 -15 -7 -10 18 22 -20 -21 -22 24 -24 25 -5 27 28 -19 -29
right_child=3 2 -4 17 -6 15 -8 -9 16 13 11 -13 -14 14 -16 -17 -18 26 19 20 21 -23 23 -25 -26 -27 -28 29 -30 -31
leaf_value=-0.00054659257781374286 0.0089316370003721165 0.067456617215228179 -0.0025726092648558252 0.00095402856672166373 0.053964523784982066 -0.030347637369835114 0.031445236834022554 -0.028541194017848028 -0.04238423375687906 0.046501717763838372 -0.0053773543750878462 -0.04823717649808705 0.01685459695727318 0.018129541584480061 -0.034940693778778988 -0.069573410414570006 -0.0061100353548000719 -0.029501314336598833 0.024291466766547237 -0.072080327556545767 0.02862451740270433 -0.030872375334543151 -0.0055698205466037775 0.061645966928161038 0.030431864014493434 -0.016822977582834089 -0.00036439952325960438 0.010238835765265235 0.011230549711169605 -0.0053678506361797386
leaf_weight=235.91711694002151 7.2887407690286663 4.4235635250806808 4.4869973920285684 134.02235689759254 5.7745329141616812 5.3886905461549741 4.8125897757709017 5.6560623385012141 5.91937203705311 3.6513384580612209 33.152759823948145 5.1209932863712302 25.570039141923189 14.440161930397155 3.4262084290385237 5.6829400211572647 7.0980547517538071 24.188645675778389 4.2295903265476218 4.5072584748268154 4.7635004371404674 19.381521746516228 6.0107597410678864 4.7333188652992231 4.9755248278379431 31.387917429208755 1455.1350875459611 201.89481956511736 24.41025148332119 76.067657798528671
leaf_count=1107 31 20 21 570 26 24 30 34 26 18 164 23 123 98 17 25 32 103 20 20 20 84 26 20 22 135 6238 852 103 342
internal_value=1.45397e-06 0.00136605 0.0321927 -0.000227219 -0.0128243 -0.0251156 0.000538063 8.30989e-05 -0.0112851 0.000587025 -0.000411242 -0.011112 0.00115502 0.0144938 0.00795234 -0.0504818 -0.0226049 7.28934e-06 -0.00315213 -0.0208061 -0.0274633 -0.0191344 5.27168e-05 0.0240422 -0.00146 -0.0024193 0.000386789 0.00373404 -0.00904252 0.00596788
internal_weight=2373.52 340.658 8.91056 2032.86 37.1523 31.3778 331.747 326.935 20.3062 321.279 299.761 38.2738 261.487 21.5177 17.8664 11.0716 13.0174 1995.71 214.012 32.8819 28.6523 24.145 181.13 10.7441 170.386 165.41 1781.7 326.561 48.5989 277.962
internal_count=10374 1655 41 8719 164 138 1614 1584 89 1550 1417 187 1230 133 115 49 58 8555 917 144 124 104 773 46 727 705 7638 1400 206 1194
is_linear=0
shrinkage=0.05


Tree=295
num_leaves=31
num_cat=0
split_feature=0 8 7 8 0 8 12 0 11 3 3 11 8 8 2 3 3 0 3 12 12 3 8 0 12 3 9 0 9 0
split_gain=0.295183 0.517671 0.437212 1.78177 3.32567 2.96524 1.28632 0.596233 2.17967 4.53496 2.54278 2.51429 3.55004 4.05361 2.11298 1.41386 1.11934 0.754908 2.65252 2.85207 2.12229 1.77828 2.68084 1.43908 3.09995 3.55229 2.8514 0.981523 3.4175 1.53301
threshold=-0.010433720819822781 -9.1216571080439479 0.056371742635609276 -1.3878126630788723 -0.003544446374613481 3.6133669623341071 -0.10876752971157257 0.0086848952416330952 1.0000000180025095e-35 -0.12269843967274473 -0.026257765677830915 1.5000000000000002 12.755898121751775 8.4865530244713412 71.134020618556704 0.11349020326321048 -0.23310782499032448 0.0060480702069804727 -0.22222436849113672 -0.048677158133300015 -0.073106078874103905 -0.14343238590274129 8.8855341695372498 0.0048484632929444386 -0.081346239196345344 0.58272170986268579 0.88550717603404894 0.0032435435927936989 1.2620051529694527 0.0021579965755136881
decision_type=2 2 2 2 2 2 2 2 2 2 2 2 2 2 2 2 2 2 2 2 2 2 2 2 2 2 2 2 2 2
left_child=1 -1 7 4 -4 -5 -7 17 9 16 -11 -10 13 -13 -12 -14 -9 23 19 20 -19 -20 -23 27 26 -26 -25 29 -29 -2
right_child=2 -3 3 5 -6 6 -8 8 11 10 14 12 15 -15 -16 -17 -18 18 21 -21 -22 22 -24 24 25 -27 -28 28 -30 -31
leaf_value=0.025050295361196902 -0.00029970732761496616 -0.0048468399028254311 -0.025815364804144175 -0.046798958596019347 0.031435954093414757 0.017303892752039363 -0.017077310758985231 0.0021144233417357897 -0.033768731587946743 0.063244517196815286 0.047383061052622237 -0.0057937686654553197 -0.03828308658368141 0.05927615826551446 0.0068010860396144459 0.0022476255287555646 -0.031778747360670302 0.0078598989241579417 -0.032443250687412405 -0.019928556126663576 0.050475323306571479 0.00081568996756863597 -0.02145207414583547 0.066267961484773985 0.0063948512964541477 -0.036692690886675573 0.0071174718549169742 -0.0077410612911940338 0.0073754188443795957 0.0042462226673444332
leaf_weight=3.1350459214299917 1722.8104095365852 2.6904340311884871 4.1099935919046402 5.4570236131548908 6.6259372904896754 4.9160708934068706 6.0914097540080503 5.4039221405982971 6.0368504263460663 4.1444428414106413 4.5966963171958897 5.167120039463045 4.7085126452147943 4.4587354101240635 10.613452009856699 3.9623919427394867 4.4353893175721186 6.7518202140927324 7.2108754366636267 4.6361039429903022 5.1499311327934274 42.774100124835968 19.760420933365822 3.9641444683074933 68.200843185186386 5.1442964971065512 4.1919087618589401 136.35753057152033 51.514549821615219 207.82684016227722
leaf_count=26 7486 15 20 27 35 36 29 28 30 18 24 24 22 26 47 21 21 33 32 20 22 188 90 20 288 22 20 581 224 899
internal_value=1.33913e-06 0.0112426 -2.63268e-05 -0.00632891 0.00951866 -0.0166626 -0.00172226 4.69407e-05 0.00526326 0.0144748 0.0285256 -0.00578819 0.00344373 0.0243469 0.0190655 -0.0197615 -0.013164 -7.51856e-05 -0.00466294 0.0133404 0.0262997 -0.00893186 -0.00622075 0.000104744 0.00662454 0.00337277 0.0358668 -0.000146079 -0.00359612 0.000189647
internal_weight=2372.85 5.82548 2367.02 27.2004 10.7359 16.4645 11.0075 2339.82 53.5275 29.1939 19.3546 24.3336 18.2968 9.62586 15.2101 8.6709 9.83931 2286.29 86.2833 16.5379 11.9018 69.7454 62.5345 2200.01 81.5012 73.3451 8.15605 2118.51 187.872 1930.64
internal_count=10374 41 10333 147 55 92 65 10186 261 138 89 123 93 50 71 43 49 9925 385 75 55 310 278 9540 350 310 40 9190 805 8385
is_linear=0
shrinkage=0.05


Tree=296
num_leaves=22
num_cat=0
split_feature=0 2 3 3 11 8 2 0 8 11 7 3 12 0 12 8 12 2 12 9 7
split_gain=0.287817 3.85786 3.98753 4.46979 3.17323 2.42383 2.39823 1.9201 1.35461 4.0278 3.018 1.58704 0.886117 0.683849 0.55428 1.69747 0.792509 3.49548 0.68939 4.05162 0.825897
threshold=-0.0073729122490178668 36.585365853658537 -0.36033469690784864 0.038178291637760702 15.500000000000002 -6.7593057563042489 43.137254901960809 -0.009260719905234029 -8.504160240682948 13.500000000000002 0.039912516783399875 0.15667117957079937 -0.16772551472588518 -0.0070070421960991272 -0.18388396197634374 -3.0155326238054658 -0.17218701119304444 44.246212121212132 -0.1607940842672719 0.86479725145491049 0.056371742635609276
decision_type=2 2 2 2 2 2 2 2 2 2 2 2 2 2 2 2 2 2 2 2 2
left_child=1 2 -1 4 -4 7 -3 -6 9 10 -2 -11 -5 -10 15 -15 17 -16 19 -18 -20
right_child=8 6 3 12 5 -7 -8 -9 13 11 -12 -13 -14 14 16 -17 18 -19 20 -21 -22
leaf_value=0.071151943425086669 0.037875898320420848 -0.0576601187156707 -0.038701699075044303 0.027143074252357475 0.0011120998084115049 -0.017659274049986601 0.0004424761040560289 0.053107904875451188 0.016709017527178554 -0.048190456733228082 -0.012750866341829517 -0.013829470174561188 0.064067453794697055 0.036776802816769566 -0.048963884910442221 -0.0076581992717776387 0.046538985740978693 0.020603676326615594 3.527669029139933e-05 -0.011306771494850786 -0.011492863976861072
leaf_weight=2.6612084507942226 5.269624315202238 3.5195762738585463 5.3520295992493692 4.4432382881641388 3.6303792633116299 5.5040204301476408 3.5849853083491325 3.4751065336167812 6.1516296938061705 6.4526128098368627 6.6694505289196968 7.0124264396727085 2.5615252256393424 3.9568342790007591 3.8729482516646376 4.7048521377146226 5.0208577141165716 3.3827551417052746 2261.621049888432 7.6230636760592461 15.643765047192572
leaf_count=17 36 20 27 39 22 26 22 20 29 29 35 33 12 21 19 32 27 27 9752 45 84
internal_value=1.43148e-06 0.00451957 0.0129699 0.0067682 -0.00644358 0.00724818 -0.0283414 0.0265419 -6.57053e-05 -0.0115486 0.00959459 -0.0302957 0.0406457 6.04692e-05 1.60532e-05 0.0126406 -3.1549e-05 -0.0165301 2.07276e-05 0.0116636 -4.39163e-05
internal_weight=2372.11 34.7321 27.6275 24.9663 17.9615 12.6095 7.10456 7.10549 2337.38 25.4041 11.9391 13.465 7.00476 2311.98 2305.83 8.66169 2297.16 7.2557 2289.91 12.6439 2277.26
internal_count=10374 205 163 146 95 68 42 42 10169 133 71 62 51 10036 10007 53 9954 46 9908 72 9836
is_linear=0
shrinkage=0.05


Tree=297
num_leaves=31
num_cat=0
split_feature=7 0 9 8 2 0 7 12 9 12 0 9 3 9 9 0 8 2 9 0 8 2 9 8 11 2 8 0 2 3
split_gain=0.290338 2.36601 5.00751 7.71101 5.29213 2.57041 2.1579 7.1592 2.95131 2.94099 2.54778 2.48705 2.10941 1.79814 2.9289 4.49307 8.18754 5.3192 3.64451 3.44092 7.31457 2.00643 1.90992 1.48178 5.75313 4.82395 3.81462 3.13453 2.59393 1.84828
threshold=0.027333668922776135 0.0055606423617909949 1.0652514016948478 7.1787905347961578 71.428571428571487 0.0064669239778938755 0.027937107397923468 -0.039662296950698138 1.2696156429466006 -0.066639588410506351 -0.0036184146920476604 0.77157413446297995 -0.054412225554269479 1.0652514016948478 1.1943672453833589 0.0071744557495509809 1.7219079677723002 52.31065849317779 1.3114379437870958 -0.0055826769612982571 -0.06852667492387822 61.057289240801104 1.3301045699919292 -0.90748145914914213 12.500000000000002 39.99999999999995 -1.3078373660680411 -0.00056627813697075291 49.047532656023229 0.45269559494728634
decision_type=2 2 2 2 2 2 2 2 2 2 2 2 2 2 2 2 2 2 2 2 2 2 2 2 2 2 2 2 2 2
left_child=1 -1 4 12 -3 -5 7 8 9 10 -2 -12 -4 23 15 16 17 -15 19 -16 -21 -18 -20 26 25 -25 29 -27 -28 -8
right_child=6 2 3 5 -6 -7 13 -9 -10 -11 11 -13 -14 14 18 -17 21 -19 22 20 -22 -23 -24 24 -26 27 28 -29 -30 -31
leaf_value=-4.8759707231911867e-05 0.022988713017256308 -0.063614127108490792 0.013314934876455145 0.0084103092779996436 -0.0066706906814685404 -0.037147982746618763 -0.0010639797943585198 0.058765572144063388 -0.031122446921355764 0.03765646804159116 -0.036104487559169708 0.0087417795815219381 0.060583601616131667 -0.013895136114306468 0.066320127879407942 0.017960790321455807 -0.06989300527113447 0.038741126980338103 -0.038082361351639421 -0.025456935332051785 0.023650122775865784 -0.034237941866386061 -0.0031101004851581508 0.059631233458698564 0.02573966634975627 -0.029166286368614493 -0.053604093247947363 0.0020433544390060809 -0.0032156651996096256 0.015416271973563565
leaf_weight=1710.1060247719288 7.2698159515857759 7.7381444871425655 4.6498896926641464 4.7284964621067038 8.6314831525087339 8.9679015576839429 148.7501306347549 6.8423861414194098 5.444604516029357 6.7952650189399746 6.3599499017000181 6.015690878033638 4.7932133227586764 25.828617051243786 2.8375260904431334 9.7735750377178174 6.1343498826026943 5.8952388912439337 4.0443425327539435 10.758026402443646 25.693641342222691 11.058905601501463 112.49028276465833 3.5093896202743045 29.286519283428788 8.5033313035964948 5.5801639407873136 149.31259452179074 4.7098331898450851 19.210073053836823
leaf_count=7336 31 34 20 20 36 39 682 29 23 29 27 25 20 120 18 45 26 25 18 50 116 48 537 18 150 39 24 684 21 84
internal_value=1.64073e-06 -0.000328235 -0.012425 0.0025468 -0.0335886 -0.0214196 0.000929389 0.0123586 0.00240001 0.00930287 -0.000504502 -0.0143051 0.037308 0.000170654 -0.00346943 -0.0129892 -0.019173 -0.00411375 0.000116171 0.0132855 0.0091571 -0.0469592 -0.00432382 0.00228757 0.00535215 0.00165106 -0.000989532 0.000361738 -0.0305408 0.000820912
internal_weight=2371.72 1749.62 39.5091 23.1395 16.3696 13.6964 622.104 38.7277 31.8853 26.4407 19.6455 12.3756 9.4431 583.377 214.515 58.6907 48.9171 31.7239 155.824 39.2892 36.4517 17.1933 116.535 368.862 190.612 161.325 178.25 157.816 10.29 167.96
internal_count=10374 7505 169 99 70 59 2869 164 135 112 83 52 40 2705 1003 264 219 145 739 184 166 74 555 1702 891 741 811 723 45 766
is_linear=0
shrinkage=0.05


Tree=298
num_leaves=31
num_cat=0
split_feature=8 8 13 12 12 2 12 2 0 9 3 8 3 2 2 3 3 11 11 2 9 2 3 8 7 8 3 3 2 7
split_gain=0.275521 8.63594 2.04267 2.62087 2.97487 2.20539 3.08209 2.80248 1.85663 3.40423 3.16024 2.93409 2.8734 2.64705 5.51759 3.64885 1.62415 2.76942 2.53124 2.19987 3.20981 2.17125 1.95607 1.89835 1.64529 3.49092 4.5679 4.5697 3.5769 2.99407
threshold=0.51990797289658097 0.49584662663340412 1.0000000180025095e-35 -0.019055283790563062 -0.022051245188958537 57.777777777777821 -0.054741228039777469 60.644058683462653 -0.00049855503084430478 1.9534287763784397 8.876238557236368 -5.9999118345100468 -1.8610580304532383 50.917508417508422 49.710084033613455 -0.16442907341347993 3.4295136090070168 7.5000000000000009 16.500000000000004 64.572709801409346 0.70535153456127198 46.288644015916752 -0.40313818975078969 2.6059584281455144 0.022665522665522648 2.2899737028971985 0.080402559150195244 0.18600279762522015 56.176307393535843 0.018517848771013323
decision_type=2 2 2 2 2 2 2 2 2 2 2 2 2 2 2 2 2 2 2 2 2 2 2 2 2 2 2 2 2 2
left_child=1 2 8 4 5 6 -4 -7 10 11 13 -10 -13 14 -1 -15 18 23 24 20 -20 -22 -23 -18 29 26 28 -28 -26 -2
right_child=16 -3 3 -5 -6 7 -8 -9 9 -11 -12 12 -14 15 -16 -17 17 -19 19 -21 21 22 -24 -25 25 -27 27 -29 -30 -31
leaf_value=0.00081483395597946459 -0.00087996677057088448 0.048940655187222626 0.017241375635908395 0.029770668231478937 -0.03025788359473789 -0.036572338041796257 0.00031877838580878588 0.012742140930684584 -0.034711289086474188 0.035269101642700022 -0.038700271475073537 -0.035523114284876575 -0.0029570365556256814 -0.006276039906021858 -0.028853811153268655 0.020777636266100928 0.017029656361879784 0.034647760884708195 -0.058906513555219586 0.017728692677781401 0.024412771394110862 0.0082464069047023785 -0.021033535360388322 -0.026582917171266863 -0.014150837385943277 8.1457398332249309e-05 -0.06236648970761393 -0.015942612161586673 0.0055406691026800587 0.0070997490893798011
leaf_weight=741.59186045825481 390.80644185841084 9.1346893385052663 48.451059587299817 10.618746265769003 6.0653433203697196 6.5841286927461606 60.507591411471374 5.122174471616745 7.8226594552397719 5.4822529703378668 5.0542957633733741 6.9311973750591269 297.45367352664471 18.953319698572159 16.009202837944031 36.400053255259991 5.1919582486152667 8.7028981745243055 3.9104614108800879 5.553140001371502 3.8190685436129561 7.111065529286857 28.828712806105617 4.8036366552114487 46.328356146812439 340.64488707855344 6.9732379168272045 22.102381207048893 45.919857531785965 168.12063054740429
leaf_count=3256 1715 41 212 53 26 29 260 22 37 24 23 30 1271 82 70 161 23 39 18 28 19 33 127 22 195 1537 29 94 196 702
internal_value=1.60534e-06 0.000498294 0.000150698 0.00590994 0.00391065 0.00562816 0.00784381 -0.0149944 -0.000545813 -0.0037898 0.000714052 -0.00447566 -0.0036986 0.000959098 0.000187893 0.0115143 -0.000583291 0.0140257 -0.000838557 -0.0119132 -0.0156826 -0.0114313 -0.0152402 -0.00392947 -0.000304594 -0.00251246 -0.00979547 -0.0270765 -0.00434868 0.00152027
internal_weight=2371 1282.18 1273.05 137.349 126.73 120.665 108.959 11.7063 1135.7 317.69 818.009 312.208 304.385 812.954 757.601 55.3534 1088.82 18.6985 1070.12 49.2224 43.6693 39.7588 35.9398 9.99559 1020.9 461.969 121.324 29.0756 92.2482 558.927
internal_count=10374 5597 5556 602 549 523 472 51 4954 1362 3592 1338 1301 3569 3326 243 4777 84 4693 225 197 179 160 45 4468 2051 514 123 391 2417
is_linear=0
shrinkage=0.05


Tree=299
num_leaves=31
num_cat=0
split_feature=8 8 7 0 7 3 2 11 11 2 2 0 2 7 3 0 3 9 7 12 3 2 2 7 9 7 2 7 9 2
split_gain=0.284133 1.53815 1.82532 1.65767 2.36518 3.32001 1.41478 1.64643 2.8364 2.11005 2.51557 2.93107 2.44341 3.2098 2.92665 2.10043 1.36556 1.11621 0.849088 0.826259 1.38747 0.520031 5.14784 3.43294 3.01864 5.5684 2.00389 4.47687 3.37803 1.06697
threshold=-5.3612248602104344 -4.809614867320593 0.029047335937942374 -0.0036184146920476604 0.019179839298795454 0.10805010814923575 40.525755089113481 6.5000000000000009 8.5000000000000018 27.07107843137258 28.693229986677952 -0.0059120667619198585 23.241339931480763 0.018117094205347649 0.28747679590709213 -0.00062110486426223159 0.057847268079224537 0.91137850467495574 0.032382044560943644 -0.19148462437768471 -0.12561875166625425 25.243085056169139 23.760245901639362 0.018437288492998801 1.2848223178475862 0.010413120056422564 30.075615441469107 0.026940147220910097 1.3301045699919292 32.947860962566878
decision_type=2 2 2 2 2 2 2 2 2 2 2 2 2 2 2 2 2 2 2 2 2 2 2 2 2 2 2 2 2 2
left_child=6 2 3 17 -5 -6 7 15 -9 12 18 -12 13 -10 -14 -1 -4 -2 -11 20 -3 22 24 -24 25 -21 27 28 -23 -28
right_child=1 19 16 4 5 -7 -8 8 9 10 11 -13 14 -15 -16 -17 -18 -19 -20 21 -22 26 23 -25 -26 -27 29 -29 -30 -31
leaf_value=0.0073874082574466125 -0.017844310439021651 0.0085513584177138186 -0.0096014387374342078 0.022944538654020592 0.0068609962969539036 -0.045474115743523169 0.028006310470700419 0.032370597099804908 0.039450338834409931 -0.043870581064413924 0.01995370133149775 -0.0094797562759847825 0.02824727334916026 -0.0036930262510933894 -0.013019414073108651 -0.033825367748472043 0.029081498342987285 -0.051400866208245001 -0.014609592725445736 0.056977454558982669 -0.035819272935072484 0.0074558676597250989 -0.052966181853606402 0.00067271782802283474 -0.024925086189071147 0.0014248710505746116 -0.0059793697284888595 -0.032980100977980008 0.039546376279686185 0.00014297450827586612
leaf_weight=5.4244801923632622 5.4446837306022626 3.0737019758671522 4.775750204920767 4.6452697217464509 6.1288682818412763 5.9940415024757385 5.0846620351076117 7.6450176686048499 4.7350590750575057 5.0101800411939603 11.642411708831782 30.927150130271915 19.473776377737526 48.151883973740041 5.5127353593707076 7.1887461096048337 4.3682144731283188 4.5484165996313095 4.9077506028115749 5.1477874964475623 4.1281701996922484 58.480296105146408 7.9367251545190793 4.7791632860898972 8.1815068423747999 36.459715843200684 73.842888861894608 6.0344948321580878 9.538221672177313 1961.0071513541043
leaf_count=25 23 24 24 21 27 26 25 36 25 21 60 133 94 249 26 35 21 22 25 24 26 246 33 20 36 155 311 25 42 8514
internal_value=1.52724e-06 -0.000143633 -0.0104082 -0.016998 -0.00739138 -0.0190155 0.00206608 0.00119038 0.00277077 0.00103489 -0.00671345 -0.00142996 0.00625736 0.000169674 0.0191427 -0.0161013 0.008878 -0.0331178 -0.0293912 2.55356e-05 -0.0168822 8.16133e-05 -0.00441293 -0.0328064 0.00283865 0.00829798 0.000214825 0.00829413 0.0119559 -7.91999e-05
internal_weight=2370.22 2214.52 35.9052 26.7613 16.7682 12.1229 155.704 150.619 138.006 130.361 52.4875 42.5696 77.8735 52.8869 24.9865 12.6132 9.14396 9.9931 9.91793 2178.61 7.20187 2171.41 62.5049 12.7159 49.789 41.6075 2108.9 74.053 68.0185 2034.85
internal_count=10374 9620 164 119 74 53 754 729 669 633 239 193 394 274 120 60 45 45 46 9456 50 9406 268 53 215 179 9138 313 288 8825
is_linear=0
shrinkage=0.05


end of trees

feature_importances:
max_drawdown=1237
volume_ratio=1215
ma20_slope=1131
macd_hist_slope=1127
bias20=1078
rsi=1058
atr_pct=1048
days_below_ma20=539
is_bullish_alignment=49

parameters:
[boosting: gbdt]
[objective: binary]
[metric: binary_logloss]
[tree_learner: serial]
[device_type: cpu]
[data_sample_strategy: bagging]
[data: ]
[valid: ]
[num_iterations: 300]
[learning_rate: 0.05]
[num_leaves: 31]
[num_threads: 4]
[seed: 42]
[deterministic: 0]
[force_col_wise: 0]
[force_row_wise: 0]
[histogram_pool_size: -1]
[max_depth: 7]
[min_data_in_leaf: 20]
[min_sum_hessian_in_leaf: 0.001]
[bagging_fraction: 1]
[pos_bagging_fraction: 1]
[neg_bagging_fraction: 1]
[bagging_freq: 0]
[bagging_seed: 400]
[bagging_by_query: 0]
[feature_fraction: 1]
[feature_fraction_bynode: 1]
[feature_fraction_seed: 30056]
[extra_trees: 0]
[extra_seed: 12879]
[early_stopping_round: 0]
[early_stopping_min_delta: 0]
[first_metric_only: 0]
[max_delta_step: 0]
[lambda_l1: 0]
[lambda_l2: 0]
[linear_lambda: 0]
[min_gain_to_split: 0]
[drop_rate: 0.1]
[max_drop: 50]
[skip_drop: 0.5]
[xgboost_dart_mode: 0]
[uniform_drop: 0]
[drop_seed: 17869]
[top_rate: 0.2]
[other_rate: 0.1]
[min_data_per_group: 100]
[max_cat_threshold: 32]
[cat_l2: 10]
[cat_smooth: 10]
[max_cat_to_onehot: 4]
[top_k: 20]
[monotone_constraints: ]
[monotone_constraints_method: basic]
[monotone_penalty: 0]
[feature_contri: ]
[forcedsplits_filename: ]
[refit_decay_rate: 0.9]
[cegb_tradeoff: 1]
[cegb_penalty_split: 0]
[cegb_penalty_feature_lazy: ]
[cegb_penalty_feature_coupled: ]
[path_smooth: 0]
[interaction_constraints: ]
[verbosity: -1]
[saved_feature_importance_type: 0]
[use_quantized_grad: 0]
[num_grad_quant_bins: 4]
[quant_train_renew_leaf: 0]
[stochastic_rounding: 1]
[linear_tree: 0]
[max_bin: 255]
[max_bin_by_feature: ]
[min_data_in_bin: 3]
[bin_construct_sample_cnt: 200000]
[data_random_seed: 175]
[is_enable_sparse: 1]
[enable_bundle: 1]
[use_missing: 1]
[zero_as_missing: 0]
[feature_pre_filter: 1]
[pre_partition: 0]
[two_round: 0]
[header: 0]
[label_column: ]
[weight_column: ]
[group_column: ]
[ignore_column: ]
[categorical_feature: ]
[forcedbins_filename: ]
[precise_float_parser: 0]
[parser_config_file: ]
[objective_seed: 16083]
[num_class: 1]
[is_unbalance: 0]
[scale_pos_weight: 1]
[sigmoid: 1]
[boost_from_average: 1]
[reg_sqrt: 0]
[alpha: 0.9]
[fair_c: 1]
[poisson_max_delta_step: 0.7]
[tweedie_variance_power: 1.5]
[lambdarank_truncation_level: 30]
[lambdarank_norm: 1]
[label_gain: ]
[lambdarank_position_bias_regularization: 0]
[eval_at: ]
[multi_error_top_k: 1]
[auc_mu_weights: ]
[num_machines: 1]
[local_listen_port: 12400]
[time_out: 120]
[machine_list_filename: ]
[machines: ]
[gpu_platform_id: -1]
[gpu_device_id: -1]
[gpu_use_dp: 0]
[num_gpu: 1]

end of parameters

pandas_categorical:[]
