date,open,close,high,low,volume
2013-09-16,0.969,0.967,0.977,0.95,508465.92
2013-09-17,0.96,0.95,0.97,0.95,156473.3
2013-09-18,0.94,0.949,0.953,0.939,172485.32
2013-09-23,0.952,0.964,0.964,0.95,173902.02
2013-09-24,0.958,0.952,0.96,0.946,191595.41
2013-09-25,0.952,0.939,0.954,0.902,176422.6
2013-09-26,0.939,0.938,0.94,0.926,214432.44
2013-09-27,0.933,0.937,0.945,0.93,52183.19
2013-09-30,0.938,0.936,0.941,0.933,34094.72
2013-10-08,0.933,0.95,0.95,0.926,81348.6
2013-10-09,0.955,0.956,0.956,0.942,61313.82
2013-10-10,0.95,0.949,0.958,0.943,114953.44
2013-10-11,0.941,0.97,0.97,0.941,156958.47
2013-10-14,0.97,0.976,0.984,0.97,135921.25
2013-10-15,0.971,0.967,0.977,0.967,39210.8
2013-10-16,0.961,0.955,0.968,0.951,110956.44
2013-10-17,0.956,0.965,0.982,0.956,214586.96
2013-10-18,0.962,0.96,0.969,0.954,194570.11
2013-10-21,0.963,0.978,0.98,0.957,147306.84
2013-10-22,0.978,0.98,0.988,0.972,79315.41
2013-10-23,0.981,0.972,0.989,0.964,68805.0
2013-10-24,0.967,0.949,0.97,0.949,18584.65
2013-10-25,0.959,0.938,0.959,0.934,54617.24
2013-10-28,0.945,0.945,0.954,0.94,23901.27
2013-10-29,0.945,0.936,0.956,0.924,17638.13
2013-10-30,0.936,0.952,0.955,0.936,12125.28
2013-10-31,0.945,0.95,0.953,0.944,12553.29
2013-11-01,0.949,0.944,0.95,0.941,11967.4
2013-11-04,0.948,0.952,0.954,0.948,6102.21
2013-11-05,0.945,0.955,0.956,0.94,15617.18
2013-11-06,0.955,0.971,0.985,0.952,150311.62
2013-11-07,0.97,0.966,0.975,0.963,22199.4
2013-11-08,0.968,0.951,0.971,0.948,26156.03
2013-11-11,0.951,0.948,0.953,0.94,14341.01
2013-11-12,0.95,0.954,0.958,0.943,15225.92
2013-11-13,0.938,0.931,0.945,0.93,3583.5
2013-11-14,0.936,0.938,0.939,0.93,15951.04
2013-11-15,0.931,0.95,0.958,0.919,22347.61
2013-11-18,0.951,0.968,0.969,0.951,18817.53
2013-11-19,0.969,0.971,0.981,0.969,28751.21
2013-11-20,0.973,0.972,0.973,0.966,11334.49
2013-11-21,0.971,0.982,0.985,0.97,19671.48
2013-11-22,0.985,0.982,0.992,0.979,36500.11
2013-11-25,0.97,0.967,0.98,0.967,7094.66
2013-11-26,0.967,0.957,0.967,0.954,14770.03
2013-11-27,0.958,0.967,0.97,0.952,31465.26
2013-11-28,0.975,0.983,0.992,0.975,21754.64
2013-11-29,0.981,0.973,0.982,0.973,13343.55
2013-12-02,0.962,0.959,0.973,0.95,9385.12
2013-12-03,0.961,0.972,0.974,0.958,22142.52
2013-12-04,0.972,0.978,0.982,0.972,7143.31
2013-12-05,0.978,0.976,0.988,0.975,16293.78
2013-12-06,0.978,0.97,0.979,0.968,4745.03
2013-12-09,0.97,0.965,0.97,0.96,1665.05
2013-12-10,0.965,0.959,0.966,0.958,4342.01
2013-12-11,0.953,0.948,0.955,0.945,3801.61
2013-12-12,0.947,0.945,0.951,0.942,8117.43
2013-12-13,0.942,0.939,0.944,0.937,6610.06
2013-12-16,0.939,0.924,0.939,0.924,8504.0
2013-12-17,0.925,0.921,0.925,0.92,5766.01
2013-12-18,0.921,0.918,0.924,0.917,9966.0
2013-12-19,0.923,0.916,0.928,0.916,9590.05
2013-12-20,0.911,0.895,0.918,0.895,17487.1
2013-12-23,0.889,0.895,0.896,0.885,2365.0
2013-12-24,0.898,0.891,0.901,0.888,5855.1
2013-12-25,0.891,0.897,0.898,0.89,44565.3
2013-12-26,0.895,0.877,0.895,0.873,24499.44
2013-12-27,0.88,0.888,0.888,0.88,22829.02
2013-12-30,0.885,0.882,0.888,0.88,13585.31
2013-12-31,0.88,0.89,0.896,0.879,17509.02
2014-01-02,0.88,0.875,0.88,0.874,17953.96
2014-01-03,0.874,0.87,0.874,0.831,25976.2
2014-01-06,0.868,0.849,0.868,0.847,16426.07
2014-01-07,0.843,0.848,0.853,0.843,11451.5
2014-01-08,0.849,0.84,0.858,0.84,13029.83
2014-01-09,0.848,0.841,0.852,0.841,14405.13
2014-01-10,0.84,0.836,0.848,0.836,16127.01
2014-01-13,0.836,0.827,0.839,0.824,13433.07
2014-01-14,0.825,0.833,0.84,0.822,14353.02
2014-01-15,0.832,0.831,0.833,0.828,3570.0
2014-01-16,0.831,0.833,0.838,0.828,20600.3
2014-01-17,0.828,0.82,0.828,0.819,14463.02
2014-01-20,0.813,0.805,0.818,0.805,14243.84
2014-01-21,0.807,0.814,0.819,0.807,10877.84
2014-01-22,0.814,0.832,0.833,0.814,12672.69
2014-01-23,0.832,0.828,0.833,0.826,2496.0
2014-01-24,0.828,0.832,0.838,0.828,2995.09
2014-01-27,0.826,0.825,0.832,0.822,7640.01
2014-01-28,0.826,0.821,0.826,0.821,314.99
2014-01-29,0.821,0.817,0.821,0.817,2359.01
2014-01-30,0.811,0.803,0.811,0.802,4115.0
2014-02-07,0.8,0.812,0.812,0.8,4543.0
2014-02-10,0.811,0.826,0.827,0.811,3980.61
2014-02-11,0.826,0.842,0.846,0.824,5873.64
2014-02-12,0.844,0.844,0.845,0.839,12940.07
2014-02-13,0.841,0.832,0.842,0.832,6729.13
2014-02-14,0.836,0.837,0.841,0.833,17199.0
2014-02-17,0.841,0.846,0.848,0.837,7712.35
2014-02-18,0.846,0.832,0.846,0.83,4955.2
2014-02-19,0.83,0.849,0.852,0.825,5724.51
2014-02-20,0.856,0.867,0.883,0.856,15073.33
2014-02-21,0.852,0.846,0.853,0.842,5472.03
2014-02-24,0.846,0.824,0.846,0.818,2655.0
2014-02-25,0.823,0.802,0.825,0.799,4964.11
2014-02-26,0.798,0.809,0.81,0.798,8790.09
2014-02-27,0.804,0.813,0.825,0.804,17113.28
2014-02-28,0.806,0.814,0.815,0.802,4818.01
2014-03-03,0.807,0.815,0.819,0.807,8368.01
2014-03-04,0.815,0.809,0.815,0.803,7481.27
2014-03-05,0.811,0.808,0.817,0.808,12747.0
2014-03-06,0.807,0.808,0.809,0.795,13291.67
2014-03-07,0.808,0.807,0.818,0.803,4122.88
2014-03-10,0.8,0.777,0.8,0.776,9724.88
2014-03-11,0.774,0.777,0.783,0.768,3869.99
2014-03-12,0.776,0.773,0.783,0.768,7910.15
2014-03-13,0.778,0.783,0.789,0.778,2430.37
2014-03-14,0.777,0.773,0.779,0.77,3700.91
2014-03-17,0.774,0.783,0.784,0.774,5458.73
2014-03-18,0.783,0.779,0.784,0.778,1318.04
2014-03-19,0.773,0.777,0.777,0.767,5826.0
2014-03-20,0.779,0.767,0.779,0.767,3004.29
2014-03-21,0.763,0.793,0.798,0.763,6867.06
2014-03-24,0.794,0.798,0.802,0.79,5454.69
2014-03-25,0.799,0.8,0.804,0.797,1861.52
2014-03-26,0.801,0.795,0.801,0.792,4343.18
2014-03-27,0.79,0.785,0.794,0.785,22196.0
2014-03-28,0.783,0.779,0.786,0.778,4266.01
2014-03-31,0.781,0.778,0.785,0.778,712.0
2014-04-01,0.78,0.783,0.783,0.78,1037.01
2014-04-02,0.786,0.79,0.791,0.786,1835.04
2014-04-03,0.79,0.781,0.79,0.781,1671.02
2014-04-04,0.779,0.784,0.787,0.779,357.0
2014-04-08,0.784,0.803,0.806,0.784,8696.04
2014-04-09,0.804,0.808,0.808,0.804,1267.0
2014-04-10,0.808,0.821,0.823,0.805,6149.85
2014-04-11,0.815,0.81,0.815,0.807,3129.09
2014-04-14,0.806,0.811,0.814,0.803,1751.5
2014-04-15,0.806,0.8,0.806,0.799,4068.54
2014-04-16,0.8,0.798,0.801,0.797,1655.04
2014-04-17,0.797,0.796,0.797,0.793,873.02
2014-04-18,0.79,0.794,0.797,0.787,1548.36
2014-04-21,0.793,0.784,0.794,0.784,2457.34
2014-04-22,0.786,0.785,0.788,0.779,4645.71
2014-04-23,0.786,0.788,0.79,0.786,2634.59
2014-04-24,0.788,0.79,0.79,0.787,13182.2
2014-04-25,0.79,0.777,0.791,0.777,18155.77
2014-04-28,0.77,0.757,0.77,0.757,2204.01
2014-04-29,0.76,0.761,0.762,0.754,1232.03
2014-04-30,0.762,0.763,0.764,0.762,1143.03
2014-05-05,0.76,0.762,0.762,0.753,4719.73
2014-05-06,0.761,0.76,0.766,0.76,2017.15
2014-05-07,0.759,0.755,0.761,0.755,2915.06
2014-05-08,0.755,0.762,0.77,0.754,1760.28
2014-05-09,0.764,0.764,0.768,0.759,9262.0
2014-05-12,0.766,0.803,0.804,0.764,15111.31
2014-05-13,0.806,0.799,0.825,0.792,15176.02
2014-05-14,0.791,0.794,0.799,0.789,8638.0
2014-05-15,0.789,0.779,0.791,0.778,2008.0
2014-05-16,0.78,0.78,0.783,0.778,790.0
2014-05-19,0.774,0.772,0.774,0.766,2058.0
2014-05-20,0.775,0.77,0.778,0.77,194.0
2014-05-21,0.768,0.782,0.783,0.768,2125.81
2014-05-22,0.785,0.778,0.788,0.778,3417.99
2014-05-23,0.779,0.778,0.779,0.776,3230.73
2014-05-26,0.779,0.776,0.78,0.776,12970.6
2014-05-27,0.777,0.775,0.778,0.774,973.02
2014-05-28,0.775,0.779,0.78,0.774,1560.88
2014-05-29,0.779,0.775,0.781,0.775,1758.95
2014-05-30,0.775,0.776,0.778,0.774,1498.63
2014-06-03,0.779,0.778,0.785,0.778,3648.39
2014-06-04,0.778,0.774,0.778,0.769,4514.0
2014-06-05,0.772,0.778,0.779,0.77,4695.01
2014-06-06,0.776,0.773,0.777,0.772,2968.8
2014-06-09,0.772,0.769,0.775,0.769,22986.02
2014-06-10,0.769,0.778,0.779,0.768,5820.9
2014-06-11,0.778,0.777,0.78,0.775,4774.66
2014-06-12,0.775,0.774,0.778,0.774,4488.1
2014-06-13,0.777,0.781,0.784,0.777,30478.0
2014-06-16,0.785,0.788,0.79,0.785,6383.01
2014-06-17,0.779,0.783,0.786,0.779,6285.01
2014-06-18,0.783,0.781,0.784,0.779,18585.89
2014-06-19,0.776,0.764,0.778,0.764,4560.0
2014-06-20,0.769,0.773,0.773,0.767,3573.58
2014-06-23,0.776,0.775,0.78,0.774,3065.41
2014-06-24,0.776,0.779,0.782,0.775,572.0
2014-06-25,0.778,0.78,0.789,0.776,1996.02
2014-06-26,0.782,0.784,0.787,0.782,3164.55
2014-06-27,0.785,0.785,0.787,0.782,2571.15
2014-06-30,0.787,0.787,0.789,0.784,1396.22
2014-07-01,0.787,0.784,0.787,0.782,3135.65
2014-07-02,0.785,0.789,0.79,0.781,7327.59
2014-07-03,0.788,0.788,0.791,0.787,3152.0
2014-07-04,0.79,0.79,0.793,0.787,17945.0
2014-07-07,0.79,0.787,0.79,0.784,3778.64
2014-07-08,0.789,0.788,0.789,0.784,2493.16
2014-07-09,0.784,0.778,0.784,0.776,970.0
2014-07-10,0.776,0.775,0.778,0.774,1795.0
2014-07-11,0.775,0.777,0.78,0.775,3822.97
2014-07-14,0.778,0.78,0.78,0.776,10509.0
2014-07-15,0.778,0.779,0.784,0.777,1573.02
2014-07-16,0.782,0.783,0.784,0.781,2872.08
2014-07-17,0.783,0.779,0.783,0.779,1369.03
2014-07-18,0.779,0.78,0.785,0.779,5370.14
2014-07-21,0.78,0.773,0.78,0.772,1786.0
2014-07-22,0.773,0.784,0.784,0.773,3495.35
2014-07-23,0.784,0.784,0.794,0.784,3511.08
2014-07-24,0.792,0.799,0.803,0.786,24276.07
2014-07-25,0.803,0.814,0.816,0.801,19985.86
2014-07-28,0.82,0.84,0.844,0.82,16153.73
2014-07-29,0.838,0.839,0.845,0.835,5824.03
2014-07-30,0.839,0.85,0.865,0.839,28560.34
2014-07-31,0.845,0.86,0.86,0.844,3901.32
2014-08-01,0.852,0.861,0.875,0.852,13750.62
2014-08-04,0.864,0.875,0.875,0.858,11932.63
2014-08-05,0.875,0.876,0.89,0.872,12837.09
2014-08-06,0.872,0.875,0.878,0.859,10925.0
2014-08-07,0.875,0.858,0.875,0.858,3475.69
2014-08-08,0.856,0.857,0.861,0.851,4959.63
2014-08-11,0.86,0.871,0.871,0.86,3186.91
2014-08-12,0.869,0.872,0.872,0.861,2273.0
2014-08-13,0.872,0.88,0.881,0.866,3628.41
2014-08-14,0.871,0.865,0.878,0.865,1181.25
2014-08-15,0.865,0.871,0.875,0.865,1340.0
2014-08-18,0.88,0.879,0.88,0.872,3287.53
2014-08-19,0.879,0.887,0.887,0.877,9178.83
2014-08-20,0.889,0.881,0.889,0.877,9339.13
2014-08-21,0.855,0.873,0.879,0.855,2754.0
2014-08-22,0.875,0.874,0.878,0.872,2822.73
2014-08-25,0.874,0.874,0.876,0.869,4138.39
2014-08-26,0.85,0.861,0.874,0.85,3476.58
2014-08-27,0.862,0.866,0.866,0.86,15574.41
2014-08-28,0.869,0.876,0.885,0.869,11329.11
2014-08-29,0.87,0.877,0.878,0.87,15712.07
2014-09-01,0.88,0.883,0.883,0.878,9517.01
2014-09-02,0.88,0.892,0.892,0.88,9239.14
2014-09-03,0.893,0.905,0.906,0.893,5795.63
2014-09-04,0.905,0.907,0.907,0.9,4742.31
2014-09-05,0.909,0.913,0.913,0.905,18044.66
2014-09-09,0.913,0.915,0.919,0.908,10141.0
2014-09-10,0.916,0.904,0.916,0.866,5380.39
2014-09-11,0.9,0.898,0.913,0.897,5321.4
2014-09-12,0.897,0.907,0.907,0.897,16683.0
2014-09-15,0.91,0.913,0.918,0.91,7099.02
2014-09-16,0.89,0.89,0.916,0.89,7879.12
2014-09-17,0.893,0.889,0.893,0.884,5308.01
2014-09-18,0.893,0.895,0.902,0.893,6260.07
2014-09-19,0.89,0.901,0.903,0.89,13499.1
2014-09-22,0.901,0.891,0.901,0.89,11829.77
2014-09-23,0.891,0.893,0.893,0.887,4461.25
2014-09-24,0.893,0.91,0.912,0.893,15748.71
2014-09-25,0.914,0.908,0.915,0.907,7056.05
2014-09-26,0.904,0.906,0.908,0.901,6838.02
2014-09-29,0.909,0.915,0.915,0.906,12292.79
2014-09-30,0.92,0.919,0.926,0.919,11728.7
2014-10-08,0.911,0.918,0.918,0.911,1756.08
2014-10-09,0.918,0.925,0.926,0.915,20892.1
2014-10-10,0.924,0.922,0.934,0.92,10802.0
2014-10-13,0.918,0.925,0.925,0.912,17999.5
2014-10-14,0.925,0.92,0.925,0.916,3257.0
2014-10-15,0.917,0.913,0.919,0.906,15815.31
2014-10-16,0.91,0.906,0.914,0.905,4852.0
2014-10-17,0.9,0.889,0.9,0.882,14871.01
2014-10-20,0.887,0.89,0.892,0.886,6604.7
2014-10-21,0.89,0.885,0.894,0.885,7425.02
2014-10-22,0.885,0.878,0.887,0.878,5467.0
2014-10-23,0.878,0.861,0.878,0.861,11088.03
2014-10-24,0.85,0.859,0.929,0.85,2926.0
2014-10-27,0.852,0.854,0.854,0.85,1113.6
2014-10-28,0.859,0.868,0.869,0.859,12203.0
2014-10-29,0.871,0.879,0.882,0.868,7217.63
2014-10-30,0.899,0.88,0.899,0.874,2502.86
2014-10-31,0.882,0.9,0.901,0.879,24543.5
2014-11-03,0.899,0.897,0.904,0.897,6995.0
2014-11-04,0.901,0.907,0.908,0.901,18753.07
2014-11-05,0.9,0.9,0.902,0.898,611.0
2014-11-06,0.897,0.894,0.897,0.889,3902.03
2014-11-07,0.893,0.883,0.899,0.883,7817.67
2014-11-10,0.885,0.903,0.903,0.885,4038.0
2014-11-11,0.843,0.876,0.918,0.843,296569.21
2014-11-12,0.88,0.898,0.9,0.88,41122.19
2014-11-13,0.9,0.9,0.905,0.891,90264.59
2014-11-14,0.892,0.89,0.907,0.89,136944.29
2014-11-17,0.895,0.891,0.899,0.891,25186.21
2014-11-18,0.891,0.878,0.891,0.876,1262.0
2014-11-19,0.875,0.877,0.879,0.873,5344.77
2014-11-20,0.879,0.88,0.882,0.876,4259.06
2014-11-21,0.877,0.884,0.884,0.873,44086.32
2014-11-24,0.893,0.901,0.906,0.888,11234.9
2014-11-25,0.901,0.916,0.916,0.901,17258.75
2014-11-26,0.92,0.915,0.92,0.908,9573.02
2014-11-27,0.917,0.93,0.939,0.917,17468.14
2014-11-28,0.925,0.929,0.931,0.912,13491.05
2014-12-01,0.93,0.951,0.968,0.93,35547.88
2014-12-02,0.951,0.968,0.973,0.944,18968.75
2014-12-03,0.968,0.99,1.005,0.968,52729.67
2014-12-04,0.989,1.085,1.089,0.989,122892.56
2014-12-05,1.085,1.06,1.118,1.002,123770.21
2014-12-08,1.029,1.041,1.056,1.013,60173.47
2014-12-09,1.03,0.988,1.068,0.986,56104.11
2014-12-10,0.986,0.998,1.009,0.968,22413.29
2014-12-11,0.998,1.002,1.004,0.986,21508.91
2014-12-12,1.0,1.008,1.01,0.989,25755.96
2014-12-15,1.008,1.007,1.009,0.99,13988.65
2014-12-16,1.011,1.032,1.032,1.002,22389.31
2014-12-17,1.015,1.014,1.032,1.008,22172.68
2014-12-18,1.014,1.026,1.034,1.014,24077.01
2014-12-19,1.026,1.062,1.064,1.018,39691.23
2014-12-22,1.077,1.095,1.124,1.071,77418.74
2014-12-23,1.095,1.035,1.095,1.035,17181.97
2014-12-24,1.038,1.021,1.043,1.02,25851.15
2014-12-25,1.011,1.048,1.048,1.011,11544.55
2014-12-26,1.05,1.07,1.073,1.044,9955.4
2014-12-29,1.102,1.07,1.102,1.06,21554.68
2014-12-30,1.08,1.051,1.08,1.045,6296.01
2014-12-31,1.028,1.077,1.078,1.028,27093.83
2015-01-05,1.076,1.185,1.185,1.071,118281.99
2015-01-06,1.217,1.166,1.217,1.146,114423.64
2015-01-07,1.15,1.167,1.171,1.12,38411.4
2015-01-08,1.15,1.14,1.19,1.133,51834.86
2015-01-09,1.134,1.13,1.16,1.121,13526.04
2015-01-12,1.125,1.088,1.125,1.084,20894.08
2015-01-13,1.088,1.096,1.11,1.081,11690.66
2015-01-14,1.098,1.081,1.11,1.079,11017.0
2015-01-15,1.112,1.123,1.123,1.083,10489.55
2015-01-16,1.121,1.13,1.143,1.116,13863.8
2015-01-19,1.113,1.041,1.113,1.035,22792.55
2015-01-20,1.041,1.058,1.062,1.038,15491.0
2015-01-21,1.056,1.1,1.102,1.054,14503.17
2015-01-22,1.1,1.112,1.123,1.08,11813.93
2015-01-23,1.114,1.103,1.13,1.1,8896.96
2015-01-26,1.103,1.116,1.116,1.092,9845.48
2015-01-27,1.107,1.102,1.118,1.084,10756.98
2015-01-28,1.088,1.08,1.094,1.079,11899.02
2015-01-29,1.08,1.067,1.08,1.067,15967.9
2015-01-30,1.067,1.059,1.078,1.056,7597.0
2015-02-02,1.056,1.039,1.057,1.03,25404.03
2015-02-03,1.05,1.063,1.063,1.042,13950.09
2015-02-04,1.086,1.052,1.086,1.052,8713.28
2015-02-05,1.082,1.03,1.082,1.03,5189.04
2015-02-06,1.03,1.002,1.03,0.998,6093.03
2015-02-09,1.001,1.006,1.016,0.994,5286.0
2015-02-10,1.005,1.012,1.015,1.005,5703.0
2015-02-11,1.017,1.014,1.022,1.012,2867.79
2015-02-12,1.0,1.013,1.018,1.0,3697.09
2015-02-13,1.021,1.029,1.039,1.018,13041.01
2015-02-16,1.032,1.035,1.036,1.029,8147.03
2015-02-17,1.039,1.037,1.04,1.035,6755.0
2015-02-25,1.055,1.032,1.055,1.029,29578.95
2015-02-26,1.063,1.058,1.063,1.032,11446.01
2015-02-27,1.043,1.06,1.069,1.042,7942.01
2015-03-02,1.064,1.072,1.075,1.061,21058.96
2015-03-03,1.064,1.053,1.067,1.051,21250.0
2015-03-04,1.05,1.062,1.067,1.05,9995.21
2015-03-05,1.065,1.047,1.065,1.043,3217.42
2015-03-06,1.05,1.054,1.06,1.05,7569.04
2015-03-09,1.051,1.063,1.063,1.038,11007.45
2015-03-10,1.06,1.06,1.066,1.06,11003.01
2015-03-11,1.057,1.054,1.066,1.052,6897.16
2015-03-12,1.039,1.065,1.07,1.039,16020.08
2015-03-13,1.065,1.082,1.091,1.055,12136.74
2015-03-16,1.078,1.103,1.103,1.078,12282.3
2015-03-17,1.104,1.113,1.114,1.096,14272.07
2015-03-18,1.114,1.135,1.135,1.114,13454.84
2015-03-19,1.135,1.14,1.145,1.124,18939.64
2015-03-20,1.13,1.135,1.14,1.121,12824.72
2015-03-23,1.149,1.155,1.158,1.137,20342.71
2015-03-24,1.149,1.148,1.157,1.122,16315.09
2015-03-25,1.035,1.134,1.15,1.035,17005.96
2015-03-26,1.136,1.166,1.17,1.136,24079.46
2015-03-27,1.18,1.164,1.181,1.164,30192.11
2015-03-30,1.171,1.202,1.203,1.164,21067.86
2015-03-31,1.204,1.18,1.237,1.177,12103.42
2015-04-01,1.18,1.194,1.194,1.13,10419.69
2015-04-02,1.195,1.208,1.211,1.19,9932.8
2015-04-03,1.205,1.208,1.208,1.19,8810.1
2015-04-07,1.2,1.238,1.238,1.2,13667.78
2015-04-08,1.238,1.243,1.255,1.209,15667.77
2015-04-09,1.255,1.22,1.255,1.191,8275.01
2015-04-10,1.218,1.234,1.238,1.206,16015.8
2015-04-13,1.236,1.265,1.268,1.236,15623.77
2015-04-14,1.262,1.255,1.272,1.239,11149.09
2015-04-15,1.245,1.237,1.259,1.227,16013.66
2015-04-16,1.23,1.275,1.278,1.133,19925.18
2015-04-17,1.275,1.333,1.338,1.275,8661.16
2015-04-20,1.345,1.328,1.38,1.318,15673.32
2015-04-21,1.325,1.353,1.354,1.288,4908.6
2015-04-22,1.354,1.397,1.397,1.354,13776.16
2015-04-23,1.395,1.419,1.431,1.38,16267.51
2015-04-24,1.385,1.403,1.441,1.376,8136.06
2015-04-27,1.436,1.543,1.543,1.414,54646.01
2015-04-28,1.54,1.47,1.54,1.45,39231.1
2015-04-29,1.468,1.442,1.468,1.375,15342.06
2015-04-30,1.442,1.42,1.457,1.42,9898.01
2015-05-04,1.45,1.416,1.45,1.386,6662.51
2015-05-05,1.416,1.387,1.454,1.37,7399.0
2015-05-06,1.389,1.333,1.4,1.321,6012.01
2015-05-07,1.301,1.271,1.328,1.271,6532.65
2015-05-08,1.299,1.305,1.305,1.268,9300.16
2015-05-11,1.319,1.349,1.358,1.303,26444.74
2015-05-12,1.349,1.347,1.353,1.323,18130.4
2015-05-13,1.34,1.321,1.34,1.32,8534.4
2015-05-14,1.321,1.327,1.339,1.305,11874.41
2015-05-15,1.331,1.296,1.331,1.291,7048.0
2015-05-18,1.276,1.277,1.289,1.276,10486.0
2015-05-19,1.277,1.314,1.318,1.277,8930.49
2015-05-20,1.314,1.325,1.336,1.314,17013.69
2015-05-21,1.326,1.335,1.336,1.305,10422.04
2015-05-22,1.354,1.4,1.4,1.34,23236.26
2015-05-25,1.406,1.5,1.5,1.372,32920.14
2015-05-26,1.468,1.476,1.499,1.441,29923.92
2015-05-27,1.478,1.5,1.5,1.433,29933.69
2015-05-28,1.501,1.403,1.501,1.4,18820.66
2015-05-29,1.388,1.354,1.39,1.318,22567.25
2015-06-01,1.35,1.446,1.446,1.35,26472.07
2015-06-02,1.46,1.46,1.47,1.435,12017.71
2015-06-03,1.461,1.452,1.472,1.435,11414.74
2015-06-04,1.452,1.493,1.493,1.405,11505.41
2015-06-05,1.498,1.518,1.544,1.498,21319.81
2015-06-08,1.519,1.556,1.558,1.518,13767.92
2015-06-09,1.556,1.586,1.61,1.512,22232.04
2015-06-10,1.579,1.57,1.6,1.512,20623.38
2015-06-11,1.553,1.56,1.561,1.544,14542.0
2015-06-12,1.585,1.573,1.585,1.552,6554.0
2015-06-15,1.562,1.57,1.593,1.56,7866.0
2015-06-16,1.482,1.507,1.57,1.482,4412.33
2015-06-17,1.503,1.56,1.577,1.481,6915.0
2015-06-18,1.574,1.509,1.574,1.509,2281.77
2015-06-19,1.452,1.432,1.513,1.43,13188.85
2015-06-23,1.432,1.431,1.432,1.345,4301.0
2015-06-24,1.438,1.509,1.509,1.438,7892.24
2015-06-25,1.51,1.474,1.513,1.474,4777.07
2015-06-26,1.474,1.356,1.474,1.327,10650.5
2015-06-29,1.36,1.345,1.405,1.251,7719.0
2015-06-30,1.275,1.399,1.399,1.275,11482.76
2015-07-01,1.401,1.351,1.404,1.35,10675.0
2015-07-02,1.351,1.29,1.351,1.252,2460.0
2015-07-03,1.248,1.176,1.269,1.175,7991.25
2015-07-06,1.29,1.208,1.294,1.16,5365.05
2015-07-07,1.108,1.106,1.193,1.101,4543.53
2015-07-08,0.995,0.995,1.105,0.995,5411.06
2015-07-09,1.048,1.095,1.095,0.999,5920.15
2015-07-10,1.097,1.205,1.205,1.095,10607.7
2015-07-13,1.206,1.326,1.326,1.144,15619.66
2015-07-14,1.258,1.275,1.399,1.258,7378.02
2015-07-15,1.201,1.186,1.265,1.172,3361.02
2015-07-16,1.111,1.185,1.185,1.078,6686.02
2015-07-17,1.185,1.249,1.259,1.145,5892.02
2015-07-20,1.249,1.268,1.293,1.185,6514.02
2015-07-21,1.245,1.238,1.254,1.21,6388.02
2015-07-22,1.223,1.232,1.239,1.188,7145.7
2015-07-23,1.256,1.25,1.256,1.199,5113.7
2015-07-24,1.258,1.243,1.292,1.241,7564.27
2015-07-27,1.21,1.12,1.244,1.12,5170.07
2015-07-28,1.1,1.123,1.143,1.052,6306.0
2015-07-29,1.055,1.16,1.16,1.055,1967.0
2015-07-30,1.109,1.13,1.192,1.109,2034.0
2015-07-31,1.103,1.101,1.129,1.095,1294.0
2015-08-03,1.057,1.1,1.1,1.057,919.0
2015-08-04,1.101,1.146,1.147,1.1,3251.63
2015-08-05,1.122,1.128,1.156,1.121,362.0
2015-08-06,1.07,1.142,1.142,1.07,2576.9
2015-08-07,1.142,1.15,1.157,1.135,1003.0
2015-08-10,1.165,1.22,1.222,1.156,10274.0
2015-08-11,1.19,1.215,1.234,1.19,2788.0
2015-08-12,1.2,1.216,1.23,1.2,5633.0
2015-08-13,1.215,1.216,1.216,1.193,1674.73
2015-08-14,1.232,1.225,1.24,1.207,1882.0
2015-08-17,1.193,1.238,1.239,1.193,2064.0
2015-08-18,1.227,1.156,1.237,1.152,2231.0
2015-08-19,1.141,1.159,1.16,1.1,2826.9
2015-08-20,1.158,1.124,1.159,1.123,446.0
2015-08-21,1.111,1.136,1.136,1.099,3050.06
2015-08-24,1.136,1.025,1.136,1.022,832.0
2015-08-25,1.026,0.927,1.026,0.923,1152.0
2015-08-26,0.888,0.94,0.98,0.872,1289.0
2015-08-27,0.968,0.95,0.968,0.903,799.0
2015-08-28,0.948,0.993,0.995,0.948,897.05
2015-08-31,0.97,0.948,0.97,0.911,2038.0
2015-09-01,0.939,0.938,0.939,0.9,1054.0
2015-09-02,0.881,0.913,0.945,0.881,443.0
2015-09-07,0.913,0.917,0.958,0.903,1695.0
2015-09-08,0.875,0.94,0.943,0.875,1573.0
2015-09-09,0.936,0.96,0.972,0.936,2314.73
2015-09-10,0.97,0.946,0.97,0.941,1112.0
2015-09-11,0.947,0.942,0.95,0.935,827.0
2015-09-14,0.942,0.903,0.952,0.897,1429.0
2015-09-15,0.896,0.89,0.915,0.887,501.0
2015-09-16,0.897,0.979,0.979,0.889,8745.16
2015-09-17,0.979,0.945,0.98,0.926,8626.0
2015-09-18,0.913,0.921,0.932,0.913,1427.0
2015-09-21,0.92,0.931,0.935,0.918,1161.0
2015-09-22,0.937,0.931,0.948,0.93,3500.0
2015-09-23,0.932,0.918,0.932,0.911,1631.16
2015-09-24,0.919,0.919,0.923,0.919,1345.0
2015-09-28,0.985,0.917,0.985,0.903,1316.0
2015-09-29,0.898,0.906,0.906,0.887,1393.0
2015-09-30,0.896,0.905,0.937,0.884,2608.0
2015-10-08,0.959,0.939,0.959,0.904,1352.0
2015-10-09,0.905,0.935,0.938,0.905,1583.0
2015-10-12,0.935,0.96,0.973,0.935,6508.0
2015-10-13,0.95,0.932,0.962,0.916,2427.0
2015-10-14,0.95,0.929,0.95,0.928,768.0
2015-10-15,0.922,0.947,0.947,0.922,891.0
2015-10-16,0.955,0.948,0.955,0.939,4579.0
2015-10-19,0.946,0.942,0.946,0.933,3422.0
2015-10-20,0.942,0.941,0.946,0.93,3152.0
2015-10-21,0.945,0.92,0.945,0.918,4200.0
2015-10-22,0.91,0.934,0.938,0.894,4937.0
2015-10-23,0.92,0.92,0.932,0.913,2247.0
2015-10-26,0.93,0.925,0.932,0.919,2423.0
2015-10-27,0.925,0.919,0.925,0.896,3652.01
2015-10-28,0.917,0.907,0.918,0.903,1721.0
2015-10-29,0.903,0.903,0.914,0.898,1837.0
2015-10-30,0.903,0.901,0.908,0.898,1575.0
2015-11-02,0.907,0.9,0.907,0.898,1599.0
2015-11-03,0.905,0.898,0.905,0.898,537.0
2015-11-04,0.905,0.917,0.918,0.899,1697.0
2015-11-05,0.918,0.948,0.958,0.912,8115.0
2015-11-06,0.95,0.954,0.955,0.929,4972.0
2015-11-09,0.954,0.961,0.964,0.93,7923.0
2015-11-10,0.937,0.964,0.964,0.933,5595.0
2015-11-11,0.945,0.951,0.972,0.945,7098.22
2015-11-12,0.951,0.946,0.961,0.945,6026.0
2015-11-13,0.946,0.935,0.946,0.935,4741.0
2015-11-16,0.935,0.936,0.945,0.93,2712.0
2015-11-17,0.941,0.938,0.954,0.938,3355.0
2015-11-18,0.935,0.936,0.941,0.932,2177.0
2015-11-19,0.95,0.934,0.95,0.932,1770.0
2015-11-20,0.932,0.938,0.946,0.932,1983.01
2015-11-23,0.938,0.935,0.946,0.932,3170.0
2015-11-24,0.942,0.936,0.942,0.932,1385.0
2015-11-25,0.95,0.941,0.95,0.937,768.0
2015-11-26,0.941,0.94,0.947,0.94,2817.0
2015-11-27,0.937,0.901,0.94,0.9,3727.0
2015-11-30,0.907,0.931,0.935,0.907,4039.0
2015-12-01,0.931,0.931,0.934,0.902,251.0
2015-12-02,0.909,0.927,0.93,0.903,1699.0
2015-12-03,0.911,0.929,0.929,0.911,1174.57
2015-12-04,0.929,0.929,0.934,0.929,342.0
2015-12-07,0.929,0.928,0.934,0.91,104.0
2015-12-08,0.915,0.926,0.931,0.91,200.0
2015-12-09,0.929,0.91,0.929,0.91,214.0
2015-12-10,0.927,0.907,0.927,0.907,411.0
2015-12-11,0.907,0.922,0.923,0.907,459.0
2015-12-14,0.922,0.928,0.935,0.921,737.16
2015-12-15,0.919,0.932,0.933,0.919,265.0
2015-12-16,0.944,0.932,0.944,0.921,1072.05
2015-12-17,0.932,0.931,0.938,0.865,2512.43
2015-12-18,0.911,0.926,0.929,0.91,468.0
2015-12-21,0.92,0.929,0.93,0.9,1314.0
2015-12-22,0.92,0.928,0.928,0.919,512.43
2015-12-23,0.919,0.919,0.929,0.919,984.0
2015-12-24,0.925,0.919,0.93,0.916,442.0
2015-12-25,0.919,0.922,0.934,0.919,720.0
2015-12-28,0.929,0.92,0.929,0.919,742.0
2015-12-29,0.919,0.928,0.929,0.919,1354.0
2015-12-30,0.919,0.931,0.933,0.9,787.0
2015-12-31,0.929,0.93,0.931,0.91,472.0
2016-01-04,0.928,0.912,0.928,0.904,189.0
2016-01-05,0.903,0.89,0.916,0.88,2554.0
2016-01-06,0.881,0.899,0.908,0.881,2466.0
2016-01-08,0.899,0.865,0.899,0.835,2407.0
2016-01-11,0.856,0.838,0.856,0.836,2109.0
2016-01-12,0.84,0.827,0.84,0.814,1353.38
2016-01-13,0.835,0.81,0.835,0.806,2407.0
2016-01-14,0.801,0.81,0.818,0.791,1761.0
2016-01-15,0.818,0.806,0.818,0.761,2323.38
2016-01-18,0.792,0.789,0.797,0.75,1940.0
2016-01-19,0.796,0.782,0.796,0.771,1642.0
2016-01-20,0.782,0.78,0.784,0.767,2938.01
2016-01-21,0.788,0.764,0.789,0.758,483.0
2016-01-22,0.77,0.781,0.804,0.77,1376.0
2016-01-25,0.789,0.807,0.809,0.774,2978.45
2016-01-26,0.811,0.782,0.811,0.78,1784.0
2016-01-27,0.79,0.782,0.813,0.782,2032.0
2016-01-28,0.785,0.782,0.8,0.782,1014.0
2016-01-29,0.782,0.791,0.802,0.782,1480.0
2016-02-01,0.79,0.751,0.79,0.744,3682.0
2016-02-02,0.745,0.75,0.778,0.745,3972.0
2016-02-03,0.731,0.721,0.74,0.71,6363.68
2016-02-04,0.72,0.723,0.733,0.716,4221.2
2016-02-05,0.717,0.731,0.736,0.717,5444.05
2016-02-15,0.7,0.72,0.729,0.7,4065.31
2016-02-16,0.73,0.749,0.749,0.71,20153.01
2016-02-17,0.738,0.759,0.759,0.733,8426.61
2016-02-18,0.751,0.76,0.779,0.751,4304.5
2016-02-19,0.76,0.758,0.768,0.753,2490.14
2016-02-22,0.752,0.77,0.787,0.752,3415.67
2016-02-23,0.779,0.779,0.783,0.773,5126.64
2016-02-24,0.786,0.782,0.786,0.777,2823.53
2016-02-25,0.775,0.751,0.782,0.751,4693.84
2016-02-26,0.759,0.76,0.77,0.75,2372.2
2016-02-29,0.752,0.753,0.76,0.724,3281.14
2016-03-01,0.752,0.759,0.769,0.745,2904.99
2016-03-02,0.767,0.79,0.816,0.766,8257.3
2016-03-03,0.788,0.781,0.791,0.773,4599.77
2016-03-07,0.78,0.794,0.8,0.78,941.56
2016-03-08,0.802,0.8,0.805,0.79,4324.0
2016-03-09,0.792,0.768,0.792,0.751,3031.16
2016-03-10,0.77,0.763,0.777,0.763,3453.0
2016-03-11,0.771,0.769,0.81,0.752,1008.0
2016-03-14,0.77,0.789,0.803,0.77,3264.0
2016-03-15,0.789,0.782,0.789,0.763,491.0
2016-03-16,0.788,0.774,0.79,0.774,313.0
2016-03-17,0.79,0.782,0.79,0.752,711.16
2016-03-18,0.786,0.786,0.79,0.77,3377.46
2016-03-21,0.789,0.793,0.795,0.783,2376.36
2016-03-22,0.789,0.782,0.789,0.778,704.0
2016-03-23,0.785,0.784,0.788,0.78,360.0
2016-03-24,0.779,0.766,0.787,0.766,946.0
2016-03-25,0.8,0.78,0.8,0.766,2056.0
2016-03-28,0.78,0.777,0.81,0.77,1362.0
2016-03-29,0.77,0.76,0.772,0.758,1462.0
2016-03-30,0.763,0.778,0.778,0.763,476.0
2016-03-31,0.799,0.78,0.799,0.774,843.96
2016-04-01,0.772,0.771,0.78,0.766,1108.0
2016-04-05,0.767,0.78,0.785,0.767,1352.0
2016-04-06,0.78,0.789,0.79,0.78,2480.0
2016-04-07,0.797,0.793,0.797,0.78,1301.0
2016-04-08,0.785,0.783,0.785,0.772,378.0
2016-04-11,0.777,0.796,0.817,0.777,2400.96
2016-04-12,0.795,0.799,0.799,0.786,2022.0
2016-04-13,0.816,0.823,0.829,0.792,8339.4
2016-04-14,0.822,0.818,0.822,0.807,795.0
2016-04-15,0.82,0.815,0.825,0.814,565.96
2016-04-18,0.82,0.805,0.82,0.8,325.0
2016-04-19,0.808,0.811,0.822,0.805,383.0
2016-04-20,0.8,0.798,0.815,0.795,1316.0
2016-04-21,0.79,0.818,0.826,0.79,1304.44
2016-04-22,0.818,0.814,0.83,0.794,1126.02
2016-04-25,0.804,0.817,0.818,0.781,1038.02
2016-04-26,0.804,0.801,0.806,0.798,83.02
2016-04-27,0.801,0.794,0.805,0.793,242.0
2016-04-28,0.793,0.799,0.799,0.789,155.0
2016-04-29,0.805,0.792,0.805,0.79,1152.0
2016-05-03,0.789,0.8,0.8,0.789,1016.0
2016-05-04,0.805,0.82,0.826,0.8,2598.02
2016-05-05,0.82,0.892,0.9,0.82,4124.0
2016-05-06,0.892,0.945,0.975,0.892,6188.53
2016-05-09,0.851,0.851,0.899,0.851,6212.0
2016-05-10,0.766,0.766,0.766,0.766,15487.0
2016-05-11,0.765,0.746,0.79,0.729,14364.0
2016-05-12,0.754,0.75,0.77,0.731,3947.0
2016-05-13,0.737,0.738,0.764,0.729,3165.0
2016-05-16,0.742,0.74,0.744,0.73,1043.0
2016-05-17,0.74,0.739,0.747,0.714,2103.0
2016-05-18,0.731,0.725,0.739,0.722,1605.0
2016-05-19,0.733,0.725,0.734,0.725,1999.57
2016-05-20,0.727,0.75,0.75,0.727,1038.57
2016-05-23,0.747,0.74,0.747,0.733,539.0
2016-05-24,0.728,0.731,0.74,0.728,285.0
2016-05-25,0.745,0.739,0.745,0.726,645.0
2016-05-26,0.74,0.738,0.74,0.728,680.57
2016-05-27,0.724,0.732,0.743,0.724,482.0
2016-05-30,0.737,0.73,0.738,0.729,649.0
2016-05-31,0.73,0.75,0.75,0.73,2265.56
2016-06-01,0.75,0.75,0.755,0.741,2250.0
2016-06-02,0.75,0.75,0.755,0.743,520.0
2016-06-03,0.748,0.746,0.751,0.742,1470.0
2016-06-06,0.738,0.746,0.758,0.738,421.0
2016-06-07,0.745,0.746,0.766,0.745,216.0
2016-06-08,0.746,0.753,0.755,0.743,574.0
2016-06-13,0.752,0.74,0.756,0.74,1562.0
2016-06-14,0.74,0.735,0.74,0.723,749.05
2016-06-15,0.729,0.736,0.746,0.729,390.0
2016-06-16,0.728,0.73,0.735,0.728,469.0
2016-06-17,0.731,0.743,0.75,0.731,254.0
2016-06-20,0.75,0.748,0.755,0.731,200.0
2016-06-21,0.738,0.743,0.75,0.738,430.0
2016-06-22,0.75,0.772,0.799,0.725,5318.18
2016-06-23,0.77,0.76,0.778,0.76,715.0
2016-06-24,0.763,0.767,0.836,0.749,6837.99
2016-06-27,0.773,0.764,0.781,0.751,1236.0
2016-06-28,0.763,0.772,0.774,0.763,643.0
2016-06-29,0.779,0.778,0.779,0.761,2334.81
2016-06-30,0.756,0.767,0.773,0.756,676.0
2016-07-01,0.758,0.774,0.844,0.758,10982.62
2016-07-04,0.8,0.777,0.8,0.77,4758.0
2016-07-05,0.777,0.777,0.788,0.768,5611.18
2016-07-06,0.761,0.776,0.776,0.761,3588.54
2016-07-07,0.771,0.775,0.778,0.771,1903.0
2016-07-08,0.775,0.77,0.775,0.765,676.0
2016-07-11,0.766,0.78,0.784,0.766,2987.18
2016-07-12,0.785,0.8,0.814,0.781,6874.9
2016-07-13,0.8,0.81,0.811,0.788,4804.72
2016-07-14,0.8,0.81,0.81,0.78,10623.79
2016-07-15,0.802,0.81,0.891,0.802,11454.0
2016-07-18,0.81,0.796,0.837,0.795,2576.0
2016-07-19,0.792,0.801,0.806,0.78,3715.0
2016-07-20,0.8,0.791,0.8,0.77,9404.92
2016-07-21,0.785,0.791,0.798,0.782,4916.0
2016-07-22,0.781,0.78,0.793,0.78,402.0
2016-07-25,0.792,0.778,0.792,0.778,670.0
2016-07-26,0.78,0.791,0.791,0.78,622.0
2016-07-27,0.791,0.778,0.791,0.765,1761.0
2016-07-28,0.777,0.779,0.787,0.769,332.0
2016-07-29,0.771,0.771,0.784,0.771,249.0
2016-08-01,0.76,0.777,0.779,0.76,71.0
2016-08-02,0.768,0.778,0.779,0.768,67.92
2016-08-03,0.765,0.779,0.779,0.765,844.0
2016-08-04,0.776,0.777,0.777,0.761,4498.0
2016-08-05,0.768,0.772,0.775,0.768,531.0
2016-08-08,0.764,0.79,0.793,0.764,2539.92
2016-08-09,0.783,0.798,0.798,0.783,250.0
2016-08-10,0.8,0.804,0.812,0.8,1252.0
2016-08-11,0.805,0.792,0.805,0.79,2558.17
2016-08-12,0.791,0.811,0.816,0.79,2940.0
2016-08-15,0.808,0.813,0.82,0.807,6294.89
2016-08-16,0.813,0.818,0.829,0.812,7572.46
2016-08-17,0.813,0.817,0.818,0.81,1561.0
2016-08-18,0.818,0.811,0.838,0.81,1254.0
2016-08-19,0.809,0.814,0.818,0.803,236.97
2016-08-22,0.815,0.802,0.815,0.801,1204.0
2016-08-23,0.802,0.803,0.805,0.799,983.0
2016-08-24,0.8,0.807,0.81,0.794,879.0
2016-08-25,0.805,0.801,0.805,0.797,1634.0
2016-08-26,0.809,0.802,0.81,0.802,928.0
2016-08-29,0.773,0.806,0.806,0.773,431.0
2016-08-30,0.811,0.802,0.811,0.8,131.0
2016-08-31,0.799,0.799,0.8,0.798,830.0
2016-09-01,0.794,0.799,0.8,0.78,3385.0
2016-09-02,0.792,0.79,0.796,0.788,990.0
2016-09-05,0.789,0.805,0.805,0.789,1630.0
2016-09-06,0.794,0.81,0.81,0.794,1279.06
2016-09-07,0.81,0.811,0.819,0.81,677.0
2016-09-08,0.801,0.809,0.809,0.801,60.0
2016-09-09,0.81,0.811,0.814,0.803,1687.0
2016-09-12,0.811,0.797,0.811,0.79,940.0
2016-09-13,0.805,0.802,0.805,0.802,59.0
2016-09-14,0.803,0.79,0.803,0.79,421.0
2016-09-19,0.79,0.787,0.795,0.781,509.0
2016-09-20,0.777,0.787,0.787,0.73,338.0
2016-09-21,0.775,0.785,0.79,0.772,228.0
2016-09-22,0.786,0.781,0.8,0.78,495.0
2016-09-23,0.789,0.795,0.809,0.789,584.0
2016-09-26,0.816,0.792,0.816,0.789,407.0
2016-09-27,0.792,0.782,0.792,0.782,115.0
2016-09-28,0.779,0.782,0.787,0.779,905.05
2016-09-29,0.794,0.804,0.805,0.794,743.0
2016-09-30,0.748,0.792,0.819,0.748,215.0
2016-10-10,0.814,0.801,0.818,0.8,976.0
2016-10-11,0.818,0.806,0.818,0.803,779.0
2016-10-12,0.818,0.801,0.818,0.792,234.0
2016-10-13,0.8,0.8,0.8,0.798,451.0
2016-10-14,0.79,0.79,0.792,0.789,1151.42
2016-10-17,0.798,0.794,0.798,0.788,634.0
2016-10-18,0.789,0.798,0.798,0.789,627.0
2016-10-19,0.804,0.807,0.809,0.801,1415.0
2016-10-20,0.807,0.806,0.807,0.801,342.0
2016-10-21,0.801,0.809,0.814,0.788,497.0
2016-10-24,0.806,0.821,0.835,0.806,2511.0
2016-10-25,0.83,0.832,0.832,0.813,1279.93
2016-10-26,0.829,0.824,0.829,0.817,2301.93
2016-10-27,0.821,0.833,0.833,0.818,441.0
2016-10-28,0.836,0.821,0.836,0.82,362.0
2016-10-31,0.803,0.817,0.819,0.802,518.0
2016-11-01,0.813,0.819,0.819,0.811,168.0
2016-11-02,0.819,0.81,0.839,0.808,1083.0
2016-11-03,0.8,0.81,0.817,0.8,1992.43
2016-11-04,0.801,0.819,0.819,0.792,207.0
2016-11-07,0.816,0.823,0.824,0.814,846.0
2016-11-08,0.823,0.815,0.826,0.807,531.0
2016-11-09,0.82,0.818,0.82,0.804,870.0
2016-11-10,0.801,0.822,0.826,0.801,1098.0
2016-11-11,0.822,0.821,0.85,0.808,2197.35
2016-11-14,0.821,0.849,0.857,0.821,3888.35
2016-11-15,0.841,0.846,0.853,0.84,433.0
2016-11-16,0.846,0.849,0.856,0.835,913.0
2016-11-17,0.836,0.848,0.849,0.836,768.0
2016-11-18,0.837,0.837,0.837,0.835,414.0
2016-11-21,0.838,0.836,0.842,0.836,501.0
2016-11-22,0.836,0.86,0.86,0.836,1872.35
2016-11-23,0.859,0.855,0.861,0.849,643.0
2016-11-24,0.846,0.853,0.86,0.846,787.05
2016-11-25,0.849,0.859,0.859,0.823,1522.4
2016-11-28,0.85,0.861,0.861,0.85,397.0
2016-11-29,0.866,0.85,0.866,0.844,900.0
2016-11-30,0.861,0.838,0.861,0.838,1430.0
2016-12-01,0.878,0.838,0.879,0.809,2573.05
2016-12-02,0.846,0.853,0.86,0.836,1192.0
2016-12-05,0.858,0.836,0.858,0.835,2037.05
2016-12-06,0.836,0.837,0.854,0.835,415.0
2016-12-07,0.837,0.837,0.854,0.832,610.0
2016-12-08,0.844,0.836,0.844,0.836,67.0
2016-12-09,0.836,0.838,0.838,0.836,315.0
2016-12-12,0.838,0.837,0.866,0.832,1039.0
2016-12-13,0.831,0.829,0.846,0.829,301.0
2016-12-14,0.83,0.832,0.832,0.83,550.0
2016-12-15,0.828,0.829,0.833,0.828,229.0
2016-12-16,0.817,0.827,0.832,0.817,58.0
2016-12-19,0.827,0.827,0.827,0.818,189.0
2016-12-20,0.827,0.833,0.834,0.812,247.0
2016-12-21,0.81,0.835,0.835,0.809,1003.0
2016-12-22,0.847,0.83,0.847,0.821,119.0
2016-12-23,0.822,0.826,0.826,0.81,4376.97
2016-12-26,0.816,0.82,0.823,0.785,525.0
2016-12-27,0.801,0.821,0.821,0.801,184.12
2016-12-28,0.818,0.801,0.818,0.801,170.43
2016-12-29,0.809,0.801,0.809,0.801,230.4
2016-12-30,0.802,0.814,0.814,0.802,400.0
2017-01-03,0.818,0.814,0.818,0.802,1351.0
2017-01-04,0.808,0.81,0.813,0.806,895.35
2017-01-05,0.813,0.821,0.824,0.809,1726.35
2017-01-06,0.82,0.832,0.832,0.812,1071.34
2017-01-09,0.832,0.841,0.858,0.83,2380.0
2017-01-10,0.84,0.84,0.846,0.822,405.0
2017-01-11,0.845,0.823,0.845,0.821,2168.05
2017-01-12,0.823,0.823,0.836,0.821,955.0
2017-01-13,0.823,0.834,0.837,0.822,30.0
2017-01-16,0.828,0.828,0.838,0.828,994.0
2017-01-17,0.828,0.813,0.828,0.813,420.0
2017-01-18,0.814,0.843,0.843,0.813,715.0
2017-01-19,0.843,0.834,0.843,0.815,287.0
2017-01-20,0.834,0.833,0.843,0.813,148.0
2017-01-23,0.82,0.835,0.843,0.82,587.0
2017-01-24,0.81,0.835,0.84,0.81,393.0
2017-01-25,0.82,0.842,0.842,0.82,46.0
2017-02-03,0.822,0.839,0.84,0.822,770.0
2017-02-06,0.839,0.839,0.839,0.826,394.0
2017-02-07,0.836,0.822,0.837,0.821,231.0
2017-02-08,0.83,0.826,0.835,0.821,395.16
2017-02-09,0.826,0.823,0.838,0.82,481.0
2017-02-10,0.823,0.84,0.84,0.823,1541.16
2017-02-13,0.84,0.842,0.85,0.84,2111.6
2017-02-14,0.843,0.845,0.845,0.842,979.6
2017-02-15,0.832,0.849,0.85,0.832,706.0
2017-02-16,0.84,0.847,0.847,0.84,324.0
2017-02-17,0.847,0.847,0.849,0.84,338.0
2017-02-20,0.845,0.845,0.846,0.845,119.0
2017-02-21,0.846,0.843,0.864,0.843,365.16
2017-02-22,0.843,0.851,0.852,0.843,1954.18
2017-02-23,0.848,0.848,0.848,0.842,206.0
2017-02-24,0.847,0.847,0.847,0.834,750.34
2017-02-27,0.845,0.837,0.845,0.837,268.0
2017-02-28,0.837,0.841,0.841,0.829,242.18
2017-03-01,0.833,0.835,0.841,0.833,340.0
2017-03-02,0.835,0.833,0.835,0.829,138.0
2017-03-03,0.829,0.83,0.84,0.829,120.18
2017-03-06,0.83,0.839,0.84,0.829,407.0
2017-03-07,0.839,0.848,0.848,0.839,549.0
2017-03-08,0.848,0.853,0.853,0.848,115.0
2017-03-09,0.831,0.831,0.855,0.831,122.0
2017-03-10,0.848,0.847,0.848,0.831,102.0
2017-03-13,0.847,0.846,0.859,0.846,119.0
2017-03-14,0.836,0.836,0.857,0.836,518.56
2017-03-15,0.827,0.847,0.85,0.827,405.0
2017-03-16,0.847,0.846,0.848,0.841,567.0
2017-03-17,0.841,0.84,0.841,0.84,695.0
2017-03-20,0.858,0.844,0.858,0.84,736.0
2017-03-21,0.833,0.835,0.835,0.833,1725.0
2017-03-22,0.835,0.839,0.839,0.833,400.0
2017-03-23,0.827,0.838,0.838,0.824,1446.0
2017-03-24,0.825,0.835,0.835,0.825,487.0
2017-03-27,0.836,0.829,0.836,0.828,300.0
2017-03-28,0.83,0.836,0.837,0.827,307.0
2017-03-29,0.836,0.83,0.845,0.827,106.0
2017-03-30,0.83,0.829,0.839,0.828,370.0
2017-03-31,0.841,0.832,0.841,0.827,260.0
2017-04-05,0.828,0.833,0.837,0.826,302.0
2017-04-06,0.833,0.836,0.866,0.829,956.0
2017-04-07,0.836,0.84,0.841,0.831,2085.44
2017-04-10,0.839,0.842,0.842,0.839,648.0
2017-04-11,0.85,0.833,0.85,0.828,681.0
2017-04-12,0.834,0.835,0.837,0.833,332.49
2017-04-13,0.834,0.835,0.845,0.834,326.0
2017-04-14,0.834,0.836,0.841,0.83,1433.0
2017-04-17,0.836,0.83,0.836,0.825,699.36
2017-04-18,0.825,0.826,0.835,0.825,1038.0
2017-04-19,0.823,0.814,0.826,0.801,1182.92
2017-04-20,0.81,0.804,0.822,0.802,262.0
2017-04-21,0.807,0.803,0.818,0.803,349.0
2017-04-24,0.803,0.802,0.813,0.802,597.0
2017-04-25,0.791,0.804,0.816,0.791,47.0
2017-04-26,0.804,0.802,0.817,0.796,356.0
2017-04-27,0.802,0.794,0.812,0.79,139.0
2017-04-28,0.817,0.811,0.817,0.796,204.0
2017-05-02,0.8,0.804,0.814,0.8,194.92
2017-05-03,0.799,0.792,0.81,0.792,482.0
2017-05-04,0.811,0.787,0.811,0.774,408.49
2017-05-05,0.788,0.769,0.796,0.745,1135.92
2017-05-08,0.748,0.775,0.784,0.746,274.0
2017-05-09,0.773,0.787,0.791,0.76,428.0
2017-05-10,0.786,0.758,0.787,0.757,401.92
2017-05-11,0.761,0.798,0.808,0.757,672.0
2017-05-12,0.782,0.799,0.812,0.772,270.0
2017-05-15,0.792,0.785,0.792,0.771,358.0
2017-05-16,0.773,0.775,0.787,0.764,563.0
2017-05-17,0.775,0.767,0.778,0.754,286.36
2017-05-18,0.763,0.774,0.777,0.762,173.0
2017-05-19,0.774,0.776,0.777,0.763,63.36
2017-05-22,0.765,0.786,0.814,0.765,660.0
2017-05-23,0.786,0.787,0.787,0.768,610.36
2017-05-24,0.788,0.777,0.788,0.773,173.0
2017-05-25,0.77,0.796,0.796,0.763,236.0
2017-05-26,0.778,0.793,0.794,0.776,266.0
2017-05-31,0.793,0.79,0.798,0.782,140.0
2017-06-01,0.782,0.795,0.795,0.782,503.0
2017-06-02,0.792,0.778,0.792,0.774,157.0
2017-06-05,0.793,0.799,0.799,0.778,511.0
2017-06-06,0.793,0.788,0.793,0.782,27.0
2017-06-07,0.783,0.79,0.792,0.783,113.0
2017-06-08,0.79,0.798,0.798,0.784,264.0
2017-06-09,0.798,0.805,0.836,0.792,373.0
2017-06-12,0.808,0.805,0.82,0.792,788.0
2017-06-13,0.802,0.8,0.81,0.8,252.49
2017-06-14,0.795,0.815,0.815,0.795,77.0
2017-06-15,0.793,0.793,0.814,0.792,145.0
2017-06-16,0.805,0.803,0.805,0.802,70.0
2017-06-19,0.793,0.793,0.805,0.792,999.0
2017-06-20,0.792,0.796,0.8,0.792,162.0
2017-06-21,0.794,0.798,0.804,0.794,742.0
2017-06-22,0.794,0.8,0.803,0.792,433.82
2017-06-23,0.801,0.793,0.801,0.793,61.0
2017-06-26,0.795,0.8,0.805,0.795,254.0
2017-06-27,0.8,0.799,0.8,0.792,523.0
2017-06-28,0.801,0.795,0.803,0.795,26.0
2017-06-29,0.8,0.8,0.8,0.793,174.49
2017-06-30,0.795,0.799,0.8,0.792,120.0
2017-07-03,0.795,0.803,0.808,0.793,881.06
2017-07-04,0.795,0.803,0.805,0.795,201.0
2017-07-05,0.803,0.804,0.808,0.795,205.0
2017-07-06,0.805,0.805,0.815,0.805,350.92
2017-07-07,0.805,0.815,0.815,0.803,1442.0
2017-07-10,0.815,0.818,0.828,0.814,1094.31
2017-07-11,0.815,0.802,0.821,0.801,515.0
2017-07-12,0.803,0.803,0.81,0.798,396.0
2017-07-13,0.803,0.81,0.818,0.803,522.0
2017-07-14,0.804,0.823,0.83,0.804,2908.0
2017-07-17,0.823,0.806,0.823,0.806,397.0
2017-07-18,0.803,0.824,0.828,0.803,575.0
2017-07-19,0.827,0.839,0.848,0.817,4234.73
2017-07-20,0.839,0.839,0.846,0.838,3254.0
2017-07-21,0.835,0.85,0.853,0.835,1232.0
2017-07-24,0.849,0.849,0.849,0.845,554.0
2017-07-25,0.836,0.84,0.848,0.834,423.0
2017-07-26,0.84,0.848,0.849,0.84,755.0
2017-07-27,0.838,0.834,0.847,0.833,452.0
2017-07-28,0.833,0.837,0.84,0.823,604.0
2017-07-31,0.837,0.87,0.88,0.837,7574.46
2017-08-01,0.875,0.888,0.92,0.875,1919.38
2017-08-02,0.888,0.876,0.911,0.845,513.0
2017-08-03,0.873,0.858,0.874,0.846,472.0
2017-08-04,0.858,0.893,0.906,0.842,1178.0
2017-08-07,0.856,0.88,0.882,0.856,554.0
2017-08-08,0.861,0.886,0.886,0.848,2713.66
2017-08-09,0.873,0.885,0.885,0.856,1152.0
2017-08-10,0.886,0.88,0.886,0.864,672.0
2017-08-11,0.852,0.855,0.877,0.852,535.0
2017-08-14,0.843,0.845,0.855,0.832,793.46
2017-08-15,0.845,0.847,0.865,0.84,383.0
2017-08-16,0.84,0.851,0.852,0.834,2580.0
2017-08-17,0.848,0.848,0.85,0.843,370.0
2017-08-18,0.847,0.848,0.848,0.841,138.0
2017-08-21,0.853,0.854,0.854,0.843,1519.94
2017-08-22,0.849,0.851,0.858,0.849,2814.46
2017-08-23,0.845,0.848,0.85,0.84,911.0
2017-08-24,0.836,0.844,0.844,0.835,1375.0
2017-08-25,0.844,0.858,0.859,0.837,1284.48
2017-08-28,0.855,0.866,0.866,0.855,1370.0
2017-08-29,0.869,0.9,0.938,0.869,3894.66
2017-08-30,0.906,0.905,0.915,0.88,1216.48
2017-08-31,0.928,0.92,0.928,0.905,918.0
2017-09-01,0.921,0.965,1.012,0.921,4877.0
2017-09-04,0.97,0.953,1.009,0.931,4318.0
2017-09-05,0.953,0.93,0.953,0.903,2223.0
2017-09-06,0.91,0.91,0.929,0.901,4034.0
2017-09-07,0.91,0.904,0.911,0.89,4376.0
2017-09-08,0.891,0.919,0.928,0.891,3001.0
2017-09-11,0.91,0.914,0.933,0.89,4914.0
2017-09-12,0.903,0.895,0.903,0.887,4728.0
2017-09-13,0.892,0.893,0.893,0.883,3022.0
2017-09-14,0.886,0.887,0.892,0.884,3132.48
2017-09-15,0.879,0.878,0.886,0.876,2560.0
2017-09-18,0.9,0.889,0.9,0.873,1072.0
2017-09-19,0.888,0.889,0.9,0.876,1792.0
2017-09-20,0.9,0.881,0.9,0.876,3439.12
2017-09-21,0.893,0.873,0.893,0.87,1971.0
2017-09-22,0.873,0.876,0.883,0.866,1109.0
2017-09-25,0.864,0.879,0.885,0.864,958.0
2017-09-26,0.885,0.882,0.885,0.879,1024.0
2017-09-27,0.882,0.883,0.886,0.868,5899.0
2017-09-28,0.871,0.875,0.878,0.87,555.0
2017-09-29,0.881,0.877,0.882,0.867,640.0
2017-10-09,0.877,0.884,0.886,0.877,1558.0
2017-10-10,0.886,0.884,0.886,0.877,2057.12
2017-10-11,0.886,0.885,0.886,0.866,8810.0
2017-10-12,0.881,0.88,0.882,0.871,2908.0
2017-10-13,0.885,0.881,0.885,0.865,6789.0
2017-10-16,0.879,0.875,0.879,0.867,6532.0
2017-10-17,0.867,0.853,0.867,0.853,11525.0
2017-10-18,0.856,0.835,0.856,0.825,7172.0
2017-10-19,0.831,0.832,0.834,0.824,807.0
2017-10-20,0.827,0.828,0.835,0.824,6450.0
2017-10-23,0.825,0.826,0.83,0.824,2776.0
2017-10-24,0.829,0.826,0.831,0.826,4197.0
2017-10-25,0.83,0.835,0.838,0.83,7959.12
2017-10-26,0.836,0.841,0.843,0.834,2377.0
2017-10-27,0.838,0.837,0.841,0.837,616.0
2017-10-30,0.837,0.828,0.843,0.823,1056.0
2017-10-31,0.83,0.838,0.838,0.826,727.0
2017-11-01,0.838,0.84,0.847,0.831,1985.0
2017-11-02,0.84,0.831,0.844,0.83,823.0
2017-11-03,0.827,0.825,0.834,0.825,1048.0
2017-11-06,0.83,0.822,0.83,0.821,1157.0
2017-11-07,0.83,0.839,0.84,0.823,4223.0
2017-11-08,0.839,0.838,0.843,0.834,1573.0
2017-11-09,0.845,0.845,0.849,0.838,3112.0
2017-11-10,0.846,0.843,0.85,0.84,3255.0
2017-11-13,0.848,0.843,0.848,0.84,1952.0
2017-11-14,0.847,0.854,0.863,0.847,11063.0
2017-11-15,0.854,0.848,0.854,0.844,1855.0
2017-11-16,0.845,0.846,0.859,0.835,2607.12
2017-11-17,0.843,0.828,0.843,0.82,2944.0
2017-11-20,0.828,0.828,0.828,0.81,808.0
2017-11-21,0.821,0.833,0.836,0.821,1129.0
2017-11-22,0.838,0.84,0.847,0.824,3504.0
2017-11-23,0.841,0.842,0.856,0.836,12852.0
2017-11-24,0.842,0.842,0.847,0.836,4273.0
2017-11-27,0.849,0.841,0.849,0.838,634.0
2017-11-28,0.837,0.84,0.846,0.835,1557.0
2017-11-29,0.84,0.848,0.85,0.837,2656.01
2017-11-30,0.848,0.848,0.85,0.844,1529.01
2017-12-01,0.849,0.844,0.849,0.841,1229.0
2017-12-04,0.844,0.849,0.85,0.833,1899.0
2017-12-05,0.849,0.84,0.849,0.831,1078.0
2017-12-06,0.832,0.838,0.839,0.827,1422.0
2017-12-07,0.831,0.829,0.839,0.829,1095.0
2017-12-08,0.823,0.837,0.837,0.823,1136.0
2017-12-11,0.84,0.835,0.84,0.822,1562.0
2017-12-12,0.835,0.827,0.838,0.826,1218.0
2017-12-13,0.826,0.835,0.835,0.826,1306.0
2017-12-14,0.826,0.834,0.834,0.826,1465.0
2017-12-15,0.821,0.824,0.835,0.821,1738.0
2017-12-18,0.82,0.83,0.831,0.82,1331.0
2017-12-19,0.822,0.83,0.834,0.822,794.0
2017-12-20,0.825,0.831,0.834,0.825,1451.0
2017-12-21,0.831,0.829,0.831,0.825,1319.0
2017-12-22,0.829,0.835,0.837,0.826,4805.0
2017-12-25,0.838,0.839,0.848,0.834,7373.0
2017-12-26,0.83,0.835,0.839,0.83,1243.0
2017-12-27,0.839,0.838,0.842,0.833,4760.0
2017-12-28,0.823,0.841,0.841,0.823,7268.0
2017-12-29,0.846,0.839,0.846,0.838,544.0
2018-01-02,0.835,0.868,0.868,0.835,6842.12
2018-01-03,0.87,0.864,0.87,0.855,4773.0
2018-01-04,0.867,0.884,0.948,0.864,12609.0
2018-01-05,0.887,0.885,0.891,0.875,4324.0
2018-01-08,0.884,0.913,0.918,0.88,11152.48
2018-01-09,0.914,0.912,0.919,0.9,12578.12
2018-01-10,0.899,0.911,0.929,0.899,4013.0
2018-01-11,0.918,0.908,0.918,0.899,3832.0
2018-01-12,0.902,0.904,0.91,0.898,1953.0
2018-01-15,0.904,0.888,0.904,0.882,3282.0
2018-01-16,0.88,0.888,0.889,0.876,4052.12
2018-01-17,0.888,0.89,0.908,0.876,1984.0
2018-01-18,0.9,0.9,0.902,0.884,1554.03
2018-01-19,0.906,0.895,0.906,0.893,3035.0
2018-01-22,0.9,0.893,0.9,0.885,9792.15
2018-01-23,0.895,0.908,0.908,0.888,4050.0
2018-01-24,0.908,0.916,0.917,0.903,3349.0
2018-01-25,0.918,0.918,0.938,0.918,5189.0
2018-01-26,0.918,0.925,0.926,0.911,2430.0
2018-01-29,0.922,0.932,0.951,0.922,8719.6
2018-01-30,0.939,0.936,0.947,0.923,4142.48
2018-01-31,0.927,0.925,0.927,0.902,2803.48
2018-02-01,0.92,0.918,0.948,0.901,5845.48
2018-02-02,0.908,0.958,0.958,0.903,6622.0
2018-02-05,0.941,0.966,0.977,0.937,7572.0
2018-02-06,0.96,0.93,0.96,0.916,6010.0
2018-02-07,0.93,0.938,0.999,0.93,7324.12
2018-02-08,0.93,0.915,0.93,0.89,2068.0
2018-02-09,0.909,0.877,0.909,0.83,8149.0
2018-02-12,0.854,0.859,0.86,0.842,4412.0
2018-02-13,0.86,0.85,0.862,0.842,1893.0
2018-02-14,0.853,0.844,0.853,0.83,1839.0
2018-02-22,0.844,0.85,0.854,0.844,1599.0
2018-02-23,0.854,0.863,0.866,0.85,3315.0
2018-02-26,0.863,0.869,0.874,0.86,4802.0
2018-02-27,0.878,0.847,0.878,0.847,4147.0
2018-02-28,0.847,0.843,0.847,0.831,2985.0
2018-03-01,0.834,0.842,0.844,0.834,2271.0
2018-03-02,0.841,0.84,0.841,0.832,3643.0
2018-03-05,0.84,0.84,0.842,0.831,1130.0
2018-03-06,0.84,0.845,0.846,0.822,6738.12
2018-03-07,0.846,0.837,0.846,0.836,3014.0
2018-03-08,0.837,0.836,0.842,0.832,1807.0
2018-03-09,0.836,0.836,0.838,0.826,3287.0
2018-03-12,0.847,0.841,0.847,0.836,7062.0
2018-03-13,0.84,0.834,0.84,0.833,4418.12
2018-03-14,0.833,0.838,0.839,0.83,3130.0
2018-03-15,0.825,0.834,0.837,0.825,1909.0
2018-03-16,0.83,0.835,0.836,0.828,2662.0
2018-03-19,0.838,0.832,0.838,0.831,1973.0
2018-03-20,0.83,0.835,0.835,0.824,4275.0
2018-03-21,0.83,0.834,0.836,0.828,8042.0
2018-03-22,0.837,0.836,0.841,0.831,982.03
2018-03-23,0.83,0.809,0.838,0.803,7111.73
2018-03-26,0.809,0.794,0.817,0.788,4471.0
2018-03-27,0.805,0.799,0.805,0.789,7902.03
2018-03-28,0.799,0.769,0.799,0.769,9724.0
2018-03-29,0.769,0.783,0.79,0.76,7854.0
2018-03-30,0.785,0.783,0.785,0.771,4181.92
2018-04-02,0.782,0.786,0.79,0.782,5392.0
2018-04-03,0.785,0.774,0.785,0.77,3411.0
2018-04-04,0.775,0.779,0.784,0.774,2955.0
2018-04-09,0.78,0.791,0.791,0.78,2237.92
2018-04-10,0.791,0.797,0.798,0.789,2276.16
2018-04-11,0.797,0.787,0.797,0.783,13571.92
2018-04-12,0.787,0.78,0.787,0.776,6878.0
2018-04-13,0.786,0.78,0.786,0.779,5328.0
2018-04-16,0.78,0.772,0.784,0.772,3001.0
2018-04-17,0.775,0.768,0.775,0.768,3578.0
2018-04-18,0.772,0.767,0.774,0.761,4180.16
2018-04-19,0.767,0.777,0.777,0.767,4311.0
2018-04-20,0.776,0.773,0.776,0.769,2594.0
2018-04-23,0.772,0.765,0.775,0.76,2071.0
2018-04-24,0.765,0.779,0.781,0.765,2954.0
2018-04-25,0.779,0.776,0.779,0.768,1913.0
2018-04-26,0.775,0.771,0.775,0.77,1204.08
2018-04-27,0.771,0.772,0.773,0.768,1641.0
2018-05-02,0.776,0.77,0.776,0.762,998.0
2018-05-03,0.77,0.768,0.772,0.76,2648.0
2018-05-04,0.767,0.767,0.769,0.765,1356.0
2018-05-07,0.77,0.783,0.783,0.77,6334.0
2018-05-08,0.785,0.786,0.787,0.784,6995.0
2018-05-09,0.786,0.79,0.797,0.786,4557.0
2018-05-10,0.795,0.808,0.808,0.795,12975.0
2018-05-11,0.802,0.804,0.807,0.795,6745.04
2018-05-14,0.798,0.798,0.802,0.797,2513.8
2018-05-15,0.795,0.796,0.799,0.793,1825.0
2018-05-16,0.793,0.787,0.793,0.787,6805.0
2018-05-17,0.794,0.791,0.795,0.79,2590.8
2018-05-18,0.794,0.838,0.838,0.79,17686.12
2018-05-21,0.836,0.833,0.836,0.82,16433.0
2018-05-22,0.831,0.825,0.834,0.823,9631.8
2018-05-23,0.824,0.814,0.824,0.81,6079.84
2018-05-24,0.811,0.811,0.814,0.81,2978.0
2018-05-25,0.813,0.805,0.813,0.799,3614.0
2018-05-28,0.8,0.797,0.803,0.79,6776.0
2018-05-29,0.797,0.805,0.805,0.792,1652.04
2018-05-30,0.795,0.788,0.804,0.783,2739.0
2018-05-31,0.791,0.789,0.804,0.788,1503.0
2018-06-01,0.79,0.778,0.799,0.777,4611.0
2018-06-04,0.777,0.777,0.787,0.775,2075.0
2018-06-05,0.777,0.789,0.798,0.772,8443.0
2018-06-06,0.78,0.785,0.785,0.757,3133.0
2018-06-07,0.776,0.776,0.782,0.77,4198.0
2018-06-08,0.776,0.767,0.776,0.763,1518.0
2018-06-11,0.763,0.757,0.767,0.756,3092.0
2018-06-12,0.769,0.767,0.769,0.757,3118.0
2018-06-13,0.764,0.758,0.766,0.758,1888.01
2018-06-14,0.762,0.765,0.767,0.759,2042.0
2018-06-15,0.766,0.762,0.769,0.762,1860.0
2018-06-19,0.762,0.74,0.762,0.73,7351.92
2018-06-20,0.738,0.739,0.739,0.726,4055.92
2018-06-21,0.74,0.738,0.748,0.722,5223.0
2018-06-22,0.735,0.739,0.739,0.724,1317.93
2018-06-25,0.748,0.747,0.748,0.735,2315.82
2018-06-26,0.74,0.729,0.74,0.716,3009.93
2018-06-27,0.735,0.735,0.738,0.729,4357.0
2018-06-28,0.735,0.738,0.741,0.734,1328.0
2018-06-29,0.738,0.745,0.748,0.729,4255.0
2018-07-02,0.745,0.719,0.745,0.719,2921.0
2018-07-03,0.717,0.728,0.73,0.717,1544.0
2018-07-04,0.726,0.725,0.727,0.72,288.0
2018-07-05,0.72,0.708,0.725,0.7,3317.04
2018-07-06,0.71,0.709,0.716,0.703,1790.0
2018-07-09,0.705,0.725,0.725,0.704,754.0
2018-07-10,0.721,0.725,0.725,0.714,1038.0
2018-07-11,0.72,0.718,0.72,0.711,699.0
2018-07-12,0.715,0.722,0.723,0.711,1722.0
2018-07-13,0.713,0.723,0.723,0.711,1827.0
2018-07-16,0.715,0.717,0.722,0.715,127.0
2018-07-17,0.72,0.715,0.724,0.712,1463.0
2018-07-18,0.721,0.712,0.722,0.712,1432.12
2018-07-19,0.72,0.717,0.72,0.713,828.0
2018-07-20,0.713,0.718,0.719,0.71,1101.0
2018-07-23,0.714,0.726,0.729,0.713,2107.0
2018-07-24,0.726,0.735,0.74,0.726,1564.0
2018-07-25,0.737,0.736,0.74,0.734,1264.0
2018-07-26,0.737,0.734,0.743,0.73,376.0
2018-07-27,0.738,0.738,0.738,0.731,803.0
2018-07-30,0.738,0.734,0.741,0.734,1300.0
2018-07-31,0.738,0.744,0.744,0.731,1869.12
2018-08-01,0.744,0.728,0.744,0.718,1589.0
2018-08-02,0.72,0.716,0.72,0.705,1335.0
2018-08-03,0.724,0.718,0.724,0.709,1227.0
2018-08-06,0.718,0.716,0.718,0.708,454.0
2018-08-07,0.715,0.759,0.761,0.715,7628.25
2018-08-08,0.742,0.743,0.758,0.74,5289.2
2018-08-09,0.74,0.74,0.748,0.731,3588.2
2018-08-10,0.74,0.74,0.742,0.738,2528.2
2018-08-13,0.74,0.738,0.74,0.731,455.0
2018-08-14,0.74,0.745,0.746,0.739,1361.0
2018-08-15,0.748,0.732,0.748,0.73,987.0
2018-08-16,0.73,0.726,0.73,0.721,310.0
2018-08-17,0.723,0.721,0.729,0.72,1712.0
2018-08-20,0.72,0.722,0.738,0.718,736.2
2018-08-21,0.725,0.73,0.735,0.724,2900.0
2018-08-22,0.732,0.731,0.735,0.73,652.0
2018-08-23,0.737,0.738,0.738,0.728,915.0
2018-08-24,0.734,0.73,0.738,0.721,1735.0
2018-08-27,0.732,0.744,0.748,0.732,2607.8
2018-08-28,0.744,0.743,0.75,0.742,1478.0
2018-08-29,0.742,0.742,0.75,0.741,794.0
2018-08-30,0.744,0.745,0.752,0.742,640.0
2018-08-31,0.742,0.734,0.742,0.73,1751.0
2018-09-03,0.73,0.735,0.736,0.726,683.0
2018-09-04,0.734,0.741,0.741,0.731,827.0
2018-09-05,0.743,0.735,0.743,0.735,301.0
2018-09-06,0.731,0.731,0.737,0.731,847.0
2018-09-07,0.731,0.745,0.748,0.731,1494.0
2018-09-10,0.752,0.736,0.752,0.736,2021.8
2018-09-11,0.744,0.736,0.744,0.735,236.0
2018-09-12,0.737,0.74,0.745,0.737,1546.8
2018-09-13,0.754,0.746,0.754,0.741,2399.0
2018-09-14,0.75,0.756,0.757,0.749,1995.0
2018-09-17,0.755,0.751,0.755,0.745,478.0
2018-09-18,0.755,0.758,0.758,0.749,1377.0
2018-09-19,0.759,0.774,0.775,0.759,6520.0
2018-09-20,0.77,0.776,0.776,0.77,2267.0
2018-09-21,0.773,0.787,0.787,0.765,5130.2
2018-09-25,0.786,0.789,0.796,0.784,2283.0
2018-09-26,0.789,0.798,0.801,0.789,5698.0
2018-09-27,0.799,0.797,0.8,0.79,4006.0
2018-09-28,0.807,0.803,0.807,0.794,3343.0
2018-10-08,0.792,0.795,0.805,0.785,2573.0
2018-10-09,0.785,0.797,0.801,0.785,1492.0
2018-10-10,0.8,0.804,0.805,0.795,3124.0
2018-10-11,0.799,0.774,0.799,0.77,3718.0
2018-10-12,0.765,0.779,0.788,0.75,2001.77
2018-10-15,0.774,0.77,0.778,0.762,1707.0
2018-10-16,0.756,0.776,0.783,0.756,3832.77
2018-10-17,0.776,0.783,0.784,0.77,1740.0
2018-10-18,0.77,0.738,0.77,0.712,4007.77
2018-10-19,0.735,0.737,0.738,0.714,1857.77
2018-10-22,0.736,0.756,0.764,0.728,1405.0
2018-10-23,0.75,0.742,0.76,0.742,1712.0
2018-10-24,0.74,0.747,0.75,0.725,756.77
2018-10-25,0.73,0.747,0.747,0.725,888.0
2018-10-26,0.747,0.762,0.799,0.747,1354.8
2018-10-29,0.757,0.77,0.773,0.757,799.0
2018-10-30,0.767,0.736,0.777,0.731,3595.0
2018-10-31,0.747,0.739,0.747,0.728,3511.0
2018-11-01,0.739,0.738,0.745,0.732,3508.0
2018-11-02,0.738,0.75,0.75,0.737,5775.0
2018-11-05,0.743,0.752,0.752,0.743,4876.0
2018-11-06,0.752,0.766,0.768,0.746,2181.04
2018-11-07,0.764,0.748,0.776,0.743,4852.0
2018-11-08,0.749,0.753,0.756,0.74,3381.0
2018-11-09,0.741,0.74,0.75,0.734,3494.0
2018-11-12,0.74,0.741,0.741,0.731,6511.0
2018-11-13,0.737,0.742,0.745,0.726,7872.0
2018-11-14,0.73,0.731,0.737,0.727,8754.0
2018-11-15,0.734,0.736,0.738,0.732,4050.0
2018-11-16,0.737,0.73,0.738,0.73,5471.0
2018-11-19,0.727,0.736,0.738,0.727,2757.0
2018-11-20,0.736,0.732,0.737,0.726,3546.0
2018-11-21,0.732,0.721,0.732,0.718,2922.0
2018-11-22,0.724,0.725,0.729,0.721,797.0
2018-11-23,0.718,0.711,0.726,0.701,11860.05
2018-11-26,0.702,0.7,0.71,0.7,4137.04
2018-11-27,0.702,0.701,0.709,0.693,3279.0
2018-11-28,0.693,0.703,0.704,0.693,2551.0
2018-11-29,0.703,0.688,0.703,0.688,7484.0
2018-11-30,0.688,0.691,0.695,0.688,2202.0
2018-12-03,0.7,0.708,0.71,0.694,7465.0
2018-12-04,0.708,0.712,0.713,0.702,4514.8
2018-12-05,0.703,0.704,0.707,0.702,1382.0
2018-12-06,0.701,0.691,0.701,0.691,4017.0
2018-12-07,0.692,0.695,0.701,0.69,2798.0
2018-12-10,0.697,0.694,0.706,0.691,2328.0
2018-12-11,0.704,0.696,0.704,0.691,723.0
2018-12-12,0.7,0.698,0.7,0.694,810.0
2018-12-13,0.698,0.703,0.707,0.698,4012.0
2018-12-14,0.705,0.703,0.705,0.698,1130.0
2018-12-17,0.702,0.7,0.702,0.692,963.0
2018-12-18,0.692,0.694,0.699,0.692,771.0
2018-12-19,0.7,0.685,0.7,0.676,3599.0
2018-12-20,0.685,0.685,0.685,0.666,3264.0
2018-12-21,0.673,0.668,0.68,0.667,2174.0
2018-12-24,0.667,0.672,0.678,0.666,1229.0
2018-12-25,0.67,0.664,0.67,0.656,1466.0
2018-12-26,0.664,0.664,0.665,0.66,861.0
2018-12-27,0.675,0.657,0.68,0.656,2616.0
2018-12-28,0.652,0.649,0.67,0.648,5197.0
2019-01-02,0.643,0.632,0.652,0.63,2729.0
2019-01-03,0.632,0.627,0.634,0.625,1369.0
2019-01-04,0.626,0.64,0.64,0.626,2087.0
2019-01-07,0.643,0.645,0.646,0.635,3499.0
2019-01-08,0.642,0.649,0.65,0.642,1145.0
2019-01-09,0.653,0.653,0.67,0.652,4835.8
2019-01-10,0.668,0.657,0.668,0.652,1127.0
2019-01-11,0.658,0.657,0.658,0.652,800.0
2019-01-14,0.659,0.658,0.664,0.656,1535.0
2019-01-15,0.659,0.658,0.663,0.656,13813.0
2019-01-16,0.665,0.663,0.665,0.659,2411.0
2019-01-17,0.665,0.669,0.672,0.662,4288.0
2019-01-18,0.659,0.674,0.678,0.659,3254.0
2019-01-21,0.675,0.683,0.683,0.673,2980.04
2019-01-22,0.683,0.675,0.683,0.673,6073.0
2019-01-23,0.678,0.674,0.678,0.673,873.0
2019-01-24,0.67,0.671,0.674,0.661,1155.0
2019-01-25,0.666,0.671,0.674,0.666,782.04
2019-01-28,0.67,0.677,0.68,0.67,2290.0
2019-01-29,0.667,0.673,0.673,0.665,580.0
2019-01-30,0.673,0.672,0.673,0.672,201.0
2019-01-31,0.665,0.671,0.675,0.665,264.0
2019-02-01,0.675,0.678,0.679,0.67,2086.0
2019-02-11,0.678,0.684,0.685,0.678,3043.0
2019-02-12,0.686,0.689,0.69,0.681,4400.0
2019-02-13,0.69,0.695,0.7,0.69,3481.0
2019-02-14,0.695,0.692,0.703,0.69,2961.0
2019-02-15,0.694,0.69,0.695,0.683,1467.0
2019-02-18,0.69,0.705,0.707,0.69,7044.42
2019-02-19,0.701,0.703,0.706,0.7,3409.09
2019-02-20,0.698,0.704,0.706,0.698,4400.0
2019-02-21,0.7,0.705,0.711,0.7,5073.0
2019-02-22,0.705,0.707,0.707,0.69,9090.47
2019-02-25,0.708,0.742,0.742,0.708,15197.38
2019-02-26,0.75,0.766,0.788,0.74,21414.76
2019-02-27,0.766,0.777,0.787,0.764,12846.89
2019-02-28,0.78,0.766,0.782,0.764,10286.0
2019-03-01,0.763,0.749,0.763,0.73,34122.09
2019-03-04,0.748,0.751,0.767,0.744,36943.0
2019-03-05,0.75,0.752,0.755,0.745,14011.0
2019-03-06,0.752,0.758,0.765,0.748,26486.89
2019-03-07,0.758,0.76,0.773,0.75,25936.35
2019-03-08,0.75,0.729,0.75,0.729,11552.0
2019-03-11,0.739,0.738,0.739,0.721,9574.77
2019-03-12,0.739,0.744,0.749,0.733,14985.0
2019-03-13,0.745,0.734,0.746,0.733,7305.0
2019-03-14,0.744,0.728,0.744,0.725,5622.77
2019-03-15,0.734,0.738,0.74,0.729,6889.0
2019-03-18,0.743,0.76,0.76,0.741,16147.92
2019-03-19,0.76,0.765,0.777,0.753,16331.8
2019-03-20,0.765,0.761,0.767,0.75,7021.8
2019-03-21,0.763,0.763,0.767,0.751,11569.8
2019-03-22,0.762,0.758,0.762,0.751,7795.92
2019-03-25,0.751,0.747,0.751,0.741,12199.8
2019-03-26,0.747,0.731,0.75,0.729,6490.0
2019-03-27,0.73,0.738,0.739,0.73,7672.0
2019-03-28,0.736,0.734,0.74,0.731,4513.0
2019-03-29,0.734,0.751,0.752,0.734,9247.0
2019-04-01,0.752,0.778,0.779,0.752,20825.0
2019-04-02,0.788,0.785,0.8,0.775,11994.92
2019-04-03,0.78,0.789,0.789,0.78,10810.0
2019-04-04,0.79,0.809,0.812,0.788,19920.5
2019-04-08,0.815,0.818,0.834,0.8,15838.0
2019-04-09,0.818,0.818,0.82,0.81,8323.0
2019-04-10,0.818,0.814,0.819,0.803,5435.0
2019-04-11,0.811,0.8,0.814,0.8,2034.0
2019-04-12,0.796,0.791,0.8,0.785,5406.0
2019-04-15,0.798,0.797,0.808,0.796,5073.0
2019-04-16,0.793,0.81,0.818,0.787,10673.12
2019-04-17,0.81,0.821,0.833,0.81,8888.72
2019-04-18,0.824,0.824,0.845,0.82,6267.0
2019-04-19,0.826,0.832,0.838,0.808,5865.0
2019-04-22,0.832,0.825,0.836,0.822,5069.0
2019-04-23,0.825,0.819,0.833,0.818,2751.0
2019-04-24,0.814,0.815,0.818,0.802,4957.0
2019-04-25,0.814,0.792,0.814,0.79,4049.0
2019-04-26,0.793,0.771,0.793,0.769,4853.0
2019-04-29,0.77,0.772,0.786,0.761,5113.0
2019-04-30,0.771,0.77,0.771,0.757,2454.0
2019-05-06,0.761,0.727,0.761,0.725,8622.93
2019-05-07,0.748,0.735,0.748,0.705,3409.0
2019-05-08,0.736,0.729,0.736,0.712,1110.0
2019-05-09,0.721,0.718,0.731,0.718,1010.0
2019-05-10,0.718,0.732,0.735,0.716,4463.0
2019-05-13,0.723,0.734,0.735,0.712,2465.0
2019-05-14,0.73,0.73,0.733,0.72,787.0
2019-05-15,0.732,0.745,0.745,0.73,1706.36
2019-05-16,0.745,0.745,0.745,0.734,3726.52
2019-05-17,0.746,0.739,0.746,0.732,4733.52
2019-05-20,0.731,0.734,0.746,0.721,2019.0
2019-05-21,0.725,0.731,0.736,0.725,1555.0
2019-05-22,0.73,0.723,0.735,0.72,1376.9
2019-05-23,0.72,0.717,0.724,0.713,5776.0
2019-05-24,0.715,0.716,0.719,0.71,2671.9
2019-05-27,0.711,0.721,0.724,0.71,4000.0
2019-05-28,0.72,0.723,0.724,0.72,1523.9
2019-05-29,0.718,0.723,0.723,0.718,1234.52
2019-05-30,0.723,0.725,0.727,0.718,1488.0
2019-05-31,0.727,0.722,0.727,0.721,1030.0
2019-06-03,0.716,0.72,0.725,0.708,3260.0
2019-06-04,0.711,0.711,0.716,0.707,1495.0
2019-06-05,0.715,0.711,0.715,0.706,1376.0
2019-06-06,0.706,0.707,0.708,0.7,584.0
2019-06-10,0.704,0.711,0.717,0.704,888.0
2019-06-11,0.71,0.724,0.725,0.71,2183.0
2019-06-12,0.719,0.728,0.728,0.719,1786.0
2019-06-13,0.724,0.726,0.726,0.724,579.0
2019-06-14,0.726,0.724,0.726,0.724,884.0
2019-06-17,0.724,0.726,0.726,0.722,107.52
2019-06-18,0.724,0.728,0.728,0.72,111.0
2019-06-19,0.73,0.729,0.735,0.729,2021.0
2019-06-20,0.732,0.735,0.735,0.727,2071.0
2019-06-21,0.741,0.744,0.745,0.74,4155.0
2019-06-24,0.744,0.746,0.751,0.737,1455.0
2019-06-25,0.745,0.743,0.749,0.737,695.37
2019-06-26,0.745,0.738,0.749,0.738,875.0
2019-06-27,0.745,0.737,0.748,0.733,1384.0
2019-06-28,0.737,0.733,0.739,0.731,1094.0
2019-07-01,0.734,0.739,0.745,0.734,5621.0
2019-07-02,0.741,0.769,0.776,0.74,11686.38
2019-07-03,0.76,0.754,0.782,0.73,10156.48
2019-07-04,0.749,0.732,0.754,0.729,16961.0
2019-07-05,0.728,0.73,0.732,0.722,9205.01
2019-07-08,0.73,0.714,0.73,0.71,5277.48
2019-07-09,0.72,0.712,0.72,0.71,3478.0
2019-07-10,0.713,0.719,0.719,0.709,6095.0
2019-07-11,0.718,0.716,0.724,0.711,5329.0
2019-07-12,0.713,0.715,0.718,0.71,1162.0
2019-07-15,0.71,0.718,0.718,0.71,1080.0
2019-07-16,0.72,0.716,0.723,0.713,1334.0
2019-07-17,0.714,0.712,0.716,0.712,2134.0
2019-07-18,0.712,0.711,0.712,0.707,3543.0
2019-07-19,0.713,0.714,0.717,0.712,2179.0
2019-07-22,0.717,0.708,0.717,0.704,2135.48
2019-07-23,0.705,0.711,0.711,0.703,1590.0
2019-07-24,0.71,0.716,0.718,0.708,2709.0
2019-07-25,0.716,0.714,0.717,0.711,1535.0
2019-07-26,0.714,0.712,0.716,0.709,4856.0
2019-07-29,0.712,0.709,0.712,0.707,1467.0
2019-07-30,0.71,0.711,0.716,0.707,7465.0
2019-07-31,0.714,0.714,0.715,0.71,3998.0
2019-08-01,0.714,0.712,0.718,0.711,3433.0
2019-08-02,0.709,0.699,0.709,0.696,5597.0
2019-08-05,0.697,0.684,0.699,0.681,4243.0
2019-08-06,0.684,0.676,0.684,0.67,2377.0
2019-08-07,0.68,0.677,0.68,0.672,3785.0
2019-08-08,0.679,0.68,0.681,0.678,3401.0
2019-08-09,0.68,0.674,0.682,0.674,2417.0
2019-08-12,0.676,0.683,0.685,0.672,3066.53
2019-08-13,0.682,0.679,0.682,0.676,804.0
2019-08-14,0.685,0.68,0.688,0.679,3780.0
2019-08-15,0.678,0.678,0.678,0.666,4728.0
2019-08-16,0.674,0.679,0.683,0.671,1392.0
2019-08-19,0.68,0.688,0.689,0.678,7198.0
2019-08-20,0.689,0.681,0.693,0.681,7262.0
2019-08-21,0.682,0.686,0.688,0.682,3441.0
2019-08-22,0.687,0.681,0.687,0.675,3172.0
2019-08-23,0.675,0.681,0.684,0.675,2462.45
2019-08-26,0.677,0.677,0.681,0.672,3102.0
2019-08-27,0.677,0.689,0.692,0.676,5175.0
2019-08-28,0.682,0.687,0.694,0.682,4213.0
2019-08-29,0.689,0.686,0.693,0.682,4206.9
2019-08-30,0.72,0.688,0.72,0.687,5403.0
2019-09-02,0.675,0.694,0.701,0.675,9937.38
2019-09-03,0.691,0.698,0.698,0.691,3124.0
2019-09-04,0.698,0.701,0.709,0.692,4867.53
2019-09-05,0.707,0.71,0.713,0.707,9287.53
2019-09-06,0.71,0.712,0.716,0.706,5332.0
2019-09-09,0.717,0.722,0.722,0.71,6815.0
2019-09-10,0.717,0.746,0.752,0.717,16721.38
2019-09-11,0.746,0.741,0.746,0.732,9140.38
2019-09-12,0.745,0.734,0.75,0.724,19774.0
2019-09-16,0.775,0.762,0.784,0.75,43940.0
2019-09-17,0.763,0.743,0.775,0.734,21525.0
2019-09-18,0.728,0.715,0.728,0.711,38392.0
2019-09-19,0.718,0.714,0.718,0.711,12476.0
2019-09-20,0.713,0.715,0.718,0.711,14210.7
2019-09-23,0.722,0.715,0.722,0.712,8557.0
2019-09-24,0.715,0.712,0.715,0.71,9457.0
2019-09-25,0.711,0.704,0.711,0.701,8351.0
2019-09-26,0.709,0.694,0.709,0.691,9940.37
2019-09-27,0.694,0.695,0.698,0.692,1964.0
2019-09-30,0.696,0.694,0.702,0.692,4293.0
2019-10-08,0.694,0.7,0.702,0.693,5216.0
2019-10-09,0.695,0.699,0.699,0.691,5586.99
2019-10-10,0.702,0.698,0.702,0.694,5687.5
2019-10-11,0.698,0.712,0.713,0.697,7767.0
2019-10-14,0.712,0.712,0.716,0.708,12003.0
2019-10-15,0.71,0.709,0.715,0.707,3249.0
2019-10-16,0.706,0.708,0.712,0.705,3121.0
2019-10-17,0.716,0.708,0.716,0.708,5259.0
2019-10-18,0.705,0.698,0.709,0.696,5230.0
2019-10-21,0.698,0.686,0.705,0.685,13822.0
2019-10-22,0.686,0.688,0.69,0.685,5333.0
2019-10-23,0.691,0.683,0.691,0.683,4226.0
2019-10-24,0.684,0.684,0.686,0.682,3289.0
2019-10-25,0.685,0.688,0.689,0.682,1849.0
2019-10-28,0.689,0.691,0.699,0.682,5913.38
2019-10-29,0.686,0.688,0.694,0.686,3252.0
2019-10-30,0.685,0.684,0.686,0.681,1879.0
2019-10-31,0.682,0.681,0.687,0.68,3239.5
2019-11-01,0.687,0.683,0.688,0.679,4994.0
2019-11-04,0.686,0.687,0.689,0.682,18255.0
2019-11-05,0.685,0.688,0.689,0.682,9628.0
2019-11-06,0.688,0.685,0.689,0.683,6957.0
2019-11-07,0.683,0.683,0.686,0.681,1820.0
2019-11-08,0.688,0.682,0.688,0.681,4284.0
2019-11-11,0.681,0.671,0.684,0.665,20414.0
2019-11-12,0.671,0.669,0.671,0.664,4813.0
2019-11-13,0.668,0.665,0.67,0.663,3109.0
2019-11-14,0.666,0.661,0.666,0.658,6046.42
2019-11-15,0.662,0.653,0.663,0.653,11155.0
2019-11-18,0.651,0.658,0.658,0.651,9070.0
2019-11-19,0.657,0.667,0.667,0.656,9328.0
2019-11-20,0.663,0.665,0.67,0.661,9087.0
2019-11-21,0.663,0.664,0.666,0.66,5806.0
2019-11-22,0.664,0.669,0.671,0.664,10734.0
2019-11-25,0.67,0.692,0.692,0.67,33085.0
2019-11-26,0.691,0.687,0.692,0.681,18922.0
2019-11-27,0.687,0.683,0.687,0.68,11583.0
2019-11-28,0.683,0.676,0.683,0.672,9885.0
2019-11-29,0.674,0.674,0.678,0.674,6354.0
2019-12-02,0.674,0.674,0.678,0.671,6873.0
2019-12-03,0.671,0.676,0.676,0.671,7746.0
2019-12-04,0.676,0.676,0.677,0.674,7029.0
2019-12-05,0.677,0.676,0.68,0.671,23179.0
2019-12-06,0.675,0.678,0.678,0.671,35057.0
2019-12-09,0.678,0.679,0.68,0.673,15579.0
2019-12-10,0.679,0.678,0.679,0.675,14524.0
2019-12-11,0.677,0.68,0.682,0.673,27008.0
2019-12-12,0.68,0.676,0.681,0.674,15875.0
2019-12-13,0.68,0.681,0.683,0.673,33197.0
2019-12-16,0.684,0.69,0.69,0.678,28639.46
2019-12-17,0.689,0.697,0.698,0.686,60933.0
2019-12-18,0.697,0.692,0.697,0.69,32199.0
2019-12-19,0.691,0.694,0.696,0.69,21453.99
2019-12-20,0.694,0.696,0.704,0.693,56745.38
2019-12-23,0.688,0.688,0.695,0.687,21271.0
2019-12-24,0.688,0.694,0.695,0.686,17180.0
2019-12-25,0.694,0.692,0.699,0.683,46185.0
2019-12-26,0.687,0.698,0.698,0.687,18970.0
2019-12-27,0.696,0.698,0.709,0.694,58323.99
2019-12-30,0.701,0.708,0.708,0.697,41170.0
2019-12-31,0.71,0.712,0.712,0.705,46110.89
2020-01-02,0.714,0.715,0.722,0.714,68568.0
2020-01-03,0.716,0.726,0.73,0.713,68103.26
2020-01-06,0.74,0.744,0.746,0.728,143392.27
2020-01-07,0.733,0.738,0.743,0.73,65176.76
2020-01-08,0.745,0.732,0.748,0.725,94918.62
2020-01-09,0.721,0.726,0.727,0.717,57445.0
2020-01-10,0.723,0.719,0.727,0.712,68430.42
2020-01-13,0.719,0.719,0.719,0.71,31956.0
2020-01-14,0.719,0.719,0.723,0.717,41389.0
2020-01-15,0.717,0.711,0.717,0.708,40453.89
2020-01-16,0.711,0.706,0.711,0.705,27507.0
2020-01-17,0.708,0.705,0.712,0.705,29381.99
2020-01-20,0.708,0.708,0.71,0.703,42895.1
2020-01-21,0.708,0.697,0.708,0.695,70189.0
2020-01-22,0.694,0.697,0.698,0.686,38909.0
2020-01-23,0.692,0.678,0.695,0.672,73450.0
2020-02-03,0.64,0.61,0.64,0.61,79230.0
2020-02-04,0.6,0.629,0.629,0.598,47309.0
2020-02-05,0.63,0.639,0.64,0.624,26051.0
2020-02-06,0.639,0.643,0.644,0.633,34106.98
2020-02-07,0.644,0.638,0.644,0.633,26897.45
2020-02-10,0.638,0.645,0.645,0.633,25184.0
2020-02-11,0.643,0.65,0.652,0.641,35480.0
2020-02-12,0.65,0.653,0.655,0.645,35610.46
2020-02-13,0.657,0.649,0.657,0.649,30377.0
2020-02-14,0.648,0.652,0.654,0.642,33626.0
2020-02-17,0.652,0.666,0.666,0.652,56689.45
2020-02-18,0.667,0.659,0.67,0.656,70506.45
2020-02-19,0.658,0.653,0.661,0.65,71243.45
2020-02-20,0.66,0.661,0.661,0.652,86062.46
2020-02-21,0.661,0.667,0.67,0.66,190755.01
2020-02-24,0.664,0.66,0.664,0.654,104701.01
2020-02-25,0.651,0.644,0.651,0.637,113709.45
2020-02-26,0.64,0.65,0.651,0.627,90483.01
2020-02-27,0.65,0.648,0.651,0.644,40082.0
2020-02-28,0.642,0.622,0.642,0.62,97245.01
2020-03-02,0.622,0.64,0.641,0.622,116304.99
2020-03-03,0.648,0.648,0.652,0.642,61344.0
2020-03-04,0.646,0.648,0.648,0.64,40365.0
2020-03-05,0.652,0.664,0.665,0.649,123055.0
2020-03-06,0.65,0.654,0.659,0.648,105265.99
2020-03-09,0.636,0.638,0.642,0.631,80431.99
2020-03-10,0.634,0.642,0.642,0.621,83430.0
2020-03-11,0.64,0.632,0.641,0.63,56316.0
2020-03-12,0.624,0.618,0.629,0.614,82247.0
2020-03-13,0.593,0.606,0.611,0.591,109938.37
2020-03-16,0.606,0.602,0.614,0.599,59639.53
2020-03-17,0.6,0.595,0.606,0.588,66201.0
2020-03-18,0.596,0.581,0.598,0.581,73203.0
2020-03-19,0.583,0.571,0.586,0.559,61452.0
2020-03-20,0.573,0.58,0.58,0.573,43370.0
2020-03-23,0.573,0.562,0.573,0.56,51534.0
2020-03-24,0.578,0.575,0.578,0.565,28011.0
2020-03-25,0.584,0.585,0.585,0.579,46111.0
2020-03-26,0.585,0.58,0.585,0.578,32142.0
2020-03-27,0.583,0.58,0.585,0.578,24133.53
2020-03-30,0.573,0.574,0.577,0.57,35766.53
2020-03-31,0.574,0.574,0.58,0.572,19372.53
2020-04-01,0.574,0.573,0.576,0.57,34429.53
2020-04-02,0.573,0.589,0.591,0.568,64379.53
2020-04-03,0.59,0.584,0.594,0.58,69948.0
2020-04-07,0.592,0.589,0.592,0.585,84056.46
2020-04-08,0.587,0.586,0.587,0.582,59061.0
2020-04-09,0.592,0.587,0.592,0.586,47383.0
2020-04-10,0.587,0.581,0.587,0.58,36056.0
2020-04-13,0.583,0.58,0.584,0.579,26044.0
2020-04-14,0.58,0.586,0.586,0.579,40530.0
2020-04-15,0.582,0.583,0.584,0.58,33329.0
2020-04-16,0.582,0.582,0.583,0.578,28511.54
2020-04-17,0.582,0.584,0.585,0.58,55075.54
2020-04-20,0.582,0.586,0.587,0.581,36686.0
2020-04-21,0.582,0.574,0.583,0.572,61920.0
2020-04-22,0.57,0.573,0.574,0.565,50839.5
2020-04-23,0.574,0.578,0.581,0.573,51285.5
2020-04-24,0.578,0.574,0.58,0.571,27881.0
2020-04-27,0.574,0.569,0.574,0.566,35087.0
2020-04-28,0.573,0.56,0.573,0.554,60361.38
2020-04-29,0.555,0.563,0.563,0.555,29926.38
2020-04-30,0.563,0.573,0.579,0.562,94600.0
2020-05-06,0.574,0.574,0.576,0.566,115171.38
2020-05-07,0.572,0.57,0.572,0.568,43232.38
2020-05-08,0.572,0.574,0.576,0.57,94151.0
2020-05-11,0.574,0.578,0.579,0.573,64127.38
2020-05-12,0.577,0.575,0.577,0.572,43622.0
2020-05-13,0.574,0.573,0.574,0.57,36997.0
2020-05-14,0.57,0.567,0.571,0.565,49859.0
2020-05-15,0.57,0.569,0.573,0.567,50027.0
2020-05-18,0.572,0.57,0.573,0.569,59812.0
2020-05-19,0.575,0.576,0.58,0.575,86139.0
2020-05-20,0.573,0.571,0.576,0.57,101122.0
2020-05-21,0.572,0.571,0.575,0.571,27232.0
2020-05-22,0.57,0.562,0.573,0.559,64527.0
2020-05-25,0.563,0.559,0.563,0.555,65410.0
2020-05-26,0.559,0.562,0.563,0.559,25381.0
2020-05-27,0.563,0.563,0.563,0.559,22118.0
2020-05-28,0.563,0.563,0.565,0.559,19338.0
2020-05-29,0.56,0.558,0.562,0.558,21795.0
2020-06-01,0.558,0.569,0.569,0.558,63159.0
2020-06-02,0.568,0.569,0.569,0.564,42410.0
2020-06-03,0.57,0.575,0.579,0.569,93465.0
2020-06-04,0.574,0.57,0.576,0.568,57604.0
2020-06-05,0.57,0.568,0.57,0.565,56906.0
2020-06-08,0.571,0.574,0.575,0.571,77907.0
2020-06-09,0.575,0.578,0.578,0.573,50676.0
2020-06-10,0.578,0.573,0.578,0.571,59752.0
2020-06-11,0.571,0.568,0.573,0.566,91181.0
2020-06-12,0.56,0.562,0.563,0.557,84216.0
2020-06-15,0.559,0.557,0.562,0.557,41843.0
2020-06-16,0.56,0.562,0.562,0.559,27372.0
2020-06-17,0.563,0.564,0.565,0.562,36746.0
2020-06-18,0.564,0.572,0.573,0.562,103908.0
2020-06-19,0.572,0.574,0.574,0.567,99738.0
2020-06-22,0.574,0.57,0.575,0.569,131151.0
2020-06-23,0.572,0.567,0.572,0.565,74895.0
2020-06-24,0.567,0.568,0.569,0.566,53620.0
2020-06-29,0.567,0.56,0.567,0.559,118201.16
2020-06-30,0.562,0.563,0.564,0.56,70629.0
2020-07-01,0.564,0.569,0.57,0.561,113765.16
2020-07-02,0.569,0.586,0.586,0.567,380124.16
2020-07-03,0.587,0.608,0.612,0.586,558750.15
2020-07-06,0.618,0.656,0.663,0.616,1056749.7
2020-07-07,0.658,0.638,0.7,0.63,1143308.54
2020-07-08,0.635,0.641,0.645,0.623,915725.0
2020-07-09,0.642,0.655,0.661,0.635,1089380.16
2020-07-10,0.65,0.631,0.65,0.628,624169.0
2020-07-13,0.63,0.641,0.646,0.627,469606.99
2020-07-14,0.642,0.636,0.645,0.628,337333.0
2020-07-15,0.639,0.62,0.641,0.618,308445.0
2020-07-16,0.625,0.6,0.626,0.599,350751.0
2020-07-17,0.605,0.6,0.607,0.597,237118.89
2020-07-20,0.602,0.621,0.622,0.601,260731.43
2020-07-21,0.622,0.618,0.626,0.615,192107.0
2020-07-22,0.624,0.625,0.635,0.622,421292.43
2020-07-23,0.619,0.622,0.624,0.611,261723.94
2020-07-24,0.621,0.607,0.629,0.606,356062.0
2020-07-27,0.608,0.609,0.612,0.601,157116.0
2020-07-28,0.61,0.61,0.615,0.607,162516.0
2020-07-29,0.609,0.616,0.616,0.601,159437.9
2020-07-30,0.616,0.613,0.62,0.613,136669.0
2020-07-31,0.612,0.614,0.617,0.609,154501.5
2020-08-03,0.615,0.622,0.623,0.611,205495.0
2020-08-04,0.623,0.62,0.624,0.616,199602.0
2020-08-05,0.619,0.617,0.62,0.611,188298.54
2020-08-06,0.619,0.617,0.621,0.612,175540.38
2020-08-07,0.615,0.608,0.617,0.604,264870.0
2020-08-10,0.606,0.609,0.612,0.604,130256.0
2020-08-11,0.612,0.611,0.617,0.61,282986.9
2020-08-12,0.607,0.61,0.612,0.603,115218.9
2020-08-13,0.612,0.616,0.621,0.612,200018.9
2020-08-14,0.616,0.618,0.618,0.609,136453.9
2020-08-17,0.619,0.626,0.628,0.615,314551.38
2020-08-18,0.626,0.628,0.631,0.625,204292.38
2020-08-19,0.626,0.626,0.631,0.623,186109.0
2020-08-20,0.625,0.62,0.625,0.618,109537.39
2020-08-21,0.62,0.619,0.624,0.618,111015.39
2020-08-24,0.62,0.622,0.623,0.618,128618.38
2020-08-25,0.622,0.615,0.622,0.614,110867.0
2020-08-26,0.617,0.612,0.618,0.61,169341.0
2020-08-27,0.61,0.614,0.615,0.609,114336.9
2020-08-28,0.613,0.618,0.619,0.61,143585.9
2020-08-31,0.619,0.62,0.624,0.618,156730.0
2020-09-01,0.62,0.62,0.621,0.616,79261.0
2020-09-02,0.62,0.617,0.62,0.612,79080.0
2020-09-03,0.617,0.615,0.62,0.612,79541.0
2020-09-04,0.612,0.611,0.613,0.607,91705.0
2020-09-07,0.611,0.605,0.613,0.605,96615.0
2020-09-08,0.604,0.615,0.616,0.604,136601.54
2020-09-09,0.612,0.611,0.618,0.607,134063.0
2020-09-10,0.612,0.606,0.616,0.605,127754.0
2020-09-11,0.606,0.605,0.606,0.599,104284.0
2020-09-14,0.606,0.604,0.607,0.601,50622.0
2020-09-15,0.603,0.605,0.607,0.602,56780.0
2020-09-16,0.604,0.611,0.612,0.603,158854.0
2020-09-17,0.611,0.609,0.614,0.609,52980.0
2020-09-18,0.609,0.624,0.625,0.609,292924.9
2020-09-21,0.627,0.623,0.629,0.62,105865.9
2020-09-22,0.619,0.614,0.621,0.613,141713.0
2020-09-23,0.614,0.612,0.616,0.61,35021.0
2020-09-24,0.609,0.6,0.61,0.599,107652.0
2020-09-25,0.601,0.601,0.606,0.6,33838.0
2020-09-28,0.604,0.609,0.614,0.604,65930.0
2020-09-29,0.609,0.608,0.61,0.605,33421.0
2020-09-30,0.609,0.602,0.609,0.598,79124.0
2020-10-09,0.606,0.614,0.616,0.605,105290.0
2020-10-12,0.613,0.621,0.623,0.613,144788.9
2020-10-13,0.62,0.622,0.623,0.617,107739.39
2020-10-14,0.623,0.618,0.623,0.617,258775.0
2020-10-15,0.618,0.62,0.628,0.616,156138.0
2020-10-16,0.62,0.63,0.632,0.62,222738.0
2020-10-19,0.63,0.622,0.633,0.621,81613.0
2020-10-20,0.624,0.621,0.624,0.616,54202.0
2020-10-21,0.621,0.617,0.621,0.614,105493.0
2020-10-22,0.616,0.615,0.617,0.612,33236.0
2020-10-23,0.614,0.615,0.617,0.613,54514.0
2020-10-26,0.615,0.61,0.616,0.608,58112.0
2020-10-27,0.607,0.609,0.61,0.606,33952.0
2020-10-28,0.609,0.61,0.61,0.604,66178.0
2020-10-29,0.606,0.605,0.606,0.6,130146.0
2020-10-30,0.603,0.598,0.608,0.596,145994.0
2020-11-02,0.599,0.601,0.604,0.597,80958.83
2020-11-03,0.602,0.611,0.611,0.602,107584.38
2020-11-04,0.612,0.612,0.615,0.606,92417.0
2020-11-05,0.611,0.614,0.615,0.611,64219.0
2020-11-06,0.615,0.618,0.623,0.614,134846.0
2020-11-09,0.621,0.629,0.63,0.62,225474.0
2020-11-10,0.636,0.632,0.643,0.629,342499.0
2020-11-11,0.632,0.64,0.647,0.63,313484.0
2020-11-12,0.64,0.639,0.643,0.631,151390.0
2020-11-13,0.639,0.632,0.639,0.628,97922.0
2020-11-16,0.632,0.651,0.653,0.632,258269.0
2020-11-17,0.653,0.65,0.66,0.647,230337.0
2020-11-18,0.649,0.65,0.653,0.643,150879.0
2020-11-19,0.648,0.648,0.654,0.644,74169.0
2020-11-20,0.649,0.656,0.656,0.644,163979.0
2020-11-23,0.657,0.682,0.689,0.657,321307.99
2020-11-24,0.683,0.688,0.689,0.677,188277.0
2020-11-25,0.697,0.681,0.706,0.681,311119.99
2020-11-26,0.68,0.684,0.69,0.676,137934.0
2020-11-27,0.681,0.687,0.687,0.672,179094.0
2020-11-30,0.691,0.685,0.701,0.683,177207.0
2020-12-01,0.686,0.688,0.69,0.68,105380.0
2020-12-02,0.688,0.691,0.695,0.686,88072.16
2020-12-03,0.691,0.679,0.693,0.677,117299.0
2020-12-04,0.676,0.674,0.677,0.668,115854.0
2020-12-07,0.675,0.667,0.678,0.667,54091.0
2020-12-08,0.668,0.664,0.669,0.66,83740.0
2020-12-09,0.665,0.663,0.671,0.66,87684.0
2020-12-10,0.665,0.663,0.666,0.66,51055.96
2020-12-11,0.668,0.67,0.677,0.66,217601.0
2020-12-14,0.661,0.646,0.665,0.641,172088.0
2020-12-15,0.645,0.641,0.645,0.634,83575.0
2020-12-16,0.641,0.639,0.645,0.639,98458.0
2020-12-17,0.639,0.652,0.653,0.637,105961.0
2020-12-18,0.66,0.669,0.67,0.653,212159.0
2020-12-21,0.672,0.664,0.673,0.658,183486.0
2020-12-22,0.662,0.645,0.662,0.636,258577.0
2020-12-23,0.641,0.645,0.648,0.637,121328.0
2020-12-24,0.647,0.643,0.653,0.638,133125.0
2020-12-25,0.641,0.656,0.656,0.638,200057.0
2020-12-28,0.655,0.651,0.66,0.648,107728.0
2020-12-29,0.653,0.64,0.654,0.637,302506.0
2020-12-30,0.64,0.644,0.649,0.634,137621.0
2020-12-31,0.644,0.647,0.648,0.638,213167.0
2021-01-04,0.648,0.655,0.655,0.64,434357.0
2021-01-05,0.655,0.645,0.656,0.638,456008.0
2021-01-06,0.654,0.654,0.659,0.646,575335.0
2021-01-07,0.655,0.665,0.667,0.651,1217108.31
2021-01-08,0.665,0.667,0.672,0.66,736362.83
2021-01-11,0.668,0.654,0.669,0.649,688925.0
2021-01-12,0.654,0.662,0.662,0.648,400967.49
2021-01-13,0.662,0.67,0.676,0.66,671347.0
2021-01-14,0.67,0.666,0.673,0.661,431571.0
2021-01-15,0.665,0.672,0.678,0.665,606341.0
2021-01-18,0.67,0.675,0.676,0.663,410831.0
2021-01-19,0.675,0.675,0.687,0.672,492687.0
2021-01-20,0.676,0.675,0.679,0.67,297990.0
2021-01-21,0.676,0.68,0.685,0.675,385104.0
2021-01-22,0.679,0.669,0.681,0.664,380295.0
2021-01-25,0.668,0.66,0.668,0.656,373380.03
2021-01-26,0.659,0.658,0.667,0.656,290510.0
2021-01-27,0.66,0.664,0.672,0.66,300910.0
2021-01-28,0.661,0.646,0.663,0.64,354707.0
2021-01-29,0.646,0.637,0.652,0.631,227056.0
2021-02-01,0.636,0.644,0.644,0.63,140361.0
2021-02-02,0.644,0.644,0.646,0.639,120597.0
2021-02-03,0.644,0.645,0.649,0.642,164904.0
2021-02-04,0.646,0.647,0.652,0.638,210593.0
2021-02-05,0.649,0.633,0.65,0.632,203580.0
2021-02-08,0.633,0.647,0.651,0.633,201732.0
2021-02-09,0.648,0.661,0.662,0.648,216765.0
2021-02-10,0.66,0.662,0.664,0.654,166246.0
2021-02-18,0.691,0.7,0.705,0.69,844629.0
2021-02-19,0.694,0.713,0.719,0.693,496717.0
2021-02-22,0.714,0.737,0.756,0.714,1059925.33
2021-02-23,0.737,0.718,0.742,0.715,512623.99
2021-02-24,0.716,0.701,0.724,0.695,356356.0
2021-02-25,0.715,0.705,0.719,0.702,380136.0
2021-02-26,0.698,0.682,0.698,0.677,318238.0
2021-03-01,0.686,0.688,0.689,0.678,222781.0
2021-03-02,0.688,0.683,0.697,0.676,257172.0
2021-03-03,0.684,0.704,0.706,0.677,312916.0
2021-03-04,0.703,0.702,0.712,0.697,233025.0
2021-03-05,0.707,0.7,0.708,0.692,184781.0
2021-03-08,0.71,0.704,0.72,0.702,583570.07
2021-03-09,0.706,0.686,0.706,0.676,349328.0
2021-03-10,0.686,0.679,0.689,0.678,172806.0
2021-03-11,0.682,0.696,0.697,0.682,204923.0
2021-03-12,0.695,0.704,0.714,0.69,261197.0
2021-03-15,0.704,0.72,0.72,0.697,327678.0
2021-03-16,0.719,0.701,0.719,0.694,307305.0
2021-03-17,0.699,0.704,0.706,0.689,214513.0
2021-03-18,0.702,0.701,0.706,0.697,116471.0
2021-03-19,0.683,0.691,0.699,0.682,226312.0
2021-03-22,0.689,0.691,0.694,0.684,125307.0
2021-03-23,0.69,0.676,0.69,0.673,154690.0
2021-03-24,0.671,0.661,0.673,0.657,163720.0
2021-03-25,0.664,0.666,0.673,0.662,92845.0
2021-03-26,0.666,0.672,0.672,0.664,76124.16
2021-03-29,0.681,0.694,0.699,0.68,239240.0
2021-03-30,0.693,0.696,0.698,0.689,89204.0
2021-03-31,0.696,0.693,0.697,0.686,72303.0
2021-04-01,0.688,0.69,0.693,0.678,104932.0
2021-04-02,0.69,0.685,0.692,0.682,127861.0
2021-04-06,0.682,0.686,0.69,0.68,106585.0
2021-04-07,0.686,0.691,0.691,0.683,70230.0
2021-04-08,0.691,0.689,0.695,0.685,93972.0
2021-04-09,0.689,0.697,0.699,0.685,158754.0
2021-04-12,0.698,0.69,0.702,0.689,107088.0
2021-04-13,0.69,0.68,0.691,0.678,122556.0
2021-04-14,0.679,0.688,0.688,0.678,96902.0
2021-04-15,0.69,0.693,0.694,0.686,116192.0
2021-04-16,0.693,0.704,0.707,0.692,238861.0
2021-04-19,0.705,0.707,0.714,0.705,175282.0
2021-04-20,0.703,0.703,0.707,0.699,115518.0
2021-04-21,0.703,0.697,0.705,0.693,58722.0
2021-04-22,0.696,0.697,0.705,0.691,300064.54
2021-04-23,0.696,0.693,0.698,0.686,113008.0
2021-04-26,0.698,0.692,0.702,0.69,155406.88
2021-04-27,0.692,0.69,0.693,0.681,114799.88
2021-04-28,0.691,0.705,0.705,0.686,134030.0
2021-04-29,0.706,0.707,0.71,0.697,123759.0
2021-04-30,0.703,0.688,0.705,0.687,167262.0
2021-05-06,0.694,0.72,0.721,0.694,303383.0
2021-05-07,0.719,0.739,0.743,0.713,299300.0
2021-05-10,0.742,0.769,0.769,0.741,345025.16
2021-05-11,0.764,0.751,0.764,0.734,201128.0
2021-05-12,0.748,0.766,0.768,0.739,182510.88
2021-05-13,0.766,0.739,0.766,0.736,134047.0
2021-05-14,0.735,0.734,0.745,0.73,141196.0
2021-05-17,0.738,0.741,0.747,0.734,137749.0
2021-05-18,0.744,0.754,0.754,0.742,165607.0
2021-05-19,0.752,0.74,0.752,0.734,336633.33
2021-05-20,0.725,0.715,0.73,0.709,230836.0
2021-05-21,0.71,0.722,0.725,0.71,134251.0
2021-05-24,0.719,0.721,0.727,0.718,73266.0
2021-05-25,0.725,0.73,0.732,0.714,141350.0
2021-05-26,0.731,0.73,0.731,0.721,118099.0
2021-05-27,0.728,0.737,0.738,0.727,143621.0
2021-05-28,0.739,0.734,0.743,0.73,89270.0
2021-05-31,0.735,0.734,0.74,0.73,74366.0
2021-06-01,0.734,0.752,0.754,0.726,390457.0
2021-06-02,0.752,0.754,0.759,0.746,208288.0
2021-06-03,0.757,0.759,0.768,0.756,253201.0
2021-06-04,0.754,0.754,0.757,0.739,159245.0
2021-06-07,0.756,0.762,0.77,0.756,109977.88
2021-06-08,0.765,0.754,0.765,0.743,91785.16
2021-06-09,0.757,0.781,0.785,0.756,276972.8
2021-06-10,0.781,0.779,0.784,0.772,104373.8
2021-06-11,0.792,0.785,0.795,0.78,192062.0
2021-06-15,0.791,0.784,0.8,0.774,132159.04
2021-06-16,0.786,0.78,0.798,0.78,197786.04
2021-06-17,0.78,0.779,0.786,0.764,139947.0
2021-06-18,0.769,0.765,0.773,0.759,110979.0
2021-06-21,0.764,0.754,0.764,0.75,102548.0
2021-06-22,0.763,0.77,0.775,0.763,222345.0
2021-06-23,0.772,0.786,0.787,0.764,183971.0
2021-06-24,0.788,0.785,0.795,0.776,97336.0
2021-06-25,0.788,0.803,0.803,0.788,133495.0
2021-06-28,0.794,0.784,0.796,0.78,229763.0
2021-06-29,0.78,0.767,0.78,0.766,170767.0
2021-06-30,0.768,0.771,0.776,0.766,72965.0
2021-07-01,0.772,0.76,0.775,0.758,81537.0
2021-07-02,0.762,0.759,0.771,0.756,138142.0
2021-07-05,0.758,0.768,0.771,0.753,139333.0
2021-07-06,0.771,0.776,0.776,0.768,105683.0
2021-07-07,0.769,0.766,0.769,0.756,111384.0
2021-07-08,0.766,0.742,0.766,0.741,276956.0
2021-07-09,0.743,0.752,0.752,0.737,113403.0
2021-07-12,0.752,0.746,0.758,0.742,166654.0
2021-07-13,0.745,0.761,0.761,0.74,170089.0
2021-07-14,0.76,0.761,0.774,0.759,130778.0
2021-07-15,0.756,0.764,0.766,0.749,106692.0
2021-07-16,0.762,0.769,0.775,0.761,127839.0
2021-07-19,0.766,0.767,0.779,0.763,120056.69
2021-07-20,0.757,0.768,0.768,0.745,95636.0
2021-07-21,0.767,0.766,0.769,0.759,92441.0
2021-07-22,0.771,0.777,0.781,0.766,137100.0
2021-07-23,0.781,0.784,0.796,0.774,172410.0
2021-07-26,0.784,0.765,0.784,0.758,145198.0
2021-07-27,0.766,0.76,0.785,0.758,145073.0
2021-07-28,0.76,0.753,0.764,0.743,93864.0
2021-07-29,0.77,0.76,0.77,0.749,103792.0
2021-07-30,0.763,0.772,0.773,0.754,106628.0
2021-08-02,0.762,0.763,0.764,0.741,138273.0
2021-08-03,0.762,0.745,0.762,0.743,114389.0
2021-08-04,0.745,0.764,0.767,0.744,131287.0
2021-08-05,0.763,0.768,0.779,0.756,94920.0
2021-08-06,0.77,0.784,0.789,0.766,145470.0
2021-08-09,0.785,0.789,0.792,0.782,105737.0
2021-08-10,0.789,0.79,0.795,0.783,100862.0
2021-08-11,0.794,0.816,0.817,0.792,183730.0
2021-08-12,0.819,0.819,0.825,0.808,151303.0
2021-08-13,0.819,0.821,0.829,0.813,112688.0
2021-08-16,0.821,0.837,0.844,0.821,166736.0
2021-08-17,0.833,0.805,0.833,0.804,158285.0
2021-08-18,0.802,0.805,0.811,0.799,107437.0
2021-08-19,0.801,0.791,0.801,0.786,110644.0
2021-08-20,0.785,0.782,0.791,0.775,78912.0
2021-08-23,0.788,0.806,0.808,0.788,130204.0
2021-08-24,0.817,0.815,0.823,0.811,117406.0
2021-08-25,0.814,0.832,0.834,0.811,109553.0
2021-08-26,0.833,0.859,0.862,0.83,136460.7
2021-08-27,0.841,0.857,0.865,0.837,110617.0
2021-08-30,0.865,0.89,0.89,0.862,134957.0
2021-08-31,0.89,0.932,0.942,0.88,387059.0
2021-09-01,0.939,0.916,0.95,0.901,720162.0
2021-09-02,0.911,0.954,0.955,0.911,259402.52
2021-09-03,0.948,0.933,0.952,0.926,654448.0
2021-09-06,0.951,0.967,0.967,0.94,469144.01
2021-09-07,0.968,0.993,1.0,0.958,231592.0
2021-09-08,0.986,1.008,1.025,0.975,239777.0
2021-09-09,1.009,1.066,1.08,1.009,733782.01
2021-09-10,1.053,1.027,1.07,1.023,559064.0
2021-09-13,1.027,1.088,1.093,1.023,449606.45
2021-09-14,1.072,1.072,1.109,1.046,412081.0
2021-09-15,1.06,1.08,1.095,1.05,278955.39
2021-09-16,1.108,1.088,1.132,1.081,669881.14
2021-09-17,1.074,1.034,1.097,1.005,796609.0
2021-09-22,1.019,1.1,1.101,1.019,394710.99
2021-09-23,1.119,1.077,1.133,1.057,1067411.99
2021-09-24,1.062,1.023,1.069,1.015,555936.98
2021-09-27,1.033,1.008,1.043,0.999,436319.0
2021-09-28,1.021,1.069,1.074,1.021,627105.0
2021-09-29,1.047,1.012,1.066,0.997,799048.0
2021-09-30,1.003,1.024,1.026,0.994,410494.82
2021-10-08,1.052,1.014,1.073,0.996,467417.0
2021-10-11,1.015,1.024,1.027,0.998,400634.0
2021-10-12,1.024,0.995,1.049,0.98,468993.0
2021-10-13,0.988,0.951,0.994,0.929,430195.0
2021-10-14,0.937,0.949,0.957,0.906,281114.0
2021-10-15,0.95,0.982,0.984,0.941,447642.0
2021-10-18,0.986,1.03,1.032,0.983,463451.99
2021-10-19,1.026,1.027,1.048,1.009,373311.0
2021-10-20,0.966,0.976,0.98,0.95,411895.0
2021-10-21,0.97,1.01,1.023,0.97,402701.99
2021-10-22,1.0,0.963,1.006,0.955,493115.0
2021-10-25,0.963,0.985,0.992,0.954,395039.0
2021-10-26,0.985,0.982,0.996,0.976,249185.0
2021-10-27,0.968,0.951,0.979,0.947,287298.0
2021-10-28,0.927,0.9,0.935,0.88,882099.0
2021-10-29,0.895,0.892,0.902,0.88,204541.0
2021-11-01,0.89,0.892,0.898,0.882,296452.0
2021-11-02,0.894,0.87,0.9,0.853,300861.0
2021-11-03,0.87,0.892,0.898,0.865,260340.0
2021-11-04,0.875,0.883,0.884,0.87,166780.0
2021-11-05,0.881,0.855,0.881,0.853,226863.0
2021-11-08,0.861,0.864,0.871,0.858,166052.0
2021-11-09,0.86,0.856,0.864,0.852,129731.0
2021-11-10,0.855,0.843,0.858,0.829,157805.0
2021-11-11,0.844,0.853,0.853,0.837,185697.0
2021-11-12,0.85,0.841,0.85,0.84,123173.0
2021-11-15,0.84,0.837,0.845,0.831,138875.0
2021-11-16,0.837,0.829,0.84,0.827,144485.0
2021-11-17,0.829,0.836,0.837,0.825,120623.0
2021-11-18,0.839,0.84,0.854,0.837,224072.0
2021-11-19,0.839,0.858,0.858,0.828,269363.0
2021-11-22,0.859,0.86,0.867,0.852,222869.0
2021-11-23,0.86,0.866,0.872,0.853,230045.0
2021-11-24,0.878,0.883,0.883,0.871,278153.0
2021-11-25,0.884,0.872,0.886,0.867,219718.28
2021-11-26,0.865,0.855,0.866,0.853,156988.0
2021-11-29,0.842,0.844,0.847,0.833,146980.0
2021-11-30,0.848,0.847,0.859,0.839,126139.0
2021-12-01,0.846,0.875,0.875,0.839,220822.0
2021-12-02,0.874,0.882,0.884,0.867,193725.0
2021-12-03,0.882,0.912,0.918,0.87,355685.0
2021-12-06,0.917,0.904,0.923,0.901,268339.0
2021-12-07,0.918,0.909,0.918,0.892,191358.0
2021-12-08,0.91,0.914,0.925,0.905,135128.99
2021-12-09,0.917,0.909,0.919,0.907,152825.0
2021-12-10,0.9,0.897,0.909,0.893,174065.0
2021-12-13,0.902,0.913,0.917,0.902,235901.0
2021-12-14,0.913,0.894,0.913,0.891,142790.0
2021-12-15,0.894,0.902,0.908,0.89,124787.0
2021-12-16,0.902,0.95,0.95,0.902,473612.0
2021-12-17,0.955,0.933,0.958,0.931,226142.0
2021-12-20,0.933,0.915,0.935,0.914,183786.0
2021-12-21,0.91,0.925,0.93,0.91,119713.0
2021-12-22,0.925,0.928,0.932,0.919,161595.0
2021-12-23,0.929,0.95,0.951,0.923,242465.0
2021-12-24,0.951,0.933,0.951,0.931,195827.0
2021-12-27,0.935,0.936,0.946,0.934,145680.0
2021-12-28,0.937,0.917,0.939,0.91,190416.0
2021-12-29,0.917,0.909,0.92,0.907,118089.0
2021-12-30,0.911,0.903,0.911,0.901,110627.0
2021-12-31,0.905,0.905,0.907,0.898,105477.0
2022-01-04,0.916,0.914,0.926,0.907,142781.99
2022-01-05,0.913,0.912,0.916,0.901,99482.0
2022-01-06,0.908,0.909,0.913,0.903,114449.0
2022-01-07,0.909,0.92,0.929,0.909,173533.0
2022-01-10,0.922,0.928,0.928,0.912,226214.0
2022-01-11,0.926,0.913,0.926,0.913,111230.0
2022-01-12,0.918,0.922,0.924,0.914,328507.0
2022-01-13,0.928,0.934,0.948,0.925,300457.0
2022-01-14,0.928,0.905,0.928,0.903,250732.0
2022-01-17,0.909,0.908,0.912,0.903,96594.88
2022-01-18,0.907,0.928,0.929,0.905,120736.0
2022-01-19,0.934,0.931,0.945,0.92,158963.0
2022-01-20,0.922,0.926,0.932,0.915,84486.0
2022-01-21,0.926,0.929,0.934,0.915,109338.0
2022-01-24,0.925,0.932,0.933,0.916,55536.0
2022-01-25,0.929,0.893,0.929,0.893,143336.0
2022-01-26,0.896,0.903,0.906,0.889,83213.0
2022-01-27,0.903,0.896,0.916,0.896,104617.0
2022-01-28,0.9,0.872,0.904,0.87,88102.0
2022-02-07,0.884,0.916,0.919,0.884,223433.0
2022-02-08,0.925,0.954,0.956,0.924,273208.0
2022-02-09,0.949,0.956,0.962,0.937,280498.0
2022-02-10,0.954,0.971,0.975,0.928,474106.0
2022-02-11,0.971,0.986,1.001,0.961,273870.0
2022-02-14,0.987,0.975,1.001,0.97,211800.0
2022-02-15,0.973,0.958,0.973,0.951,155819.0
2022-02-16,0.952,0.961,0.964,0.944,125570.0
2022-02-17,0.958,0.963,0.968,0.948,145776.0
2022-02-18,0.957,0.985,0.989,0.953,186055.0
2022-02-21,0.988,0.999,1.0,0.981,133640.0
2022-02-22,1.0,1.007,1.014,0.989,333878.0
2022-02-23,0.999,0.992,1.002,0.98,167249.0
2022-02-24,0.995,1.0,1.017,0.988,382280.0
2022-02-25,0.984,0.977,1.001,0.959,363259.0
2022-02-28,0.986,0.991,0.993,0.979,187779.0
2022-03-01,0.989,1.006,1.008,0.986,218484.0
2022-03-02,1.019,1.028,1.033,1.015,268692.0
2022-03-03,1.044,1.058,1.063,1.033,549612.19
2022-03-04,1.04,1.046,1.066,1.031,283310.0
2022-03-07,1.068,1.052,1.083,1.035,346214.0
2022-03-08,1.034,1.0,1.039,0.99,636200.0
2022-03-09,1.005,1.009,1.028,0.968,449379.0
2022-03-10,0.984,1.007,1.015,0.959,290370.0
2022-03-11,1.0,1.007,1.017,0.979,233176.0
2022-03-14,0.989,0.98,1.021,0.975,295438.0
2022-03-15,0.966,0.907,0.97,0.906,354202.0
2022-03-16,0.906,0.926,0.932,0.881,150768.0
2022-03-17,0.934,0.94,0.95,0.913,267902.11
2022-03-18,0.95,0.973,0.975,0.948,292408.0
2022-03-21,0.969,0.991,0.999,0.949,180704.0
2022-03-22,0.988,1.02,1.021,0.988,203840.36
2022-03-23,1.014,1.014,1.024,1.0,180690.36
2022-03-24,1.028,1.021,1.038,1.019,170697.0
2022-03-25,1.016,1.017,1.032,1.009,213697.0
2022-03-28,1.017,1.05,1.06,1.017,256056.01
2022-03-29,1.045,1.064,1.068,1.035,237967.01
2022-03-30,1.059,1.035,1.059,1.026,278205.19
2022-03-31,1.035,1.049,1.053,1.031,330246.0
2022-04-01,1.04,1.046,1.054,1.032,198321.0
2022-04-06,1.044,1.042,1.049,1.015,136318.0
2022-04-07,1.038,1.044,1.057,1.03,142023.0
2022-04-08,1.04,1.054,1.06,1.035,127495.0
2022-04-11,1.052,1.044,1.063,1.036,331543.0
2022-04-12,1.045,1.049,1.059,1.033,150747.0
2022-04-13,1.051,1.081,1.092,1.051,907929.0
2022-04-14,1.081,1.115,1.115,1.066,168514.0
2022-04-15,1.125,1.088,1.145,1.081,239255.0
2022-04-18,1.073,1.052,1.086,1.05,200521.0
2022-04-19,1.048,1.082,1.083,1.046,350130.0
2022-04-20,1.07,1.03,1.074,1.027,221038.0
2022-04-21,1.032,1.005,1.041,0.999,156822.0
2022-04-22,0.996,1.019,1.029,0.991,174510.0
2022-04-25,1.0,0.972,1.0,0.969,181029.0
2022-04-26,0.972,0.934,0.972,0.933,148551.0
2022-04-27,0.938,0.967,0.967,0.929,119144.0
2022-04-28,0.982,1.011,1.02,0.97,320310.0
2022-04-29,1.017,1.025,1.025,0.993,250903.0
2022-05-05,1.035,1.023,1.038,1.011,150600.0
2022-05-06,1.011,1.005,1.025,0.995,118231.0
2022-05-09,0.995,0.991,0.995,0.968,106114.0
2022-05-10,0.964,0.968,0.98,0.943,180631.0
2022-05-11,0.966,0.985,0.991,0.958,204275.0
2022-05-12,0.995,0.975,0.998,0.965,146347.0
2022-05-13,0.975,1.002,1.003,0.975,169919.0
2022-05-16,1.015,1.022,1.024,1.002,153730.0
2022-05-17,1.022,1.034,1.04,1.021,147960.0
2022-05-18,1.028,1.022,1.072,1.017,119188.0
2022-05-19,1.01,1.021,1.023,0.982,99310.0
2022-05-20,1.022,1.06,1.064,1.02,156390.0
2022-05-23,1.064,1.064,1.079,1.056,126493.0
2022-05-24,1.064,1.06,1.092,1.059,141306.0
2022-05-25,1.05,1.083,1.091,1.05,150094.0
2022-05-26,1.09,1.107,1.115,1.076,177194.0
2022-05-27,1.108,1.125,1.139,1.102,278974.0
2022-05-30,1.13,1.12,1.13,1.102,153015.0
2022-05-31,1.123,1.118,1.125,1.106,220602.0
2022-06-01,1.119,1.127,1.129,1.104,334936.0
2022-06-02,1.125,1.105,1.125,1.097,160049.0
2022-06-06,1.104,1.137,1.14,1.104,211872.0
2022-06-07,1.132,1.134,1.151,1.116,188208.0
2022-06-08,1.134,1.187,1.188,1.134,280923.0
2022-06-09,1.187,1.197,1.219,1.177,309513.0
2022-06-10,1.18,1.215,1.22,1.17,168971.0
2022-06-13,1.206,1.193,1.218,1.173,222304.0
2022-06-14,1.184,1.225,1.225,1.176,243082.0
2022-06-15,1.226,1.196,1.23,1.194,320535.0
2022-06-16,1.192,1.146,1.196,1.132,489442.0
2022-06-17,1.127,1.138,1.144,1.12,263417.0
2022-06-20,1.114,1.072,1.114,1.068,446113.0
2022-06-21,1.072,1.08,1.088,1.065,247803.0
2022-06-22,1.086,1.06,1.091,1.059,216860.0
2022-06-23,1.048,1.08,1.082,1.046,327533.0
2022-06-24,1.075,1.077,1.09,1.065,332382.0
2022-06-27,1.077,1.12,1.12,1.076,432846.0
2022-06-28,1.122,1.143,1.143,1.121,313472.0
2022-06-29,1.138,1.135,1.158,1.13,455080.0
2022-06-30,1.125,1.134,1.14,1.118,164793.0
2022-07-01,1.122,1.137,1.139,1.099,317357.0
2022-07-04,1.13,1.135,1.152,1.121,167357.0
2022-07-05,1.145,1.178,1.178,1.145,431839.0
2022-07-06,1.14,1.109,1.14,1.102,431428.0
2022-07-07,1.092,1.115,1.121,1.09,171752.0
2022-07-08,1.131,1.11,1.139,1.108,199789.0
2022-07-11,1.104,1.084,1.104,1.077,298416.0
2022-07-12,1.081,1.092,1.1,1.077,191785.0
2022-07-13,1.083,1.09,1.09,1.07,172924.0
2022-07-14,1.09,1.087,1.097,1.077,156160.0
2022-07-15,1.085,1.076,1.11,1.072,205160.0
2022-07-18,1.09,1.12,1.12,1.083,223475.0
2022-07-19,1.12,1.116,1.125,1.106,216025.0
2022-07-20,1.113,1.117,1.128,1.113,169014.0
2022-07-21,1.111,1.086,1.112,1.086,232421.0
2022-07-22,1.083,1.075,1.091,1.071,149355.0
2022-07-25,1.072,1.08,1.094,1.072,146683.0
2022-07-26,1.081,1.108,1.113,1.081,269338.0
2022-07-27,1.108,1.112,1.116,1.102,652960.0
2022-07-28,1.119,1.12,1.126,1.109,406278.0
2022-07-29,1.123,1.099,1.127,1.094,165433.0
2022-08-01,1.096,1.115,1.12,1.092,161849.0
2022-08-02,1.104,1.092,1.104,1.081,129618.0
2022-08-03,1.092,1.083,1.104,1.081,129846.0
2022-08-04,1.085,1.077,1.085,1.063,181594.0
2022-08-05,1.073,1.064,1.076,1.048,290332.0
2022-08-08,1.063,1.094,1.094,1.054,223957.0
2022-08-09,1.094,1.125,1.129,1.094,246898.0
2022-08-10,1.129,1.118,1.138,1.112,359280.0
2022-08-11,1.115,1.123,1.128,1.114,335947.0
2022-08-12,1.124,1.151,1.153,1.124,330470.0
2022-08-15,1.144,1.166,1.175,1.142,279459.0
2022-08-16,1.162,1.163,1.169,1.149,166314.0
2022-08-17,1.164,1.166,1.179,1.159,179543.0
2022-08-18,1.171,1.153,1.173,1.15,150517.0
2022-08-19,1.159,1.184,1.189,1.156,249234.0
2022-08-22,1.183,1.202,1.204,1.183,230435.0
2022-08-23,1.202,1.237,1.242,1.185,463265.0
2022-08-24,1.24,1.228,1.249,1.219,262538.0
2022-08-25,1.228,1.286,1.287,1.228,369771.0
2022-08-26,1.281,1.262,1.283,1.252,286748.0
2022-08-29,1.255,1.28,1.283,1.236,392023.0
2022-08-30,1.277,1.23,1.279,1.221,325770.0
2022-08-31,1.211,1.201,1.231,1.198,280501.0
2022-09-01,1.198,1.23,1.251,1.198,346459.0
2022-09-02,1.225,1.225,1.233,1.207,221264.0
2022-09-05,1.234,1.289,1.292,1.234,371301.0
2022-09-06,1.292,1.309,1.316,1.28,249757.0
2022-09-07,1.306,1.314,1.323,1.29,466108.0
2022-09-08,1.293,1.292,1.303,1.271,171265.0
2022-09-09,1.292,1.301,1.309,1.278,240163.0
2022-09-13,1.303,1.284,1.306,1.273,215651.0
2022-09-14,1.27,1.277,1.29,1.256,152857.0
2022-09-15,1.29,1.269,1.307,1.249,285273.0
2022-09-16,1.249,1.217,1.269,1.212,266444.0
2022-09-19,1.216,1.223,1.238,1.212,198434.0
2022-09-20,1.225,1.231,1.245,1.217,230912.0
2022-09-21,1.222,1.255,1.255,1.222,298741.0
2022-09-22,1.25,1.283,1.287,1.24,223233.0
2022-09-23,1.281,1.268,1.295,1.263,687306.0
2022-09-26,1.24,1.218,1.258,1.215,300962.0
2022-09-27,1.221,1.212,1.233,1.181,210579.0
2022-09-28,1.229,1.211,1.233,1.205,369834.0
2022-09-29,1.225,1.226,1.245,1.214,208418.0
2022-09-30,1.226,1.231,1.238,1.215,196503.0
2022-10-10,1.26,1.252,1.275,1.243,339669.0
2022-10-11,1.221,1.249,1.258,1.221,213564.0
2022-10-12,1.24,1.249,1.251,1.219,250509.0
2022-10-13,1.244,1.203,1.244,1.196,339588.0
2022-10-14,1.208,1.215,1.222,1.203,261040.0
2022-10-17,1.204,1.203,1.206,1.166,275474.0
2022-10-18,1.206,1.2,1.217,1.193,297068.0
2022-10-19,1.199,1.196,1.215,1.183,306803.0
2022-10-20,1.193,1.175,1.196,1.172,230427.0
2022-10-21,1.188,1.19,1.203,1.172,251304.0
2022-10-24,1.197,1.167,1.203,1.165,208108.0
2022-10-25,1.166,1.16,1.171,1.144,185974.0
2022-10-26,1.16,1.142,1.164,1.134,260561.0
2022-10-27,1.144,1.148,1.165,1.144,383194.0
2022-10-28,1.147,1.145,1.172,1.136,333808.0
2022-10-31,1.134,1.092,1.148,1.086,874779.0
2022-11-01,1.092,1.103,1.105,1.07,341386.0
2022-11-02,1.097,1.118,1.121,1.09,308034.0
2022-11-03,1.114,1.116,1.127,1.103,196388.0
2022-11-04,1.114,1.148,1.157,1.114,387929.0
2022-11-07,1.152,1.172,1.181,1.148,334831.0
2022-11-08,1.172,1.166,1.184,1.159,202239.0
2022-11-09,1.166,1.147,1.167,1.147,200976.0
2022-11-10,1.137,1.143,1.147,1.115,87500.0
2022-11-11,1.155,1.167,1.17,1.144,158206.0
2022-11-14,1.167,1.134,1.184,1.129,253714.0
2022-11-15,1.129,1.14,1.14,1.119,270308.0
2022-11-16,1.14,1.146,1.153,1.138,193128.0
2022-11-17,1.143,1.115,1.145,1.105,240783.0
2022-11-18,1.113,1.11,1.117,1.1,160497.0
2022-11-21,1.099,1.1,1.101,1.089,255725.0
2022-11-22,1.095,1.112,1.125,1.095,252424.0
2022-11-23,1.112,1.129,1.135,1.112,657477.0
2022-11-24,1.128,1.132,1.143,1.117,194074.0
2022-11-25,1.128,1.16,1.16,1.122,331939.0
2022-11-28,1.146,1.137,1.149,1.127,196340.0
2022-11-29,1.138,1.153,1.155,1.135,320884.0
2022-11-30,1.157,1.168,1.179,1.153,302591.0
2022-12-01,1.178,1.155,1.181,1.151,486062.0
2022-12-02,1.153,1.142,1.154,1.137,344058.0
2022-12-05,1.146,1.161,1.166,1.145,336418.0
2022-12-06,1.152,1.159,1.166,1.142,316505.0
2022-12-07,1.157,1.139,1.16,1.135,221640.0
2022-12-08,1.135,1.132,1.14,1.129,171785.0
2022-12-09,1.133,1.133,1.135,1.125,268655.0
2022-12-12,1.13,1.109,1.14,1.106,232099.0
2022-12-13,1.113,1.111,1.121,1.107,231859.0
2022-12-14,1.119,1.119,1.122,1.109,242679.0
2022-12-15,1.119,1.102,1.122,1.098,255555.0
2022-12-16,1.102,1.105,1.114,1.098,181446.0
2022-12-19,1.104,1.08,1.105,1.076,175343.0
2022-12-20,1.081,1.076,1.087,1.07,137601.0
2022-12-21,1.08,1.072,1.083,1.07,249322.0
2022-12-22,1.076,1.058,1.082,1.055,153326.0
2022-12-23,1.059,1.055,1.059,1.045,277110.0
2022-12-26,1.054,1.063,1.063,1.052,193678.0
2022-12-27,1.064,1.079,1.08,1.064,663427.0
2022-12-28,1.078,1.075,1.081,1.068,325322.0
2022-12-29,1.067,1.055,1.068,1.049,638590.0
2022-12-30,1.055,1.056,1.061,1.053,263190.0
2023-01-03,1.055,1.067,1.067,1.049,120531.0
2023-01-04,1.062,1.05,1.062,1.046,288629.0
2023-01-05,1.049,1.055,1.055,1.046,153566.0
2023-01-06,1.055,1.062,1.063,1.05,180281.0
2023-01-09,1.065,1.067,1.069,1.056,197385.0
2023-01-10,1.067,1.059,1.067,1.053,226767.0
2023-01-11,1.06,1.094,1.095,1.059,309264.0
2023-01-12,1.092,1.09,1.095,1.075,570682.0
2023-01-13,1.091,1.093,1.104,1.086,256735.0
2023-01-16,1.093,1.096,1.102,1.089,291338.0
2023-01-17,1.096,1.096,1.1,1.086,295012.0
2023-01-18,1.096,1.102,1.111,1.095,403951.0
2023-01-19,1.103,1.105,1.117,1.099,334443.0
2023-01-20,1.106,1.121,1.124,1.106,284684.0
2023-01-30,1.126,1.109,1.131,1.107,246003.0
2023-01-31,1.109,1.112,1.118,1.107,269308.0
2023-02-01,1.112,1.116,1.116,1.105,272833.0
2023-02-02,1.116,1.123,1.123,1.1,491295.0
2023-02-03,1.117,1.108,1.117,1.1,247624.0
2023-02-06,1.103,1.103,1.107,1.098,126863.0
2023-02-07,1.1,1.107,1.115,1.1,339474.0
2023-02-08,1.11,1.1,1.114,1.1,129206.0
2023-02-09,1.1,1.105,1.107,1.091,130808.0
2023-02-10,1.1,1.092,1.105,1.091,150265.0
2023-02-13,1.092,1.091,1.099,1.079,341375.0
2023-02-14,1.092,1.093,1.099,1.085,201250.0
2023-02-15,1.092,1.086,1.097,1.083,89457.0
2023-02-16,1.087,1.076,1.094,1.068,283793.0
2023-02-17,1.075,1.084,1.094,1.073,190427.0
2023-02-20,1.084,1.109,1.111,1.084,283154.0
2023-02-21,1.11,1.131,1.135,1.109,359992.0
2023-02-22,1.129,1.131,1.139,1.116,241856.0
2023-02-23,1.139,1.137,1.154,1.132,403321.0
2023-02-24,1.135,1.133,1.147,1.124,179422.0
2023-02-27,1.131,1.139,1.151,1.131,224541.0
2023-02-28,1.137,1.134,1.138,1.125,287706.0
2023-03-01,1.132,1.137,1.142,1.129,207105.0
2023-03-02,1.137,1.145,1.154,1.134,288675.0
2023-03-03,1.145,1.158,1.158,1.138,181687.0
2023-03-06,1.16,1.137,1.162,1.137,426571.0
2023-03-07,1.137,1.159,1.183,1.136,349656.0
2023-03-08,1.147,1.146,1.152,1.136,183773.0
2023-03-09,1.142,1.148,1.165,1.14,158374.0
2023-03-10,1.142,1.12,1.144,1.119,209642.0
2023-03-13,1.12,1.15,1.15,1.116,263647.0
2023-03-14,1.147,1.135,1.159,1.129,156377.0
2023-03-15,1.138,1.139,1.142,1.127,140275.0
2023-03-16,1.127,1.104,1.127,1.102,181052.0
2023-03-17,1.106,1.127,1.138,1.106,170665.0
2023-03-20,1.133,1.125,1.149,1.121,150190.0
2023-03-21,1.127,1.115,1.136,1.108,163682.0
2023-03-22,1.113,1.124,1.133,1.113,138272.0
2023-03-23,1.124,1.137,1.137,1.118,171310.0
2023-03-24,1.137,1.12,1.137,1.116,169268.0
2023-03-27,1.124,1.119,1.124,1.096,296053.0
2023-03-28,1.12,1.124,1.133,1.12,155442.0
2023-03-29,1.124,1.119,1.136,1.114,212919.0
2023-03-30,1.122,1.156,1.157,1.117,262415.0
2023-03-31,1.15,1.152,1.159,1.147,201099.0
2023-04-03,1.168,1.156,1.174,1.151,303724.0
2023-04-04,1.156,1.167,1.171,1.149,267669.0
2023-04-06,1.166,1.153,1.167,1.148,226536.0
2023-04-07,1.154,1.144,1.156,1.142,250924.0
2023-04-10,1.139,1.147,1.153,1.138,282493.0
2023-04-11,1.145,1.154,1.154,1.136,206625.0
2023-04-12,1.152,1.166,1.173,1.149,135082.0
2023-04-13,1.165,1.167,1.183,1.163,210285.0
2023-04-14,1.16,1.171,1.174,1.156,150067.0
2023-04-17,1.17,1.208,1.211,1.168,331364.0
2023-04-18,1.203,1.222,1.222,1.202,213904.0
2023-04-19,1.217,1.217,1.226,1.21,202185.0
2023-04-20,1.21,1.216,1.219,1.193,203020.0
2023-04-21,1.212,1.196,1.223,1.195,196906.0
2023-04-24,1.19,1.186,1.207,1.184,152479.0
2023-04-25,1.191,1.195,1.206,1.181,270516.0
2023-04-26,1.195,1.196,1.2,1.18,186171.0
2023-04-27,1.198,1.196,1.204,1.18,165952.0
2023-04-28,1.193,1.224,1.225,1.193,464458.0
2023-05-04,1.216,1.224,1.229,1.18,179187.0
2023-05-05,1.222,1.215,1.231,1.204,377923.0
2023-05-08,1.226,1.277,1.28,1.22,262305.0
2023-05-09,1.277,1.256,1.292,1.256,417753.0
2023-05-10,1.248,1.227,1.264,1.221,327309.0
2023-05-11,1.228,1.227,1.233,1.213,214156.0
2023-05-12,1.229,1.208,1.235,1.206,170180.0
2023-05-15,1.2,1.22,1.222,1.193,268569.0
2023-05-16,1.23,1.223,1.246,1.218,233997.0
2023-05-17,1.214,1.218,1.223,1.204,161856.0
2023-05-18,1.219,1.234,1.241,1.219,200932.0
2023-05-19,1.226,1.215,1.23,1.213,144823.0
2023-05-22,1.212,1.205,1.217,1.198,274194.0
2023-05-23,1.202,1.193,1.215,1.188,163761.0
2023-05-24,1.188,1.172,1.19,1.17,340862.0
2023-05-25,1.168,1.161,1.176,1.147,253401.0
2023-05-26,1.156,1.142,1.156,1.134,176852.0
2023-05-29,1.141,1.159,1.164,1.14,215845.0
2023-05-30,1.158,1.156,1.17,1.142,134784.0
2023-05-31,1.144,1.123,1.144,1.116,274579.0
2023-06-01,1.118,1.124,1.138,1.118,192257.0
2023-06-02,1.127,1.139,1.141,1.127,202481.0
2023-06-05,1.145,1.145,1.152,1.141,127144.0
2023-06-06,1.142,1.152,1.166,1.135,159753.0
2023-06-07,1.148,1.141,1.149,1.131,120286.0
2023-06-08,1.138,1.158,1.159,1.137,144925.0
2023-06-09,1.158,1.157,1.161,1.148,114229.0
2023-06-12,1.165,1.157,1.167,1.15,155871.0
2023-06-13,1.158,1.144,1.158,1.133,360415.0
2023-06-14,1.143,1.144,1.157,1.142,125041.0
2023-06-15,1.144,1.149,1.151,1.135,162429.0
2023-06-16,1.154,1.152,1.165,1.15,191635.0
2023-06-19,1.167,1.151,1.167,1.147,158504.0
2023-06-20,1.153,1.136,1.153,1.132,147736.0
2023-06-21,1.13,1.134,1.146,1.128,176502.0
2023-06-26,1.124,1.119,1.13,1.118,188923.0
2023-06-27,1.116,1.147,1.152,1.116,158228.0
2023-06-28,1.148,1.168,1.168,1.146,194286.0
2023-06-29,1.169,1.15,1.169,1.15,139306.0
2023-06-30,1.158,1.169,1.172,1.151,187863.0
2023-07-03,1.18,1.196,1.199,1.169,251043.0
2023-07-04,1.206,1.196,1.206,1.179,286207.0
2023-07-05,1.197,1.201,1.204,1.19,181409.0
2023-07-06,1.2,1.202,1.204,1.19,145737.0
2023-07-07,1.213,1.204,1.213,1.19,148966.0
2023-07-10,1.205,1.201,1.215,1.198,163144.0
2023-07-11,1.201,1.194,1.204,1.189,172307.0
2023-07-12,1.192,1.196,1.203,1.192,160754.0
2023-07-13,1.2,1.218,1.219,1.199,165823.0
2023-07-14,1.22,1.221,1.229,1.215,134475.0
2023-07-17,1.223,1.201,1.225,1.192,187240.0
2023-07-18,1.2,1.198,1.205,1.194,179977.0
2023-07-19,1.197,1.202,1.211,1.195,160709.0
2023-07-20,1.2,1.195,1.214,1.194,177438.0
2023-07-21,1.195,1.19,1.198,1.185,159670.0
2023-07-24,1.184,1.179,1.188,1.175,162097.0
2023-07-25,1.188,1.2,1.204,1.188,126773.0
2023-07-26,1.208,1.194,1.208,1.19,161633.0
2023-07-27,1.194,1.187,1.202,1.185,100225.0
2023-07-28,1.182,1.198,1.2,1.181,93308.0
2023-07-31,1.198,1.195,1.217,1.189,195411.0
2023-08-01,1.195,1.206,1.206,1.195,133413.0
2023-08-02,1.205,1.178,1.205,1.173,115118.0
2023-08-03,1.178,1.176,1.18,1.167,80523.0
2023-08-04,1.177,1.175,1.19,1.173,60122.0
2023-08-07,1.176,1.179,1.179,1.169,74684.0
2023-08-08,1.177,1.185,1.186,1.17,88555.0
2023-08-09,1.185,1.177,1.185,1.174,68480.0
2023-08-10,1.181,1.203,1.205,1.181,147600.0
2023-08-11,1.195,1.182,1.203,1.176,240578.0
2023-08-14,1.184,1.179,1.184,1.163,113412.0
2023-08-15,1.171,1.179,1.185,1.17,64515.0
2023-08-16,1.168,1.166,1.176,1.165,47006.0
2023-08-17,1.168,1.168,1.17,1.151,108312.0
2023-08-18,1.162,1.162,1.177,1.162,170087.0
2023-08-21,1.159,1.152,1.167,1.15,69321.0
2023-08-22,1.15,1.172,1.174,1.149,98301.0
2023-08-23,1.176,1.18,1.194,1.17,271740.0
2023-08-24,1.18,1.17,1.185,1.17,298382.0
2023-08-25,1.163,1.169,1.179,1.163,70047.0
2023-08-28,1.206,1.198,1.22,1.191,129530.0
2023-08-29,1.19,1.19,1.2,1.187,152166.0
2023-08-30,1.201,1.184,1.201,1.182,205439.0
2023-08-31,1.193,1.183,1.193,1.177,183717.0
2023-09-01,1.183,1.214,1.217,1.183,218698.0
2023-09-04,1.221,1.248,1.252,1.22,284355.0
2023-09-05,1.241,1.249,1.257,1.239,167505.0
2023-09-06,1.256,1.256,1.259,1.24,117237.0
2023-09-07,1.258,1.26,1.273,1.255,180267.0
2023-09-08,1.26,1.24,1.26,1.24,153715.0
2023-09-11,1.242,1.251,1.267,1.242,141415.0
2023-09-12,1.254,1.247,1.259,1.244,87838.0
2023-09-13,1.245,1.263,1.273,1.245,174131.0
2023-09-14,1.255,1.294,1.297,1.255,151280.0
2023-09-15,1.292,1.286,1.304,1.279,140829.0
2023-09-18,1.276,1.285,1.289,1.268,139516.0
2023-09-19,1.285,1.296,1.303,1.284,172956.0
2023-09-20,1.29,1.293,1.3,1.284,101306.0
2023-09-21,1.28,1.279,1.295,1.277,81814.0
2023-09-22,1.274,1.286,1.286,1.271,150964.0
2023-09-25,1.3,1.28,1.3,1.278,125351.0
2023-09-26,1.277,1.267,1.28,1.267,335388.0
2023-09-27,1.268,1.268,1.275,1.263,436016.0
2023-09-28,1.28,1.271,1.286,1.267,154691.0
2023-10-09,1.258,1.275,1.279,1.248,233986.0
2023-10-10,1.275,1.252,1.276,1.251,136795.0
2023-10-11,1.252,1.235,1.254,1.231,155776.0
2023-10-12,1.234,1.234,1.24,1.231,354690.0
2023-10-13,1.233,1.239,1.24,1.223,117645.0
2023-10-16,1.244,1.257,1.257,1.243,211200.0
2023-10-17,1.263,1.264,1.264,1.241,100233.0
2023-10-18,1.257,1.253,1.27,1.253,94386.0
2023-10-19,1.26,1.231,1.26,1.231,55700.0
2023-10-20,1.226,1.228,1.234,1.222,80142.0
2023-10-23,1.238,1.208,1.238,1.198,74585.0
2023-10-24,1.203,1.217,1.219,1.203,205798.0
2023-10-25,1.222,1.212,1.232,1.209,117777.0
2023-10-26,1.213,1.209,1.216,1.194,62427.0
2023-10-27,1.204,1.209,1.219,1.199,97558.0
2023-10-30,1.21,1.186,1.213,1.184,161596.0
2023-10-31,1.179,1.196,1.2,1.179,160789.0
2023-11-01,1.19,1.197,1.197,1.183,137310.0
2023-11-02,1.197,1.199,1.205,1.194,118858.0
2023-11-03,1.199,1.203,1.212,1.198,153552.0
2023-11-06,1.199,1.176,1.199,1.172,456953.0
2023-11-07,1.174,1.183,1.183,1.169,225176.0
2023-11-08,1.176,1.176,1.177,1.167,105091.0
2023-11-09,1.178,1.203,1.205,1.171,164163.0
2023-11-10,1.195,1.21,1.21,1.19,92576.0
2023-11-13,1.21,1.212,1.213,1.196,82651.0
2023-11-14,1.202,1.205,1.214,1.2,54188.0
2023-11-15,1.207,1.214,1.214,1.203,159877.0
2023-11-16,1.211,1.21,1.218,1.205,218956.0
2023-11-17,1.21,1.203,1.21,1.196,119307.0
2023-11-20,1.208,1.207,1.208,1.199,95168.0
2023-11-21,1.205,1.216,1.225,1.205,110931.0
2023-11-22,1.216,1.207,1.218,1.205,56993.0
2023-11-23,1.201,1.222,1.222,1.201,70874.0
2023-11-24,1.217,1.23,1.235,1.217,76992.0
2023-11-27,1.23,1.237,1.241,1.229,326863.0
2023-11-28,1.236,1.239,1.244,1.225,71240.0
2023-11-29,1.235,1.243,1.248,1.235,70724.0
2023-11-30,1.248,1.246,1.248,1.24,48667.0
2023-12-01,1.246,1.251,1.254,1.242,132431.0
2023-12-04,1.253,1.26,1.262,1.249,100566.0
2023-12-05,1.257,1.229,1.257,1.229,85683.0
2023-12-06,1.23,1.228,1.237,1.215,69363.0
2023-12-07,1.22,1.216,1.227,1.216,114749.0
2023-12-08,1.215,1.217,1.227,1.21,115911.0
2023-12-11,1.206,1.23,1.234,1.196,94671.0
2023-12-12,1.23,1.242,1.242,1.219,120352.0
2023-12-13,1.245,1.22,1.245,1.216,146597.0
2023-12-14,1.225,1.223,1.228,1.213,120359.0
2023-12-15,1.22,1.213,1.227,1.211,75139.0
2023-12-18,1.214,1.217,1.223,1.204,71266.0
2023-12-19,1.219,1.214,1.22,1.205,92058.0
2023-12-20,1.208,1.22,1.236,1.208,88878.0
2023-12-21,1.218,1.221,1.225,1.211,54281.0
2023-12-22,1.222,1.238,1.242,1.222,76453.0
2023-12-25,1.23,1.254,1.254,1.229,100012.0
2023-12-26,1.255,1.238,1.268,1.237,130120.0
2023-12-27,1.238,1.26,1.26,1.236,109129.0
2023-12-28,1.254,1.245,1.262,1.234,184546.0
2023-12-29,1.243,1.252,1.254,1.235,111311.0
2024-01-02,1.252,1.282,1.286,1.25,279139.0
2024-01-03,1.282,1.293,1.299,1.274,291663.0
2024-01-04,1.294,1.31,1.316,1.294,270874.0
2024-01-05,1.301,1.306,1.322,1.3,214296.0
2024-01-08,1.305,1.297,1.306,1.291,136284.0
2024-01-09,1.29,1.307,1.314,1.284,108928.0
2024-01-10,1.307,1.298,1.315,1.292,114426.0
2024-01-11,1.297,1.275,1.297,1.271,212135.0
2024-01-12,1.275,1.281,1.286,1.273,46516.0
2024-01-15,1.281,1.294,1.295,1.273,96512.0
2024-01-16,1.294,1.295,1.298,1.284,78382.0
2024-01-17,1.295,1.281,1.299,1.28,75792.0
2024-01-18,1.28,1.273,1.28,1.235,222786.0
2024-01-19,1.266,1.259,1.27,1.251,111766.0
2024-01-22,1.26,1.236,1.266,1.225,174832.0
2024-01-23,1.226,1.249,1.255,1.224,98100.0
2024-01-24,1.254,1.286,1.286,1.254,199327.0
2024-01-25,1.297,1.345,1.347,1.288,221872.0
2024-01-26,1.345,1.365,1.366,1.333,212661.0
2024-01-29,1.372,1.357,1.391,1.35,171897.0
2024-01-30,1.361,1.353,1.376,1.343,120812.0
2024-01-31,1.35,1.363,1.376,1.334,194376.0
2024-02-01,1.348,1.333,1.357,1.332,160294.0
2024-02-02,1.324,1.343,1.355,1.312,174194.0
2024-02-05,1.34,1.356,1.37,1.332,321151.0
2024-02-06,1.356,1.365,1.373,1.341,159394.0
2024-02-07,1.353,1.393,1.393,1.341,137703.0
2024-02-08,1.374,1.386,1.394,1.374,145834.0
2024-02-19,1.386,1.458,1.458,1.376,269262.0
2024-02-20,1.452,1.451,1.464,1.433,166143.0
2024-02-21,1.451,1.452,1.461,1.445,155081.0
2024-02-22,1.45,1.514,1.514,1.44,197468.0
2024-02-23,1.525,1.488,1.525,1.479,237911.0
2024-02-26,1.486,1.457,1.494,1.449,187187.0
2024-02-27,1.449,1.46,1.47,1.443,122614.0
2024-02-28,1.462,1.46,1.472,1.433,229860.0
2024-02-29,1.447,1.459,1.46,1.443,163376.0
2024-03-01,1.457,1.461,1.474,1.449,186473.0
2024-03-04,1.462,1.501,1.501,1.46,381423.0
2024-03-05,1.5,1.501,1.51,1.484,303102.0
2024-03-06,1.492,1.501,1.525,1.492,292934.0
2024-03-07,1.502,1.522,1.533,1.498,263093.0
2024-03-08,1.523,1.524,1.525,1.493,275774.0
2024-03-11,1.519,1.482,1.519,1.469,300099.0
2024-03-12,1.467,1.433,1.478,1.424,457234.0
2024-03-13,1.424,1.43,1.431,1.406,240128.0
2024-03-14,1.429,1.44,1.444,1.42,259949.0
2024-03-15,1.432,1.43,1.437,1.403,360162.0
2024-03-18,1.427,1.418,1.427,1.405,431113.0
2024-03-19,1.416,1.429,1.447,1.415,601354.0
2024-03-20,1.427,1.438,1.447,1.411,269208.0
2024-03-21,1.43,1.436,1.444,1.416,179498.0
2024-03-22,1.43,1.428,1.439,1.42,140609.0
2024-03-25,1.425,1.44,1.461,1.414,333089.0
2024-03-26,1.441,1.418,1.445,1.402,246241.0
2024-03-27,1.404,1.416,1.428,1.404,119657.0
2024-03-28,1.405,1.422,1.427,1.402,131899.0
2024-03-29,1.422,1.463,1.463,1.421,277572.0
2024-04-01,1.462,1.446,1.462,1.436,401708.0
2024-04-02,1.446,1.47,1.478,1.446,348216.0
2024-04-03,1.474,1.495,1.498,1.468,420217.0
2024-04-08,1.487,1.491,1.516,1.471,260851.0
2024-04-09,1.487,1.478,1.5,1.462,295687.0
2024-04-10,1.47,1.492,1.5,1.464,190905.0
2024-04-11,1.483,1.506,1.517,1.48,210474.0
2024-04-12,1.506,1.499,1.51,1.49,165173.0
2024-04-15,1.499,1.543,1.545,1.494,207815.0
2024-04-16,1.54,1.551,1.569,1.529,482165.0
2024-04-17,1.538,1.559,1.559,1.522,240716.0
2024-04-18,1.547,1.546,1.57,1.537,268413.0
2024-04-19,1.54,1.568,1.585,1.54,439685.0
2024-04-22,1.579,1.505,1.579,1.504,404409.0
2024-04-23,1.489,1.475,1.501,1.462,348130.0
2024-04-24,1.474,1.481,1.486,1.464,214090.0
2024-04-25,1.48,1.489,1.491,1.469,299248.0
2024-04-26,1.489,1.49,1.501,1.479,344966.0
2024-04-29,1.48,1.463,1.48,1.448,350556.0
2024-04-30,1.463,1.478,1.486,1.459,210587.0
2024-05-06,1.475,1.475,1.475,1.446,313095.0
2024-05-07,1.472,1.481,1.482,1.462,282665.0
2024-05-08,1.485,1.506,1.512,1.48,330272.0
2024-05-09,1.505,1.503,1.511,1.494,227375.0
2024-05-10,1.505,1.503,1.51,1.494,194890.0
2024-05-13,1.495,1.488,1.499,1.477,192049.0
2024-05-14,1.493,1.473,1.494,1.461,220393.0
2024-05-15,1.472,1.471,1.48,1.463,160078.0
2024-05-16,1.464,1.466,1.478,1.461,276353.0
2024-05-17,1.461,1.47,1.471,1.455,167917.0
2024-05-20,1.478,1.514,1.521,1.468,316427.0
2024-05-21,1.513,1.515,1.519,1.5,195239.0
2024-05-22,1.514,1.514,1.532,1.509,180607.0
2024-05-23,1.502,1.499,1.522,1.495,163163.0
2024-05-24,1.492,1.495,1.514,1.49,175078.0
2024-05-27,1.494,1.526,1.542,1.494,303630.0
2024-05-28,1.527,1.548,1.553,1.526,236998.0
2024-05-29,1.546,1.558,1.563,1.534,219603.0
2024-05-30,1.546,1.526,1.563,1.521,279266.0
2024-05-31,1.52,1.528,1.545,1.52,154095.0
2024-06-03,1.525,1.524,1.535,1.515,190034.0
2024-06-04,1.514,1.502,1.514,1.493,246745.0
2024-06-05,1.494,1.487,1.51,1.487,203752.0
2024-06-06,1.49,1.516,1.526,1.49,349129.0
2024-06-07,1.522,1.517,1.526,1.506,169167.0
2024-06-11,1.52,1.498,1.528,1.488,197936.0
2024-06-12,1.495,1.54,1.541,1.49,254398.0
2024-06-13,1.537,1.53,1.544,1.517,246754.0
2024-06-14,1.524,1.513,1.528,1.509,158356.0
2024-06-17,1.5,1.487,1.511,1.484,185205.0
2024-06-18,1.488,1.488,1.495,1.474,217991.0
2024-06-19,1.488,1.499,1.513,1.487,255674.0
2024-06-20,1.493,1.525,1.525,1.491,212289.0
2024-06-21,1.53,1.512,1.53,1.502,155836.0
2024-06-24,1.507,1.497,1.515,1.49,133010.0
2024-06-25,1.497,1.495,1.502,1.486,120068.0
2024-06-26,1.491,1.49,1.492,1.472,166485.0
2024-06-27,1.485,1.479,1.49,1.475,169225.0
2024-06-28,1.472,1.504,1.51,1.472,812907.0
2024-07-01,1.508,1.544,1.559,1.508,411670.0
2024-07-02,1.548,1.556,1.561,1.535,477265.0
2024-07-03,1.556,1.539,1.561,1.526,233190.0
2024-07-04,1.539,1.537,1.551,1.53,173613.0
2024-07-05,1.532,1.526,1.539,1.504,191818.0
2024-07-08,1.526,1.525,1.537,1.513,155165.0
2024-07-09,1.519,1.534,1.535,1.509,133638.0
2024-07-10,1.532,1.481,1.532,1.48,275803.0
2024-07-11,1.476,1.49,1.492,1.474,159249.0
2024-07-12,1.485,1.472,1.499,1.468,205162.0
2024-07-15,1.465,1.5,1.5,1.458,202322.0
2024-07-16,1.498,1.501,1.504,1.492,163021.0
2024-07-17,1.505,1.471,1.505,1.468,186101.0
2024-07-18,1.468,1.48,1.483,1.46,142799.0
2024-07-19,1.471,1.471,1.478,1.458,162093.0
2024-07-22,1.468,1.441,1.468,1.411,246371.0
2024-07-23,1.439,1.419,1.439,1.418,167872.0
2024-07-24,1.419,1.426,1.431,1.404,157427.0
2024-07-25,1.418,1.399,1.421,1.39,106467.0
2024-07-26,1.394,1.401,1.411,1.391,87676.0
2024-07-29,1.396,1.397,1.405,1.386,142867.0
2024-07-30,1.395,1.362,1.395,1.356,461168.0
2024-07-31,1.359,1.393,1.395,1.356,315754.0
2024-08-01,1.396,1.392,1.416,1.389,184346.0
2024-08-02,1.383,1.379,1.383,1.367,122576.0
2024-08-05,1.365,1.346,1.368,1.341,373235.0
2024-08-06,1.344,1.348,1.356,1.337,182762.0
2024-08-07,1.346,1.365,1.375,1.337,145330.0
2024-08-08,1.368,1.365,1.376,1.36,168839.0
2024-08-09,1.365,1.372,1.377,1.362,89773.0
2024-08-12,1.37,1.379,1.384,1.361,155397.0
2024-08-13,1.387,1.381,1.389,1.37,169308.0
2024-08-14,1.38,1.375,1.382,1.367,111889.0
2024-08-15,1.38,1.396,1.4,1.37,164061.0
2024-08-16,1.396,1.404,1.407,1.394,135380.0
2024-08-19,1.4,1.406,1.421,1.4,138032.0
2024-08-20,1.408,1.374,1.408,1.367,138058.0
2024-08-21,1.366,1.371,1.377,1.353,221417.0
2024-08-22,1.369,1.366,1.372,1.357,124335.0
2024-08-23,1.36,1.373,1.389,1.36,174209.0
2024-08-26,1.373,1.38,1.383,1.367,147448.0
2024-08-27,1.38,1.415,1.415,1.379,230629.0
2024-08-28,1.401,1.407,1.419,1.399,171059.0
2024-08-29,1.407,1.392,1.407,1.382,171147.0
2024-08-30,1.391,1.409,1.415,1.377,171453.0
2024-09-02,1.4,1.416,1.42,1.381,154931.0
2024-09-03,1.409,1.388,1.422,1.377,214040.0
2024-09-04,1.373,1.355,1.373,1.349,132008.0
2024-09-05,1.349,1.339,1.365,1.33,169506.0
2024-09-06,1.329,1.316,1.339,1.315,160735.0
2024-09-09,1.311,1.284,1.311,1.27,184642.0
2024-09-10,1.283,1.288,1.297,1.276,141483.0
2024-09-11,1.278,1.265,1.278,1.243,156006.0
2024-09-12,1.259,1.273,1.281,1.259,150141.0
2024-09-13,1.278,1.27,1.292,1.27,120865.0
2024-09-18,1.272,1.302,1.308,1.272,132823.0
2024-09-19,1.305,1.308,1.309,1.282,151087.0
2024-09-20,1.311,1.322,1.326,1.304,113264.0
2024-09-23,1.321,1.339,1.346,1.315,122287.0
2024-09-24,1.342,1.402,1.402,1.342,186036.0
2024-09-25,1.413,1.408,1.446,1.405,355638.0
2024-09-26,1.407,1.438,1.438,1.402,185841.0
2024-09-27,1.438,1.465,1.465,1.424,161808.0
2024-09-30,1.471,1.555,1.598,1.466,326578.0
2024-10-08,1.711,1.566,1.711,1.5,644295.0
2024-10-09,1.565,1.418,1.565,1.418,371089.0
2024-10-10,1.416,1.502,1.537,1.416,432744.0
2024-10-11,1.505,1.468,1.515,1.454,302056.0
2024-10-14,1.459,1.484,1.501,1.456,355909.0
2024-10-15,1.478,1.444,1.478,1.443,268574.0
2024-10-16,1.433,1.442,1.45,1.42,183325.0
2024-10-17,1.438,1.42,1.462,1.419,313926.0
2024-10-18,1.418,1.448,1.456,1.415,356661.0
2024-10-21,1.448,1.437,1.452,1.426,279024.0
2024-10-22,1.437,1.445,1.445,1.429,267310.0
2024-10-23,1.452,1.444,1.452,1.435,594701.0
2024-10-24,1.439,1.439,1.442,1.435,200779.0
2024-10-25,1.441,1.44,1.441,1.432,239407.0
2024-10-28,1.438,1.444,1.447,1.427,363537.0
2024-10-29,1.437,1.415,1.44,1.415,270012.0
2024-10-30,1.415,1.4,1.423,1.394,291020.0
2024-10-31,1.401,1.395,1.407,1.386,148901.0
2024-11-01,1.398,1.421,1.426,1.398,250560.0
2024-11-04,1.426,1.418,1.427,1.403,159742.0
2024-11-05,1.422,1.432,1.432,1.411,418003.0
2024-11-06,1.43,1.421,1.44,1.414,388291.0
2024-11-07,1.421,1.44,1.44,1.409,397645.0
2024-11-08,1.445,1.426,1.451,1.42,496788.0
2024-11-11,1.422,1.401,1.422,1.39,241410.0
2024-11-12,1.401,1.386,1.407,1.381,288825.0
2024-11-13,1.382,1.398,1.406,1.381,306865.0
2024-11-14,1.392,1.386,1.409,1.385,203773.0
2024-11-15,1.383,1.389,1.399,1.379,170234.0
2024-11-18,1.389,1.411,1.424,1.389,511406.0
2024-11-19,1.42,1.406,1.42,1.391,315628.0
2024-11-20,1.406,1.412,1.414,1.396,264976.0
2024-11-21,1.411,1.413,1.422,1.406,184542.0
2024-11-22,1.415,1.379,1.422,1.378,140018.0
2024-11-25,1.377,1.376,1.393,1.371,175488.0
2024-11-26,1.376,1.371,1.38,1.361,96818.0
2024-11-27,1.377,1.385,1.385,1.362,104304.0
2024-11-28,1.385,1.377,1.388,1.374,113190.0
2024-11-29,1.372,1.377,1.384,1.372,142922.0
2024-12-02,1.375,1.378,1.382,1.368,354333.0
2024-12-03,1.379,1.392,1.393,1.375,223850.0
2024-12-04,1.392,1.435,1.435,1.387,484957.0
2024-12-05,1.429,1.419,1.429,1.415,202504.0
2024-12-06,1.417,1.427,1.431,1.414,493721.0
2024-12-09,1.423,1.434,1.444,1.416,214934.0
2024-12-10,1.45,1.429,1.455,1.426,339426.0
2024-12-11,1.42,1.442,1.444,1.42,379160.0
2024-12-12,1.445,1.44,1.447,1.434,140749.0
2024-12-13,1.433,1.411,1.433,1.405,169422.0
2024-12-16,1.402,1.424,1.431,1.402,216332.0
2024-12-17,1.424,1.419,1.438,1.417,161646.0
2024-12-18,1.421,1.432,1.446,1.421,237654.0
2024-12-19,1.43,1.414,1.431,1.408,150077.0
2024-12-20,1.407,1.386,1.409,1.384,171199.0
2024-12-23,1.386,1.395,1.407,1.386,151648.0
2024-12-24,1.388,1.405,1.406,1.386,128869.0
2024-12-25,1.404,1.423,1.424,1.401,227909.0
2024-12-26,1.42,1.408,1.42,1.405,156257.0
2024-12-27,1.408,1.408,1.413,1.394,185040.0
2024-12-30,1.403,1.425,1.425,1.403,178772.0
2024-12-31,1.422,1.421,1.436,1.419,217443.0
2025-01-02,1.419,1.388,1.428,1.38,361734.0
2025-01-03,1.388,1.39,1.41,1.387,191139.0
2025-01-06,1.394,1.388,1.397,1.37,195230.0
2025-01-07,1.387,1.38,1.389,1.369,156906.0
2025-01-08,1.379,1.379,1.392,1.367,156052.0
2025-01-09,1.37,1.357,1.373,1.352,168875.0
2025-01-10,1.355,1.335,1.36,1.335,241334.0
2025-01-13,1.337,1.337,1.352,1.329,158854.0
2025-01-14,1.335,1.357,1.357,1.331,283656.0
2025-01-15,1.358,1.347,1.365,1.344,137232.0
2025-01-16,1.359,1.364,1.371,1.348,168655.0
2025-01-17,1.367,1.357,1.367,1.354,120767.0
2025-01-20,1.365,1.344,1.365,1.335,163607.0
2025-01-21,1.343,1.32,1.343,1.315,203302.0
2025-01-22,1.315,1.305,1.319,1.302,180046.0
2025-01-23,1.31,1.308,1.323,1.306,173970.0
2025-01-24,1.308,1.314,1.319,1.304,151458.0
2025-01-27,1.315,1.328,1.33,1.314,219904.0
2025-02-05,1.328,1.301,1.33,1.296,187532.0
2025-02-06,1.299,1.306,1.306,1.294,127761.0
2025-02-07,1.3,1.317,1.319,1.297,182497.0
2025-02-10,1.317,1.313,1.318,1.31,121195.0
2025-02-11,1.313,1.311,1.32,1.304,156090.0
2025-02-12,1.311,1.307,1.311,1.299,161161.0
2025-02-13,1.306,1.311,1.311,1.302,189173.0
2025-02-14,1.311,1.301,1.311,1.295,239272.0
2025-02-17,1.299,1.284,1.299,1.279,235067.0
2025-02-18,1.285,1.271,1.285,1.267,188045.0
2025-02-19,1.276,1.259,1.276,1.255,271985.0
2025-02-20,1.258,1.259,1.26,1.252,194255.0
2025-02-21,1.259,1.253,1.26,1.249,192464.0
2025-02-24,1.249,1.248,1.251,1.24,192937.0
2025-02-25,1.247,1.241,1.258,1.238,242478.0
2025-02-26,1.24,1.242,1.247,1.235,218168.0
2025-02-27,1.242,1.244,1.245,1.231,246341.0
2025-02-28,1.245,1.235,1.249,1.233,345988.0
2025-03-03,1.235,1.235,1.244,1.229,197342.0
2025-03-04,1.229,1.211,1.229,1.21,281407.0
2025-03-05,1.211,1.215,1.215,1.204,171495.0
2025-03-06,1.21,1.217,1.217,1.204,156338.0
2025-03-07,1.215,1.223,1.227,1.211,205356.0
2025-03-10,1.224,1.234,1.235,1.217,342354.0
2025-03-11,1.226,1.235,1.235,1.223,171939.0
2025-03-12,1.233,1.228,1.235,1.227,156585.0
2025-03-13,1.226,1.268,1.269,1.226,600147.0
2025-03-14,1.262,1.269,1.27,1.258,387629.0
2025-03-17,1.27,1.271,1.281,1.27,215114.0
2025-03-18,1.275,1.266,1.275,1.261,222453.0
2025-03-19,1.264,1.262,1.267,1.257,186630.0
2025-03-20,1.26,1.268,1.276,1.26,212972.0
2025-03-21,1.265,1.273,1.286,1.265,288813.0
2025-03-24,1.272,1.275,1.279,1.264,235795.0
2025-03-25,1.274,1.289,1.29,1.269,253522.0
2025-03-26,1.289,1.287,1.292,1.28,135272.0
2025-03-27,1.284,1.283,1.291,1.28,179187.0
2025-03-28,1.282,1.264,1.282,1.262,237578.0
2025-03-31,1.26,1.264,1.274,1.257,181422.0
2025-04-01,1.264,1.277,1.277,1.264,159787.0
2025-04-02,1.275,1.275,1.279,1.27,178457.0
2025-04-03,1.263,1.27,1.273,1.26,190913.0
2025-04-07,1.216,1.153,1.22,1.143,362411.0
2025-04-08,1.164,1.213,1.213,1.164,288405.0
2025-04-09,1.198,1.213,1.213,1.183,270483.0
2025-04-10,1.214,1.217,1.224,1.208,174647.0
2025-04-11,1.216,1.209,1.216,1.203,136086.0
2025-04-14,1.202,1.231,1.231,1.202,154671.0
2025-04-15,1.232,1.232,1.234,1.223,133709.0
2025-04-16,1.232,1.239,1.241,1.223,170577.0
2025-04-17,1.239,1.24,1.243,1.232,134720.0
2025-04-18,1.247,1.243,1.247,1.235,183954.0
2025-04-21,1.226,1.237,1.241,1.226,154249.0
2025-04-22,1.235,1.239,1.244,1.227,135174.0
2025-04-23,1.241,1.237,1.243,1.236,145505.0
2025-04-24,1.238,1.24,1.247,1.235,160348.0
2025-04-25,1.245,1.236,1.245,1.233,136654.0
2025-04-28,1.234,1.23,1.234,1.216,154603.0
2025-04-29,1.227,1.219,1.229,1.219,130095.0
2025-04-30,1.219,1.217,1.224,1.216,118142.0
2025-05-06,1.215,1.222,1.223,1.212,168244.0
2025-05-07,1.226,1.233,1.236,1.223,164023.0
2025-05-08,1.23,1.233,1.236,1.226,151149.0
2025-05-09,1.233,1.231,1.235,1.227,139041.0
2025-05-12,1.231,1.237,1.237,1.23,122805.0
2025-05-13,1.237,1.244,1.248,1.236,191898.0
2025-05-14,1.244,1.258,1.258,1.242,183384.0
2025-05-15,1.254,1.257,1.269,1.254,193852.0
2025-05-16,1.257,1.246,1.257,1.242,152566.0
2025-05-19,1.246,1.246,1.248,1.243,123093.0
2025-05-20,1.249,1.246,1.249,1.243,112502.0
2025-05-21,1.247,1.269,1.275,1.247,183990.0
2025-05-22,1.261,1.265,1.271,1.261,137442.0
2025-05-23,1.265,1.259,1.278,1.256,165722.0
2025-05-26,1.256,1.255,1.262,1.252,149634.0
2025-05-27,1.252,1.249,1.258,1.246,117830.0
2025-05-28,1.25,1.262,1.267,1.246,168704.0
2025-05-29,1.263,1.262,1.272,1.262,156323.0
2025-05-30,1.261,1.263,1.265,1.256,141438.0
2025-06-03,1.264,1.255,1.264,1.251,185498.0
2025-06-04,1.259,1.262,1.262,1.251,130049.0
2025-06-05,1.263,1.257,1.267,1.255,157476.0
2025-06-06,1.26,1.263,1.266,1.257,124841.0
2025-06-09,1.258,1.268,1.269,1.258,114829.0
2025-06-10,1.266,1.264,1.273,1.258,143478.0
2025-06-11,1.264,1.279,1.279,1.263,167287.0
2025-06-12,1.286,1.271,1.286,1.27,160095.0
2025-06-13,1.286,1.285,1.29,1.276,234218.0
2025-06-16,1.29,1.282,1.294,1.279,182408.0
2025-06-17,1.284,1.295,1.296,1.273,208938.0
2025-06-18,1.298,1.289,1.301,1.285,159835.0
2025-06-19,1.281,1.288,1.29,1.271,343109.0
2025-06-20,1.288,1.285,1.292,1.279,149228.0
2025-06-23,1.293,1.292,1.298,1.277,197291.0
2025-06-24,1.267,1.276,1.281,1.257,365846.0
2025-06-25,1.275,1.275,1.276,1.263,204840.0
2025-06-26,1.271,1.272,1.282,1.271,167172.0
2025-06-27,1.27,1.273,1.28,1.268,202574.0
2025-06-30,1.273,1.275,1.275,1.268,192414.0
2025-07-01,1.276,1.277,1.278,1.268,183487.0
2025-07-02,1.277,1.293,1.293,1.276,202146.0
2025-07-03,1.293,1.281,1.298,1.278,171886.0
2025-07-04,1.28,1.284,1.289,1.278,196204.0
2025-07-07,1.285,1.274,1.285,1.27,200982.0
2025-07-08,1.274,1.279,1.279,1.271,113974.0
2025-07-09,1.281,1.285,1.289,1.28,130878.0
2025-07-10,1.287,1.304,1.307,1.282,249728.0
2025-07-11,1.305,1.3,1.31,1.297,212566.0
2025-07-14,1.303,1.305,1.311,1.296,140418.0
2025-07-15,1.3,1.293,1.305,1.286,149073.0
2025-07-16,1.291,1.291,1.295,1.287,84892.0
2025-07-17,1.292,1.292,1.293,1.285,114206.0
2025-07-18,1.291,1.303,1.305,1.291,180187.0
2025-07-21,1.303,1.32,1.32,1.301,290042.0
2025-07-22,1.323,1.379,1.379,1.315,607714.0
2025-07-23,1.39,1.362,1.392,1.362,363832.0
2025-07-24,1.36,1.374,1.377,1.351,313189.0
2025-07-25,1.374,1.358,1.386,1.357,211660.0
2025-07-28,1.348,1.335,1.353,1.33,185132.0
2025-07-29,1.334,1.349,1.35,1.33,327173.0
2025-07-30,1.351,1.357,1.366,1.351,298081.0
2025-07-31,1.35,1.331,1.35,1.322,240878.0
2025-08-01,1.331,1.313,1.331,1.309,188966.0
2025-08-04,1.313,1.322,1.322,1.302,555498.0
2025-08-05,1.317,1.332,1.333,1.314,169032.0
2025-08-06,1.334,1.352,1.353,1.33,616327.0
2025-08-07,1.348,1.359,1.359,1.342,289811.0
2025-08-08,1.357,1.361,1.369,1.355,332679.0
2025-08-11,1.361,1.356,1.366,1.353,219767.0
2025-08-12,1.361,1.373,1.376,1.356,194533.0
2025-08-13,1.372,1.365,1.372,1.363,151587.0
2025-08-14,1.374,1.352,1.374,1.351,176433.0
2025-08-15,1.354,1.361,1.363,1.347,193966.0
2025-08-18,1.369,1.35,1.375,1.345,443395.0
2025-08-19,1.345,1.34,1.349,1.337,144409.0
2025-08-20,1.34,1.349,1.349,1.331,124687.0
2025-08-21,1.349,1.364,1.365,1.345,166101.0
2025-08-22,1.363,1.363,1.363,1.348,268153.0
2025-08-25,1.364,1.379,1.379,1.362,315517.0
2025-08-26,1.379,1.371,1.381,1.367,190208.0
2025-08-27,1.365,1.344,1.37,1.341,254394.0
2025-08-28,1.341,1.345,1.345,1.316,637196.0
2025-08-29,1.342,1.331,1.351,1.328,335512.0
2025-09-01,1.329,1.338,1.344,1.324,218800.0
2025-09-02,1.338,1.341,1.344,1.33,248847.0
2025-09-03,1.342,1.328,1.351,1.324,169882.0
2025-09-04,1.317,1.324,1.33,1.303,224186.0
2025-09-05,1.324,1.329,1.333,1.317,239800.0
2025-09-08,1.33,1.335,1.339,1.325,172876.0
2025-09-09,1.335,1.331,1.34,1.326,140880.0
2025-09-10,1.33,1.324,1.331,1.321,145903.0
2025-09-11,1.32,1.328,1.329,1.315,156601.0
2025-09-12,1.325,1.327,1.334,1.323,264199.0
2025-09-15,1.329,1.338,1.341,1.323,186416.0
2025-09-16,1.341,1.335,1.349,1.33,183996.0
2025-09-17,1.334,1.356,1.361,1.333,275045.0
2025-09-18,1.356,1.321,1.356,1.315,449081.0
2025-09-19,1.321,1.35,1.351,1.318,411318.0
2025-09-22,1.35,1.334,1.352,1.328,250137.0
2025-09-23,1.33,1.344,1.346,1.325,246106.0
2025-09-24,1.34,1.343,1.351,1.333,136520.0
2025-09-25,1.343,1.341,1.344,1.334,191111.0
2025-09-26,1.34,1.339,1.347,1.337,189894.0
2025-09-29,1.333,1.333,1.339,1.322,211780.0
2025-09-30,1.328,1.324,1.329,1.319,167251.0
2025-10-09,1.325,1.355,1.357,1.321,324382.0
2025-10-10,1.357,1.364,1.378,1.342,288465.0
2025-10-13,1.333,1.359,1.362,1.329,427629.0
2025-10-14,1.359,1.383,1.384,1.349,370435.0
2025-10-15,1.383,1.384,1.387,1.372,360999.0
2025-10-16,1.38,1.413,1.413,1.378,311001.0
2025-10-17,1.414,1.392,1.419,1.392,264552.0
2025-10-20,1.402,1.437,1.437,1.395,507858.0
2025-10-21,1.433,1.429,1.433,1.406,392287.0
2025-10-22,1.427,1.427,1.433,1.414,262795.0
2025-10-23,1.428,1.45,1.452,1.428,439858.0
2025-10-24,1.45,1.44,1.451,1.428,446163.0
2025-10-27,1.422,1.445,1.46,1.412,585717.0
2025-10-28,1.441,1.43,1.449,1.426,268938.0
2025-10-29,1.423,1.436,1.442,1.419,304857.0
2025-10-30,1.431,1.442,1.462,1.431,480216.0
2025-10-31,1.44,1.432,1.45,1.425,374833.0
2025-11-03,1.432,1.483,1.483,1.432,916049.0
2025-11-04,1.471,1.48,1.49,1.471,448766.0
2025-11-05,1.48,1.483,1.496,1.461,281700.0
2025-11-06,1.483,1.497,1.507,1.479,267542.0
2025-11-07,1.499,1.501,1.513,1.496,1165806.0
2025-11-10,1.501,1.516,1.522,1.497,300974.0
2025-11-11,1.514,1.496,1.516,1.481,260166.0
2025-11-12,1.505,1.504,1.516,1.495,360759.0
2025-11-13,1.499,1.503,1.503,1.48,332498.0
2025-11-14,1.503,1.492,1.515,1.489,222385.0
2025-11-17,1.492,1.503,1.51,1.475,1407240.0
2025-11-18,1.503,1.479,1.503,1.473,239498.0
2025-11-19,1.475,1.511,1.515,1.475,245336.0
2025-11-20,1.501,1.487,1.513,1.483,235721.0
2025-11-21,1.473,1.462,1.487,1.457,886241.0
2025-11-24,1.462,1.439,1.468,1.428,1443372.0
2025-11-25,1.437,1.439,1.442,1.426,401223.0
2025-11-26,1.436,1.429,1.444,1.424,246268.0
2025-11-27,1.422,1.439,1.445,1.42,428572.0
2025-11-28,1.441,1.442,1.448,1.437,355901.0
2025-12-01,1.443,1.464,1.464,1.443,531720.0
2025-12-02,1.464,1.469,1.473,1.453,433988.0
2025-12-03,1.466,1.474,1.484,1.465,247932.0
2025-12-04,1.471,1.478,1.484,1.47,422858.0
2025-12-05,1.476,1.478,1.482,1.468,282834.0
2025-12-08,1.482,1.458,1.482,1.45,306826.0
2025-12-09,1.458,1.443,1.46,1.441,539141.0
2025-12-10,1.442,1.446,1.446,1.436,172839.0
2025-12-11,1.444,1.434,1.453,1.429,113099.0
2025-12-12,1.434,1.431,1.447,1.429,394602.0
2025-12-15,1.43,1.435,1.444,1.43,117938.0
2025-12-16,1.429,1.422,1.432,1.406,365361.0
2025-12-17,1.417,1.422,1.427,1.411,244971.0
2025-12-18,1.426,1.447,1.448,1.424,324004.0
2025-12-19,1.435,1.436,1.442,1.43,298141.0
2025-12-22,1.435,1.438,1.439,1.422,331078.0
2025-12-23,1.437,1.443,1.449,1.433,259718.0
2025-12-24,1.444,1.436,1.444,1.423,186254.0
2025-12-25,1.436,1.429,1.439,1.427,165287.0
2025-12-26,1.429,1.435,1.442,1.428,381384.0
2025-12-29,1.437,1.457,1.463,1.432,831769.0
2025-12-30,1.456,1.464,1.469,1.445,363849.0
2025-12-31,1.461,1.463,1.47,1.456,260846.0
2026-01-05,1.464,1.456,1.473,1.445,517189.0
2026-01-06,1.456,1.481,1.482,1.447,321641.0
2026-01-07,1.481,1.481,1.482,1.46,301809.0
2026-01-08,1.482,1.48,1.486,1.471,218501.0
2026-01-09,1.5,1.5,1.509,1.482,360394.0
2026-01-12,1.501,1.489,1.501,1.478,332772.0
2026-01-13,1.489,1.492,1.505,1.482,327991.0
2026-01-14,1.501,1.496,1.51,1.493,326404.0
2026-01-15,1.491,1.49,1.506,1.487,258459.0
2026-01-16,1.486,1.472,1.499,1.461,425942.0
2026-01-19,1.469,1.49,1.492,1.465,380841.0
2026-01-20,1.484,1.501,1.501,1.478,416160.0
2026-01-21,1.492,1.5,1.5,1.483,327558.0
2026-01-22,1.501,1.536,1.539,1.5,387418.0
2026-01-23,1.539,1.511,1.54,1.504,425583.0
2026-01-26,1.515,1.567,1.57,1.515,738117.0
2026-01-27,1.567,1.546,1.582,1.536,855489.0
2026-01-28,1.55,1.599,1.617,1.545,1357778.0
2026-01-29,1.608,1.613,1.634,1.578,1327257.0
2026-01-30,1.622,1.611,1.652,1.582,970346.0
2026-02-02,1.558,1.532,1.591,1.529,1025967.0
2026-02-03,1.522,1.538,1.548,1.517,705922.0
2026-02-04,1.559,1.62,1.62,1.541,837662.0
2026-02-05,1.6,1.576,1.604,1.557,713982.0
2026-02-06,1.563,1.589,1.595,1.544,783556.0
2026-02-09,1.585,1.601,1.604,1.583,633017.0
2026-02-10,1.601,1.618,1.62,1.594,574970.0
2026-02-11,1.613,1.639,1.642,1.602,542886.0
2026-02-12,1.65,1.66,1.667,1.636,529925.0
2026-02-13,1.645,1.612,1.645,1.603,1094507.0
2026-02-24,1.631,1.686,1.686,1.631,750931.0
2026-02-25,1.683,1.67,1.697,1.658,873625.0
2026-02-26,1.669,1.66,1.681,1.648,578471.0
2026-02-27,1.659,1.69,1.691,1.654,758794.0
2026-03-02,1.778,1.818,1.82,1.739,2861153.0
2026-03-03,1.835,1.927,1.965,1.82,3181557.0
2026-03-04,1.941,1.865,1.941,1.735,2953472.0
2026-03-05,1.819,1.84,1.878,1.794,1676877.0
2026-03-06,1.814,1.807,1.831,1.75,1112237.0
2026-03-09,1.92,1.865,1.95,1.857,2543535.0
2026-03-10,1.74,1.788,1.81,1.74,1296974.0
2026-03-11,1.76,1.808,1.814,1.745,1816418.0
2026-03-12,1.824,1.853,1.864,1.801,1471677.0
2026-03-13,1.863,1.822,1.871,1.813,1052275.0
2026-03-16,1.822,1.797,1.838,1.788,1899605.0
2026-03-17,1.774,1.763,1.792,1.75,646897.0
2026-03-18,1.746,1.752,1.77,1.719,1069895.0
2026-03-19,1.779,1.805,1.805,1.776,1061291.0
2026-03-20,1.764,1.786,1.798,1.738,650194.0
2026-03-23,1.806,1.786,1.813,1.774,1220390.0
2026-03-24,1.748,1.767,1.775,1.746,1120250.0
2026-03-25,1.732,1.733,1.735,1.71,875303.0
2026-03-26,1.733,1.75,1.755,1.728,817150.0
2026-03-27,1.749,1.753,1.759,1.732,529697.0
2026-03-30,1.76,1.758,1.774,1.74,570080.0
2026-03-31,1.757,1.714,1.774,1.712,576496.0
2026-04-01,1.705,1.707,1.741,1.696,603168.0
2026-04-02,1.721,1.745,1.753,1.717,935668.0
2026-04-03,1.747,1.729,1.747,1.715,692646.0
2026-04-07,1.728,1.754,1.757,1.711,892354.0
2026-04-08,1.687,1.715,1.72,1.67,1363107.0
2026-04-09,1.716,1.718,1.729,1.703,1025103.0
2026-04-10,1.714,1.721,1.729,1.703,1006409.0
2026-04-13,1.738,1.727,1.741,1.707,773221.0
2026-04-14,1.718,1.7,1.718,1.691,1288886.0
2026-04-15,1.688,1.691,1.694,1.668,434931.0
2026-04-16,1.689,1.695,1.695,1.68,567518.0
2026-04-17,1.696,1.686,1.704,1.681,302287.0
2026-04-20,1.686,1.676,1.688,1.667,726721.0
2026-04-21,1.675,1.697,1.701,1.669,704497.0
2026-04-22,1.7,1.7,1.714,1.695,555769.0
2026-04-23,1.7,1.758,1.758,1.7,1479426.0
2026-04-24,1.757,1.747,1.761,1.737,637938.0
2026-04-27,1.733,1.745,1.754,1.727,828173.0
2026-04-28,1.739,1.781,1.783,1.737,1422235.0
2026-04-29,1.779,1.801,1.813,1.774,817116.0
2026-04-30,1.804,1.814,1.821,1.781,1026722.0
2026-05-06,1.795,1.81,1.81,1.78,634073.0
2026-05-07,1.785,1.728,1.785,1.724,927587.0
2026-05-08,1.73,1.71,1.733,1.706,821562.0
2026-05-11,1.716,1.71,1.725,1.703,1128891.0
2026-05-12,1.711,1.701,1.716,1.698,556932.0
2026-05-13,1.705,1.697,1.71,1.69,349964.0
2026-05-14,1.697,1.678,1.698,1.675,422867.0
2026-05-15,1.677,1.7,1.712,1.675,462809.0
2026-05-18,1.709,1.724,1.726,1.695,628117.0
2026-05-19,1.72,1.72,1.723,1.707,324295.0
2026-05-20,1.721,1.713,1.734,1.709,372565.0
2026-05-21,1.687,1.661,1.713,1.658,403344.0
2026-05-22,1.651,1.648,1.667,1.638,419753.0
2026-05-25,1.658,1.651,1.69,1.651,1915988.0
2026-05-26,1.643,1.652,1.663,1.637,1157500.0
2026-05-27,1.649,1.668,1.675,1.632,1127350.0
2026-05-28,1.659,1.689,1.703,1.657,1178389.0
2026-05-29,1.67,1.706,1.708,1.668,568160.0
2026-06-01,1.703,1.766,1.768,1.695,1727201.0
2026-06-02,1.773,1.747,1.799,1.736,813341.0
2026-06-03,1.732,1.784,1.789,1.726,683746.0
2026-06-04,1.784,1.808,1.832,1.76,1240083.0
2026-06-05,1.808,1.782,1.812,1.776,621920.0
2026-06-08,1.757,1.807,1.82,1.746,1345094.0
2026-06-09,1.77,1.756,1.794,1.742,899456.0
