日期,开盘,收盘,最高,最低,成交量
2015-07-13,0.238,0.24,0.247,0.226,529343.67
2015-07-14,0.243,0.242,0.244,0.238,286423.46
2015-07-15,0.241,0.241,0.245,0.24,164837.91
2015-07-16,0.241,0.242,0.243,0.24,109387.13
2015-07-17,0.242,0.247,0.25,0.242,64955.88
2015-07-20,0.247,0.248,0.249,0.245,56197.49
2015-07-21,0.247,0.249,0.249,0.247,162174.89
2015-07-22,0.248,0.251,0.251,0.248,158205.28
2015-07-23,0.251,0.252,0.252,0.25,233148.53
2015-07-24,0.25,0.252,0.253,0.25,80400.16
2015-07-27,0.25,0.248,0.25,0.246,136623.68
2015-07-28,0.248,0.245,0.248,0.238,16708.35
2015-07-29,0.245,0.247,0.248,0.245,29211.02
2015-07-30,0.248,0.247,0.248,0.247,5740.12
2015-07-31,0.247,0.246,0.25,0.246,19368.61
2015-08-03,0.249,0.248,0.249,0.245,54626.92
2015-08-04,0.247,0.247,0.248,0.247,4801.16
2015-08-05,0.247,0.247,0.248,0.246,12214.29
2015-08-06,0.247,0.248,0.249,0.247,5978.3
2015-08-07,0.246,0.245,0.247,0.245,11569.02
2015-08-10,0.245,0.244,0.245,0.243,10425.35
2015-08-11,0.246,0.251,0.253,0.246,59322.51
2015-08-12,0.249,0.248,0.253,0.247,45510.26
2015-08-13,0.249,0.25,0.253,0.249,50849.8
2015-08-14,0.248,0.25,0.253,0.248,32417.2
2015-08-17,0.25,0.248,0.25,0.248,6375.05
2015-08-18,0.249,0.25,0.251,0.249,22365.25
2015-08-19,0.249,0.249,0.249,0.247,6056.1
2015-08-20,0.247,0.247,0.247,0.245,17570.13
2015-08-21,0.242,0.236,0.242,0.236,17352.13
2015-08-24,0.225,0.216,0.228,0.214,28199.75
2015-08-25,0.208,0.214,0.22,0.197,46238.23
2015-08-26,0.214,0.215,0.22,0.211,23316.68
2015-08-27,0.224,0.225,0.225,0.223,2963.04
2015-08-28,0.23,0.23,0.231,0.229,13400.92
2015-08-31,0.23,0.232,0.234,0.23,10851.63
2015-09-01,0.229,0.227,0.231,0.226,14922.0
2015-09-02,0.22,0.225,0.225,0.22,3287.0
2015-09-07,0.224,0.228,0.228,0.224,4063.03
2015-09-08,0.229,0.229,0.229,0.226,1973.0
2015-09-09,0.235,0.23,0.235,0.23,5606.0
2015-09-10,0.229,0.229,0.23,0.229,3730.0
2015-09-11,0.23,0.23,0.233,0.23,30593.84
2015-09-14,0.233,0.232,0.234,0.232,9373.8
2015-09-15,0.233,0.228,0.233,0.225,5904.0
2015-09-16,0.234,0.235,0.236,0.234,9844.38
2015-09-17,0.236,0.235,0.236,0.235,16790.01
2015-09-18,0.236,0.237,0.238,0.236,9210.12
2015-09-21,0.232,0.233,0.233,0.232,1665.0
2015-09-22,0.234,0.234,0.235,0.233,10817.08
2015-09-23,0.231,0.232,0.232,0.228,3104.0
2015-09-24,0.23,0.229,0.23,0.229,50111.04
2015-09-25,0.223,0.229,0.229,0.223,3094.36
2015-09-28,0.227,0.227,0.227,0.226,3522.0
2015-09-29,0.217,0.218,0.219,0.217,15249.12
2015-09-30,0.219,0.22,0.22,0.218,8226.54
2015-10-08,0.239,0.231,0.239,0.23,11228.4
2015-10-09,0.232,0.232,0.233,0.231,8326.0
2015-10-12,0.232,0.232,0.233,0.231,6610.01
2015-10-13,0.232,0.233,0.233,0.232,4187.08
2015-10-14,0.233,0.232,0.233,0.232,2884.12
2015-10-15,0.232,0.232,0.233,0.231,6149.17
2015-10-16,0.234,0.235,0.236,0.234,6903.09
2015-10-19,0.235,0.236,0.236,0.235,6620.0
2015-10-20,0.236,0.237,0.238,0.236,13024.24
2015-10-21,0.237,0.236,0.238,0.236,12770.05
2015-10-22,0.235,0.235,0.236,0.235,2097.0
2015-10-23,0.238,0.243,0.245,0.238,31458.18
2015-10-26,0.248,0.246,0.248,0.246,8021.01
2015-10-27,0.241,0.246,0.247,0.241,7880.05
2015-10-28,0.247,0.247,0.247,0.247,14878.16
2015-10-29,0.249,0.249,0.25,0.248,9472.39
2015-10-30,0.249,0.249,0.25,0.249,6239.52
2015-11-02,0.247,0.247,0.247,0.247,3051.33
2015-11-03,0.25,0.25,0.251,0.25,8443.49
2015-11-04,0.247,0.25,0.25,0.247,11086.0
2015-11-05,0.247,0.249,0.25,0.246,4695.0
2015-11-06,0.249,0.25,0.25,0.249,4096.11
2015-11-09,0.25,0.251,0.252,0.249,60011.61
2015-11-10,0.249,0.248,0.249,0.248,2995.59
2015-11-11,0.248,0.248,0.248,0.247,1401.04
2015-11-12,0.246,0.247,0.249,0.246,2168.08
2015-11-13,0.247,0.247,0.247,0.243,4390.02
2015-11-16,0.24,0.242,0.242,0.24,247.0
2015-11-17,0.245,0.244,0.246,0.244,2678.0
2015-11-18,0.244,0.245,0.245,0.243,715.0
2015-11-19,0.247,0.25,0.25,0.247,4536.1
2015-11-20,0.25,0.25,0.25,0.247,1254.02
2015-11-23,0.25,0.25,0.251,0.246,8268.05
2015-11-24,0.249,0.251,0.252,0.249,20208.02
2015-11-25,0.248,0.249,0.25,0.248,4480.08
2015-11-26,0.25,0.251,0.252,0.25,11085.15
2015-11-27,0.251,0.251,0.252,0.251,11543.44
2015-11-30,0.252,0.25,0.252,0.249,3226.09
2015-12-01,0.25,0.252,0.252,0.25,17258.78
2015-12-02,0.252,0.254,0.255,0.252,17082.81
2015-12-03,0.254,0.251,0.254,0.25,1904.0
2015-12-04,0.25,0.249,0.25,0.248,425.01
2015-12-07,0.254,0.251,0.254,0.251,1673.12
2015-12-08,0.251,0.25,0.251,0.249,2866.52
2015-12-09,0.25,0.252,0.252,0.25,6294.94
2015-12-10,0.25,0.249,0.25,0.248,874.04
2015-12-11,0.249,0.251,0.251,0.249,247.0
2015-12-14,0.244,0.247,0.247,0.244,8296.46
2015-12-15,0.249,0.246,0.249,0.246,279.0
2015-12-16,0.251,0.249,0.251,0.248,729.95
2015-12-17,0.252,0.251,0.253,0.25,4927.6
2015-12-18,0.25,0.249,0.25,0.248,3387.16
2015-12-21,0.247,0.247,0.247,0.245,1828.17
2015-12-22,0.249,0.247,0.249,0.246,4138.0
2015-12-23,0.248,0.247,0.248,0.247,1721.0
2015-12-24,0.248,0.249,0.25,0.248,1901.04
2015-12-25,0.249,0.249,0.249,0.248,1620.4
2015-12-28,0.248,0.248,0.249,0.248,648.0
2015-12-29,0.248,0.248,0.248,0.248,1645.0
2015-12-30,0.249,0.251,0.251,0.249,15611.43
2015-12-31,0.251,0.252,0.252,0.248,22814.95
2016-01-04,0.253,0.249,0.253,0.248,2232.97
2016-01-05,0.242,0.244,0.249,0.242,1374.97
2016-01-06,0.246,0.245,0.247,0.245,1868.0
2016-01-07,0.243,0.242,0.246,0.242,2146.0
2016-01-08,0.237,0.241,0.251,0.236,7103.0
2016-01-11,0.225,0.234,0.241,0.225,1810.01
2016-01-12,0.235,0.239,0.24,0.235,8660.91
2016-01-13,0.238,0.24,0.241,0.238,6182.0
2016-01-14,0.227,0.235,0.236,0.227,12426.02
2016-01-15,0.233,0.235,0.239,0.232,13434.01
2016-01-18,0.227,0.235,0.239,0.227,2838.02
2016-01-19,0.228,0.233,0.233,0.228,4525.6
2016-01-20,0.231,0.229,0.234,0.229,481.0
2016-01-21,0.229,0.229,0.23,0.225,227.0
2016-01-22,0.232,0.229,0.234,0.228,601.0
2016-01-25,0.234,0.23,0.234,0.229,5390.3
2016-01-26,0.229,0.228,0.23,0.227,6112.0
2016-01-27,0.23,0.228,0.23,0.226,7108.0
2016-01-28,0.226,0.227,0.227,0.225,1115.01
2016-01-29,0.227,0.23,0.23,0.227,1111.16
2016-02-01,0.23,0.231,0.233,0.23,606.0
2016-02-02,0.232,0.233,0.233,0.231,1071.0
2016-02-03,0.228,0.229,0.23,0.226,433.0
2016-02-04,0.226,0.229,0.23,0.226,663.01
2016-02-05,0.23,0.229,0.232,0.228,2067.66
2016-02-15,0.225,0.223,0.225,0.223,1844.0
2016-02-16,0.223,0.226,0.237,0.223,3362.11
2016-02-17,0.23,0.23,0.233,0.226,2563.0
2016-02-18,0.228,0.228,0.231,0.228,920.0
2016-02-19,0.228,0.228,0.229,0.226,268.0
2016-02-22,0.226,0.229,0.229,0.226,63.1
2016-02-23,0.231,0.231,0.232,0.229,2242.0
2016-02-24,0.23,0.229,0.23,0.227,645.0
2016-02-25,0.228,0.229,0.232,0.225,366.0
2016-02-26,0.231,0.231,0.231,0.229,898.0
2016-02-29,0.228,0.228,0.232,0.228,355.01
2016-03-01,0.229,0.229,0.229,0.228,439.0
2016-03-02,0.232,0.234,0.235,0.231,2708.24
2016-03-03,0.234,0.235,0.235,0.234,2027.0
2016-03-04,0.235,0.236,0.236,0.235,1390.0
2016-03-07,0.236,0.236,0.236,0.236,916.0
2016-03-08,0.236,0.234,0.236,0.233,277.0
2016-03-09,0.231,0.232,0.232,0.23,1834.0
2016-03-10,0.234,0.234,0.234,0.231,1148.04
2016-03-11,0.231,0.234,0.234,0.23,626.0
2016-03-14,0.234,0.236,0.237,0.234,2622.11
2016-03-15,0.232,0.235,0.236,0.232,1658.0
2016-03-16,0.234,0.235,0.235,0.234,489.0
2016-03-17,0.238,0.238,0.24,0.236,3207.0
2016-03-18,0.238,0.238,0.24,0.237,2997.01
2016-03-21,0.238,0.238,0.238,0.237,1748.44
2016-03-22,0.236,0.236,0.238,0.236,3439.07
2016-03-23,0.237,0.238,0.238,0.237,1018.04
2016-03-24,0.236,0.235,0.237,0.235,2007.0
2016-03-25,0.234,0.235,0.236,0.234,821.68
2016-03-28,0.235,0.236,0.236,0.234,3869.06
2016-03-29,0.236,0.236,0.236,0.235,868.0
2016-03-30,0.236,0.239,0.239,0.236,3847.0
2016-03-31,0.239,0.237,0.24,0.237,2185.02
2016-04-01,0.238,0.238,0.239,0.238,1773.0
2016-04-05,0.239,0.239,0.24,0.238,1101.01
2016-04-06,0.238,0.239,0.239,0.238,1521.01
2016-04-07,0.239,0.241,0.241,0.239,1103.0
2016-04-08,0.24,0.239,0.24,0.238,719.0
2016-04-11,0.236,0.238,0.239,0.236,751.02
2016-04-12,0.237,0.238,0.238,0.237,557.0
2016-04-13,0.239,0.239,0.239,0.238,1322.0
2016-04-14,0.24,0.242,0.242,0.24,3726.54
2016-04-15,0.242,0.242,0.243,0.241,2374.76
2016-04-18,0.241,0.239,0.241,0.239,1428.02
2016-04-19,0.239,0.243,0.243,0.239,5648.02
2016-04-20,0.247,0.24,0.247,0.24,2986.0
2016-04-21,0.239,0.242,0.242,0.239,2000.36
2016-04-22,0.24,0.241,0.242,0.24,1665.15
2016-04-25,0.242,0.242,0.243,0.238,6951.84
2016-04-26,0.24,0.242,0.242,0.24,830.68
2016-04-27,0.238,0.24,0.242,0.238,669.0
2016-04-28,0.24,0.238,0.24,0.237,1737.68
2016-04-29,0.238,0.237,0.239,0.235,960.05
2016-05-03,0.238,0.235,0.238,0.235,1618.08
2016-05-04,0.235,0.234,0.235,0.234,437.0
2016-05-05,0.232,0.234,0.234,0.232,768.03
2016-05-06,0.234,0.232,0.234,0.231,823.0
2016-05-09,0.233,0.233,0.235,0.233,572.0
2016-05-10,0.234,0.235,0.236,0.234,1310.0
2016-05-11,0.235,0.237,0.237,0.235,940.04
2016-05-12,0.236,0.236,0.236,0.235,630.03
2016-05-13,0.236,0.235,0.236,0.235,312.0
2016-05-16,0.235,0.233,0.235,0.232,60.01
2016-05-17,0.235,0.236,0.238,0.235,389.03
2016-05-18,0.233,0.234,0.236,0.233,698.04
2016-05-19,0.234,0.234,0.235,0.234,280.0
2016-05-20,0.234,0.234,0.235,0.233,2143.0
2016-05-23,0.234,0.237,0.239,0.234,1252.04
2016-05-24,0.24,0.236,0.24,0.235,748.01
2016-05-25,0.237,0.24,0.24,0.237,3170.05
2016-05-26,0.244,0.242,0.244,0.241,1041.0
2016-05-27,0.243,0.242,0.243,0.241,1378.0
2016-05-30,0.244,0.244,0.244,0.243,2501.99
2016-05-31,0.244,0.245,0.245,0.243,1941.0
2016-06-01,0.238,0.245,0.246,0.238,1402.0
2016-06-02,0.245,0.244,0.245,0.244,459.0
2016-06-03,0.245,0.247,0.253,0.243,12910.26
2016-06-06,0.24,0.244,0.245,0.24,764.0
2016-06-07,0.245,0.245,0.246,0.245,418.0
2016-06-08,0.245,0.245,0.246,0.243,2085.06
2016-06-13,0.245,0.243,0.245,0.24,1688.0
2016-06-14,0.241,0.24,0.241,0.24,620.99
2016-06-15,0.241,0.241,0.242,0.241,569.0
2016-06-16,0.241,0.239,0.241,0.239,1513.0
2016-06-17,0.241,0.24,0.241,0.24,78.0
2016-06-20,0.241,0.242,0.242,0.241,693.0
2016-06-21,0.244,0.242,0.244,0.239,137.0
2016-06-22,0.242,0.24,0.242,0.239,523.03
2016-06-23,0.239,0.241,0.244,0.239,7.0
2016-06-24,0.249,0.238,0.249,0.234,1515.0
2016-06-27,0.239,0.239,0.24,0.235,580.71
2016-06-28,0.234,0.237,0.242,0.234,434.0
2016-06-29,0.235,0.238,0.239,0.235,738.0
2016-06-30,0.245,0.242,0.245,0.239,75.0
2016-07-01,0.245,0.243,0.245,0.24,934.4
2016-07-04,0.238,0.242,0.244,0.238,2789.27
2016-07-05,0.243,0.241,0.243,0.239,11615.04
2016-07-06,0.238,0.242,0.243,0.238,10.0
2016-07-07,0.245,0.242,0.245,0.241,386.0
2016-07-08,0.245,0.244,0.245,0.241,752.35
2016-07-11,0.244,0.247,0.248,0.243,5195.59
2016-07-12,0.25,0.248,0.25,0.247,3262.02
2016-07-13,0.25,0.252,0.252,0.248,8523.89
2016-07-14,0.249,0.253,0.253,0.249,8805.09
2016-07-15,0.253,0.255,0.256,0.252,5504.06
2016-07-18,0.255,0.255,0.255,0.25,231.0
2016-07-19,0.255,0.254,0.255,0.253,772.14
2016-07-20,0.254,0.255,0.255,0.251,1137.0
2016-07-21,0.255,0.258,0.258,0.255,41885.81
2016-07-22,0.257,0.254,0.257,0.254,521.0
2016-07-25,0.259,0.256,0.259,0.256,1136.0
2016-07-26,0.257,0.258,0.258,0.254,4003.16
2016-07-27,0.259,0.257,0.26,0.256,7440.9
2016-07-28,0.259,0.26,0.26,0.257,11679.0
2016-07-29,0.26,0.259,0.26,0.258,6943.07
2016-08-01,0.259,0.26,0.261,0.259,2956.06
2016-08-02,0.271,0.263,0.271,0.258,5249.24
2016-08-03,0.262,0.258,0.262,0.257,2627.0
2016-08-04,0.26,0.26,0.261,0.257,2881.25
2016-08-05,0.258,0.259,0.26,0.258,1252.0
2016-08-08,0.263,0.262,0.263,0.26,1292.04
2016-08-09,0.26,0.263,0.263,0.26,2789.0
2016-08-10,0.262,0.262,0.264,0.245,10158.0
2016-08-11,0.262,0.262,0.263,0.262,717.0
2016-08-12,0.263,0.263,0.265,0.263,8566.48
2016-08-15,0.265,0.263,0.265,0.261,4768.88
2016-08-16,0.263,0.263,0.264,0.263,2592.53
2016-08-17,0.262,0.262,0.263,0.262,1336.0
2016-08-18,0.264,0.262,0.264,0.262,1234.01
2016-08-19,0.262,0.262,0.263,0.262,256.0
2016-08-22,0.263,0.262,0.263,0.262,743.06
2016-08-23,0.262,0.263,0.263,0.262,860.02
2016-08-24,0.264,0.266,0.266,0.262,3113.1
2016-08-25,0.261,0.263,0.263,0.261,689.0
2016-08-26,0.263,0.263,0.263,0.262,21850.06
2016-08-29,0.262,0.263,0.263,0.262,626.01
2016-08-30,0.263,0.264,0.264,0.263,2138.19
2016-08-31,0.264,0.264,0.265,0.262,11600.06
2016-09-01,0.264,0.264,0.264,0.263,2111.01
2016-09-02,0.264,0.264,0.264,0.263,2322.0
2016-09-05,0.265,0.265,0.266,0.264,5143.33
2016-09-06,0.264,0.265,0.265,0.264,968.0
2016-09-07,0.264,0.266,0.267,0.264,1261.0
2016-09-08,0.266,0.266,0.267,0.266,4876.4
2016-09-09,0.266,0.266,0.266,0.264,280.0
2016-09-12,0.26,0.259,0.261,0.257,1369.0
2016-09-13,0.259,0.26,0.265,0.259,1825.0
2016-09-14,0.261,0.262,0.263,0.26,923.0
2016-09-19,0.266,0.265,0.266,0.263,4577.11
2016-09-20,0.265,0.264,0.265,0.263,830.11
2016-09-21,0.266,0.265,0.266,0.264,722.07
2016-09-22,0.269,0.266,0.269,0.266,6194.72
2016-09-23,0.27,0.269,0.27,0.267,8012.28
2016-09-26,0.269,0.267,0.269,0.266,2562.0
2016-09-27,0.266,0.269,0.276,0.263,3006.04
2016-09-28,0.269,0.269,0.271,0.268,2297.98
2016-09-29,0.269,0.269,0.27,0.268,4202.0
2016-09-30,0.266,0.268,0.268,0.266,1144.0
2016-10-10,0.27,0.269,0.27,0.268,1801.0
2016-10-11,0.269,0.272,0.274,0.269,8664.3
2016-10-12,0.271,0.271,0.271,0.267,1074.99
2016-10-13,0.272,0.271,0.272,0.27,800.0
2016-10-14,0.27,0.271,0.271,0.27,550.0
2016-10-17,0.271,0.27,0.271,0.268,1909.0
2016-10-18,0.269,0.271,0.272,0.269,1319.0
2016-10-19,0.27,0.271,0.275,0.27,1718.05
2016-10-20,0.272,0.272,0.274,0.272,1693.0
2016-10-21,0.273,0.273,0.273,0.271,2083.05
2016-10-24,0.273,0.273,0.273,0.271,6216.0
2016-10-25,0.275,0.276,0.281,0.275,3549.13
2016-10-26,0.278,0.275,0.278,0.275,3874.99
2016-10-27,0.276,0.275,0.276,0.273,811.0
2016-10-28,0.275,0.274,0.279,0.273,1721.95
2016-10-31,0.275,0.272,0.275,0.272,2150.0
2016-11-01,0.273,0.273,0.273,0.273,242.0
2016-11-02,0.271,0.269,0.271,0.269,3218.0
2016-11-03,0.267,0.268,0.269,0.267,6830.11
2016-11-04,0.268,0.266,0.268,0.264,1852.0
2016-11-07,0.267,0.269,0.271,0.267,1715.0
2016-11-08,0.27,0.271,0.273,0.27,1494.12
2016-11-09,0.272,0.264,0.272,0.259,4922.26
2016-11-10,0.269,0.272,0.273,0.269,3371.0
2016-11-11,0.266,0.268,0.27,0.266,2580.87
2016-11-14,0.269,0.269,0.269,0.267,919.05
2016-11-15,0.268,0.269,0.269,0.265,1639.0
2016-11-16,0.27,0.275,0.275,0.269,8325.13
2016-11-17,0.275,0.275,0.278,0.274,646.0
2016-11-18,0.275,0.275,0.28,0.265,6472.1
2016-11-21,0.275,0.275,0.275,0.273,824.03
2016-11-22,0.276,0.279,0.279,0.276,3734.88
2016-11-23,0.28,0.28,0.281,0.279,1790.19
2016-11-24,0.279,0.28,0.285,0.279,3114.21
2016-11-25,0.278,0.283,0.285,0.278,3929.0
2016-11-28,0.286,0.291,0.292,0.282,8005.32
2016-11-29,0.288,0.283,0.295,0.28,2521.0
2016-11-30,0.282,0.288,0.291,0.282,2731.0
2016-12-01,0.286,0.279,0.286,0.278,5732.0
2016-12-02,0.276,0.274,0.276,0.273,16881.88
2016-12-05,0.274,0.274,0.278,0.274,2635.0
2016-12-06,0.275,0.277,0.279,0.275,4268.0
2016-12-07,0.279,0.278,0.281,0.277,17563.0
2016-12-08,0.281,0.286,0.295,0.279,35050.99
2016-12-09,0.286,0.281,0.286,0.281,19443.0
2016-12-12,0.281,0.284,0.286,0.281,4913.62
2016-12-13,0.282,0.284,0.292,0.282,213062.05
2016-12-14,0.284,0.291,0.295,0.284,12374.3
2016-12-15,0.288,0.29,0.291,0.283,9256.16
2016-12-16,0.29,0.291,0.295,0.289,8981.06
2016-12-19,0.29,0.291,0.291,0.288,10135.27
2016-12-20,0.29,0.293,0.293,0.29,3236.0
2016-12-21,0.293,0.304,0.306,0.293,14496.94
2016-12-22,0.306,0.306,0.308,0.304,21155.0
2016-12-23,0.3,0.305,0.306,0.296,7758.0
2016-12-26,0.305,0.323,0.33,0.305,22205.3
2016-12-27,0.325,0.321,0.325,0.318,9385.0
2016-12-28,0.322,0.318,0.327,0.317,8716.0
2016-12-29,0.308,0.314,0.315,0.308,9426.85
2016-12-30,0.314,0.315,0.317,0.314,3561.0
2017-01-03,0.306,0.311,0.316,0.305,17892.91
2017-01-04,0.314,0.305,0.314,0.302,4254.15
2017-01-05,0.305,0.301,0.307,0.301,7796.72
2017-01-06,0.301,0.295,0.303,0.295,9747.01
2017-01-09,0.3,0.296,0.3,0.294,2665.0
2017-01-10,0.297,0.299,0.299,0.296,2963.03
2017-01-11,0.303,0.307,0.309,0.302,3490.97
2017-01-12,0.311,0.315,0.323,0.296,11551.01
2017-01-13,0.315,0.31,0.315,0.306,2633.0
2017-01-16,0.318,0.311,0.318,0.31,2078.0
2017-01-17,0.315,0.312,0.318,0.308,5439.0
2017-01-18,0.293,0.308,0.312,0.293,3368.0
2017-01-19,0.31,0.304,0.317,0.303,3966.0
2017-01-20,0.306,0.303,0.315,0.3,2668.04
2017-01-23,0.314,0.302,0.314,0.298,2242.0
2017-01-24,0.302,0.3,0.313,0.297,1558.0
2017-01-25,0.312,0.302,0.312,0.301,2656.0
2017-01-26,0.306,0.316,0.316,0.303,9941.0
2017-02-03,0.316,0.311,0.316,0.309,3665.0
2017-02-06,0.315,0.314,0.321,0.313,2429.0
2017-02-07,0.315,0.313,0.315,0.312,782.0
2017-02-08,0.313,0.315,0.315,0.305,7880.0
2017-02-09,0.315,0.315,0.315,0.313,2265.0
2017-02-10,0.325,0.317,0.325,0.314,6236.0
2017-02-13,0.316,0.318,0.32,0.316,1199.0
2017-02-14,0.317,0.318,0.319,0.315,4636.0
2017-02-15,0.318,0.316,0.318,0.316,25836.72
2017-02-16,0.324,0.317,0.324,0.316,11144.0
2017-02-17,0.317,0.323,0.323,0.313,5634.0
2017-02-20,0.322,0.325,0.325,0.321,3554.01
2017-02-21,0.329,0.325,0.329,0.322,4566.0
2017-02-22,0.325,0.326,0.326,0.324,4161.0
2017-02-23,0.324,0.326,0.328,0.323,11406.0
2017-02-24,0.325,0.324,0.328,0.323,18047.0
2017-02-27,0.326,0.323,0.326,0.323,4317.05
2017-02-28,0.323,0.324,0.325,0.322,6865.06
2017-03-01,0.325,0.325,0.325,0.323,4667.0
2017-03-02,0.325,0.325,0.345,0.324,41666.32
2017-03-03,0.323,0.324,0.327,0.323,10418.0
2017-03-06,0.334,0.326,0.334,0.324,22418.0
2017-03-07,0.326,0.325,0.326,0.322,21527.0
2017-03-08,0.325,0.323,0.325,0.323,12271.28
2017-03-09,0.325,0.323,0.325,0.323,3028.0
2017-03-10,0.323,0.324,0.326,0.323,5009.28
2017-03-13,0.326,0.324,0.341,0.323,14729.0
2017-03-14,0.324,0.324,0.325,0.323,12437.88
2017-03-15,0.324,0.324,0.325,0.324,1332.0
2017-03-16,0.327,0.325,0.328,0.324,5105.0
2017-03-17,0.325,0.325,0.325,0.324,3435.0
2017-03-20,0.325,0.325,0.325,0.324,944.0
2017-03-21,0.325,0.325,0.326,0.323,2853.0
2017-03-22,0.324,0.321,0.324,0.318,2628.04
2017-03-23,0.322,0.322,0.325,0.32,1514.0
2017-03-24,0.318,0.32,0.323,0.318,3056.08
2017-03-27,0.318,0.317,0.32,0.317,3435.0
2017-03-28,0.323,0.319,0.324,0.316,1790.0
2017-03-29,0.321,0.324,0.324,0.321,1709.0
2017-03-30,0.328,0.32,0.328,0.317,1840.0
2017-03-31,0.323,0.322,0.325,0.321,2905.0
2017-04-05,0.323,0.321,0.324,0.32,3294.0
2017-04-06,0.324,0.32,0.324,0.319,1477.0
2017-04-07,0.326,0.321,0.326,0.32,699.0
2017-04-10,0.325,0.321,0.325,0.319,641.0
2017-04-11,0.321,0.321,0.322,0.321,282.0
2017-04-12,0.32,0.321,0.322,0.319,1568.0
2017-04-13,0.32,0.319,0.32,0.317,943.0
2017-04-14,0.318,0.318,0.319,0.317,1617.0
2017-04-17,0.317,0.311,0.317,0.304,1229.0
2017-04-18,0.313,0.314,0.315,0.313,1310.0
2017-04-19,0.315,0.308,0.315,0.308,3455.0
2017-04-20,0.308,0.309,0.314,0.308,1591.0
2017-04-21,0.31,0.309,0.324,0.309,4704.0
2017-04-24,0.309,0.321,0.323,0.309,16446.14
2017-04-25,0.32,0.329,0.337,0.32,11670.0
2017-04-26,0.337,0.33,0.337,0.328,7487.0
2017-04-27,0.319,0.325,0.33,0.319,1779.0
2017-04-28,0.332,0.328,0.332,0.322,1689.0
2017-05-02,0.342,0.329,0.358,0.324,2396.04
2017-05-03,0.334,0.328,0.334,0.325,1761.0
2017-05-04,0.328,0.328,0.328,0.323,3368.0
2017-05-05,0.328,0.327,0.329,0.324,4493.0
2017-05-08,0.323,0.33,0.338,0.323,6896.0
2017-05-09,0.33,0.329,0.332,0.327,2961.0
2017-05-10,0.332,0.33,0.332,0.329,2232.0
2017-05-11,0.331,0.33,0.331,0.329,3646.0
2017-05-12,0.33,0.329,0.33,0.326,1043.0
2017-05-15,0.331,0.328,0.331,0.327,1308.0
2017-05-16,0.328,0.329,0.33,0.328,4657.04
2017-05-17,0.331,0.324,0.331,0.323,24861.0
2017-05-18,0.32,0.322,0.323,0.317,6299.0
2017-05-19,0.327,0.322,0.327,0.322,1392.0
2017-05-22,0.322,0.321,0.325,0.321,13619.03
2017-05-23,0.322,0.323,0.325,0.32,24945.3
2017-05-24,0.323,0.323,0.323,0.322,11756.65
2017-05-25,0.325,0.325,0.326,0.324,10527.0
2017-05-26,0.327,0.329,0.332,0.327,9694.0
2017-05-31,0.329,0.33,0.343,0.329,10586.0
2017-06-01,0.329,0.329,0.329,0.328,8751.1
2017-06-02,0.33,0.332,0.333,0.33,6452.0
2017-06-05,0.333,0.334,0.336,0.332,5856.0
2017-06-06,0.333,0.333,0.335,0.331,814.0
2017-06-07,0.331,0.329,0.331,0.328,5034.0
2017-06-08,0.33,0.33,0.33,0.33,3013.0
2017-06-09,0.331,0.331,0.333,0.331,6457.0
2017-06-12,0.327,0.326,0.327,0.325,3980.0
2017-06-13,0.322,0.323,0.325,0.321,3199.0
2017-06-14,0.324,0.324,0.325,0.322,7274.0
2017-06-15,0.322,0.32,0.325,0.32,3261.0
2017-06-16,0.32,0.32,0.32,0.318,3832.48
2017-06-19,0.319,0.32,0.32,0.319,897.48
2017-06-20,0.323,0.325,0.333,0.323,2392.0
2017-06-21,0.32,0.321,0.323,0.32,893.0
2017-06-22,0.324,0.325,0.325,0.324,3090.0
2017-06-23,0.324,0.325,0.325,0.324,2179.0
2017-06-26,0.327,0.326,0.327,0.325,2525.66
2017-06-27,0.326,0.325,0.326,0.324,2476.0
2017-06-28,0.32,0.318,0.32,0.318,7191.0
2017-06-29,0.323,0.321,0.323,0.32,3396.66
2017-06-30,0.317,0.316,0.317,0.315,2196.0
2017-07-03,0.315,0.316,0.316,0.315,927.0
2017-07-04,0.315,0.312,0.315,0.312,2514.0
2017-07-05,0.311,0.314,0.314,0.311,1516.0
2017-07-06,0.314,0.315,0.315,0.314,452.0
2017-07-07,0.313,0.313,0.314,0.313,641.0
2017-07-10,0.316,0.315,0.317,0.313,21493.04
2017-07-11,0.315,0.316,0.317,0.315,3770.03
2017-07-12,0.316,0.318,0.318,0.316,5066.0
2017-07-13,0.321,0.322,0.323,0.321,3904.0
2017-07-14,0.322,0.321,0.327,0.318,66822.12
2017-07-17,0.324,0.322,0.324,0.321,3389.02
2017-07-18,0.326,0.321,0.326,0.319,16330.38
2017-07-19,0.323,0.324,0.324,0.323,14193.11
2017-07-20,0.327,0.328,0.329,0.326,6162.06
2017-07-21,0.328,0.327,0.328,0.325,2949.3
2017-07-24,0.327,0.326,0.327,0.323,499.0
2017-07-25,0.327,0.327,0.328,0.326,4675.0
2017-07-26,0.326,0.326,0.327,0.326,332.0
2017-07-27,0.329,0.328,0.329,0.328,3099.04
2017-07-28,0.327,0.325,0.327,0.325,1457.04
2017-07-31,0.325,0.326,0.326,0.324,12258.03
2017-08-01,0.324,0.325,0.325,0.323,2877.04
2017-08-02,0.329,0.327,0.329,0.325,821.0
2017-08-03,0.327,0.325,0.328,0.325,1037.0
2017-08-04,0.324,0.324,0.326,0.324,622.01
2017-08-07,0.325,0.326,0.328,0.324,4271.2
2017-08-08,0.326,0.326,0.327,0.326,1365.13
2017-08-09,0.324,0.325,0.326,0.324,1921.0
2017-08-10,0.324,0.324,0.326,0.323,3152.0
2017-08-11,0.321,0.318,0.321,0.316,3472.01
2017-08-14,0.322,0.32,0.322,0.317,2735.02
2017-08-15,0.323,0.324,0.324,0.323,2421.0
2017-08-16,0.323,0.324,0.325,0.323,1259.0
2017-08-17,0.324,0.323,0.324,0.322,428.0
2017-08-18,0.319,0.32,0.32,0.319,597.0
2017-08-21,0.319,0.322,0.322,0.318,196.0
2017-08-22,0.318,0.318,0.321,0.318,3007.0
2017-08-23,0.323,0.32,0.323,0.32,1021.08
2017-08-24,0.321,0.319,0.321,0.319,157.08
2017-08-25,0.319,0.319,0.32,0.318,1087.0
2017-08-28,0.323,0.318,0.323,0.317,4458.28
2017-08-29,0.319,0.318,0.319,0.317,550.0
2017-08-30,0.318,0.318,0.319,0.318,512.0
2017-08-31,0.321,0.321,0.322,0.321,658.0
2017-09-01,0.323,0.324,0.324,0.323,473.0
2017-09-04,0.324,0.322,0.324,0.321,766.0
2017-09-05,0.322,0.322,0.322,0.322,960.0
2017-09-06,0.321,0.318,0.321,0.318,2375.0
2017-09-07,0.318,0.318,0.319,0.317,1728.0
2017-09-08,0.318,0.318,0.318,0.317,890.1
2017-09-11,0.318,0.316,0.318,0.314,961.13
2017-09-12,0.32,0.318,0.32,0.317,1854.0
2017-09-13,0.32,0.318,0.32,0.318,1073.0
2017-09-14,0.319,0.319,0.319,0.318,3579.0
2017-09-15,0.319,0.319,0.319,0.318,2117.0
2017-09-18,0.319,0.321,0.321,0.319,1869.0
2017-09-19,0.32,0.322,0.322,0.32,417.0
2017-09-20,0.322,0.322,0.322,0.32,1499.08
2017-09-21,0.32,0.322,0.322,0.32,1466.08
2017-09-22,0.318,0.32,0.324,0.318,2727.08
2017-09-25,0.326,0.319,0.326,0.319,372.0
2017-09-26,0.322,0.317,0.322,0.317,1135.99
2017-09-27,0.318,0.318,0.319,0.318,291.0
2017-09-28,0.319,0.321,0.322,0.319,466.0
2017-09-29,0.321,0.321,0.321,0.321,60.0
2017-10-09,0.328,0.326,0.328,0.323,10816.0
2017-10-10,0.328,0.326,0.328,0.325,3047.0
2017-10-11,0.326,0.326,0.333,0.325,3835.0
2017-10-12,0.327,0.326,0.327,0.326,1106.0
2017-10-13,0.326,0.325,0.326,0.324,2445.0
2017-10-16,0.327,0.326,0.327,0.325,956.0
2017-10-17,0.328,0.331,0.332,0.326,8144.05
2017-10-18,0.331,0.331,0.332,0.331,15055.0
2017-10-19,0.332,0.329,0.332,0.329,409.0
2017-10-20,0.33,0.329,0.331,0.329,2453.0
2017-10-23,0.33,0.331,0.332,0.33,3453.15
2017-10-24,0.328,0.33,0.33,0.328,3003.0
2017-10-25,0.332,0.33,0.332,0.33,5658.0
2017-10-26,0.33,0.329,0.333,0.329,693.0
2017-10-27,0.331,0.33,0.335,0.329,1026.01
2017-10-30,0.336,0.337,0.337,0.335,7728.52
2017-10-31,0.338,0.341,0.344,0.338,339.0
2017-11-01,0.341,0.343,0.346,0.34,2004.0
2017-11-02,0.342,0.341,0.342,0.34,1362.0
2017-11-03,0.346,0.342,0.346,0.339,767.0
2017-11-06,0.344,0.343,0.348,0.342,816.0
2017-11-07,0.347,0.345,0.347,0.342,537.01
2017-11-08,0.345,0.344,0.345,0.342,454.01
2017-11-09,0.357,0.345,0.357,0.344,5047.45
2017-11-10,0.343,0.345,0.345,0.343,1159.01
2017-11-13,0.344,0.344,0.35,0.344,291.0
2017-11-14,0.345,0.345,0.345,0.343,765.0
2017-11-15,0.344,0.344,0.344,0.344,2001.0
2017-11-16,0.342,0.344,0.345,0.34,613.0
2017-11-17,0.344,0.345,0.345,0.344,2373.48
2017-11-20,0.345,0.343,0.345,0.342,2793.0
2017-11-21,0.343,0.344,0.345,0.343,403.0
2017-11-22,0.346,0.347,0.349,0.346,599.45
2017-11-23,0.347,0.345,0.347,0.345,1457.07
2017-11-24,0.346,0.346,0.347,0.345,768.5
2017-11-27,0.346,0.346,0.348,0.345,2866.0
2017-11-28,0.346,0.346,0.347,0.346,2345.0
2017-11-29,0.347,0.349,0.35,0.347,3233.46
2017-11-30,0.349,0.345,0.349,0.343,562.45
2017-12-01,0.346,0.347,0.347,0.345,1021.0
2017-12-04,0.353,0.348,0.353,0.347,8708.0
2017-12-05,0.346,0.34,0.346,0.339,2403.5
2017-12-06,0.342,0.339,0.342,0.338,527.0
2017-12-07,0.341,0.341,0.342,0.34,805.0
2017-12-08,0.342,0.345,0.345,0.342,4423.5
2017-12-11,0.347,0.346,0.349,0.344,308.0
2017-12-12,0.354,0.349,0.354,0.346,474.0
2017-12-13,0.347,0.348,0.35,0.345,378.0
2017-12-14,0.348,0.349,0.352,0.347,384.0
2017-12-15,0.346,0.349,0.349,0.336,763.0
2017-12-18,0.349,0.35,0.353,0.349,2158.0
2017-12-19,0.352,0.354,0.354,0.352,1228.0
2017-12-20,0.351,0.353,0.353,0.351,466.05
2017-12-21,0.35,0.349,0.351,0.349,4028.0
2017-12-22,0.35,0.349,0.35,0.348,267.0
2017-12-25,0.349,0.349,0.35,0.345,803.0
2017-12-26,0.349,0.35,0.35,0.346,308.0
2017-12-27,0.352,0.346,0.352,0.343,1149.0
2017-12-28,0.343,0.347,0.347,0.343,1253.0
2017-12-29,0.345,0.347,0.347,0.345,337.03
2018-01-02,0.354,0.349,0.354,0.345,352.05
2018-01-03,0.35,0.35,0.351,0.348,2005.0
2018-01-04,0.352,0.352,0.355,0.35,792.0
2018-01-05,0.349,0.35,0.352,0.349,2019.7
2018-01-08,0.352,0.354,0.357,0.351,4415.13
2018-01-09,0.357,0.356,0.357,0.355,2541.06
2018-01-10,0.357,0.358,0.362,0.357,1192.0
2018-01-11,0.357,0.358,0.359,0.353,1413.0
2018-01-12,0.355,0.359,0.362,0.355,6430.13
2018-01-15,0.371,0.362,0.371,0.361,1439.0
2018-01-16,0.364,0.363,0.364,0.363,865.0
2018-01-17,0.36,0.361,0.362,0.359,187.0
2018-01-18,0.369,0.364,0.369,0.361,1159.0
2018-01-19,0.364,0.363,0.364,0.362,500.0
2018-01-22,0.361,0.362,0.364,0.361,1096.0
2018-01-23,0.367,0.366,0.367,0.363,3139.0
2018-01-24,0.366,0.369,0.37,0.366,2175.27
2018-01-25,0.369,0.365,0.369,0.358,3272.0
2018-01-26,0.365,0.366,0.366,0.361,506.0
2018-01-29,0.371,0.37,0.371,0.367,1868.86
2018-01-30,0.368,0.367,0.368,0.36,209.0
2018-01-31,0.359,0.363,0.363,0.359,1426.06
2018-02-01,0.363,0.362,0.363,0.362,549.0
2018-02-02,0.364,0.362,0.364,0.35,1026.0
2018-02-05,0.352,0.348,0.352,0.344,4300.18
2018-02-06,0.342,0.328,0.342,0.327,6227.19
2018-02-07,0.339,0.333,0.339,0.332,4462.01
2018-02-08,0.335,0.334,0.335,0.329,1944.0
2018-02-09,0.318,0.319,0.325,0.318,2231.0
2018-02-12,0.318,0.331,0.331,0.318,9526.48
2018-02-13,0.335,0.337,0.342,0.334,3656.85
2018-02-14,0.342,0.339,0.343,0.337,1516.0
2018-02-22,0.345,0.346,0.348,0.345,1218.0
2018-02-23,0.348,0.35,0.35,0.344,9240.03
2018-02-26,0.369,0.36,0.369,0.357,666.0
2018-02-27,0.362,0.366,0.368,0.362,2956.0
2018-02-28,0.364,0.358,0.364,0.356,588.0
2018-03-01,0.355,0.357,0.36,0.355,270.0
2018-03-02,0.352,0.354,0.357,0.351,1239.97
2018-03-05,0.359,0.355,0.359,0.353,345.0
2018-03-06,0.358,0.358,0.359,0.357,434.0
2018-03-07,0.35,0.361,0.362,0.35,209.0
2018-03-08,0.358,0.36,0.362,0.358,1083.06
2018-03-09,0.361,0.361,0.361,0.361,479.0
2018-03-12,0.364,0.369,0.387,0.364,3207.0
2018-03-13,0.378,0.368,0.378,0.367,2779.0
2018-03-14,0.365,0.365,0.366,0.363,1188.0
2018-03-15,0.365,0.366,0.366,0.361,2422.7
2018-03-16,0.37,0.368,0.37,0.367,515.66
2018-03-19,0.368,0.367,0.368,0.367,454.0
2018-03-20,0.356,0.359,0.362,0.356,2072.0
2018-03-21,0.359,0.361,0.367,0.359,435.0
2018-03-22,0.36,0.361,0.361,0.358,539.0
2018-03-23,0.361,0.347,0.361,0.341,2282.0
2018-03-26,0.347,0.349,0.362,0.338,3392.0
2018-03-27,0.351,0.352,0.359,0.349,1260.0
2018-03-28,0.336,0.344,0.345,0.336,1206.66
2018-03-29,0.344,0.339,0.344,0.334,762.06
2018-03-30,0.343,0.341,0.355,0.339,528.09
2018-04-02,0.342,0.341,0.342,0.341,448.0
2018-04-03,0.33,0.339,0.341,0.33,734.08
2018-04-04,0.339,0.34,0.35,0.339,347.0
2018-04-09,0.362,0.339,0.362,0.336,2359.0
2018-04-10,0.336,0.342,0.348,0.336,917.0
2018-04-11,0.346,0.345,0.354,0.344,203.0
2018-04-12,0.346,0.345,0.346,0.345,267.0
2018-04-13,0.346,0.344,0.347,0.344,253.0
2018-04-16,0.342,0.344,0.344,0.342,312.0
2018-04-17,0.372,0.347,0.372,0.344,500.0
2018-04-18,0.352,0.35,0.353,0.349,2545.0
2018-04-19,0.352,0.35,0.353,0.35,2136.0
2018-04-20,0.351,0.348,0.351,0.348,401.0
2018-04-23,0.343,0.344,0.344,0.343,940.01
2018-04-24,0.342,0.347,0.348,0.342,676.0
2018-04-25,0.341,0.34,0.342,0.338,1290.76
2018-04-26,0.34,0.342,0.342,0.34,444.0
2018-04-27,0.342,0.343,0.345,0.34,5258.0
2018-05-02,0.343,0.345,0.347,0.342,8010.21
2018-05-03,0.347,0.345,0.347,0.344,5320.0
2018-05-04,0.345,0.349,0.349,0.345,1923.0
2018-05-07,0.35,0.353,0.354,0.35,2541.06
2018-05-08,0.352,0.354,0.354,0.352,1393.0
2018-05-09,0.355,0.356,0.357,0.355,2206.02
2018-05-10,0.37,0.36,0.37,0.359,1506.0
2018-05-11,0.373,0.366,0.373,0.364,2487.0
2018-05-14,0.366,0.367,0.368,0.366,1246.0
2018-05-15,0.368,0.368,0.368,0.367,2764.0
2018-05-16,0.368,0.365,0.374,0.365,740.99
2018-05-17,0.368,0.367,0.369,0.365,1708.0
2018-05-18,0.368,0.367,0.38,0.366,2029.0
2018-05-21,0.366,0.37,0.37,0.365,2840.13
2018-05-22,0.37,0.367,0.38,0.367,323.0
2018-05-23,0.364,0.362,0.367,0.358,2663.0
2018-05-24,0.367,0.365,0.37,0.363,1552.01
2018-05-25,0.355,0.365,0.365,0.355,311.0
2018-05-28,0.365,0.37,0.38,0.364,3221.0
2018-05-29,0.38,0.368,0.38,0.368,19.0
2018-05-30,0.373,0.366,0.373,0.366,44.0
2018-05-31,0.367,0.369,0.375,0.367,866.38
2018-06-01,0.373,0.369,0.373,0.368,1105.0
2018-06-04,0.375,0.378,0.379,0.375,986.0
2018-06-05,0.38,0.381,0.386,0.38,750.81
2018-06-06,0.412,0.384,0.412,0.383,643.81
2018-06-07,0.404,0.385,0.404,0.384,1671.66
2018-06-08,0.386,0.38,0.386,0.38,399.0
2018-06-11,0.4,0.383,0.4,0.379,660.0
2018-06-12,0.384,0.384,0.384,0.38,2915.0
2018-06-13,0.387,0.387,0.387,0.385,50.0
2018-06-14,0.384,0.386,0.386,0.384,1244.0
2018-06-15,0.386,0.395,0.398,0.386,2077.03
2018-06-19,0.395,0.384,0.395,0.384,410.0
2018-06-20,0.398,0.389,0.398,0.389,79.0
2018-06-21,0.396,0.396,0.396,0.392,1860.38
2018-06-22,0.395,0.394,0.395,0.389,918.0
2018-06-25,0.395,0.394,0.397,0.391,458.0
2018-06-26,0.383,0.385,0.391,0.383,1462.13
2018-06-27,0.385,0.385,0.387,0.383,594.0
2018-06-28,0.385,0.383,0.385,0.377,877.0
2018-06-29,0.383,0.391,0.395,0.381,2200.53
2018-07-02,0.394,0.389,0.394,0.384,1632.0
2018-07-03,0.39,0.393,0.4,0.39,1712.1
2018-07-04,0.397,0.393,0.397,0.387,888.0
2018-07-05,0.398,0.393,0.398,0.389,232.0
2018-07-06,0.398,0.398,0.402,0.393,1758.0
2018-07-09,0.398,0.402,0.406,0.398,1569.0
2018-07-10,0.408,0.406,0.408,0.398,1754.66
2018-07-11,0.405,0.408,0.41,0.405,607.66
2018-07-12,0.408,0.409,0.41,0.406,1276.0
2018-07-13,0.416,0.413,0.416,0.411,1064.0
2018-07-16,0.409,0.416,0.417,0.409,380.0
2018-07-17,0.416,0.406,0.42,0.405,4827.0
2018-07-18,0.413,0.41,0.413,0.409,1479.0
2018-07-19,0.411,0.41,0.411,0.409,1682.0
2018-07-20,0.409,0.41,0.412,0.409,3373.0
2018-07-23,0.408,0.407,0.409,0.406,2330.0
2018-07-24,0.412,0.414,0.415,0.408,4800.04
2018-07-25,0.414,0.413,0.415,0.412,7576.0
2018-07-26,0.419,0.417,0.419,0.416,2782.0
2018-07-27,0.417,0.42,0.422,0.413,11477.0
2018-07-30,0.42,0.412,0.42,0.412,9061.0
2018-07-31,0.41,0.405,0.41,0.403,6263.0
2018-08-01,0.405,0.408,0.409,0.405,7271.0
2018-08-02,0.41,0.409,0.41,0.408,7526.0
2018-08-03,0.415,0.42,0.42,0.414,5778.0
2018-08-06,0.422,0.423,0.425,0.418,13001.0
2018-08-07,0.425,0.425,0.43,0.423,38430.0
2018-08-08,0.425,0.422,0.429,0.421,15281.0
2018-08-09,0.422,0.419,0.422,0.395,8874.0
2018-08-10,0.419,0.419,0.422,0.417,7827.0
2018-08-13,0.413,0.417,0.418,0.406,3492.0
2018-08-14,0.415,0.419,0.419,0.415,2617.0
2018-08-15,0.423,0.423,0.426,0.421,11266.0
2018-08-16,0.417,0.42,0.422,0.417,5527.0
2018-08-17,0.422,0.424,0.424,0.42,4508.05
2018-08-20,0.424,0.422,0.424,0.42,7614.0
2018-08-21,0.421,0.419,0.422,0.418,7788.0
2018-08-22,0.418,0.418,0.419,0.417,4314.0
2018-08-23,0.419,0.419,0.421,0.419,3865.0
2018-08-24,0.419,0.419,0.42,0.418,1724.0
2018-08-27,0.42,0.42,0.421,0.419,7580.0
2018-08-28,0.423,0.426,0.427,0.423,9820.0
2018-08-29,0.425,0.427,0.428,0.425,2812.15
2018-08-30,0.429,0.433,0.45,0.429,5402.0
2018-08-31,0.433,0.433,0.433,0.427,5365.0
2018-09-03,0.433,0.434,0.435,0.433,6006.0
2018-09-04,0.434,0.436,0.436,0.433,5487.0
2018-09-05,0.436,0.435,0.436,0.434,4243.0
2018-09-06,0.43,0.425,0.433,0.425,12772.0
2018-09-07,0.422,0.42,0.422,0.417,5374.0
2018-09-10,0.418,0.421,0.423,0.418,7635.0
2018-09-11,0.422,0.426,0.43,0.422,3485.0
2018-09-12,0.43,0.429,0.43,0.428,10479.0
2018-09-13,0.426,0.424,0.428,0.424,4740.0
2018-09-14,0.427,0.428,0.428,0.426,3145.0
2018-09-17,0.426,0.427,0.428,0.425,1926.0
2018-09-18,0.423,0.422,0.423,0.418,4847.0
2018-09-19,0.427,0.424,0.427,0.423,6063.0
2018-09-20,0.422,0.423,0.424,0.422,3127.0
2018-09-21,0.427,0.426,0.427,0.426,3617.01
2018-09-25,0.426,0.425,0.426,0.424,4331.0
2018-09-26,0.425,0.427,0.427,0.425,3838.02
2018-09-27,0.427,0.426,0.427,0.425,2981.0
2018-09-28,0.429,0.432,0.432,0.429,7152.0
2018-10-08,0.423,0.419,0.423,0.419,6315.0
2018-10-09,0.417,0.42,0.425,0.417,4527.0
2018-10-10,0.421,0.421,0.424,0.419,11686.0
2018-10-11,0.409,0.395,0.409,0.39,21259.0
2018-10-12,0.395,0.402,0.403,0.39,8138.31
2018-10-15,0.406,0.401,0.41,0.401,4639.0
2018-10-16,0.402,0.402,0.403,0.4,857.0
2018-10-17,0.412,0.417,0.417,0.412,4557.8
2018-10-18,0.412,0.412,0.413,0.411,2736.0
2018-10-19,0.404,0.407,0.407,0.404,8400.9
2018-10-22,0.407,0.405,0.407,0.403,9284.52
2018-10-23,0.404,0.4,0.405,0.399,9919.0
2018-10-24,0.401,0.402,0.403,0.4,1821.0
2018-10-25,0.385,0.389,0.389,0.384,8946.41
2018-10-26,0.396,0.389,0.397,0.387,7486.0
2018-10-29,0.389,0.389,0.392,0.387,3449.0
2018-10-30,0.387,0.384,0.387,0.382,9999.0
2018-10-31,0.388,0.388,0.388,0.387,4473.0
2018-11-01,0.393,0.394,0.396,0.392,10207.01
2018-11-02,0.396,0.399,0.4,0.396,10024.0
2018-11-05,0.398,0.393,0.398,0.392,5856.0
2018-11-06,0.392,0.393,0.393,0.392,3192.0
2018-11-07,0.394,0.395,0.397,0.394,6042.0
2018-11-08,0.403,0.404,0.406,0.403,6035.0
2018-11-09,0.402,0.403,0.404,0.402,1605.0
2018-11-12,0.401,0.401,0.402,0.397,1904.05
2018-11-13,0.393,0.39,0.394,0.387,5022.0
2018-11-14,0.389,0.389,0.389,0.388,1257.0
2018-11-15,0.387,0.386,0.387,0.384,11398.0
2018-11-16,0.388,0.387,0.388,0.386,6087.0
2018-11-19,0.387,0.388,0.388,0.387,2172.0
2018-11-20,0.381,0.375,0.381,0.374,7432.05
2018-11-21,0.368,0.372,0.374,0.368,9495.48
2018-11-22,0.372,0.371,0.373,0.37,3274.0
2018-11-23,0.37,0.368,0.371,0.368,1822.0
2018-11-26,0.37,0.371,0.371,0.369,1894.0
2018-11-27,0.375,0.375,0.375,0.374,3573.0
2018-11-28,0.376,0.381,0.381,0.376,18045.0
2018-11-29,0.387,0.387,0.389,0.387,4602.83
2018-11-30,0.389,0.389,0.389,0.388,3104.2
2018-12-03,0.395,0.4,0.401,0.395,8312.8
2018-12-04,0.399,0.391,0.399,0.391,6712.0
2018-12-05,0.382,0.383,0.383,0.38,11359.0
2018-12-06,0.379,0.376,0.379,0.375,2130.0
2018-12-07,0.38,0.382,0.384,0.38,468.0
2018-12-10,0.382,0.37,0.382,0.369,5999.0
2018-12-11,0.374,0.375,0.379,0.374,4124.0
2018-12-12,0.377,0.38,0.38,0.377,7865.0
2018-12-13,0.383,0.382,0.383,0.381,2838.0
2018-12-14,0.381,0.378,0.381,0.377,1623.0
2018-12-17,0.373,0.373,0.373,0.372,3923.0
2018-12-18,0.369,0.366,0.37,0.364,2688.0
2018-12-19,0.365,0.366,0.366,0.365,787.0
2018-12-20,0.361,0.355,0.361,0.355,8743.0
2018-12-21,0.352,0.354,0.354,0.351,5419.0
2018-12-24,0.345,0.343,0.345,0.339,6312.0
2018-12-25,0.335,0.332,0.335,0.329,6319.52
2018-12-26,0.332,0.331,0.333,0.33,11116.0
2018-12-27,0.35,0.349,0.353,0.347,13788.0
2018-12-28,0.35,0.352,0.353,0.35,4146.0
2019-01-02,0.355,0.349,0.356,0.349,4821.0
2019-01-03,0.35,0.347,0.35,0.347,2832.0
2019-01-04,0.338,0.347,0.347,0.338,4359.0
2019-01-07,0.355,0.358,0.361,0.355,1537.0
2019-01-08,0.361,0.363,0.364,0.361,10682.0
2019-01-09,0.365,0.366,0.368,0.365,1845.0
2019-01-10,0.366,0.363,0.366,0.363,1825.0
2019-01-11,0.366,0.365,0.367,0.365,499.0
2019-01-14,0.363,0.362,0.364,0.361,511.0
2019-01-15,0.362,0.364,0.364,0.362,903.0
2019-01-16,0.366,0.368,0.368,0.366,2000.0
2019-01-17,0.366,0.366,0.367,0.365,1804.0
2019-01-18,0.37,0.372,0.372,0.37,4305.0
2019-01-21,0.374,0.374,0.375,0.374,331.05
2019-01-22,0.374,0.371,0.375,0.371,1256.0
2019-01-23,0.363,0.368,0.369,0.363,1311.0
2019-01-24,0.368,0.368,0.368,0.368,175.0
2019-01-25,0.369,0.37,0.371,0.369,4376.0
2019-01-28,0.373,0.37,0.373,0.37,5598.0
2019-01-29,0.366,0.366,0.367,0.366,765.0
2019-01-30,0.365,0.366,0.366,0.365,608.0
2019-01-31,0.388,0.374,0.388,0.369,951.0
2019-02-01,0.377,0.38,0.38,0.376,7482.0
2019-02-11,0.38,0.38,0.381,0.379,6682.0
2019-02-12,0.381,0.381,0.382,0.381,6503.0
2019-02-13,0.385,0.386,0.386,0.385,1481.0
2019-02-14,0.385,0.385,0.385,0.384,3361.0
2019-02-15,0.384,0.382,0.385,0.382,1668.0
2019-02-18,0.384,0.387,0.387,0.384,1902.0
2019-02-19,0.387,0.387,0.387,0.385,1155.0
2019-02-20,0.388,0.386,0.388,0.386,1247.0
2019-02-21,0.386,0.386,0.386,0.385,1454.0
2019-02-22,0.384,0.384,0.384,0.383,1293.0
2019-02-25,0.387,0.388,0.388,0.384,5282.0
2019-02-26,0.388,0.385,0.388,0.384,6042.0
2019-02-27,0.383,0.385,0.387,0.383,6289.0
2019-02-28,0.385,0.384,0.385,0.384,2613.0
2019-03-01,0.385,0.388,0.39,0.385,9402.0
2019-03-04,0.389,0.389,0.39,0.388,3469.0
2019-03-05,0.388,0.386,0.388,0.386,5647.0
2019-03-06,0.386,0.386,0.386,0.385,5728.01
2019-03-07,0.385,0.383,0.385,0.382,9050.0
2019-03-08,0.381,0.376,0.381,0.376,2767.0
2019-03-11,0.378,0.38,0.385,0.378,39815.05
2019-03-12,0.385,0.389,0.39,0.385,23188.0
2019-03-13,0.395,0.39,0.395,0.389,7557.0
2019-03-14,0.392,0.395,0.395,0.392,5420.15
2019-03-15,0.392,0.395,0.396,0.392,34513.08
2019-03-18,0.395,0.398,0.398,0.395,3908.0
2019-03-19,0.399,0.399,0.399,0.398,3657.33
2019-03-20,0.399,0.399,0.4,0.398,5100.0
2019-03-21,0.399,0.401,0.404,0.398,1996.0
2019-03-22,0.405,0.408,0.408,0.405,1169.0
2019-03-25,0.4,0.395,0.4,0.395,5039.0
2019-03-26,0.398,0.397,0.398,0.396,2391.0
2019-03-27,0.4,0.401,0.401,0.398,10585.0
2019-03-28,0.398,0.398,0.398,0.397,1543.0
2019-03-29,0.403,0.4,0.403,0.399,653.0
2019-04-01,0.401,0.406,0.406,0.401,2527.8
2019-04-02,0.409,0.408,0.409,0.406,1686.0
2019-04-03,0.411,0.409,0.411,0.407,1885.0
2019-04-04,0.409,0.411,0.412,0.409,1853.24
2019-04-08,0.411,0.411,0.414,0.408,2974.0
2019-04-09,0.412,0.411,0.412,0.41,2141.35
2019-04-10,0.41,0.409,0.41,0.408,1052.0
2019-04-11,0.411,0.414,0.414,0.41,10954.0
2019-04-12,0.413,0.413,0.413,0.412,197.0
2019-04-15,0.413,0.413,0.414,0.413,419.0
2019-04-16,0.415,0.414,0.437,0.411,1379.5
2019-04-17,0.414,0.414,0.415,0.414,913.0
2019-04-18,0.412,0.414,0.414,0.412,552.0
2019-04-19,0.414,0.415,0.418,0.412,3055.03
2019-04-22,0.416,0.415,0.416,0.414,1304.03
2019-04-23,0.416,0.417,0.417,0.415,624.0
2019-04-24,0.421,0.424,0.424,0.421,4159.0
2019-04-25,0.424,0.426,0.426,0.423,2892.24
2019-04-26,0.425,0.431,0.434,0.425,5354.05
2019-04-29,0.432,0.435,0.45,0.432,8815.0
2019-04-30,0.435,0.433,0.438,0.432,23874.0
2019-05-06,0.432,0.421,0.432,0.419,10862.0
2019-05-07,0.423,0.426,0.427,0.423,2684.0
2019-05-08,0.419,0.418,0.42,0.414,5497.0
2019-05-09,0.418,0.417,0.418,0.415,4283.0
2019-05-10,0.417,0.418,0.42,0.411,3697.0
2019-05-13,0.418,0.415,0.418,0.413,2393.0
2019-05-14,0.408,0.404,0.408,0.388,5716.01
2019-05-15,0.408,0.41,0.413,0.407,4755.02
2019-05-16,0.414,0.412,0.415,0.412,1853.0
2019-05-17,0.418,0.417,0.42,0.417,7037.0
2019-05-20,0.417,0.415,0.417,0.413,1756.0
2019-05-21,0.411,0.411,0.411,0.409,4845.0
2019-05-22,0.412,0.413,0.415,0.412,1582.0
2019-05-23,0.413,0.407,0.413,0.406,4147.05
2019-05-24,0.405,0.405,0.406,0.404,1539.0
2019-05-27,0.403,0.405,0.405,0.403,1952.0
2019-05-28,0.405,0.404,0.406,0.404,2452.0
2019-05-29,0.4,0.401,0.402,0.4,1310.0
2019-05-30,0.398,0.398,0.399,0.396,2265.48
2019-05-31,0.398,0.395,0.399,0.395,1897.0
2019-06-03,0.395,0.388,0.395,0.386,2990.0
2019-06-04,0.388,0.385,0.388,0.383,1412.0
2019-06-05,0.393,0.394,0.395,0.392,2322.0
2019-06-06,0.396,0.396,0.397,0.394,1334.0
2019-06-10,0.404,0.409,0.414,0.404,3945.0
2019-06-11,0.411,0.411,0.419,0.411,7527.0
2019-06-12,0.413,0.41,0.413,0.41,3889.26
2019-06-13,0.409,0.411,0.411,0.409,1441.0
2019-06-14,0.413,0.413,0.415,0.412,3129.0
2019-06-17,0.413,0.414,0.415,0.413,5012.0
2019-06-18,0.416,0.416,0.42,0.414,4302.0
2019-06-19,0.427,0.422,0.427,0.419,2769.0
2019-06-20,0.423,0.426,0.427,0.422,5711.02
2019-06-21,0.426,0.425,0.428,0.424,2847.04
2019-06-24,0.425,0.427,0.428,0.425,2125.0
2019-06-25,0.424,0.422,0.425,0.421,1852.0
2019-06-26,0.416,0.417,0.417,0.415,3780.0
2019-06-27,0.42,0.421,0.422,0.418,801.0
2019-06-28,0.421,0.418,0.421,0.416,1334.0
2019-07-01,0.424,0.432,0.435,0.423,5037.01
2019-07-02,0.432,0.428,0.432,0.427,5778.0
2019-07-03,0.428,0.428,0.432,0.427,2194.01
2019-07-04,0.431,0.43,0.431,0.429,2026.0
2019-07-05,0.431,0.432,0.433,0.43,4724.0
2019-07-08,0.432,0.429,0.432,0.427,1435.0
2019-07-09,0.428,0.424,0.428,0.424,1137.03
2019-07-10,0.428,0.429,0.43,0.426,2671.0
2019-07-11,0.431,0.434,0.435,0.431,2775.0
2019-07-12,0.434,0.433,0.434,0.432,1760.0
2019-07-15,0.433,0.436,0.437,0.433,2386.12
2019-07-16,0.439,0.439,0.439,0.437,1668.0
2019-07-17,0.436,0.437,0.438,0.434,3731.0
2019-07-18,0.433,0.433,0.434,0.432,2259.99
2019-07-19,0.437,0.436,0.437,0.434,2904.0
2019-07-22,0.434,0.434,0.434,0.43,1813.0
2019-07-23,0.434,0.436,0.437,0.434,4055.0
2019-07-24,0.438,0.437,0.439,0.437,6899.0
2019-07-25,0.446,0.441,0.446,0.44,1721.99
2019-07-26,0.438,0.44,0.44,0.438,2098.12
2019-07-29,0.446,0.443,0.446,0.442,982.99
2019-07-30,0.44,0.442,0.444,0.44,3494.0
2019-07-31,0.439,0.439,0.442,0.439,568.01
2019-08-01,0.435,0.435,0.436,0.433,1991.02
2019-08-02,0.434,0.435,0.435,0.426,1915.99
2019-08-05,0.429,0.431,0.436,0.429,2550.01
2019-08-06,0.418,0.419,0.423,0.413,7304.03
2019-08-07,0.424,0.424,0.425,0.413,6276.0
2019-08-08,0.425,0.427,0.429,0.425,3183.0
2019-08-09,0.436,0.435,0.442,0.433,6717.06
2019-08-12,0.435,0.441,0.441,0.431,2006.03
2019-08-13,0.438,0.426,0.438,0.426,5530.0
2019-08-14,0.433,0.436,0.436,0.433,3849.94
2019-08-15,0.43,0.429,0.43,0.423,4742.02
2019-08-16,0.431,0.429,0.431,0.427,3558.0
2019-08-19,0.433,0.435,0.436,0.43,14173.0
2019-08-20,0.436,0.438,0.438,0.434,8806.26
2019-08-21,0.435,0.436,0.436,0.435,758.0
2019-08-22,0.439,0.44,0.442,0.438,1930.97
2019-08-23,0.439,0.439,0.451,0.438,10098.0
2019-08-26,0.425,0.429,0.43,0.423,7596.0
2019-08-27,0.431,0.433,0.442,0.431,5754.0
2019-08-28,0.431,0.432,0.433,0.431,3527.0
2019-08-29,0.437,0.43,0.437,0.43,3195.0
2019-08-30,0.437,0.439,0.44,0.433,7129.01
2019-09-02,0.44,0.438,0.44,0.437,3080.97
2019-09-03,0.436,0.437,0.438,0.436,2730.0
2019-09-04,0.433,0.442,0.445,0.433,9851.0
2019-09-05,0.445,0.443,0.445,0.441,4184.1
2019-09-06,0.45,0.447,0.45,0.445,5241.9
2019-09-09,0.454,0.45,0.454,0.446,3669.0
2019-09-10,0.447,0.445,0.447,0.441,15212.0
2019-09-11,0.444,0.444,0.444,0.442,4699.0
2019-09-12,0.45,0.448,0.45,0.448,2407.0
2019-09-16,0.445,0.444,0.446,0.442,4610.12
2019-09-17,0.443,0.443,0.444,0.443,1523.0
2019-09-18,0.443,0.445,0.446,0.443,1704.0
2019-09-19,0.446,0.445,0.446,0.441,1424.0
2019-09-20,0.445,0.446,0.447,0.445,1796.0
2019-09-23,0.445,0.443,0.445,0.442,1849.05
2019-09-24,0.444,0.443,0.444,0.443,340.0
2019-09-25,0.439,0.438,0.443,0.436,1745.0
2019-09-26,0.44,0.44,0.442,0.44,1985.0
2019-09-27,0.439,0.44,0.441,0.438,998.0
2019-09-30,0.439,0.436,0.439,0.435,5359.0
2019-10-08,0.436,0.437,0.443,0.429,995.0
2019-10-09,0.431,0.432,0.433,0.431,794.0
2019-10-10,0.433,0.433,0.435,0.432,4031.0
2019-10-11,0.435,0.437,0.437,0.434,5643.2
2019-10-14,0.441,0.442,0.443,0.44,11131.41
2019-10-15,0.442,0.444,0.444,0.442,2030.41
2019-10-16,0.448,0.446,0.448,0.446,2307.0
2019-10-17,0.446,0.445,0.447,0.445,303.0
2019-10-18,0.447,0.444,0.447,0.444,1110.0
2019-10-21,0.446,0.443,0.446,0.442,1079.0
2019-10-22,0.446,0.446,0.446,0.445,1103.0
2019-10-23,0.443,0.443,0.444,0.442,1069.0
2019-10-24,0.444,0.444,0.444,0.443,514.0
2019-10-25,0.445,0.446,0.447,0.445,1831.0
2019-10-28,0.448,0.449,0.45,0.448,2173.0
2019-10-29,0.453,0.453,0.454,0.452,3702.12
2019-10-30,0.453,0.452,0.453,0.45,463.0
2019-10-31,0.454,0.454,0.455,0.453,1252.0
2019-11-01,0.453,0.454,0.455,0.453,1882.08
2019-11-04,0.472,0.458,0.472,0.456,1053.12
2019-11-05,0.46,0.46,0.461,0.458,1706.0
2019-11-06,0.458,0.457,0.46,0.454,1729.0
2019-11-07,0.457,0.456,0.459,0.455,589.0
2019-11-08,0.456,0.456,0.456,0.456,1045.0
2019-11-11,0.458,0.456,0.461,0.453,2614.0
2019-11-12,0.456,0.458,0.458,0.456,739.0
2019-11-13,0.458,0.459,0.461,0.456,1471.0
2019-11-14,0.462,0.462,0.462,0.457,2285.12
2019-11-15,0.462,0.463,0.463,0.462,2787.2
2019-11-18,0.463,0.465,0.47,0.463,3901.0
2019-11-19,0.467,0.468,0.469,0.467,2745.0
2019-11-20,0.468,0.467,0.468,0.466,1579.0
2019-11-21,0.467,0.464,0.468,0.461,989.0
2019-11-22,0.463,0.466,0.467,0.463,291.0
2019-11-25,0.466,0.468,0.468,0.466,917.0
2019-11-26,0.471,0.472,0.472,0.47,1772.0
2019-11-27,0.472,0.475,0.476,0.472,6273.0
2019-11-28,0.478,0.488,0.523,0.472,5954.0
2019-11-29,0.486,0.489,0.523,0.476,15763.01
2019-12-02,0.489,0.5,0.5,0.477,7955.0
2019-12-03,0.494,0.474,0.495,0.473,34377.0
2019-12-04,0.467,0.468,0.47,0.465,7356.0
2019-12-05,0.47,0.469,0.475,0.465,22264.0
2019-12-06,0.469,0.468,0.469,0.466,7899.0
2019-12-09,0.472,0.471,0.474,0.47,15652.0
2019-12-10,0.47,0.469,0.471,0.468,5618.01
2019-12-11,0.469,0.469,0.469,0.466,2468.0
2019-12-12,0.47,0.472,0.472,0.469,8308.01
2019-12-13,0.474,0.476,0.477,0.474,15588.0
2019-12-16,0.475,0.478,0.479,0.474,7945.0
2019-12-17,0.48,0.482,0.485,0.479,6274.0
2019-12-18,0.482,0.479,0.483,0.478,10380.0
2019-12-19,0.478,0.478,0.481,0.477,3748.0
2019-12-20,0.48,0.482,0.482,0.48,9316.0
2019-12-23,0.483,0.484,0.484,0.482,17450.08
2019-12-24,0.486,0.487,0.488,0.484,7917.03
2019-12-25,0.487,0.486,0.488,0.485,5629.0
2019-12-26,0.484,0.487,0.488,0.484,11118.03
2019-12-27,0.49,0.492,0.493,0.489,9908.05
2019-12-30,0.491,0.492,0.492,0.489,11675.15
2019-12-31,0.489,0.489,0.49,0.487,6325.0
2020-01-02,0.495,0.494,0.495,0.489,19163.21
2020-01-03,0.496,0.496,0.499,0.493,16691.13
2020-01-06,0.493,0.49,0.493,0.488,12802.0
2020-01-07,0.494,0.495,0.496,0.493,9466.0
2020-01-08,0.49,0.489,0.492,0.488,6985.0
2020-01-09,0.495,0.498,0.499,0.494,12346.0
2020-01-10,0.499,0.505,0.507,0.499,30320.0
2020-01-13,0.503,0.502,0.504,0.5,25522.01
2020-01-14,0.506,0.504,0.508,0.502,64780.0
2020-01-15,0.503,0.501,0.503,0.499,30550.02
2020-01-16,0.502,0.5,0.502,0.5,28755.0
2020-01-17,0.505,0.509,0.51,0.503,64262.01
2020-01-20,0.512,0.511,0.517,0.509,68257.0
2020-01-21,0.511,0.504,0.511,0.503,56483.0
2020-01-22,0.504,0.507,0.508,0.503,62307.0
2020-01-23,0.505,0.505,0.507,0.503,68850.0
2020-02-03,0.483,0.494,0.503,0.483,39678.0
2020-02-04,0.499,0.512,0.512,0.499,80647.15
2020-02-05,0.519,0.52,0.522,0.517,113808.15
2020-02-06,0.523,0.53,0.53,0.521,66687.41
2020-02-07,0.53,0.542,0.549,0.53,136454.41
2020-02-10,0.54,0.551,0.555,0.538,98126.03
2020-02-11,0.56,0.564,0.564,0.557,94927.0
2020-02-12,0.569,0.576,0.579,0.565,131280.0
2020-02-13,0.588,0.604,0.604,0.583,187692.85
2020-02-14,0.598,0.567,0.603,0.565,222612.15
2020-02-17,0.567,0.571,0.575,0.533,186188.15
2020-02-18,0.568,0.558,0.571,0.553,119683.39
2020-02-19,0.555,0.552,0.566,0.549,137031.0
2020-02-20,0.558,0.559,0.561,0.554,113339.85
2020-02-21,0.558,0.547,0.558,0.545,101122.1
2020-02-24,0.531,0.525,0.532,0.524,143404.67
2020-02-25,0.512,0.534,0.537,0.511,226783.35
2020-02-26,0.513,0.519,0.524,0.513,167003.24
2020-02-27,0.521,0.519,0.525,0.518,121404.47
2020-02-28,0.5,0.496,0.505,0.495,137141.04
2020-03-02,0.5,0.513,0.515,0.498,229142.97
2020-03-03,0.536,0.507,0.536,0.505,307320.06
2020-03-04,0.499,0.502,0.505,0.494,185793.0
2020-03-05,0.51,0.5,0.513,0.498,242455.78
2020-03-06,0.492,0.487,0.492,0.486,149242.9
2020-03-09,0.472,0.457,0.472,0.457,239028.5
2020-03-10,0.45,0.474,0.476,0.45,355215.11
2020-03-11,0.471,0.46,0.471,0.46,301597.2
2020-03-12,0.45,0.448,0.45,0.443,173745.8
2020-03-13,0.418,0.441,0.457,0.418,399682.91
2020-03-16,0.439,0.425,0.441,0.424,227799.48
2020-03-17,0.428,0.428,0.436,0.417,211127.0
2020-03-18,0.428,0.416,0.432,0.415,217993.0
2020-03-19,0.42,0.418,0.423,0.41,175285.0
2020-03-20,0.425,0.444,0.444,0.423,255934.2
2020-03-23,0.418,0.424,0.439,0.415,256372.53
2020-03-24,0.439,0.449,0.449,0.431,267643.25
2020-03-25,0.463,0.47,0.478,0.458,393433.01
2020-03-26,0.465,0.454,0.466,0.454,231909.4
2020-03-27,0.47,0.451,0.47,0.448,267550.2
2020-03-30,0.442,0.441,0.446,0.433,343286.77
2020-03-31,0.453,0.448,0.454,0.444,178327.0
2020-04-01,0.441,0.44,0.448,0.438,141665.4
2020-04-02,0.435,0.448,0.449,0.435,158612.8
2020-04-03,0.446,0.441,0.446,0.439,88946.2
2020-04-07,0.463,0.462,0.464,0.455,258388.0
2020-04-08,0.458,0.459,0.461,0.455,136789.0
2020-04-09,0.465,0.465,0.465,0.463,156947.0
2020-04-10,0.466,0.458,0.466,0.458,143072.92
2020-04-13,0.456,0.454,0.457,0.453,83490.18
2020-04-14,0.46,0.468,0.469,0.459,212249.5
2020-04-15,0.469,0.482,0.482,0.469,191419.0
2020-04-16,0.476,0.484,0.487,0.475,167901.0
2020-04-17,0.495,0.499,0.501,0.495,222419.9
2020-04-20,0.449,0.493,0.499,0.449,190734.0
2020-04-21,0.492,0.488,0.492,0.482,233478.98
2020-04-22,0.472,0.486,0.492,0.468,315827.0
2020-04-23,0.489,0.491,0.492,0.485,194525.0
2020-04-24,0.487,0.488,0.49,0.485,110426.0
2020-04-27,0.493,0.504,0.508,0.493,189778.22
2020-04-28,0.505,0.51,0.515,0.498,274904.01
2020-04-29,0.508,0.524,0.53,0.508,415552.9
2020-04-30,0.539,0.542,0.551,0.523,502295.0
2020-05-06,0.536,0.539,0.547,0.53,325005.16
2020-05-07,0.54,0.533,0.54,0.527,284502.08
2020-05-08,0.54,0.534,0.542,0.532,290707.15
2020-05-11,0.54,0.53,0.54,0.528,149068.13
2020-05-12,0.528,0.523,0.531,0.519,215834.0
2020-05-13,0.517,0.515,0.517,0.512,247855.14
2020-05-14,0.507,0.505,0.509,0.505,182546.24
2020-05-15,0.51,0.51,0.511,0.508,138298.19
2020-05-18,0.514,0.514,0.515,0.512,160236.18
2020-05-19,0.522,0.524,0.524,0.519,187983.38
2020-05-20,0.521,0.519,0.522,0.518,105634.0
2020-05-21,0.525,0.524,0.527,0.523,155918.42
2020-05-22,0.523,0.514,0.523,0.513,148097.6
2020-05-25,0.521,0.527,0.529,0.514,175909.44
2020-05-26,0.534,0.537,0.539,0.531,209412.33
2020-05-27,0.531,0.53,0.535,0.528,187590.0
2020-05-28,0.53,0.526,0.534,0.525,168417.02
2020-05-29,0.526,0.523,0.526,0.521,133293.51
2020-06-01,0.529,0.53,0.531,0.529,163218.5
2020-06-02,0.532,0.532,0.533,0.53,120956.22
2020-06-03,0.535,0.535,0.537,0.534,139024.0
2020-06-04,0.537,0.535,0.537,0.534,99109.0
2020-06-05,0.531,0.535,0.535,0.531,103455.73
2020-06-08,0.543,0.542,0.544,0.54,106063.08
2020-06-09,0.545,0.546,0.548,0.544,126865.3
2020-06-10,0.548,0.553,0.553,0.548,88623.0
2020-06-11,0.557,0.548,0.559,0.547,187826.5
2020-06-12,0.526,0.533,0.536,0.526,284407.51
2020-06-15,0.528,0.52,0.532,0.517,242009.0
2020-06-16,0.539,0.543,0.548,0.538,220859.0
2020-06-17,0.547,0.551,0.551,0.546,149085.83
2020-06-18,0.549,0.55,0.552,0.545,134962.49
2020-06-19,0.552,0.554,0.554,0.55,144480.0
2020-06-22,0.551,0.551,0.553,0.549,156459.0
2020-06-23,0.552,0.556,0.557,0.549,168444.5
2020-06-24,0.56,0.56,0.562,0.558,136636.0
2020-06-29,0.545,0.542,0.546,0.542,230727.43
2020-06-30,0.548,0.547,0.55,0.545,148034.0
2020-07-01,0.555,0.554,0.555,0.553,132816.02
2020-07-02,0.56,0.564,0.565,0.56,157645.0
2020-07-03,0.567,0.567,0.568,0.563,139611.01
2020-07-06,0.568,0.57,0.57,0.567,274668.06
2020-07-07,0.575,0.573,0.575,0.57,237841.06
2020-07-08,0.571,0.572,0.573,0.571,209509.02
2020-07-09,0.578,0.578,0.578,0.576,131346.01
2020-07-10,0.576,0.577,0.579,0.576,109490.51
2020-07-13,0.586,0.588,0.59,0.584,141408.26
2020-07-14,0.577,0.58,0.581,0.574,163383.0
2020-07-15,0.583,0.581,0.584,0.58,96605.74
2020-07-16,0.58,0.53,0.58,0.53,110868.7
2020-07-17,0.574,0.577,0.578,0.571,95452.74
2020-07-20,0.577,0.574,0.577,0.573,67857.0
2020-07-21,0.59,0.599,0.602,0.59,223363.32
2020-07-22,0.592,0.591,0.593,0.588,173637.88
2020-07-23,0.591,0.593,0.593,0.59,79965.9
2020-07-24,0.578,0.573,0.582,0.568,162673.44
2020-07-27,0.571,0.575,0.576,0.571,80442.83
2020-07-28,0.583,0.583,0.584,0.581,92978.03
2020-07-29,0.574,0.58,0.581,0.573,96591.9
2020-07-30,0.582,0.578,0.583,0.578,95798.55
2020-07-31,0.588,0.59,0.592,0.588,181348.08
2020-08-03,0.592,0.593,0.593,0.591,101299.04
2020-08-04,0.597,0.599,0.6,0.597,111712.34
2020-08-05,0.6,0.6,0.6,0.597,211664.51
2020-08-06,0.6,0.597,0.6,0.596,69080.51
2020-08-07,0.602,0.603,0.608,0.602,136846.33
2020-08-10,0.599,0.601,0.602,0.598,49716.5
2020-08-11,0.601,0.6,0.601,0.599,60203.0
2020-08-12,0.591,0.593,0.593,0.588,127014.5
2020-08-13,0.601,0.603,0.604,0.601,118855.0
2020-08-14,0.605,0.607,0.607,0.604,88572.4
2020-08-17,0.605,0.606,0.606,0.604,96364.42
2020-08-18,0.609,0.608,0.61,0.608,84655.6
2020-08-19,0.612,0.613,0.613,0.611,104551.0
2020-08-20,0.611,0.611,0.612,0.607,185444.29
2020-08-21,0.617,0.623,0.625,0.617,219791.83
2020-08-24,0.627,0.64,0.647,0.627,276930.21
2020-08-25,0.645,0.659,0.661,0.641,333444.98
2020-08-26,0.664,0.648,0.672,0.637,613565.52
2020-08-27,0.66,0.671,0.673,0.655,327391.8
2020-08-28,0.668,0.678,0.69,0.646,470904.74
2020-08-31,0.681,0.691,0.692,0.681,383153.96
2020-09-01,0.696,0.706,0.717,0.688,430845.99
2020-09-02,0.72,0.744,0.744,0.718,437446.43
2020-09-03,0.765,0.785,0.8,0.753,722169.0
2020-09-04,0.723,0.706,0.738,0.706,1004199.34
2020-09-07,0.693,0.657,0.695,0.647,647944.59
2020-09-08,0.66,0.695,0.696,0.66,744188.78
2020-09-09,0.651,0.662,0.68,0.634,866154.01
2020-09-10,0.695,0.677,0.695,0.67,723767.45
2020-09-11,0.659,0.661,0.665,0.647,895350.71
2020-09-14,0.658,0.675,0.677,0.654,825380.45
2020-09-15,0.675,0.682,0.695,0.673,1103236.83
2020-09-16,0.69,0.679,0.695,0.675,753629.24
2020-09-17,0.665,0.653,0.669,0.652,639627.4
2020-09-18,0.645,0.659,0.663,0.642,733577.09
2020-09-21,0.654,0.646,0.657,0.645,396202.0
2020-09-22,0.643,0.632,0.649,0.63,292278.04
2020-09-23,0.643,0.635,0.643,0.633,379601.03
2020-09-24,0.612,0.611,0.618,0.609,439545.8
2020-09-25,0.615,0.604,0.617,0.604,279486.54
2020-09-28,0.611,0.628,0.63,0.61,475062.04
2020-09-29,0.641,0.643,0.655,0.638,611646.89
2020-09-30,0.648,0.651,0.655,0.636,471559.0
2020-10-09,0.667,0.671,0.677,0.665,532167.0
2020-10-12,0.682,0.68,0.682,0.674,502887.6
2020-10-13,0.688,0.682,0.694,0.682,471020.4
2020-10-14,0.682,0.678,0.683,0.67,397045.0
2020-10-15,0.668,0.655,0.669,0.653,384677.68
2020-10-16,0.658,0.657,0.664,0.654,327316.76
2020-10-19,0.662,0.667,0.667,0.658,273721.69
2020-10-20,0.654,0.656,0.658,0.65,423765.64
2020-10-21,0.657,0.652,0.657,0.651,282339.78
2020-10-22,0.645,0.633,0.645,0.632,373163.68
2020-10-23,0.633,0.629,0.634,0.622,298492.2
2020-10-26,0.625,0.622,0.628,0.618,273317.46
2020-10-27,0.611,0.628,0.63,0.61,403276.48
2020-10-28,0.625,0.621,0.625,0.618,263853.0
2020-10-29,0.604,0.614,0.616,0.601,422643.68
2020-10-30,0.613,0.599,0.613,0.596,399702.62
2020-11-02,0.599,0.601,0.605,0.599,358061.61
2020-11-03,0.604,0.614,0.614,0.604,565995.5
2020-11-04,0.619,0.642,0.668,0.619,1439443.62
2020-11-05,0.66,0.64,0.668,0.636,988393.61
2020-11-06,0.641,0.637,0.647,0.63,920599.64
2020-11-09,0.648,0.651,0.653,0.641,686687.6
2020-11-10,0.635,0.622,0.635,0.621,700906.71
2020-11-11,0.616,0.612,0.616,0.609,410237.2
2020-11-12,0.62,0.613,0.621,0.613,338552.59
2020-11-13,0.61,0.616,0.616,0.608,282044.0
2020-11-16,0.62,0.62,0.62,0.618,279375.0
2020-11-17,0.621,0.616,0.621,0.615,332135.0
2020-11-18,0.614,0.61,0.614,0.61,256158.62
2020-11-19,0.607,0.61,0.612,0.606,301086.0
2020-11-20,0.611,0.616,0.617,0.611,544814.14
2020-11-23,0.614,0.612,0.614,0.61,264317.37
2020-11-24,0.612,0.613,0.614,0.611,268111.55
2020-11-25,0.62,0.621,0.623,0.619,393345.02
2020-11-26,0.623,0.623,0.623,0.622,287805.22
2020-11-27,0.621,0.622,0.623,0.62,216867.0
2020-11-30,0.626,0.622,0.627,0.622,327172.0
2020-12-01,0.629,0.63,0.631,0.628,355933.0
2020-12-02,0.632,0.632,0.633,0.631,262566.0
2020-12-03,0.633,0.635,0.635,0.632,262116.92
2020-12-04,0.635,0.634,0.635,0.633,227073.0
2020-12-07,0.634,0.633,0.636,0.633,186067.0
2020-12-08,0.634,0.636,0.636,0.634,176159.03
2020-12-09,0.639,0.641,0.641,0.638,278671.0
2020-12-10,0.627,0.625,0.63,0.624,316558.66
2020-12-11,0.627,0.626,0.628,0.625,265450.49
2020-12-14,0.628,0.627,0.629,0.626,119982.75
2020-12-15,0.63,0.631,0.633,0.629,253625.5
2020-12-16,0.637,0.64,0.64,0.635,196631.5
2020-12-17,0.642,0.641,0.642,0.64,185329.51
2020-12-18,0.642,0.643,0.644,0.642,182026.01
2020-12-21,0.643,0.644,0.645,0.643,291548.0
2020-12-22,0.643,0.638,0.643,0.636,375612.0
2020-12-23,0.64,0.64,0.641,0.639,188699.0
2020-12-24,0.637,0.638,0.639,0.637,233816.96
2020-12-25,0.64,0.639,0.64,0.638,232333.8
2020-12-28,0.64,0.644,0.644,0.64,459584.0
2020-12-29,0.646,0.65,0.65,0.646,182338.0
2020-12-30,0.647,0.65,0.65,0.646,214572.8
2020-12-31,0.65,0.65,0.65,0.647,211140.01
2021-01-04,0.649,0.645,0.649,0.643,455432.0
2021-01-05,0.637,0.635,0.638,0.633,280778.85
2021-01-06,0.637,0.632,0.637,0.631,300723.89
2021-01-07,0.632,0.634,0.635,0.632,303033.0
2021-01-08,0.645,0.647,0.647,0.643,388927.91
2021-01-11,0.651,0.65,0.652,0.649,253506.65
2021-01-12,0.646,0.646,0.648,0.645,395721.0
2021-01-13,0.643,0.643,0.644,0.643,110928.0
2021-01-14,0.645,0.647,0.648,0.645,232187.0
2021-01-15,0.643,0.642,0.644,0.641,133534.57
2021-01-18,0.638,0.639,0.64,0.636,329889.0
2021-01-19,0.643,0.646,0.649,0.642,249893.57
2021-01-20,0.65,0.651,0.652,0.649,188587.57
2021-01-21,0.664,0.668,0.668,0.663,224805.18
2021-01-22,0.668,0.668,0.669,0.666,324128.89
2021-01-25,0.672,0.675,0.676,0.672,96324.11
2021-01-26,0.668,0.671,0.674,0.668,131927.0
2021-01-27,0.676,0.68,0.681,0.676,220723.0
2021-01-28,0.66,0.655,0.663,0.654,237601.01
2021-01-29,0.658,0.654,0.66,0.651,275457.6
2021-02-01,0.645,0.652,0.652,0.642,198690.0
2021-02-02,0.663,0.669,0.669,0.663,188667.96
2021-02-03,0.676,0.678,0.678,0.674,130238.0
2021-02-04,0.674,0.672,0.676,0.668,113975.64
2021-02-05,0.679,0.681,0.682,0.676,163305.89
2021-02-08,0.684,0.685,0.687,0.684,94411.0
2021-02-09,0.685,0.684,0.688,0.684,121013.89
2021-02-10,0.685,0.687,0.688,0.683,193754.12
2021-02-18,0.685,0.683,0.687,0.654,149143.86
2021-02-19,0.678,0.682,0.682,0.677,89653.0
2021-02-22,0.682,0.675,0.682,0.673,92758.93
2021-02-23,0.662,0.666,0.669,0.659,99031.72
2021-02-24,0.663,0.653,0.663,0.65,174672.0
2021-02-25,0.66,0.666,0.666,0.66,112392.14
2021-02-26,0.638,0.637,0.646,0.635,276633.08
2021-03-01,0.646,0.651,0.651,0.646,122267.12
2021-03-02,0.664,0.66,0.665,0.658,158623.0
2021-03-03,0.653,0.658,0.658,0.651,97030.09
2021-03-04,0.635,0.634,0.638,0.632,181692.12
2021-03-05,0.618,0.626,0.626,0.616,151735.11
2021-03-08,0.633,0.627,0.635,0.626,250824.09
2021-03-09,0.621,0.624,0.628,0.618,338432.17
2021-03-10,0.641,0.639,0.642,0.638,121766.01
2021-03-11,0.641,0.646,0.646,0.635,410434.22
2021-03-12,0.657,0.651,0.657,0.65,174836.0
2021-03-15,0.653,0.647,0.654,0.646,146523.09
2021-03-16,0.655,0.661,0.661,0.652,134951.9
2021-03-17,0.658,0.66,0.661,0.657,121130.0
2021-03-18,0.665,0.664,0.666,0.661,111058.22
2021-03-19,0.644,0.644,0.646,0.641,114530.0
2021-03-22,0.645,0.649,0.649,0.643,95156.0
2021-03-23,0.654,0.654,0.655,0.652,86333.0
2021-03-24,0.655,0.657,0.657,0.655,88115.0
2021-03-25,0.645,0.648,0.648,0.644,59603.0
2021-03-26,0.647,0.652,0.652,0.647,70538.7
2021-03-29,0.65,0.652,0.652,0.649,65161.0
2021-03-30,0.652,0.653,0.656,0.652,52234.0
2021-03-31,0.653,0.651,0.655,0.651,39069.0
2021-04-01,0.662,0.667,0.667,0.654,100491.0
2021-04-02,0.675,0.674,0.677,0.674,70793.0
2021-04-06,0.683,0.685,0.686,0.683,111202.0
2021-04-07,0.685,0.685,0.686,0.683,67292.0
2021-04-08,0.689,0.694,0.694,0.686,83901.0
2021-04-09,0.699,0.694,0.702,0.693,110528.0
2021-04-12,0.702,0.701,0.702,0.698,97227.0
2021-04-13,0.7,0.699,0.702,0.699,62334.0
2021-04-14,0.707,0.71,0.711,0.707,68728.48
2021-04-15,0.701,0.702,0.703,0.699,90717.62
2021-04-16,0.707,0.707,0.709,0.707,108689.0
2021-04-19,0.708,0.71,0.711,0.707,93723.0
2021-04-20,0.703,0.7,0.704,0.698,115356.86
2021-04-21,0.692,0.695,0.695,0.69,104396.86
2021-04-22,0.7,0.701,0.702,0.699,72163.0
2021-04-23,0.695,0.693,0.695,0.692,64064.0
2021-04-26,0.701,0.699,0.701,0.698,48254.58
2021-04-27,0.703,0.705,0.706,0.703,87216.3
2021-04-28,0.701,0.703,0.704,0.701,60945.0
2021-04-29,0.705,0.707,0.707,0.703,79969.58
2021-04-30,0.7,0.701,0.701,0.697,82090.0
2021-05-06,0.685,0.683,0.685,0.68,156163.0
2021-05-07,0.684,0.682,0.686,0.68,112015.26
2021-05-10,0.686,0.686,0.687,0.682,114100.5
2021-05-11,0.667,0.667,0.667,0.662,199738.0
2021-05-12,0.664,0.666,0.667,0.663,85746.0
2021-05-13,0.653,0.656,0.657,0.651,134778.24
2021-05-14,0.659,0.664,0.664,0.658,93773.0
2021-05-17,0.669,0.67,0.671,0.668,99106.36
2021-05-18,0.67,0.672,0.675,0.668,121724.0
2021-05-19,0.662,0.659,0.662,0.658,166355.19
2021-05-20,0.66,0.661,0.662,0.66,76362.43
2021-05-21,0.673,0.673,0.674,0.671,118531.0
2021-05-24,0.67,0.672,0.672,0.669,73940.62
2021-05-25,0.677,0.68,0.681,0.677,92323.0
2021-05-26,0.68,0.68,0.681,0.679,106380.0
2021-05-27,0.68,0.677,0.68,0.675,81029.0
2021-05-28,0.677,0.675,0.678,0.675,82122.62
2021-05-31,0.676,0.674,0.676,0.673,76488.04
2021-06-01,0.674,0.675,0.675,0.671,92795.08
2021-06-02,0.672,0.672,0.673,0.671,43345.0
2021-06-03,0.674,0.674,0.674,0.673,76558.0
2021-06-04,0.667,0.669,0.669,0.666,42383.0
2021-06-07,0.676,0.677,0.678,0.676,79335.0
2021-06-08,0.682,0.681,0.682,0.679,82959.0
2021-06-09,0.681,0.681,0.682,0.681,33018.0
2021-06-10,0.681,0.679,0.681,0.678,44899.0
2021-06-11,0.686,0.687,0.688,0.686,91160.0
2021-06-15,0.695,0.699,0.699,0.695,85254.46
2021-06-16,0.692,0.692,0.695,0.692,31013.0
2021-06-17,0.689,0.69,0.69,0.686,43690.24
2021-06-18,0.701,0.705,0.707,0.701,140691.7
2021-06-21,0.702,0.7,0.702,0.698,172159.74
2021-06-22,0.703,0.705,0.706,0.703,117681.0
2021-06-23,0.714,0.716,0.717,0.712,55111.0
2021-06-24,0.715,0.715,0.717,0.715,56605.47
2021-06-25,0.719,0.717,0.719,0.715,88733.0
2021-06-28,0.715,0.719,0.72,0.715,72233.0
2021-06-29,0.728,0.725,0.728,0.724,70221.04
2021-06-30,0.728,0.73,0.731,0.728,46408.0
2021-07-01,0.729,0.728,0.729,0.728,16569.0
2021-07-02,0.728,0.728,0.728,0.726,52485.75
2021-07-05,0.738,0.736,0.738,0.734,49093.56
2021-07-06,0.737,0.736,0.737,0.735,43208.32
2021-07-07,0.738,0.743,0.743,0.738,61262.0
2021-07-08,0.743,0.742,0.743,0.742,51131.32
2021-07-09,0.735,0.741,0.741,0.735,95342.04
2021-07-12,0.763,0.749,0.763,0.741,77999.0
2021-07-13,0.749,0.749,0.752,0.748,37578.0
2021-07-14,0.749,0.747,0.749,0.746,33286.0
2021-07-15,0.747,0.749,0.749,0.746,56863.0
2021-07-16,0.741,0.741,0.745,0.74,60139.32
2021-07-19,0.734,0.736,0.737,0.734,68914.0
2021-07-20,0.733,0.736,0.736,0.733,62593.0
2021-07-21,0.74,0.74,0.741,0.738,61592.0
2021-07-22,0.745,0.747,0.747,0.744,33649.23
2021-07-23,0.751,0.753,0.753,0.751,36427.0
2021-07-26,0.76,0.763,0.763,0.758,82512.0
2021-07-27,0.759,0.761,0.762,0.759,56120.91
2021-07-28,0.751,0.753,0.755,0.75,92364.0
2021-07-29,0.755,0.755,0.757,0.753,63930.0
2021-07-30,0.749,0.742,0.749,0.742,102695.91
2021-08-02,0.75,0.755,0.755,0.75,93600.0
2021-08-03,0.749,0.752,0.753,0.749,53714.0
2021-08-04,0.755,0.757,0.757,0.755,69648.0
2021-08-05,0.757,0.755,0.757,0.755,29454.0
2021-08-06,0.763,0.761,0.763,0.76,53802.0
2021-08-09,0.755,0.757,0.759,0.755,43491.0
2021-08-10,0.759,0.76,0.76,0.758,43748.32
2021-08-11,0.756,0.757,0.757,0.756,31001.96
2021-08-12,0.756,0.756,0.756,0.755,35823.37
2021-08-13,0.758,0.758,0.758,0.757,30788.0
2021-08-16,0.758,0.759,0.76,0.758,37838.05
2021-08-17,0.759,0.762,0.763,0.758,58433.0
2021-08-18,0.758,0.76,0.76,0.754,41708.0
2021-08-19,0.749,0.746,0.753,0.745,77571.0
2021-08-20,0.751,0.751,0.753,0.75,91708.0
2021-08-23,0.76,0.762,0.763,0.76,66260.0
2021-08-24,0.771,0.776,0.777,0.771,111719.0
2021-08-25,0.777,0.776,0.777,0.774,50068.8
2021-08-26,0.775,0.774,0.775,0.772,43325.08
2021-08-27,0.77,0.776,0.777,0.77,68544.04
2021-08-30,0.779,0.779,0.781,0.778,115583.0
2021-08-31,0.785,0.79,0.792,0.784,99857.0
2021-09-01,0.786,0.786,0.789,0.783,91040.0
2021-09-02,0.787,0.785,0.787,0.785,45451.0
2021-09-03,0.786,0.787,0.787,0.784,34772.0
2021-09-06,0.787,0.788,0.789,0.785,69273.0
2021-09-07,0.788,0.788,0.788,0.786,36431.0
2021-09-08,0.787,0.786,0.787,0.786,42667.0
2021-09-09,0.784,0.781,0.784,0.78,58250.0
2021-09-10,0.781,0.781,0.781,0.779,41851.0
2021-09-13,0.777,0.779,0.779,0.772,55432.0
2021-09-14,0.778,0.774,0.778,0.773,33754.0
2021-09-15,0.772,0.771,0.772,0.77,26048.0
2021-09-16,0.776,0.772,0.778,0.772,61886.0
2021-09-17,0.776,0.78,0.78,0.774,52365.0
2021-09-22,0.756,0.758,0.764,0.755,115460.0
2021-09-23,0.766,0.766,0.767,0.764,50800.0
2021-09-24,0.771,0.768,0.771,0.768,40264.0
2021-09-27,0.771,0.773,0.773,0.77,42911.0
2021-09-28,0.764,0.76,0.764,0.759,42998.25
2021-09-29,0.743,0.747,0.749,0.742,102631.5
2021-09-30,0.747,0.75,0.75,0.744,69761.0
2021-10-08,0.751,0.748,0.752,0.747,49193.0
2021-10-11,0.744,0.739,0.744,0.737,77851.0
2021-10-12,0.735,0.733,0.735,0.733,66044.75
2021-10-13,0.732,0.736,0.736,0.732,49664.0
2021-10-14,0.74,0.745,0.746,0.739,53974.0
2021-10-15,0.754,0.757,0.758,0.753,141631.0
2021-10-18,0.757,0.754,0.759,0.754,119251.0
2021-10-19,0.762,0.764,0.765,0.762,73515.0
2021-10-20,0.766,0.765,0.766,0.764,77853.0
2021-10-21,0.763,0.764,0.765,0.761,104696.0
2021-10-22,0.766,0.768,0.768,0.765,106567.0
2021-10-25,0.762,0.764,0.765,0.761,69323.0
2021-10-26,0.771,0.773,0.774,0.771,42156.0
2021-10-27,0.772,0.772,0.772,0.77,43907.0
2021-10-28,0.775,0.774,0.776,0.774,62816.62
2021-10-29,0.777,0.775,0.779,0.775,79134.03
2021-11-01,0.786,0.788,0.789,0.786,61402.0
2021-11-02,0.789,0.789,0.79,0.787,56689.0
2021-11-03,0.793,0.794,0.795,0.793,56910.0
2021-11-04,0.801,0.805,0.806,0.801,96923.11
2021-11-05,0.812,0.814,0.814,0.812,79654.0
2021-11-08,0.813,0.811,0.815,0.81,126095.71
2021-11-09,0.809,0.814,0.814,0.808,143632.0
2021-11-10,0.806,0.806,0.806,0.8,98119.22
2021-11-11,0.795,0.799,0.8,0.795,85854.27
2021-11-12,0.8,0.799,0.801,0.798,38769.0
2021-11-15,0.806,0.806,0.807,0.805,142839.0
2021-11-16,0.806,0.802,0.806,0.801,177826.0
2021-11-17,0.809,0.809,0.81,0.808,77740.62
2021-11-18,0.808,0.811,0.811,0.808,96651.62
2021-11-19,0.817,0.823,0.824,0.817,100793.32
2021-11-22,0.827,0.824,0.827,0.824,90373.0
2021-11-23,0.813,0.811,0.815,0.81,162256.62
2021-11-24,0.81,0.813,0.813,0.809,84346.62
2021-11-25,0.815,0.817,0.817,0.813,48561.0
2021-11-26,0.813,0.808,0.813,0.808,77044.0
2021-11-29,0.802,0.806,0.807,0.802,99283.0
2021-11-30,0.814,0.81,0.816,0.805,150460.64
2021-12-01,0.805,0.809,0.811,0.804,169898.0
2021-12-02,0.792,0.791,0.792,0.789,203021.62
2021-12-03,0.791,0.789,0.792,0.787,109372.0
2021-12-06,0.779,0.78,0.78,0.778,89781.0
2021-12-07,0.786,0.791,0.791,0.785,120750.38
2021-12-08,0.81,0.81,0.811,0.809,118175.01
2021-12-09,0.81,0.807,0.81,0.806,101424.01
2021-12-10,0.798,0.8,0.802,0.798,93750.0
2021-12-13,0.81,0.809,0.811,0.807,169210.0
2021-12-14,0.797,0.796,0.798,0.796,87615.0
2021-12-15,0.789,0.789,0.79,0.788,108125.0
2021-12-16,0.804,0.807,0.808,0.803,147096.0
2021-12-17,0.786,0.786,0.788,0.784,154573.0
2021-12-20,0.781,0.775,0.781,0.773,115295.0
2021-12-21,0.775,0.784,0.784,0.775,95693.0
2021-12-22,0.791,0.789,0.791,0.787,97652.0
2021-12-23,0.798,0.798,0.799,0.797,92429.0
2021-12-24,0.804,0.802,0.805,0.802,84602.0
2021-12-27,0.806,0.806,0.808,0.805,131301.0
2021-12-28,0.816,0.818,0.82,0.816,153034.0
2021-12-29,0.817,0.818,0.818,0.815,113415.0
2021-12-30,0.815,0.814,0.816,0.814,66940.0
2021-12-31,0.811,0.814,0.814,0.808,153844.0
2022-01-04,0.818,0.818,0.819,0.816,90503.0
2022-01-05,0.805,0.803,0.805,0.802,73546.0
2022-01-06,0.781,0.779,0.787,0.778,289551.0
2022-01-07,0.785,0.784,0.789,0.782,150785.0
2022-01-10,0.773,0.777,0.777,0.77,170885.0
2022-01-11,0.776,0.772,0.776,0.771,133762.0
2022-01-12,0.781,0.787,0.788,0.781,154559.0
2022-01-13,0.785,0.784,0.786,0.782,180582.0
2022-01-14,0.768,0.768,0.768,0.763,188292.0
2022-01-17,0.768,0.769,0.77,0.767,141396.0
2022-01-18,0.769,0.763,0.77,0.703,237367.01
2022-01-19,0.75,0.747,0.752,0.744,251798.22
2022-01-20,0.742,0.749,0.749,0.74,256673.72
2022-01-21,0.725,0.725,0.73,0.722,396075.85
2022-01-24,0.716,0.716,0.718,0.713,206450.65
2022-01-25,0.707,0.702,0.707,0.699,248204.81
2022-01-26,0.695,0.699,0.7,0.694,158734.01
2022-01-27,0.691,0.684,0.692,0.683,240645.0
2022-01-28,0.695,0.697,0.697,0.692,172129.0
2022-02-07,0.718,0.722,0.722,0.713,227517.68
2022-02-08,0.718,0.717,0.718,0.715,72905.4
2022-02-09,0.725,0.728,0.729,0.725,134979.56
2022-02-10,0.738,0.739,0.739,0.736,150162.79
2022-02-11,0.722,0.719,0.723,0.717,189142.04
2022-02-14,0.702,0.704,0.707,0.702,161704.0
2022-02-15,0.704,0.705,0.708,0.702,197316.47
2022-02-16,0.717,0.717,0.718,0.715,124941.7
2022-02-17,0.715,0.712,0.717,0.71,129557.0
2022-02-18,0.696,0.703,0.704,0.695,184242.0
2022-02-21,0.695,0.7,0.7,0.692,141835.23
2022-02-22,0.683,0.675,0.684,0.673,280094.68
2022-02-23,0.683,0.687,0.687,0.681,204177.0
2022-02-24,0.664,0.65,0.664,0.648,429185.0
2022-02-25,0.675,0.675,0.676,0.673,419280.0
2022-02-28,0.681,0.676,0.681,0.672,244343.0
2022-03-01,0.69,0.693,0.695,0.69,192100.0
2022-03-02,0.685,0.685,0.687,0.682,217120.0
2022-03-03,0.694,0.694,0.694,0.692,222884.0
2022-03-04,0.678,0.681,0.682,0.677,395579.72
2022-03-07,0.664,0.665,0.667,0.661,297438.0
2022-03-08,0.655,0.645,0.661,0.627,435994.0
2022-03-09,0.65,0.652,0.652,0.646,236084.0
2022-03-10,0.67,0.669,0.671,0.667,262467.54
2022-03-11,0.66,0.665,0.665,0.658,197923.0
2022-03-14,0.655,0.656,0.658,0.653,180505.0
2022-03-15,0.643,0.644,0.648,0.643,129087.0
2022-03-16,0.659,0.666,0.667,0.658,323600.78
2022-03-17,0.683,0.686,0.686,0.682,319361.12
2022-03-18,0.687,0.689,0.689,0.684,202501.93
2022-03-21,0.704,0.704,0.705,0.702,300946.0
2022-03-22,0.702,0.705,0.705,0.701,194368.0
2022-03-23,0.72,0.722,0.723,0.719,235165.61
2022-03-24,0.713,0.716,0.718,0.712,169855.0
2022-03-25,0.727,0.729,0.73,0.725,526686.0
2022-03-28,0.726,0.726,0.728,0.725,200457.0
2022-03-29,0.739,0.742,0.743,0.738,239975.0
2022-03-30,0.753,0.753,0.756,0.753,238239.0
2022-03-31,0.748,0.748,0.75,0.747,173867.0
2022-04-01,0.736,0.739,0.739,0.734,269798.0
2022-04-06,0.731,0.733,0.734,0.731,211213.0
2022-04-07,0.717,0.718,0.72,0.714,286243.0
2022-04-08,0.718,0.723,0.723,0.717,212654.0
2022-04-11,0.709,0.707,0.709,0.703,293042.0
2022-04-12,0.691,0.692,0.694,0.69,368536.0
2022-04-13,0.692,0.696,0.698,0.692,415046.0
2022-04-14,0.704,0.706,0.708,0.703,398441.0
2022-04-15,0.69,0.688,0.69,0.688,117897.0
2022-04-18,0.682,0.684,0.685,0.681,410930.0
2022-04-19,0.69,0.694,0.695,0.69,593838.0
2022-04-20,0.703,0.703,0.703,0.701,682277.0
2022-04-21,0.701,0.708,0.709,0.7,787089.0
2022-04-22,0.686,0.692,0.693,0.685,778421.0
2022-04-25,0.673,0.677,0.683,0.671,595396.0
2022-04-26,0.69,0.688,0.693,0.686,923945.0
2022-04-27,0.665,0.67,0.67,0.663,974050.0
2022-04-28,0.671,0.679,0.68,0.67,622712.0
2022-04-29,0.688,0.685,0.69,0.684,808797.0
2022-05-05,0.693,0.693,0.697,0.693,1014080.0
2022-05-06,0.661,0.667,0.669,0.661,652600.0
2022-05-09,0.659,0.657,0.66,0.655,659754.0
2022-05-10,0.638,0.649,0.649,0.635,752032.0
2022-05-11,0.649,0.651,0.654,0.648,956623.0
2022-05-12,0.631,0.627,0.635,0.626,1230080.0
2022-05-13,0.635,0.639,0.64,0.635,964040.0
2022-05-16,0.654,0.647,0.654,0.645,1285383.0
2022-05-17,0.647,0.647,0.648,0.645,1047423.0
2022-05-18,0.654,0.655,0.656,0.653,856423.0
2022-05-19,0.625,0.627,0.628,0.623,1860816.0
2022-05-20,0.629,0.627,0.629,0.626,1751117.0
2022-05-23,0.626,0.624,0.627,0.621,1672463.0
2022-05-24,0.616,0.609,0.616,0.609,1511313.0
2022-05-25,0.609,0.613,0.613,0.608,1152833.0
2022-05-26,0.618,0.618,0.619,0.617,1055803.0
2022-05-27,0.635,0.639,0.639,0.634,1191981.0
2022-05-30,0.66,0.658,0.661,0.656,1087704.0
2022-05-31,0.656,0.651,0.656,0.65,929808.0
2022-06-01,0.653,0.653,0.654,0.651,799511.0
2022-06-02,0.651,0.649,0.651,0.648,640495.0
2022-06-06,0.648,0.65,0.651,0.646,1027430.0
2022-06-07,0.646,0.644,0.646,0.643,1115681.0
2022-06-08,0.651,0.653,0.654,0.65,599198.0
2022-06-09,0.65,0.651,0.653,0.649,596961.0
2022-06-10,0.635,0.638,0.639,0.635,1469596.0
2022-06-13,0.607,0.605,0.613,0.604,2702135.0
2022-06-14,0.594,0.598,0.599,0.593,1977238.0
2022-06-15,0.596,0.594,0.597,0.591,3936437.0
2022-06-16,0.606,0.594,0.607,0.593,2956835.0
2022-06-17,0.579,0.582,0.584,0.579,3352017.0
2022-06-20,0.584,0.587,0.588,0.582,2221896.0
2022-06-21,0.589,0.592,0.594,0.588,1819182.0
2022-06-22,0.595,0.592,0.596,0.592,2124820.0
2022-06-23,0.597,0.598,0.599,0.595,1850349.0
2022-06-24,0.604,0.611,0.612,0.604,1621520.0
2022-06-27,0.623,0.625,0.629,0.623,1381119.0
2022-06-28,0.622,0.622,0.624,0.618,1454458.0
2022-06-29,0.603,0.602,0.606,0.601,2109331.0
2022-06-30,0.602,0.596,0.603,0.595,2661293.0
2022-07-01,0.595,0.593,0.596,0.59,2539794.0
2022-07-04,0.594,0.596,0.597,0.594,1604802.0
2022-07-05,0.601,0.604,0.605,0.601,5393682.0
2022-07-06,0.612,0.611,0.613,0.607,8593315.0
2022-07-07,0.613,0.616,0.617,0.612,6031537.0
2022-07-08,0.626,0.623,0.627,0.623,4909709.0
2022-07-11,0.622,0.621,0.623,0.62,5096999.0
2022-07-12,0.612,0.611,0.614,0.609,5664316.0
2022-07-13,0.611,0.612,0.613,0.61,5044653.0
2022-07-14,0.609,0.607,0.61,0.606,6750645.0
2022-07-15,0.613,0.615,0.617,0.612,5801870.0
2022-07-18,0.625,0.63,0.631,0.625,7396782.0
2022-07-19,0.621,0.62,0.622,0.619,5462738.0
2022-07-20,0.639,0.64,0.642,0.638,6793720.0
2022-07-21,0.647,0.646,0.649,0.644,6658512.0
2022-07-22,0.652,0.653,0.654,0.652,4529404.0
2022-07-25,0.645,0.644,0.645,0.643,5964209.0
2022-07-26,0.638,0.64,0.642,0.637,8143489.0
2022-07-27,0.638,0.639,0.64,0.638,5740645.0
2022-07-28,0.652,0.654,0.655,0.65,10286365.0
2022-07-29,0.669,0.671,0.674,0.668,13527575.0
2022-08-01,0.671,0.672,0.673,0.669,6591964.0
2022-08-02,0.672,0.669,0.673,0.668,12760342.0
2022-08-03,0.67,0.671,0.671,0.668,5476909.0
2022-08-04,0.688,0.688,0.69,0.687,11175757.0
2022-08-05,0.693,0.692,0.696,0.692,6746546.0
2022-08-08,0.686,0.69,0.69,0.685,5895978.0
2022-08-09,0.686,0.685,0.688,0.685,6519921.0
2022-08-10,0.678,0.675,0.678,0.675,5582843.0
2022-08-11,0.697,0.7,0.701,0.696,9376706.0
2022-08-12,0.693,0.692,0.693,0.69,4548327.0
2022-08-15,0.703,0.705,0.706,0.702,5126841.0
2022-08-16,0.713,0.714,0.715,0.712,3646111.0
2022-08-17,0.713,0.71,0.713,0.71,4813190.0
2022-08-18,0.702,0.702,0.705,0.7,6805976.0
2022-08-19,0.706,0.701,0.708,0.701,6441868.0
2022-08-22,0.691,0.691,0.694,0.69,6694542.0
2022-08-23,0.682,0.677,0.682,0.675,6665198.0
2022-08-24,0.678,0.681,0.682,0.676,5623278.0
2022-08-25,0.683,0.688,0.689,0.682,5846295.0
2022-08-26,0.693,0.693,0.694,0.69,5269953.0
2022-08-29,0.659,0.663,0.663,0.658,10215458.0
2022-08-30,0.663,0.667,0.667,0.662,9959707.0
2022-08-31,0.659,0.658,0.661,0.658,8702204.0
2022-09-01,0.646,0.644,0.648,0.643,9374246.0
2022-09-02,0.651,0.652,0.653,0.648,10948822.0
2022-09-05,0.644,0.645,0.646,0.643,10527833.0
2022-09-06,0.65,0.649,0.65,0.647,10059456.0
2022-09-07,0.639,0.643,0.645,0.638,8258316.0
2022-09-08,0.655,0.657,0.659,0.655,6932533.0
2022-09-09,0.661,0.659,0.662,0.659,6243361.0
2022-09-13,0.678,0.68,0.682,0.677,6963583.0
2022-09-14,0.646,0.645,0.648,0.643,8152202.0
2022-09-15,0.65,0.65,0.652,0.649,6679802.0
2022-09-16,0.638,0.635,0.639,0.634,5905307.0
2022-09-19,0.637,0.634,0.639,0.634,9064505.0
2022-09-20,0.644,0.646,0.646,0.643,5095467.0
2022-09-21,0.642,0.642,0.643,0.64,9546988.0
2022-09-22,0.627,0.629,0.631,0.626,9732874.0
2022-09-23,0.626,0.626,0.627,0.625,5580881.0
2022-09-26,0.618,0.616,0.622,0.616,8229185.0
2022-09-27,0.621,0.628,0.628,0.621,6785626.0
2022-09-28,0.625,0.621,0.626,0.619,8287263.0
2022-09-29,0.632,0.63,0.635,0.629,8697214.0
2022-09-30,0.613,0.615,0.615,0.61,10425195.0
2022-10-10,0.605,0.598,0.606,0.598,9155811.0
2022-10-11,0.601,0.6,0.602,0.599,6554827.0
2022-10-12,0.598,0.601,0.602,0.595,11136230.0
2022-10-13,0.596,0.595,0.598,0.594,5642236.0
2022-10-14,0.607,0.612,0.613,0.606,9927903.0
2022-10-17,0.596,0.598,0.599,0.593,10419533.0
2022-10-18,0.616,0.624,0.627,0.615,9151583.0
2022-10-19,0.628,0.622,0.628,0.622,5265271.0
2022-10-20,0.613,0.614,0.615,0.61,8235036.0
2022-10-21,0.612,0.613,0.614,0.61,6319428.0
2022-10-24,0.632,0.631,0.634,0.629,8935912.0
2022-10-25,0.641,0.643,0.644,0.638,8529827.0
2022-10-26,0.641,0.638,0.642,0.637,5543082.0
2022-10-27,0.633,0.632,0.634,0.631,5259841.0
2022-10-28,0.622,0.614,0.622,0.613,7773593.0
2022-10-31,0.64,0.644,0.644,0.638,7344851.0
2022-11-01,0.642,0.643,0.644,0.64,6493408.0
2022-11-02,0.635,0.634,0.635,0.632,8384881.0
2022-11-03,0.613,0.614,0.615,0.612,11526777.0
2022-11-04,0.603,0.61,0.612,0.6,23650872.0
2022-11-07,0.604,0.612,0.612,0.603,9134369.0
2022-11-08,0.615,0.613,0.616,0.611,10319352.0
2022-11-09,0.615,0.617,0.62,0.614,10781987.0
2022-11-10,0.607,0.606,0.608,0.605,7103852.0
2022-11-11,0.644,0.645,0.646,0.641,12068589.0
2022-11-14,0.647,0.641,0.647,0.64,4950449.0
2022-11-15,0.638,0.644,0.646,0.638,7941334.0
2022-11-16,0.643,0.651,0.653,0.643,12148558.0
2022-11-17,0.643,0.646,0.647,0.643,4956301.0
2022-11-18,0.645,0.642,0.647,0.642,6022881.0
2022-11-21,0.642,0.64,0.643,0.64,6964932.0
2022-11-22,0.637,0.635,0.638,0.634,5960474.0
2022-11-23,0.642,0.644,0.644,0.641,5274380.0
2022-11-24,0.652,0.651,0.653,0.651,5131298.0
2022-11-25,0.655,0.654,0.656,0.653,3115980.0
2022-11-28,0.648,0.646,0.649,0.644,6248122.0
2022-11-29,0.643,0.645,0.645,0.641,10045191.0
2022-11-30,0.639,0.636,0.639,0.635,6296666.0
2022-12-01,0.655,0.656,0.656,0.652,10500186.0
2022-12-02,0.651,0.651,0.654,0.651,4492290.0
2022-12-05,0.645,0.644,0.646,0.643,6562926.0
2022-12-06,0.635,0.635,0.636,0.634,6511517.0
2022-12-07,0.625,0.628,0.628,0.623,7627280.0
2022-12-08,0.625,0.626,0.627,0.624,6155402.0
2022-12-09,0.63,0.629,0.631,0.627,5620274.0
2022-12-12,0.623,0.624,0.624,0.622,4875097.0
2022-12-13,0.631,0.634,0.634,0.629,5911714.0
2022-12-14,0.638,0.64,0.641,0.638,5285478.0
2022-12-15,0.635,0.629,0.636,0.629,5879529.0
2022-12-16,0.612,0.615,0.616,0.611,10120714.0
2022-12-19,0.611,0.613,0.614,0.61,6039066.0
2022-12-20,0.608,0.605,0.609,0.603,7094096.0
2022-12-21,0.607,0.612,0.613,0.607,6914015.0
2022-12-22,0.617,0.612,0.618,0.612,5303095.0
2022-12-23,0.602,0.607,0.607,0.6,6213126.0
2022-12-26,0.608,0.604,0.609,0.602,3115783.0
2022-12-27,0.606,0.611,0.612,0.606,4129271.0
2022-12-28,0.602,0.6,0.605,0.6,5570256.0
2022-12-29,0.595,0.599,0.6,0.594,5090029.0
2022-12-30,0.604,0.6,0.606,0.599,10012784.0
2023-01-03,0.599,0.6,0.602,0.596,9664957.0
2023-01-04,0.597,0.597,0.6,0.595,9410315.0
2023-01-05,0.598,0.599,0.6,0.596,8946662.0
2023-01-06,0.594,0.595,0.598,0.594,7994690.0
2023-01-09,0.601,0.604,0.605,0.599,7407285.0
2023-01-10,0.603,0.602,0.604,0.601,4588891.0
2023-01-11,0.606,0.607,0.609,0.604,6110130.0
2023-01-12,0.615,0.618,0.618,0.614,7003360.0
2023-01-13,0.618,0.613,0.618,0.612,6518298.0
2023-01-16,0.615,0.614,0.616,0.612,7661541.0
2023-01-17,0.614,0.616,0.617,0.613,4854411.0
2023-01-18,0.616,0.619,0.622,0.614,7306526.0
2023-01-19,0.612,0.61,0.613,0.61,5317694.0
2023-01-20,0.608,0.615,0.615,0.606,6061381.0
2023-01-30,0.635,0.635,0.639,0.634,11213218.0
2023-01-31,0.627,0.624,0.63,0.624,4942154.0
2023-02-01,0.632,0.634,0.636,0.631,6206137.0
2023-02-02,0.647,0.649,0.651,0.646,9740602.0
2023-02-03,0.658,0.656,0.659,0.655,9451204.0
2023-02-06,0.657,0.654,0.658,0.652,8426244.0
2023-02-07,0.655,0.655,0.656,0.654,5382482.0
2023-02-08,0.665,0.666,0.666,0.664,6538549.0
2023-02-09,0.656,0.658,0.659,0.656,8532043.0
2023-02-10,0.651,0.648,0.651,0.647,5951442.0
2023-02-13,0.645,0.646,0.646,0.643,5031379.0
2023-02-14,0.655,0.655,0.656,0.653,8602302.0
2023-02-15,0.659,0.657,0.659,0.657,5647848.0
2023-02-16,0.669,0.671,0.672,0.668,6382947.0
2023-02-17,0.657,0.654,0.657,0.653,5793068.0
2023-02-20,0.652,0.654,0.654,0.651,7290570.0
2023-02-21,0.651,0.652,0.652,0.65,6559093.0
2023-02-22,0.641,0.641,0.643,0.64,6714614.0
2023-02-23,0.644,0.645,0.646,0.644,6043475.0
2023-02-24,0.647,0.647,0.648,0.646,4411839.0
2023-02-27,0.642,0.642,0.644,0.641,3614773.0
2023-02-28,0.646,0.644,0.647,0.644,3802511.0
2023-03-01,0.64,0.642,0.643,0.639,8624648.0
2023-03-02,0.636,0.631,0.637,0.63,8741228.0
2023-03-03,0.638,0.639,0.639,0.636,7295945.0
2023-03-06,0.651,0.655,0.656,0.65,12112336.0
2023-03-07,0.657,0.656,0.658,0.656,5164246.0
2023-03-08,0.651,0.65,0.652,0.649,5652147.0
2023-03-09,0.652,0.653,0.654,0.651,2999718.0
2023-03-10,0.639,0.638,0.641,0.637,6687513.0
2023-03-13,0.634,0.64,0.641,0.634,13483875.0
2023-03-14,0.635,0.631,0.636,0.629,10091793.0
2023-03-15,0.645,0.646,0.647,0.644,7840056.0
2023-03-16,0.65,0.649,0.652,0.648,5144149.0
2023-03-17,0.665,0.666,0.666,0.663,5703737.0
2023-03-20,0.664,0.657,0.665,0.656,9294932.0
2023-03-21,0.663,0.663,0.664,0.662,3582204.0
2023-03-22,0.672,0.675,0.676,0.672,7215844.0
2023-03-23,0.664,0.667,0.667,0.664,10224677.0
2023-03-24,0.67,0.672,0.674,0.667,8739738.0
2023-03-27,0.676,0.68,0.681,0.676,5542595.0
2023-03-28,0.674,0.675,0.676,0.672,4574563.0
2023-03-29,0.673,0.675,0.676,0.673,2780772.0
2023-03-30,0.683,0.681,0.684,0.68,6700250.0
2023-03-31,0.688,0.684,0.688,0.684,5549392.0
2023-04-03,0.693,0.693,0.695,0.693,4073406.0
2023-04-04,0.695,0.696,0.696,0.693,4467815.0
2023-04-06,0.684,0.683,0.685,0.682,6804160.0
2023-04-07,0.69,0.689,0.69,0.688,3221721.0
2023-04-10,0.688,0.686,0.689,0.686,4474731.0
2023-04-11,0.69,0.689,0.69,0.688,3016336.0
2023-04-12,0.686,0.685,0.686,0.684,2706223.0
2023-04-13,0.678,0.68,0.681,0.677,3864364.0
2023-04-14,0.69,0.686,0.69,0.686,3045666.0
2023-04-17,0.689,0.689,0.69,0.688,3871217.0
2023-04-18,0.688,0.688,0.69,0.687,2404090.0
2023-04-19,0.689,0.687,0.689,0.686,2646546.0
2023-04-20,0.688,0.687,0.689,0.686,3477224.0
2023-04-21,0.685,0.684,0.686,0.684,2840403.0
2023-04-24,0.684,0.682,0.686,0.682,4017653.0
2023-04-25,0.684,0.683,0.684,0.682,3861406.0
2023-04-26,0.683,0.682,0.684,0.681,5077796.0
2023-04-27,0.682,0.683,0.684,0.681,2325088.0
2023-04-28,0.696,0.695,0.696,0.694,3000170.0
2023-05-04,0.69,0.691,0.693,0.689,2921836.0
2023-05-05,0.689,0.689,0.69,0.688,1571830.0
2023-05-08,0.7,0.7,0.701,0.699,4614160.0
2023-05-09,0.701,0.701,0.703,0.701,3168366.0
2023-05-10,0.699,0.701,0.701,0.698,2275100.0
2023-05-11,0.709,0.71,0.711,0.709,2339706.0
2023-05-12,0.715,0.712,0.715,0.712,3554430.0
2023-05-15,0.709,0.711,0.712,0.708,2841350.0
2023-05-16,0.714,0.714,0.715,0.713,2882654.0
2023-05-17,0.72,0.719,0.721,0.719,3874406.0
2023-05-18,0.728,0.729,0.731,0.727,4678113.0
2023-05-19,0.748,0.749,0.751,0.747,10001792.0
2023-05-22,0.745,0.745,0.746,0.743,3586858.0
2023-05-23,0.751,0.749,0.753,0.749,6367925.0
2023-05-24,0.742,0.738,0.742,0.737,5388871.0
2023-05-25,0.746,0.749,0.749,0.745,7638700.0
2023-05-26,0.755,0.752,0.756,0.751,3997192.0
2023-05-29,0.777,0.779,0.779,0.775,6577119.0
2023-05-30,0.777,0.78,0.782,0.776,7182347.0
2023-05-31,0.779,0.777,0.782,0.776,4885622.0
2023-06-01,0.775,0.776,0.777,0.772,6670075.0
2023-06-02,0.785,0.786,0.786,0.783,5865844.0
2023-06-05,0.789,0.79,0.791,0.787,7158819.0
2023-06-06,0.792,0.791,0.793,0.79,4917319.0
2023-06-07,0.792,0.794,0.794,0.791,2837516.0
2023-06-08,0.782,0.776,0.783,0.776,10454625.0
2023-06-09,0.788,0.789,0.79,0.787,6382517.0
2023-06-12,0.795,0.798,0.798,0.795,5639169.0
2023-06-13,0.811,0.816,0.817,0.81,9058050.0
2023-06-14,0.818,0.817,0.82,0.816,6265950.0
2023-06-15,0.824,0.822,0.826,0.821,7089178.0
2023-06-16,0.828,0.83,0.83,0.826,6374776.0
2023-06-19,0.826,0.826,0.827,0.825,4175551.0
2023-06-20,0.827,0.825,0.828,0.824,3494916.0
2023-06-21,0.829,0.828,0.831,0.828,4213205.0
2023-06-26,0.823,0.822,0.824,0.822,6972111.0
2023-06-27,0.812,0.811,0.812,0.809,9238817.0
2023-06-28,0.821,0.822,0.823,0.82,5260535.0
2023-06-29,0.829,0.828,0.83,0.828,3023534.0
2023-06-30,0.829,0.828,0.83,0.828,4631965.0
2023-07-03,0.84,0.843,0.843,0.839,7013128.0
2023-07-04,0.84,0.837,0.841,0.836,5741223.0
2023-07-05,0.838,0.838,0.84,0.837,4211820.0
2023-07-06,0.841,0.839,0.842,0.838,4597542.0
2023-07-07,0.835,0.835,0.836,0.834,4417081.0
2023-07-10,0.83,0.828,0.831,0.827,6263980.0
2023-07-11,0.831,0.832,0.833,0.829,3799350.0
2023-07-12,0.834,0.833,0.835,0.832,2001429.0
2023-07-13,0.841,0.847,0.847,0.84,6420264.0
2023-07-14,0.855,0.85,0.856,0.85,5779947.0
2023-07-17,0.85,0.854,0.855,0.85,3982414.0
2023-07-18,0.861,0.863,0.864,0.86,4813875.0
2023-07-19,0.872,0.876,0.877,0.872,8435535.0
2023-07-20,0.87,0.865,0.871,0.865,7843624.0
2023-07-21,0.849,0.851,0.853,0.848,11082101.0
2023-07-24,0.849,0.853,0.854,0.848,6608408.0
2023-07-25,0.852,0.852,0.853,0.849,5414436.0
2023-07-26,0.855,0.854,0.856,0.853,5042629.0
2023-07-27,0.855,0.861,0.862,0.854,8622189.0
2023-07-28,0.856,0.858,0.86,0.855,8619567.0
2023-07-31,0.867,0.867,0.869,0.861,10713417.0
2023-08-01,0.869,0.869,0.871,0.869,3777585.0
2023-08-02,0.866,0.857,0.867,0.857,8930961.0
2023-08-03,0.847,0.843,0.847,0.843,8844948.0
2023-08-04,0.845,0.85,0.851,0.844,8029502.0
2023-08-07,0.844,0.843,0.845,0.842,6102387.0
2023-08-08,0.847,0.844,0.848,0.844,4557446.0
2023-08-09,0.844,0.843,0.844,0.841,4769559.0
2023-08-10,0.834,0.835,0.835,0.832,6908325.0
2023-08-11,0.836,0.837,0.838,0.833,6201934.0
2023-08-14,0.832,0.832,0.833,0.828,7988384.0
2023-08-15,0.844,0.846,0.849,0.844,11044392.0
2023-08-16,0.839,0.837,0.839,0.836,7633735.0
2023-08-17,0.828,0.831,0.831,0.827,11803125.0
2023-08-18,0.817,0.817,0.818,0.814,9678127.0
2023-08-21,0.818,0.819,0.821,0.818,4333473.0
2023-08-22,0.828,0.832,0.832,0.826,6124415.0
2023-08-23,0.832,0.832,0.834,0.831,7083037.0
2023-08-24,0.85,0.855,0.855,0.849,11644713.0
2023-08-25,0.826,0.822,0.826,0.821,10623437.0
2023-08-28,0.829,0.834,0.834,0.829,4562772.0
2023-08-29,0.841,0.84,0.841,0.838,4448049.0
2023-08-30,0.858,0.857,0.859,0.857,5663576.0
2023-08-31,0.861,0.86,0.864,0.86,6600171.0
2023-09-01,0.859,0.86,0.861,0.858,4600415.0
2023-09-04,0.86,0.863,0.863,0.859,4490614.0
2023-09-05,0.861,0.862,0.863,0.861,3169051.0
2023-09-06,0.866,0.863,0.866,0.862,4095404.0
2023-09-07,0.858,0.857,0.859,0.856,6558012.0
2023-09-08,0.854,0.859,0.86,0.854,6676228.0
2023-09-11,0.857,0.855,0.858,0.853,8399655.0
2023-09-12,0.86,0.86,0.861,0.859,4592920.0
2023-09-13,0.851,0.851,0.851,0.848,7747018.0
2023-09-14,0.855,0.856,0.858,0.854,5407834.0
2023-09-15,0.862,0.862,0.863,0.859,6733088.0
2023-09-18,0.847,0.848,0.849,0.846,3865650.0
2023-09-19,0.85,0.847,0.85,0.846,3186917.0
2023-09-20,0.846,0.847,0.848,0.845,5019162.0
2023-09-21,0.833,0.832,0.833,0.83,9372421.0
2023-09-22,0.818,0.824,0.824,0.817,8535305.0
2023-09-25,0.821,0.824,0.826,0.821,6087002.0
2023-09-26,0.823,0.817,0.824,0.817,5620301.0
2023-09-27,0.812,0.816,0.816,0.812,5824723.0
2023-09-28,0.819,0.814,0.819,0.813,7414957.0
2023-10-09,0.828,0.826,0.829,0.824,8553561.0
2023-10-10,0.837,0.839,0.839,0.836,5091558.0
2023-10-11,0.843,0.847,0.848,0.842,5023883.0
2023-10-12,0.854,0.852,0.855,0.851,4550577.0
2023-10-13,0.848,0.847,0.849,0.845,4394236.0
2023-10-16,0.84,0.839,0.84,0.836,5005371.0
2023-10-17,0.846,0.845,0.847,0.844,4778665.0
2023-10-18,0.842,0.84,0.843,0.84,4066489.0
2023-10-19,0.832,0.829,0.833,0.828,7039096.0
2023-10-20,0.82,0.82,0.822,0.818,9441933.0
2023-10-23,0.813,0.814,0.815,0.812,8079404.0
2023-10-24,0.815,0.819,0.819,0.813,7979769.0
2023-10-25,0.82,0.817,0.821,0.817,4832501.0
2023-10-26,0.794,0.792,0.795,0.791,14284468.0
2023-10-27,0.79,0.795,0.796,0.79,12849258.0
2023-10-30,0.795,0.795,0.796,0.794,5868591.0
2023-10-31,0.797,0.794,0.798,0.793,5083513.0
2023-11-01,0.8,0.806,0.806,0.799,7679669.0
2023-11-02,0.822,0.822,0.824,0.82,6791613.0
2023-11-03,0.831,0.829,0.831,0.828,4960612.0
2023-11-06,0.838,0.838,0.839,0.837,4454628.0
2023-11-07,0.839,0.838,0.84,0.838,5687269.0
2023-11-08,0.847,0.847,0.848,0.846,3436152.0
2023-11-09,0.848,0.852,0.852,0.848,3172752.0
2023-11-10,0.844,0.842,0.844,0.842,6768668.0
2023-11-13,0.86,0.86,0.861,0.859,4188185.0
2023-11-14,0.861,0.862,0.865,0.86,4498401.0
2023-11-15,0.878,0.876,0.879,0.876,5016035.0
2023-11-16,0.875,0.873,0.875,0.872,3722239.0
2023-11-17,0.874,0.876,0.877,0.874,2995026.0
2023-11-20,0.871,0.863,0.872,0.863,6330071.0
2023-11-21,0.875,0.873,0.875,0.873,4914877.0
2023-11-22,0.865,0.866,0.867,0.865,4122508.0
2023-11-23,0.873,0.872,0.874,0.871,2590156.0
2023-11-24,0.872,0.873,0.874,0.872,2123028.0
2023-11-27,0.869,0.868,0.87,0.866,3479972.0
2023-11-28,0.87,0.871,0.871,0.869,2483438.0
2023-11-29,0.87,0.872,0.872,0.87,3423877.0
2023-11-30,0.873,0.871,0.873,0.87,5770492.0
2023-12-01,0.866,0.866,0.867,0.865,3487709.0
2023-12-04,0.867,0.867,0.868,0.866,3070991.0
2023-12-05,0.861,0.857,0.861,0.857,4855935.0
2023-12-06,0.869,0.869,0.87,0.868,2670327.0
2023-12-07,0.861,0.861,0.862,0.86,2555097.0
2023-12-08,0.872,0.874,0.874,0.871,3632245.0
2023-12-11,0.88,0.881,0.882,0.879,4586567.0
2023-12-12,0.891,0.89,0.892,0.889,6486665.0
2023-12-13,0.898,0.9,0.9,0.897,5019528.0
2023-12-14,0.909,0.911,0.911,0.908,5499010.0
2023-12-15,0.902,0.9,0.902,0.899,5277150.0
2023-12-18,0.905,0.906,0.908,0.904,4603374.0
2023-12-19,0.911,0.911,0.912,0.91,4011598.0
2023-12-20,0.915,0.914,0.915,0.913,4572153.0
2023-12-21,0.903,0.902,0.905,0.901,14456996.0
2023-12-22,0.908,0.907,0.908,0.905,8478184.0
2023-12-25,0.909,0.908,0.91,0.907,2689238.0
2023-12-26,0.911,0.914,0.915,0.91,5056003.0
2023-12-27,0.917,0.918,0.918,0.916,5825294.0
2023-12-28,0.919,0.915,0.92,0.914,5341581.0
2023-12-29,0.912,0.914,0.914,0.91,4066230.0
2024-01-02,0.911,0.911,0.912,0.91,3886881.0
2024-01-03,0.897,0.896,0.898,0.895,9418579.0
2024-01-04,0.889,0.892,0.892,0.889,5751397.0
2024-01-05,0.888,0.885,0.889,0.885,5293168.0
2024-01-08,0.889,0.886,0.89,0.886,4602682.0
2024-01-09,0.905,0.911,0.911,0.904,9148231.0
2024-01-10,0.913,0.91,0.914,0.91,6412845.0
2024-01-11,0.919,0.922,0.923,0.918,6808716.0
2024-01-12,0.918,0.918,0.919,0.917,4731251.0
2024-01-15,0.919,0.924,0.925,0.919,6642892.0
2024-01-16,0.919,0.916,0.92,0.915,5851019.0
2024-01-17,0.923,0.915,0.924,0.914,5606528.0
2024-01-18,0.917,0.917,0.918,0.915,4805698.0
2024-01-19,0.932,0.939,0.939,0.931,9619342.0
2024-01-22,0.959,0.974,0.974,0.959,13661622.0
2024-01-23,0.969,0.962,0.969,0.958,8679021.0
2024-01-24,0.968,0.967,0.97,0.965,8490424.0
2024-01-25,0.965,0.959,0.966,0.957,7823403.0
2024-01-26,0.952,0.949,0.953,0.947,8105283.0
2024-01-29,0.95,0.958,0.959,0.95,6282941.0
2024-01-30,0.972,0.974,0.976,0.969,8113889.0
2024-01-31,0.958,0.952,0.959,0.951,9135123.0
2024-02-01,0.941,0.941,0.944,0.94,5354629.0
2024-02-02,0.962,0.963,0.97,0.961,10252050.0
2024-02-05,0.971,0.97,0.971,0.967,6470078.0
2024-02-06,0.97,0.973,0.973,0.969,4686249.0
2024-02-07,0.97,0.965,0.97,0.964,5055928.0
2024-02-08,0.979,0.988,0.991,0.977,7318585.0
2024-02-19,0.978,0.981,0.983,0.976,7393841.0
2024-02-20,0.979,0.98,0.98,0.975,3604565.0
2024-02-21,0.967,0.968,0.97,0.966,5985578.0
2024-02-22,0.981,0.983,0.984,0.977,6565561.0
2024-02-23,0.995,0.997,0.998,0.994,6709179.0
2024-02-26,0.99,0.986,0.991,0.984,5281437.0
2024-02-27,0.986,0.984,0.988,0.983,3924861.0
2024-02-28,0.987,0.986,0.988,0.984,4733259.0
2024-02-29,0.979,0.978,0.98,0.978,4196711.0
2024-03-01,0.989,0.994,0.995,0.988,6119436.0
2024-03-04,1.006,1.008,1.01,1.005,6520826.0
2024-03-05,1.0,0.998,1.001,0.998,5617999.0
2024-03-06,0.985,0.994,0.994,0.985,7176518.0
2024-03-07,0.991,0.989,0.993,0.988,5296939.0
2024-03-08,1.007,1.006,1.008,1.005,5244999.0
2024-03-11,0.991,0.991,0.993,0.99,6879345.0
2024-03-12,0.993,0.994,0.994,0.991,5172868.0
2024-03-13,1.003,1.001,1.004,0.999,8555378.0
2024-03-14,0.996,0.997,0.998,0.995,3293523.0
2024-03-15,0.991,0.99,0.993,0.989,4661005.0
2024-03-18,0.985,0.991,0.991,0.983,5366520.0
2024-03-19,0.988,0.985,0.989,0.985,4809447.0
2024-03-20,0.99,0.99,0.991,0.989,2987877.0
2024-03-21,1.007,1.008,1.009,1.003,9853820.0
2024-03-22,1.007,1.009,1.01,1.006,4433196.0
2024-03-25,1.011,1.005,1.012,1.005,4177199.0
2024-03-26,1.006,1.01,1.01,1.005,5819016.0
2024-03-27,1.006,1.007,1.01,1.005,5905973.0
2024-03-28,1.008,1.008,1.009,1.006,2846329.0
2024-03-29,1.007,1.005,1.007,1.005,2601971.0
2024-04-01,1.012,1.011,1.013,1.01,4207434.0
2024-04-02,1.006,1.007,1.01,1.005,4226460.0
2024-04-03,0.998,0.998,1.002,0.997,7010325.0
2024-04-08,0.998,0.997,1.0,0.997,4258953.0
2024-04-09,0.998,0.999,1.0,0.997,3350508.0
2024-04-10,1.003,1.004,1.004,1.001,3543545.0
2024-04-11,0.995,0.994,0.996,0.994,4529534.0
2024-04-12,1.011,1.01,1.011,1.009,7348495.0
2024-04-15,0.996,0.999,1.001,0.996,5635329.0
2024-04-16,0.979,0.974,0.98,0.973,10566968.0
2024-04-17,0.978,0.973,0.98,0.972,8073740.0
2024-04-18,0.965,0.971,0.971,0.965,7349379.0
2024-04-19,0.953,0.952,0.953,0.941,18157659.0
2024-04-22,0.942,0.946,0.947,0.941,9456523.0
2024-04-23,0.948,0.947,0.949,0.945,6981074.0
2024-04-24,0.968,0.969,0.971,0.967,9028717.0
2024-04-25,0.957,0.954,0.958,0.95,8409746.0
2024-04-26,0.97,0.972,0.972,0.969,7836295.0
2024-04-29,0.979,0.976,0.98,0.976,6612149.0
2024-04-30,0.977,0.978,0.98,0.976,4662454.0
2024-05-06,0.98,0.981,0.981,0.978,5357163.0
2024-05-07,0.99,0.99,0.994,0.99,5623657.0
2024-05-08,0.994,0.992,0.995,0.991,4505896.0
2024-05-09,0.991,0.99,0.993,0.99,3293876.0
2024-05-10,0.995,0.995,0.996,0.993,3461578.0
2024-05-13,0.997,1.0,1.001,0.996,5081653.0
2024-05-14,0.999,1.0,1.002,0.998,3268391.0
2024-05-15,1.008,1.006,1.009,1.005,6026624.0
2024-05-16,1.022,1.022,1.023,1.021,6106116.0
2024-05-17,1.02,1.02,1.02,1.019,3160609.0
2024-05-20,1.022,1.021,1.023,1.02,4304613.0
2024-05-21,1.027,1.027,1.028,1.025,3402683.0
2024-05-22,1.031,1.031,1.032,1.03,3736811.0
2024-05-23,1.035,1.04,1.041,1.035,7520340.0
2024-05-24,1.028,1.022,1.028,1.021,11887138.0
2024-05-27,1.032,1.036,1.037,1.031,5941251.0
2024-05-28,1.038,1.04,1.04,1.037,4034372.0
2024-05-29,1.039,1.035,1.04,1.035,5454684.0
2024-05-30,1.027,1.025,1.029,1.024,5346782.0
2024-05-31,1.016,1.019,1.02,1.016,6540993.0
2024-06-03,1.024,1.025,1.026,1.022,7279326.0
2024-06-04,1.025,1.021,1.026,1.021,4837678.0
2024-06-05,1.028,1.029,1.032,1.027,4918598.0
2024-06-06,1.05,1.051,1.052,1.049,6228856.0
2024-06-07,1.05,1.051,1.052,1.049,4274689.0
2024-06-11,1.053,1.053,1.054,1.051,3638738.0
2024-06-12,1.062,1.062,1.064,1.061,5114653.0
2024-06-13,1.082,1.083,1.084,1.08,6008490.0
2024-06-14,1.082,1.083,1.085,1.082,4328735.0
2024-06-17,1.087,1.088,1.088,1.086,5307124.0
2024-06-18,1.1,1.102,1.102,1.099,4854392.0
2024-06-19,1.103,1.102,1.105,1.101,5876919.0
2024-06-20,1.105,1.108,1.109,1.104,8101674.0
2024-06-21,1.095,1.094,1.095,1.092,6057918.0
2024-06-24,1.089,1.09,1.09,1.087,6171812.0
2024-06-25,1.076,1.077,1.079,1.075,8814021.0
2024-06-26,1.091,1.094,1.096,1.09,9162449.0
2024-06-27,1.089,1.093,1.095,1.089,7526965.0
2024-06-28,1.103,1.107,1.109,1.103,10431652.0
2024-07-01,1.101,1.105,1.107,1.101,7833079.0
2024-07-02,1.109,1.107,1.112,1.106,7392422.0
2024-07-03,1.125,1.131,1.131,1.123,9023078.0
2024-07-04,1.15,1.135,1.158,1.12,19809202.0
2024-07-05,1.138,1.144,1.148,1.136,12711737.0
2024-07-08,1.157,1.155,1.158,1.15,12326408.0
2024-07-09,1.161,1.16,1.165,1.159,13049139.0
2024-07-10,1.161,1.151,1.163,1.15,10811520.0
2024-07-11,1.161,1.165,1.165,1.159,10872202.0
2024-07-12,1.127,1.122,1.129,1.122,16555434.0
2024-07-15,1.133,1.154,1.154,1.132,18295744.0
2024-07-16,1.156,1.152,1.165,1.149,12184770.0
2024-07-17,1.15,1.14,1.15,1.136,9943497.0
2024-07-18,1.103,1.121,1.122,1.101,14608305.0
2024-07-19,1.108,1.104,1.114,1.102,9148859.0
2024-07-22,1.096,1.102,1.102,1.088,13575196.0
2024-07-23,1.116,1.111,1.12,1.108,12305071.0
2024-07-24,1.103,1.092,1.107,1.092,9494546.0
2024-07-25,1.063,1.062,1.065,1.053,13942341.0
2024-07-26,1.054,1.062,1.063,1.054,14201322.0
2024-07-29,1.075,1.083,1.083,1.072,10721194.0
2024-07-30,1.072,1.069,1.075,1.062,13344008.0
2024-07-31,1.063,1.073,1.074,1.06,12099080.0
2024-08-01,1.098,1.101,1.105,1.095,11903273.0
2024-08-02,1.059,1.041,1.068,1.038,21352086.0
2024-08-05,0.991,0.965,0.999,0.948,28076804.0
2024-08-06,1.002,1.001,1.01,0.995,21672974.0
2024-08-07,1.0,1.001,1.013,1.0,22770619.0
2024-08-08,0.987,0.984,0.99,0.979,16698596.0
2024-08-09,1.017,1.012,1.017,1.008,15109644.0
2024-08-12,1.018,1.021,1.022,1.015,8500480.0
2024-08-13,1.024,1.028,1.029,1.021,12703393.0
2024-08-14,1.052,1.048,1.054,1.045,14437089.0
2024-08-15,1.051,1.055,1.056,1.05,9039095.0
2024-08-16,1.083,1.098,1.099,1.082,16727755.0
2024-08-19,1.095,1.079,1.096,1.076,12918052.0
2024-08-20,1.099,1.103,1.103,1.098,9420013.0
2024-08-21,1.097,1.099,1.101,1.094,9654052.0
2024-08-22,1.106,1.1,1.108,1.097,9897777.0
2024-08-23,1.085,1.089,1.091,1.084,11168405.0
2024-08-26,1.098,1.09,1.098,1.09,7735663.0
2024-08-27,1.08,1.075,1.08,1.074,10515224.0
2024-08-28,1.076,1.079,1.079,1.075,6980091.0
2024-08-29,1.056,1.055,1.058,1.053,11656542.0
2024-08-30,1.059,1.066,1.066,1.058,7706065.0
2024-09-02,1.074,1.073,1.076,1.072,7114973.0
2024-09-03,1.076,1.073,1.077,1.072,4539240.0
2024-09-04,1.03,1.016,1.033,1.016,26006645.0
2024-09-05,1.024,1.023,1.027,1.02,8449652.0
2024-09-06,1.015,1.026,1.035,1.015,16119802.0
2024-09-09,1.01,1.017,1.018,1.006,12015956.0
2024-09-10,1.026,1.024,1.029,1.02,9583798.0
2024-09-11,1.035,1.032,1.036,1.025,11974789.0
2024-09-12,1.06,1.066,1.067,1.059,12727844.0
2024-09-13,1.074,1.071,1.077,1.071,10911987.0
2024-09-18,1.07,1.065,1.07,1.064,10839323.0
2024-09-19,1.07,1.076,1.077,1.067,11373973.0
2024-09-20,1.087,1.081,1.088,1.08,8619201.0
2024-09-23,1.087,1.086,1.091,1.084,6896105.0
2024-09-24,1.086,1.08,1.087,1.073,11096746.0
2024-09-25,1.073,1.07,1.075,1.07,8024284.0
2024-09-26,1.08,1.086,1.086,1.078,9033238.0
2024-09-27,1.074,1.069,1.076,1.068,15587754.0
2024-09-30,1.061,1.064,1.068,1.058,13934169.0
2024-10-08,1.045,1.058,1.064,1.04,11692440.0
2024-10-09,1.079,1.075,1.083,1.072,12903919.0
2024-10-10,1.087,1.089,1.091,1.084,10987427.0
2024-10-11,1.09,1.088,1.092,1.087,9160039.0
2024-10-14,1.089,1.088,1.09,1.087,10046211.0
2024-10-15,1.099,1.11,1.112,1.098,12664919.0
2024-10-16,1.095,1.098,1.098,1.093,10095400.0
2024-10-17,1.095,1.104,1.106,1.093,9151799.0
2024-10-18,1.099,1.096,1.101,1.094,11367157.0
2024-10-21,1.101,1.099,1.102,1.098,7473806.0
2024-10-22,1.102,1.099,1.102,1.099,6519628.0
2024-10-23,1.104,1.104,1.106,1.102,5026399.0
2024-10-24,1.094,1.092,1.094,1.089,7933761.0
2024-10-25,1.097,1.097,1.098,1.095,5855170.0
2024-10-28,1.111,1.11,1.113,1.109,10760403.0
2024-10-29,1.105,1.107,1.109,1.103,8903081.0
2024-10-30,1.118,1.119,1.121,1.117,9215120.0
2024-10-31,1.103,1.099,1.107,1.098,10416216.0
2024-11-01,1.081,1.085,1.091,1.08,9916642.0
2024-11-04,1.086,1.089,1.092,1.085,10312853.0
2024-11-05,1.084,1.084,1.085,1.081,8405269.0
2024-11-06,1.103,1.123,1.125,1.1,24223436.0
2024-11-07,1.143,1.14,1.15,1.139,16650980.0
2024-11-08,1.151,1.15,1.152,1.146,8894261.0
2024-11-11,1.156,1.158,1.158,1.154,6910800.0
2024-11-12,1.158,1.16,1.162,1.157,11054842.0
2024-11-13,1.155,1.152,1.156,1.151,6821075.0
2024-11-14,1.154,1.156,1.156,1.153,6664797.0
2024-11-15,1.143,1.139,1.144,1.137,9447888.0
2024-11-18,1.126,1.13,1.131,1.125,9978280.0
2024-11-19,1.128,1.133,1.135,1.127,8577674.0
2024-11-20,1.143,1.145,1.145,1.141,8877007.0
2024-11-21,1.136,1.136,1.14,1.134,8867228.0
2024-11-22,1.145,1.147,1.147,1.142,7530914.0
2024-11-25,1.155,1.156,1.158,1.155,8598141.0
2024-11-26,1.15,1.156,1.156,1.149,6760273.0
2024-11-27,1.16,1.158,1.165,1.158,11034293.0
2024-11-28,1.151,1.155,1.155,1.15,5240354.0
2024-11-29,1.153,1.154,1.156,1.151,6154794.0
2024-12-02,1.161,1.16,1.162,1.158,6626918.0
2024-12-03,1.175,1.18,1.182,1.174,8002975.0
2024-12-04,1.187,1.186,1.188,1.184,7660575.0
2024-12-05,1.196,1.195,1.198,1.195,6002130.0
2024-12-06,1.19,1.19,1.192,1.188,6403974.0
2024-12-09,1.201,1.208,1.209,1.201,8570451.0
2024-12-10,1.191,1.197,1.197,1.189,10275786.0
2024-12-11,1.195,1.197,1.199,1.195,6051130.0
2024-12-12,1.22,1.221,1.222,1.219,7385588.0
2024-12-13,1.221,1.228,1.228,1.219,8579456.0
2024-12-16,1.231,1.244,1.246,1.23,13885623.0
2024-12-17,1.266,1.259,1.275,1.258,16743861.0
2024-12-18,1.257,1.266,1.266,1.255,13036378.0
2024-12-19,1.223,1.234,1.237,1.221,15333198.0
2024-12-20,1.227,1.207,1.229,1.203,15926017.0
2024-12-23,1.227,1.251,1.251,1.227,14591720.0
2024-12-24,1.266,1.25,1.267,1.237,14917772.0
2024-12-25,1.266,1.261,1.267,1.255,11557876.0
2024-12-26,1.263,1.263,1.269,1.256,9905723.0
2024-12-27,1.256,1.255,1.26,1.253,7138581.0
2024-12-30,1.236,1.239,1.245,1.236,8553731.0
2024-12-31,1.228,1.231,1.236,1.226,11688074.0
2025-01-02,1.229,1.246,1.246,1.229,8304085.0
2025-01-03,1.241,1.24,1.253,1.236,9451503.0
2025-01-06,1.259,1.274,1.274,1.254,15344292.0
2025-01-07,1.29,1.264,1.294,1.261,18918669.0
2025-01-08,1.246,1.257,1.259,1.245,10525031.0
2025-01-09,1.255,1.252,1.258,1.25,7665386.0
2025-01-10,1.246,1.247,1.264,1.242,13443912.0
2025-01-13,1.235,1.216,1.237,1.211,14862899.0
2025-01-14,1.228,1.233,1.233,1.22,10481746.0
2025-01-15,1.228,1.223,1.229,1.221,6667636.0
2025-01-16,1.254,1.249,1.255,1.243,11965541.0
2025-01-17,1.237,1.244,1.247,1.235,7640662.0
2025-01-20,1.255,1.262,1.262,1.252,7759353.0
2025-01-21,1.26,1.264,1.266,1.255,7543034.0
2025-01-22,1.272,1.27,1.276,1.27,8419758.0
2025-01-23,1.276,1.257,1.277,1.254,9662149.0
2025-01-24,1.263,1.259,1.266,1.254,5796315.0
2025-01-27,1.233,1.229,1.239,1.226,11891679.0
2025-02-05,1.23,1.231,1.237,1.229,5594730.0
2025-02-06,1.242,1.243,1.245,1.235,7720837.0
2025-02-07,1.245,1.237,1.248,1.232,11364392.0
2025-02-10,1.23,1.223,1.23,1.221,8738554.0
2025-02-11,1.228,1.222,1.23,1.221,6245220.0
2025-02-12,1.222,1.219,1.224,1.218,4402702.0
2025-02-13,1.225,1.222,1.225,1.219,5393979.0
2025-02-14,1.23,1.231,1.233,1.227,6865124.0
2025-02-17,1.23,1.231,1.235,1.227,5255089.0
2025-02-18,1.232,1.239,1.241,1.229,7127543.0
2025-02-19,1.236,1.233,1.237,1.231,6143464.0
2025-02-20,1.229,1.222,1.23,1.222,4391030.0
2025-02-21,1.218,1.214,1.22,1.21,8818236.0
2025-02-24,1.192,1.195,1.199,1.19,7112091.0
2025-02-25,1.179,1.176,1.18,1.174,6973178.0
2025-02-26,1.167,1.173,1.176,1.165,10253220.0
2025-02-27,1.167,1.18,1.183,1.165,11196523.0
2025-02-28,1.151,1.134,1.153,1.133,17168177.0
2025-03-03,1.147,1.159,1.161,1.146,13783745.0
2025-03-04,1.13,1.137,1.139,1.128,10846196.0
2025-03-05,1.137,1.147,1.153,1.133,19963023.0
2025-03-06,1.15,1.148,1.152,1.147,7972019.0
2025-03-07,1.127,1.125,1.13,1.123,9969161.0
2025-03-10,1.122,1.12,1.128,1.12,8808482.0
2025-03-11,1.07,1.074,1.077,1.055,37998515.0
2025-03-12,1.073,1.08,1.083,1.07,18436458.0
2025-03-13,1.088,1.073,1.09,1.071,20501766.0
2025-03-14,1.069,1.082,1.086,1.067,19229975.0
2025-03-17,1.09,1.086,1.093,1.085,8901322.0
2025-03-18,1.093,1.093,1.095,1.09,9383667.0
2025-03-19,1.084,1.085,1.089,1.083,8091571.0
2025-03-20,1.1,1.11,1.114,1.097,17671270.0
2025-03-21,1.105,1.106,1.109,1.099,9525532.0
2025-03-24,1.118,1.131,1.133,1.117,17348987.0
2025-03-25,1.15,1.145,1.158,1.138,11679357.0
2025-03-26,1.151,1.141,1.152,1.138,10909566.0
2025-03-27,1.118,1.118,1.126,1.117,12398616.0
2025-03-28,1.114,1.111,1.119,1.109,8097666.0
2025-03-31,1.071,1.065,1.076,1.059,18188433.0
2025-04-01,1.072,1.084,1.088,1.072,11886682.0
2025-04-02,1.09,1.09,1.096,1.088,7530439.0
2025-04-03,1.066,1.065,1.076,1.064,15097571.0
2025-04-07,0.959,0.959,0.959,0.959,3582106.0
2025-04-08,0.987,0.994,1.002,0.981,24429655.0
2025-04-09,0.96,0.989,0.989,0.949,38156301.0
2025-04-10,1.088,1.08,1.088,1.065,32642404.0
2025-04-11,1.04,1.068,1.075,1.036,28965141.0
2025-04-14,1.08,1.082,1.087,1.078,13726304.0
2025-04-15,1.074,1.067,1.077,1.066,7471015.0
2025-04-16,1.054,1.043,1.059,1.04,14297907.0
2025-04-17,1.035,1.054,1.056,1.035,14453136.0
2025-04-18,1.045,1.045,1.056,1.04,11544122.0
2025-04-21,1.039,1.039,1.044,1.037,8216231.0
2025-04-22,1.035,1.038,1.042,1.029,10017342.0
2025-04-23,1.062,1.073,1.074,1.052,15177158.0
2025-04-24,1.072,1.059,1.072,1.057,9380769.0
2025-04-25,1.09,1.09,1.096,1.086,17569199.0
2025-04-28,1.088,1.094,1.096,1.086,12163550.0
2025-04-29,1.098,1.093,1.104,1.093,7502609.0
2025-04-30,1.095,1.094,1.098,1.091,8141101.0
2025-05-06,1.112,1.101,1.114,1.1,11935593.0
2025-05-07,1.105,1.104,1.108,1.101,8407664.0
2025-05-08,1.114,1.119,1.121,1.108,12888407.0
2025-05-09,1.119,1.118,1.122,1.115,11059214.0
2025-05-12,1.137,1.139,1.142,1.134,11847535.0
2025-05-13,1.155,1.149,1.158,1.148,10408380.0
2025-05-14,1.17,1.181,1.183,1.167,17479114.0
2025-05-15,1.18,1.174,1.187,1.173,11002222.0
2025-05-16,1.178,1.176,1.183,1.175,8484754.0
2025-05-19,1.169,1.165,1.173,1.164,11334184.0
2025-05-20,1.18,1.177,1.183,1.175,11494823.0
2025-05-21,1.176,1.164,1.177,1.163,10371956.0
2025-05-22,1.158,1.156,1.162,1.154,10711801.0
2025-05-23,1.156,1.152,1.159,1.151,6932853.0
2025-05-26,1.155,1.156,1.156,1.153,5705446.0
2025-05-27,1.155,1.165,1.166,1.153,8696452.0
2025-05-28,1.18,1.178,1.182,1.175,6364538.0
2025-05-29,1.195,1.196,1.198,1.193,8356202.0
2025-05-30,1.167,1.172,1.175,1.167,9623738.0
2025-06-03,1.18,1.176,1.181,1.175,4798316.0
2025-06-04,1.187,1.185,1.187,1.18,9311130.0
2025-06-05,1.185,1.181,1.186,1.181,5425804.0
2025-06-06,1.172,1.177,1.179,1.172,6530186.0
2025-06-09,1.182,1.181,1.183,1.179,4658773.0
2025-06-10,1.188,1.182,1.194,1.18,12717690.0
2025-06-11,1.186,1.186,1.189,1.185,6862794.0
2025-06-12,1.181,1.182,1.183,1.178,7279699.0
2025-06-13,1.167,1.169,1.172,1.163,10788489.0
2025-06-16,1.174,1.179,1.181,1.173,10170729.0
2025-06-17,1.184,1.184,1.187,1.181,9068743.0
2025-06-18,1.181,1.18,1.183,1.179,6387093.0
2025-06-19,1.173,1.173,1.177,1.171,6092489.0
2025-06-20,1.174,1.175,1.178,1.172,5967157.0
2025-06-23,1.166,1.171,1.173,1.165,6307473.0
2025-06-24,1.193,1.2,1.201,1.191,10711199.0
2025-06-25,1.2,1.202,1.203,1.199,5324055.0
2025-06-26,1.204,1.205,1.207,1.201,7497301.0
2025-06-27,1.213,1.218,1.22,1.212,9211703.0
2025-06-30,1.224,1.226,1.228,1.223,6833508.0
2025-07-01,1.228,1.22,1.228,1.22,6789411.0
2025-07-02,1.215,1.22,1.222,1.213,8196907.0
2025-07-03,1.225,1.223,1.227,1.222,6657754.0
2025-07-04,1.234,1.23,1.234,1.23,7101262.0
2025-07-07,1.228,1.229,1.232,1.228,5240284.0
2025-07-08,1.229,1.23,1.23,1.226,6901995.0
2025-07-09,1.228,1.224,1.229,1.222,6273486.0
2025-07-10,1.23,1.231,1.232,1.229,6224959.0
2025-07-11,1.227,1.228,1.229,1.226,7955914.0
2025-07-14,1.222,1.22,1.223,1.219,5165106.0
2025-07-15,1.229,1.239,1.24,1.228,11900226.0
2025-07-16,1.233,1.231,1.234,1.23,6440320.0
2025-07-17,1.236,1.241,1.242,1.233,6650002.0
2025-07-18,1.247,1.249,1.251,1.246,6643893.0
2025-07-21,1.249,1.248,1.25,1.247,5535621.0
2025-07-22,1.251,1.249,1.253,1.247,5364386.0
2025-07-23,1.244,1.247,1.247,1.243,5672708.0
2025-07-24,1.252,1.248,1.253,1.247,5314599.0
2025-07-25,1.252,1.25,1.253,1.25,4510717.0
2025-07-28,1.258,1.263,1.265,1.258,7266810.0
2025-07-29,1.263,1.263,1.264,1.26,5212663.0
2025-07-30,1.259,1.259,1.261,1.258,3627641.0
2025-07-31,1.277,1.279,1.28,1.276,9614573.0
2025-08-01,1.255,1.255,1.259,1.254,8588298.0
2025-08-04,1.235,1.237,1.238,1.233,7652255.0
2025-08-05,1.256,1.26,1.26,1.254,6027251.0
2025-08-06,1.244,1.253,1.255,1.243,7210197.0
2025-08-07,1.267,1.263,1.268,1.261,7380031.0
2025-08-08,1.268,1.267,1.269,1.265,4463143.0
2025-08-11,1.278,1.283,1.283,1.278,6502719.0
2025-08-12,1.278,1.279,1.28,1.275,6877448.0
2025-08-13,1.293,1.293,1.295,1.288,9484180.0
2025-08-14,1.29,1.29,1.291,1.288,4198642.0
2025-08-15,1.291,1.294,1.294,1.289,5286777.0
2025-08-18,1.289,1.283,1.291,1.281,8723911.0
2025-08-19,1.283,1.28,1.283,1.277,5807182.0
2025-08-20,1.26,1.264,1.264,1.258,8535628.0
2025-08-21,1.259,1.268,1.268,1.257,12102115.0
2025-08-22,1.261,1.256,1.265,1.256,8529045.0
2025-08-25,1.274,1.276,1.277,1.273,10270330.0
2025-08-26,1.271,1.268,1.272,1.268,5186373.0
2025-08-27,1.276,1.281,1.281,1.274,5369598.0
2025-08-28,1.274,1.271,1.277,1.269,8053071.0
2025-08-29,1.276,1.271,1.277,1.271,6837619.0
2025-09-01,1.262,1.257,1.263,1.252,8980016.0
2025-09-02,1.259,1.258,1.259,1.255,6383274.0
2025-09-03,1.251,1.256,1.258,1.25,6335128.0
2025-09-04,1.264,1.263,1.267,1.262,8702823.0
2025-09-05,1.276,1.278,1.278,1.274,6680798.0
2025-09-08,1.276,1.272,1.277,1.272,6079806.0
2025-09-09,1.275,1.277,1.277,1.273,5615699.0
2025-09-10,1.279,1.283,1.284,1.279,7215027.0
2025-09-11,1.281,1.282,1.282,1.277,5431968.0
2025-09-12,1.287,1.286,1.287,1.284,4164716.0
2025-09-15,1.291,1.293,1.295,1.29,6480651.0
2025-09-16,1.301,1.303,1.304,1.301,5850065.0
2025-09-17,1.299,1.298,1.3,1.294,8973691.0
2025-09-18,1.301,1.307,1.307,1.3,10387673.0
2025-09-19,1.311,1.31,1.316,1.31,8998368.0
2025-09-22,1.32,1.323,1.324,1.318,6847417.0
2025-09-23,1.333,1.342,1.345,1.332,13466874.0
2025-09-24,1.329,1.329,1.33,1.324,11565374.0
2025-09-25,1.325,1.324,1.328,1.323,4932460.0
2025-09-26,1.319,1.32,1.324,1.315,7144545.0
2025-09-29,1.328,1.34,1.34,1.328,6853872.0
2025-09-30,1.337,1.339,1.344,1.336,10239471.0
2025-10-09,1.367,1.363,1.367,1.357,10202686.0
2025-10-10,1.364,1.366,1.373,1.36,11468359.0
2025-10-13,1.334,1.347,1.353,1.333,18038388.0
2025-10-14,1.362,1.331,1.364,1.331,14588610.0
2025-10-15,1.338,1.353,1.354,1.336,11372646.0
2025-10-16,1.349,1.363,1.365,1.347,7357019.0
2025-10-17,1.354,1.329,1.357,1.329,14775792.0
2025-10-20,1.355,1.369,1.372,1.354,13418800.0
2025-10-21,1.39,1.39,1.392,1.377,10761590.0
2025-10-22,1.385,1.41,1.422,1.381,21326064.0
2025-10-23,1.401,1.41,1.413,1.392,9782251.0
2025-10-24,1.435,1.43,1.436,1.42,9429018.0
2025-10-27,1.446,1.458,1.462,1.445,13763391.0
2025-10-28,1.469,1.456,1.483,1.433,18874815.0
2025-10-29,1.473,1.481,1.484,1.461,10899772.0
2025-10-30,1.477,1.462,1.486,1.461,14895661.0
2025-10-31,1.465,1.458,1.474,1.453,10977650.0
2025-11-03,1.463,1.456,1.464,1.452,8492035.0
2025-11-04,1.455,1.436,1.456,1.425,10716138.0
2025-11-05,1.4,1.425,1.428,1.392,16580660.0
2025-11-06,1.431,1.451,1.453,1.428,10374326.0
2025-11-07,1.427,1.435,1.444,1.422,11335462.0
2025-11-10,1.449,1.462,1.463,1.447,10742206.0
2025-11-11,1.478,1.467,1.482,1.461,9508919.0
2025-11-12,1.472,1.472,1.476,1.467,8621083.0
2025-11-13,1.468,1.467,1.469,1.463,6623378.0
2025-11-14,1.437,1.427,1.445,1.425,12359564.0
2025-11-17,1.442,1.428,1.447,1.412,10837242.0
2025-11-18,1.406,1.381,1.413,1.379,14726501.0
2025-11-19,1.376,1.376,1.392,1.374,12393767.0
2025-11-20,1.41,1.427,1.428,1.408,13441390.0
2025-11-21,1.37,1.383,1.387,1.368,12734430.0
2025-11-24,1.398,1.394,1.402,1.386,6625555.0
2025-11-25,1.429,1.422,1.429,1.419,8144577.0
2025-11-26,1.433,1.443,1.446,1.432,8638794.0
2025-11-27,1.453,1.437,1.454,1.437,6090771.0
2025-11-28,1.445,1.452,1.454,1.44,5433523.0
2025-12-01,1.443,1.439,1.449,1.436,9993730.0
2025-12-02,1.448,1.44,1.449,1.436,7855435.0
2025-12-03,1.45,1.458,1.463,1.449,10294062.0
2025-12-04,1.457,1.458,1.461,1.454,5135499.0
2025-12-05,1.461,1.459,1.461,1.456,4886552.0
2025-12-08,1.46,1.453,1.461,1.45,6449979.0
2025-12-09,1.448,1.432,1.449,1.431,7438499.0
2025-12-10,1.431,1.44,1.446,1.427,7905564.0
2025-12-11,1.438,1.428,1.445,1.423,7874478.0
2025-12-12,1.437,1.431,1.438,1.429,5357023.0
2025-12-15,1.411,1.414,1.419,1.409,6936717.0
2025-12-16,1.404,1.394,1.407,1.388,6714223.0
2025-12-17,1.403,1.407,1.412,1.4,8608421.0
2025-12-18,1.388,1.395,1.395,1.386,5410104.0
2025-12-19,1.41,1.414,1.416,1.407,6006388.0
2025-12-22,1.438,1.441,1.441,1.436,5465234.0
2025-12-23,1.441,1.435,1.442,1.434,4984141.0
2025-12-24,1.44,1.432,1.441,1.431,3187574.0
2025-12-25,1.432,1.426,1.432,1.424,4814571.0
2025-12-26,1.429,1.424,1.431,1.424,3786050.0
2025-12-29,1.42,1.416,1.42,1.41,4366590.0
2025-12-30,1.409,1.42,1.42,1.404,4577894.0
2025-12-31,1.412,1.413,1.415,1.408,4172327.0
2026-01-05,1.416,1.43,1.431,1.416,7080570.0
2026-01-06,1.428,1.43,1.432,1.423,5720661.0
2026-01-07,1.435,1.427,1.435,1.426,4439971.0
2026-01-08,1.425,1.422,1.427,1.418,3274869.0
2026-01-09,1.417,1.418,1.422,1.413,5266020.0
2026-01-12,1.417,1.412,1.419,1.411,5470497.0
2026-01-13,1.413,1.421,1.425,1.405,9070467.0
2026-01-14,1.417,1.413,1.418,1.41,5327281.0
2026-01-15,1.402,1.413,1.415,1.4,6760505.0
2026-01-16,1.413,1.41,1.417,1.402,6103726.0
2026-01-19,1.392,1.395,1.401,1.391,5219408.0
2026-01-20,1.396,1.386,1.399,1.384,3976705.0
2026-01-21,1.379,1.381,1.386,1.374,4456777.0
2026-01-22,1.395,1.409,1.41,1.394,6988046.0
2026-01-23,1.413,1.401,1.415,1.397,6775860.0
2026-01-26,1.397,1.387,1.398,1.386,5350878.0
2026-01-27,1.397,1.403,1.407,1.394,6664636.0
2026-01-28,1.412,1.418,1.418,1.41,7358160.0
2026-01-29,1.407,1.409,1.411,1.404,4131718.0
2026-01-30,1.396,1.396,1.404,1.394,5217229.0
2026-02-02,1.388,1.359,1.392,1.357,9253174.0
2026-02-03,1.389,1.388,1.392,1.376,9185883.0
2026-02-04,1.365,1.379,1.379,1.362,6756794.0
2026-02-05,1.364,1.367,1.369,1.359,5806432.0
2026-02-06,1.341,1.344,1.346,1.338,9217175.0
2026-02-09,1.369,1.371,1.374,1.366,7286322.0
2026-02-10,1.376,1.374,1.376,1.37,3990607.0
2026-02-11,1.371,1.37,1.373,1.368,3757787.0
2026-02-12,1.368,1.369,1.374,1.366,4235743.0
2026-02-13,1.35,1.363,1.363,1.347,5237365.0
2026-02-24,1.354,1.352,1.356,1.345,4951986.0
2026-02-25,1.36,1.353,1.362,1.352,3726699.0
2026-02-26,1.362,1.361,1.366,1.359,4658879.0
2026-02-27,1.35,1.35,1.352,1.347,3275610.0
2026-03-02,1.341,1.337,1.345,1.336,4397290.0
2026-03-03,1.345,1.332,1.345,1.33,4418292.0
2026-03-04,1.325,1.311,1.329,1.31,6292799.0
2026-03-05,1.335,1.343,1.344,1.332,6336167.0
2026-03-06,1.338,1.342,1.347,1.334,4286028.0
2026-03-09,1.301,1.31,1.317,1.3,8268158.0
2026-03-10,1.335,1.332,1.337,1.33,6844871.0
2026-03-11,1.335,1.335,1.34,1.333,3640538.0
2026-03-12,1.329,1.327,1.332,1.326,4225987.0
2026-03-13,1.319,1.315,1.32,1.314,3360648.0
2026-03-16,1.313,1.324,1.325,1.31,5179099.0
2026-03-17,1.325,1.316,1.329,1.316,4988481.0
2026-03-18,1.328,1.333,1.338,1.326,6893548.0
2026-03-19,1.317,1.309,1.319,1.307,6128226.0
2026-03-20,1.312,1.3,1.314,1.296,3586960.0
2026-03-23,1.28,1.257,1.28,1.245,10427885.0
2026-03-24,1.272,1.281,1.284,1.261,10915314.0
2026-03-25,1.288,1.292,1.294,1.285,8755754.0
2026-03-26,1.29,1.281,1.293,1.278,4547344.0
2026-03-27,1.26,1.276,1.28,1.258,6121872.0
2026-03-30,1.251,1.254,1.257,1.244,9949305.0
2026-03-31,1.25,1.251,1.261,1.246,7553150.0
2026-04-01,1.284,1.303,1.307,1.282,9602907.0
