date,open,close,high,low,volume
2014-08-19,1.006,1.008,1.016,1.005,3336589.78
2014-08-20,1.011,1.001,1.011,0.997,208594.46
2014-08-21,1.001,1.007,1.009,0.997,472099.71
2014-08-22,1.007,1.018,1.021,1.007,395358.93
2014-08-25,1.016,1.01,1.017,1.007,58241.65
2014-08-26,1.005,0.991,1.005,0.987,28828.32
2014-08-27,0.991,0.998,1.003,0.991,41503.58
2014-08-28,0.997,0.985,0.997,0.985,14874.92
2014-08-29,0.988,1.0,1.002,0.986,45644.73
2014-09-01,1.003,1.019,1.02,1.003,190874.88
2014-09-02,1.019,1.03,1.032,1.019,231914.6
2014-09-03,1.03,1.04,1.042,1.03,197932.6
2014-09-04,1.04,1.05,1.05,1.036,121821.75
2014-09-05,1.05,1.05,1.052,1.041,73127.29
2014-09-09,1.05,1.053,1.055,1.04,287655.75
2014-09-10,1.049,1.057,1.057,1.043,100699.54
2014-09-11,1.058,1.057,1.068,1.05,76530.42
2014-09-12,1.056,1.066,1.066,1.051,40939.7
2014-09-15,1.05,1.071,1.072,1.05,46111.52
2014-09-16,1.071,1.036,1.075,1.033,68328.35
2014-09-17,1.042,1.041,1.042,1.025,59300.96
2014-09-18,1.037,1.042,1.046,1.037,22074.04
2014-09-19,1.047,1.054,1.054,1.04,15632.45
2014-09-22,1.048,1.042,1.048,1.039,35490.54
2014-09-23,1.045,1.054,1.054,1.042,38823.43
2014-09-24,1.052,1.066,1.068,1.052,74312.23
2014-09-25,1.072,1.067,1.075,1.06,62317.25
2014-09-26,1.063,1.071,1.071,1.063,28748.96
2014-09-29,1.068,1.079,1.08,1.068,27985.94
2014-09-30,1.082,1.092,1.092,1.082,23558.89
2014-10-08,1.093,1.102,1.102,1.088,23471.36
2014-10-09,1.105,1.1,1.106,1.091,33903.95
2014-10-10,1.07,1.093,1.096,1.07,43495.0
2014-10-13,1.069,1.085,1.087,1.069,53506.14
2014-10-14,1.086,1.083,1.09,1.076,24168.4
2014-10-15,1.089,1.088,1.089,1.073,50994.0
2014-10-16,1.08,1.07,1.091,1.068,58355.47
2014-10-17,1.071,1.064,1.071,1.044,74884.31
2014-10-20,1.068,1.076,1.076,1.065,148238.16
2014-10-21,1.076,1.072,1.087,1.068,24146.82
2014-10-22,1.07,1.064,1.077,1.061,28381.0
2014-10-23,1.06,1.048,1.064,1.045,4658.57
2014-10-24,1.052,1.054,1.06,1.05,12318.0
2014-10-27,1.04,1.054,1.054,1.04,16542.1
2014-10-28,1.058,1.072,1.072,1.058,12273.44
2014-10-29,1.077,1.084,1.087,1.077,17570.44
2014-10-30,1.084,1.082,1.087,1.077,22666.2
2014-10-31,1.081,1.078,1.082,1.069,36171.2
2014-11-03,1.076,1.085,1.086,1.076,20819.2
2014-11-04,1.081,1.078,1.089,1.072,43517.4
2014-11-05,1.079,1.08,1.08,1.076,5013.0
2014-11-06,1.08,1.086,1.086,1.078,8655.2
2014-11-07,1.089,1.081,1.093,1.078,15132.0
2014-11-10,1.078,1.08,1.082,1.075,1997.76
2014-11-11,1.083,1.053,1.083,1.045,3232.0
2014-11-12,1.055,1.06,1.062,1.051,4391.24
2014-11-13,1.055,1.041,1.055,1.03,11020.9
2014-11-14,1.043,1.048,1.048,1.039,12143.54
2014-11-17,1.05,1.061,1.065,1.048,16099.96
2014-11-18,1.06,1.064,1.064,1.056,9722.12
2014-11-19,1.065,1.081,1.091,1.064,32016.55
2014-11-20,1.075,1.074,1.077,1.072,1631.52
2014-11-21,1.07,1.086,1.09,1.07,26289.31
2014-11-24,1.09,1.1,1.101,1.086,32434.52
2014-11-25,1.1,1.115,1.123,1.1,33256.03
2014-11-26,1.119,1.114,1.119,1.104,5686.01
2014-11-27,1.119,1.12,1.12,1.11,23445.8
2014-11-28,1.12,1.123,1.129,1.11,15829.87
2014-12-01,1.121,1.112,1.127,1.102,13606.0
2014-12-02,1.112,1.127,1.142,1.108,26817.44
2014-12-03,1.125,1.134,1.138,1.119,17363.12
2014-12-04,1.133,1.157,1.16,1.133,10893.17
2014-12-05,1.143,1.153,1.166,1.084,24431.54
2014-12-08,1.14,1.149,1.162,1.14,5887.25
2014-12-09,1.142,1.1,1.142,1.1,3890.15
2014-12-10,1.055,1.133,1.133,1.055,1825.76
2014-12-11,1.134,1.158,1.158,1.098,15167.26
2014-12-12,1.157,1.175,1.175,1.157,11148.9
2014-12-15,1.142,1.195,1.199,1.142,23596.9
2014-12-16,1.179,1.194,1.195,1.165,2044.0
2014-12-17,1.165,1.18,1.18,1.165,845.0
2014-12-18,1.18,1.161,1.18,1.161,1371.0
2014-12-19,1.153,1.129,1.179,1.129,4091.0
2014-12-22,1.12,1.104,1.12,1.098,2686.0
2014-12-23,1.112,1.1,1.112,1.1,2223.0
2014-12-24,1.082,1.114,1.114,1.08,1080.65
2014-12-25,1.087,1.1,1.125,1.087,2381.6
2014-12-26,1.111,1.132,1.137,1.111,88576.79
2014-12-29,1.133,1.119,1.133,1.11,2295.61
2014-12-30,1.072,1.1,1.1,1.072,1241.0
2014-12-31,1.072,1.103,1.103,1.072,1120.9
2015-01-05,1.095,1.09,1.11,1.069,89052.81
2015-01-06,1.089,1.139,1.15,1.069,4634.0
2015-01-07,1.107,1.136,1.136,1.107,3559.0
2015-01-08,1.097,1.149,1.15,1.097,5471.0
2015-01-09,1.15,1.13,1.179,1.112,20592.37
2015-01-12,1.13,1.125,1.13,1.1,3108.0
2015-01-13,1.099,1.173,1.174,1.099,17959.54
2015-01-14,1.167,1.16,1.175,1.141,22766.54
2015-01-15,1.17,1.14,1.17,1.139,368.0
2015-01-16,1.178,1.21,1.21,1.145,21307.9
2015-01-19,1.18,1.16,1.205,1.118,22277.1
2015-01-20,1.185,1.216,1.216,1.185,5286.1
2015-01-21,1.219,1.226,1.239,1.219,5828.0
2015-01-22,1.216,1.237,1.238,1.216,3732.0
2015-01-23,1.22,1.22,1.238,1.19,9548.5
2015-01-26,1.237,1.274,1.278,1.205,6531.58
2015-01-27,1.271,1.298,1.3,1.26,21281.1
2015-01-28,1.299,1.301,1.317,1.26,1372.1
2015-01-29,1.281,1.268,1.3,1.261,874.1
2015-01-30,1.223,1.265,1.299,1.22,761.54
2015-02-02,1.289,1.238,1.289,1.22,297.0
2015-02-03,1.253,1.28,1.28,1.253,401.75
2015-02-04,1.255,1.258,1.294,1.255,812.0
2015-02-05,1.258,1.298,1.298,1.258,2435.54
2015-02-06,1.3,1.259,1.3,1.258,1037.0
2015-02-09,1.258,1.258,1.258,1.226,642.0
2015-02-10,1.229,1.29,1.292,1.229,1263.0
2015-02-11,1.26,1.299,1.3,1.26,768.0
2015-02-12,1.298,1.296,1.309,1.263,3206.14
2015-02-13,1.305,1.326,1.33,1.305,4372.0
2015-02-16,1.346,1.437,1.44,1.342,6568.1
2015-02-17,1.378,1.449,1.497,1.378,10693.0
2015-02-25,1.449,1.449,1.488,1.383,25599.0
2015-02-26,1.4,1.423,1.444,1.383,1309.85
2015-02-27,1.425,1.428,1.435,1.361,21778.0
2015-03-02,1.428,1.457,1.5,1.399,21375.0
2015-03-03,1.456,1.438,1.456,1.421,2849.0
2015-03-04,1.438,1.445,1.445,1.428,2369.0
2015-03-05,1.43,1.43,1.443,1.419,2763.0
2015-03-06,1.443,1.43,1.445,1.351,74638.0
2015-03-09,1.377,1.445,1.445,1.377,2428.99
2015-03-10,1.46,1.46,1.474,1.44,7006.0
2015-03-11,1.46,1.451,1.46,1.43,1282.0
2015-03-12,1.454,1.44,1.454,1.407,5677.0
2015-03-13,1.44,1.48,1.484,1.44,11941.0
2015-03-16,1.484,1.596,1.61,1.484,13919.0
2015-03-17,1.608,1.56,1.649,1.556,34152.33
2015-03-18,1.56,1.594,1.594,1.54,11375.58
2015-03-19,1.618,1.585,1.618,1.57,5512.98
2015-03-20,1.593,1.649,1.65,1.581,9525.98
2015-03-23,1.65,1.731,1.75,1.649,34441.0
2015-03-24,1.758,1.724,1.758,1.651,27294.25
2015-03-25,1.75,1.726,1.75,1.68,12609.64
2015-03-26,1.698,1.674,1.706,1.645,118900.7
2015-03-27,1.65,1.672,1.683,1.65,3132.1
2015-03-30,1.672,1.67,1.672,1.646,6352.0
2015-03-31,1.678,1.697,1.708,1.655,23961.5
2015-04-01,1.694,1.734,1.74,1.664,26191.04
2015-04-02,1.759,1.75,1.768,1.719,18533.39
2015-04-03,1.683,1.79,1.79,1.677,13908.0
2015-04-07,1.805,1.823,1.824,1.79,25707.39
2015-04-08,1.81,1.796,1.81,1.738,6596.0
2015-04-09,1.76,1.758,1.76,1.675,15198.0
2015-04-10,1.71,1.792,1.82,1.71,10624.0
2015-04-13,1.817,1.81,1.843,1.796,7026.1
2015-04-14,1.843,1.811,1.843,1.76,45362.48
2015-04-15,1.813,1.763,1.813,1.75,6242.48
2015-04-16,1.763,1.749,1.763,1.705,1925.0
2015-04-17,1.75,1.767,1.768,1.731,13408.0
2015-04-20,1.69,1.724,1.775,1.69,5005.0
2015-04-21,1.766,1.844,1.845,1.746,37070.13
2015-04-22,1.845,1.877,1.89,1.845,10852.48
2015-04-23,1.911,1.92,1.95,1.895,98671.62
2015-04-24,1.9,1.941,2.005,1.9,26029.17
2015-04-27,2.0,1.965,2.0,1.941,2925.0
2015-04-28,1.966,1.915,1.982,1.88,5640.65
2015-04-29,1.914,1.94,1.948,1.876,9888.0
2015-04-30,1.94,2.048,2.08,1.94,13441.4
2015-05-04,2.09,2.01,2.09,1.98,13614.4
2015-05-05,2.03,1.946,2.09,1.911,36619.7
2015-05-06,1.9,1.93,1.994,1.9,3281.0
2015-05-07,1.88,1.939,1.965,1.8,40129.62
2015-05-08,1.97,2.011,2.041,1.97,7043.0
2015-05-11,2.022,2.13,2.137,2.022,30805.0
2015-05-12,2.15,2.184,2.209,2.132,13505.0
2015-05-13,2.17,2.2,2.226,2.085,10786.84
2015-05-14,2.192,2.163,2.208,2.163,3776.0
2015-05-15,2.11,2.18,2.205,2.11,5934.74
2015-05-18,2.18,2.24,2.24,2.18,4071.0
2015-05-19,2.24,2.305,2.318,2.232,16940.7
2015-05-20,2.308,2.372,2.409,2.308,9254.0
2015-05-21,2.34,2.433,2.433,2.3,4698.0
2015-05-22,2.438,2.433,2.472,2.385,7577.0
2015-05-25,2.385,2.422,2.434,2.26,4389.0
2015-05-26,2.434,2.497,2.546,2.295,55688.83
2015-05-27,2.579,2.499,2.579,2.437,8640.0
2015-05-28,2.521,2.382,2.553,2.38,6442.0
2015-05-29,2.428,2.399,2.442,2.263,2581.0
2015-06-01,2.399,2.499,2.518,2.399,3186.0
2015-06-02,2.49,2.619,2.619,2.49,3292.0
2015-06-03,2.619,2.622,2.703,2.537,2351.0
2015-06-04,2.8,2.64,2.8,2.362,9141.5
2015-06-05,2.632,2.624,2.7,2.557,9993.0
2015-06-08,2.61,2.518,2.614,2.486,18945.0
2015-06-09,2.518,2.509,2.585,2.489,2926.0
2015-06-10,2.523,2.663,2.67,2.523,5595.0
2015-06-11,2.66,2.66,2.678,2.61,2535.0
2015-06-12,2.693,2.658,2.693,2.551,2995.63
2015-06-15,2.699,2.614,2.699,2.595,1962.0
2015-06-16,2.6,2.497,2.6,2.431,2825.5
2015-06-17,2.5,2.558,2.569,2.396,1257.0
2015-06-18,2.439,2.438,2.558,2.438,608.0
2015-06-19,2.395,2.27,2.395,2.26,16191.3
2015-06-23,2.3,2.279,2.3,2.144,1326.0
2015-06-24,2.3,2.325,2.356,2.3,1800.0
2015-06-25,2.359,2.2,2.359,2.2,46875.0
2015-06-26,2.09,1.98,2.1,1.98,2770.0
2015-06-29,1.98,1.828,2.01,1.782,4532.0
2015-06-30,1.702,1.963,1.987,1.65,6390.0
2015-07-01,1.986,1.891,2.037,1.891,3367.0
2015-07-02,1.93,1.8,1.93,1.76,3496.4
2015-07-03,1.645,1.672,1.806,1.645,15762.0
2015-07-06,1.839,1.584,1.839,1.507,7549.0
2015-07-07,1.516,1.428,1.526,1.428,4114.0
2015-07-08,1.419,1.285,1.42,1.285,1340.0
2015-07-09,1.157,1.414,1.414,1.157,7208.24
2015-07-10,1.517,1.555,1.555,1.517,2164.0
2015-07-13,1.71,1.71,1.711,1.62,32144.0
2015-07-14,1.74,1.722,1.78,1.69,23080.34
2015-07-15,1.7,1.645,1.764,1.643,9834.0
2015-07-16,1.583,1.667,1.75,1.583,5888.44
2015-07-17,1.683,1.769,1.809,1.683,8994.34
2015-07-20,1.807,1.826,1.88,1.807,1380.0
2015-07-21,1.816,1.849,1.852,1.816,2431.0
2015-07-22,1.848,1.862,1.873,1.815,5374.0
2015-07-23,1.82,1.916,1.942,1.82,3487.55
2015-07-24,1.906,1.86,1.93,1.86,1962.0
2015-07-27,1.916,1.74,1.916,1.732,2402.0
2015-07-28,1.671,1.74,1.77,1.611,2151.0
2015-07-29,1.672,1.813,1.816,1.63,1253.0
2015-07-30,1.813,1.701,1.813,1.701,1295.0
2015-07-31,1.645,1.701,1.745,1.645,725.0
2015-08-03,1.606,1.586,1.666,1.57,1696.0
2015-08-04,1.605,1.684,1.688,1.605,395.0
2015-08-05,1.65,1.65,1.65,1.644,402.0
2015-08-06,1.666,1.625,1.666,1.609,690.0
2015-08-07,1.682,1.711,1.728,1.68,1302.0
2015-08-10,1.71,1.785,1.8,1.71,1897.0
2015-08-11,1.778,1.79,1.801,1.778,1589.0
2015-08-12,1.79,1.732,1.806,1.626,1514.0
2015-08-13,1.795,1.78,1.795,1.733,2034.0
2015-08-14,1.76,1.808,1.829,1.76,879.0
2015-08-17,1.791,1.795,1.8,1.77,162.0
2015-08-18,1.785,1.74,1.8,1.74,1126.0
2015-08-19,1.7,1.76,1.761,1.615,425.0
2015-08-20,1.681,1.7,1.76,1.681,740.0
2015-08-21,1.571,1.664,1.684,1.571,18.0
2015-08-24,1.538,1.498,1.538,1.498,540.0
2015-08-25,1.349,1.348,1.426,1.348,694.0
2015-08-26,1.231,1.272,1.39,1.22,2963.0
2015-08-27,1.272,1.317,1.32,1.272,757.0
2015-08-28,1.28,1.398,1.398,1.28,737.0
2015-08-31,1.348,1.322,1.359,1.314,306.0
2015-09-01,1.322,1.322,1.322,1.322,30.0
2015-09-02,1.285,1.253,1.3,1.23,2554.49
2015-09-07,1.252,1.344,1.369,1.228,227.0
2015-09-08,1.475,1.359,1.475,1.293,437.0
2015-09-09,1.312,1.4,1.417,1.311,1766.0
2015-09-10,1.365,1.365,1.417,1.365,1320.0
2015-09-11,1.365,1.36,1.365,1.36,1001.0
2015-09-14,1.343,1.271,1.344,1.266,781.0
2015-09-15,1.226,1.232,1.272,1.211,3484.0
2015-09-16,1.125,1.35,1.35,1.125,1346.0
2015-09-17,1.289,1.337,1.352,1.289,1190.0
2015-09-18,1.318,1.32,1.32,1.318,7.0
2015-09-21,1.337,1.4,1.4,1.337,99.0
2015-09-22,1.381,1.381,1.381,1.379,794.0
2015-09-23,1.356,1.356,1.363,1.356,48.0
2015-09-24,1.379,1.384,1.42,1.379,380.0
2015-09-25,1.335,1.335,1.335,1.335,158.0
2015-09-28,1.398,1.34,1.398,1.34,201.0
2015-09-29,1.336,1.35,1.36,1.336,64.0
2015-09-30,1.37,1.35,1.37,1.35,152.0
2015-10-08,1.35,1.421,1.441,1.35,220.0
2015-10-09,1.421,1.468,1.468,1.4,41.0
2015-10-12,1.46,1.496,1.53,1.46,959.0
2015-10-13,1.48,1.492,1.52,1.48,144.0
2015-10-14,1.49,1.493,1.493,1.48,170.0
2015-10-15,1.507,1.535,1.535,1.507,1038.0
2015-10-16,1.547,1.556,1.588,1.53,1037.0
2015-10-19,1.646,1.569,1.654,1.532,1626.0
2015-10-20,1.568,1.61,1.628,1.568,1114.0
2015-10-21,1.625,1.5,1.625,1.492,962.0
2015-10-22,1.579,1.59,1.59,1.538,500.0
2015-10-23,1.631,1.632,1.638,1.571,645.0
2015-10-26,1.635,1.634,1.64,1.602,411.0
2015-10-27,1.655,1.639,1.655,1.563,726.0
2015-10-28,1.638,1.64,1.657,1.638,131.0
2015-10-29,1.64,1.649,1.65,1.593,183.0
2015-10-30,1.585,1.642,1.643,1.585,1059.0
2015-11-02,1.636,1.596,1.637,1.596,4503.0
2015-11-03,1.597,1.613,1.613,1.55,383.0
2015-11-04,1.628,1.65,1.65,1.628,936.0
2015-11-05,1.646,1.654,1.694,1.555,2322.0
2015-11-06,1.718,1.717,1.718,1.676,436.0
2015-11-09,1.714,1.775,1.798,1.668,2038.0
2015-11-10,1.75,1.759,1.759,1.73,125.0
2015-11-11,1.734,1.799,1.8,1.734,947.0
2015-11-12,1.769,1.809,1.829,1.766,1174.0
2015-11-13,1.763,1.779,1.78,1.76,669.0
2015-11-16,1.778,1.776,1.778,1.776,4.0
2015-11-17,1.78,1.78,1.78,1.78,137.0
2015-11-18,1.73,1.736,1.736,1.73,76.0
2015-11-19,1.819,1.798,1.819,1.719,277.0
2015-11-20,1.828,1.824,1.828,1.762,673.0
2015-11-23,1.819,1.82,1.84,1.818,418.0
2015-11-24,1.82,1.829,1.887,1.82,822.0
2015-11-25,1.83,1.847,1.847,1.782,3262.0
2015-11-26,1.846,1.849,1.849,1.8,507.0
2015-11-27,1.763,1.752,1.829,1.668,527.0
2015-11-30,1.669,1.717,1.719,1.669,1081.0
2015-12-01,1.715,1.72,1.72,1.7,223.0
2015-12-02,1.722,1.703,1.722,1.64,143.0
2015-12-03,1.703,1.721,1.724,1.67,224.07
2015-12-04,1.671,1.753,1.77,1.671,928.07
2015-12-07,1.697,1.763,1.763,1.697,181.0
2015-12-08,1.755,1.692,1.755,1.676,39.0
2015-12-09,1.655,1.723,1.723,1.655,59.0
2015-12-10,1.657,1.746,1.746,1.651,202.0
2015-12-11,1.678,1.724,1.74,1.678,1169.0
2015-12-14,1.721,1.729,1.731,1.721,303.0
2015-12-15,1.756,1.76,1.76,1.748,855.0
2015-12-16,1.77,1.787,1.787,1.77,190.0
2015-12-17,1.81,1.81,1.81,1.806,353.0
2015-12-18,1.778,1.829,1.829,1.778,4.0
2015-12-21,1.828,1.802,1.83,1.802,458.0
2015-12-22,1.765,1.82,1.823,1.757,998.0
2015-12-23,1.82,1.793,1.871,1.792,121.0
2015-12-24,1.76,1.824,1.827,1.75,355.0
2015-12-25,1.772,1.799,1.819,1.771,273.0
2015-12-28,1.785,1.826,1.839,1.763,520.84
2015-12-30,1.79,1.823,1.823,1.79,333.0
2015-12-31,1.761,1.795,1.826,1.76,398.0
2016-01-04,1.772,1.625,1.772,1.625,360.0
2016-01-05,1.624,1.621,1.65,1.55,1101.84
2016-01-06,1.625,1.627,1.64,1.579,419.0
2016-01-07,1.55,1.546,1.55,1.545,230.0
2016-01-08,1.659,1.522,1.659,1.5,641.0
2016-01-11,1.522,1.457,1.522,1.376,1746.0
2016-01-12,1.42,1.407,1.42,1.368,126.0
2016-01-13,1.329,1.406,1.43,1.329,2601.97
2016-01-14,1.397,1.424,1.425,1.301,13265.0
2016-01-15,1.4,1.36,1.425,1.36,346.0
2016-01-18,1.35,1.42,1.42,1.35,1440.98
2016-01-19,1.399,1.416,1.45,1.399,722.0
2016-01-20,1.459,1.41,1.459,1.409,510.0
2016-01-21,1.418,1.342,1.42,1.342,171.0
2016-01-22,1.349,1.363,1.39,1.31,259.0
2016-01-25,1.421,1.393,1.421,1.372,32.0
2016-01-26,1.356,1.3,1.38,1.3,362.5
2016-01-27,1.25,1.294,1.297,1.25,118.0
2016-01-28,1.233,1.296,1.326,1.201,17.0
2016-01-29,1.2,1.243,1.392,1.2,384.0
2016-02-01,1.31,1.285,1.31,1.285,95.0
2016-02-02,1.234,1.307,1.35,1.234,393.5
2016-02-03,1.282,1.291,1.292,1.282,37.0
2016-02-04,1.335,1.335,1.335,1.335,99.0
2016-02-05,1.33,1.33,1.33,1.33,10.0
2016-02-16,1.399,1.377,1.422,1.334,257.0
2016-02-17,1.398,1.395,1.398,1.375,32.0
2016-02-18,1.449,1.429,1.449,1.379,6.0
2016-02-19,1.365,1.409,1.41,1.365,506.0
2016-02-22,1.38,1.439,1.44,1.38,712.0
2016-02-23,1.545,1.496,1.545,1.41,631.0
2016-02-24,1.392,1.469,1.489,1.392,185.0
2016-02-25,1.406,1.432,1.45,1.4,249.0
2016-02-26,1.361,1.307,1.414,1.29,295.0
2016-02-29,1.307,1.243,1.416,1.243,83.0
2016-03-01,1.197,1.359,1.36,1.197,736.0
2016-03-02,1.349,1.35,1.351,1.27,357.0
2016-03-03,1.295,1.322,1.355,1.293,472.0
2016-03-04,1.297,1.312,1.312,1.263,619.0
2016-03-07,1.265,1.325,1.347,1.265,145.0
2016-03-08,1.264,1.306,1.331,1.234,268.0
2016-03-09,1.302,1.298,1.302,1.255,87.0
2016-03-10,1.269,1.268,1.274,1.268,763.0
2016-03-11,1.257,1.257,1.257,1.257,10.0
2016-03-14,1.268,1.308,1.309,1.202,909.0
2016-03-15,1.3,1.307,1.307,1.3,139.0
2016-03-16,1.386,1.299,1.386,1.299,116.0
2016-03-17,1.232,1.358,1.368,1.232,784.0
2016-03-18,1.358,1.365,1.38,1.322,1073.0
2016-03-21,1.36,1.399,1.458,1.333,2408.0
2016-03-22,1.398,1.392,1.398,1.369,486.0
2016-03-23,1.349,1.397,1.406,1.349,487.0
2016-03-24,1.39,1.398,1.399,1.367,327.0
2016-03-25,1.348,1.392,1.444,1.348,201.0
2016-03-28,1.392,1.393,1.418,1.367,264.0
2016-03-29,1.448,1.379,1.448,1.353,140.0
2016-03-30,1.395,1.399,1.399,1.393,374.0
2016-03-31,1.365,1.407,1.408,1.365,386.5
2016-04-01,1.368,1.405,1.406,1.28,1399.0
2016-04-05,1.395,1.403,1.42,1.377,521.5
2016-04-06,1.41,1.428,1.428,1.403,129.0
2016-04-07,1.42,1.41,1.428,1.41,306.0
2016-04-11,1.41,1.41,1.412,1.41,41.0
2016-04-12,1.4,1.41,1.41,1.4,31.0
2016-04-13,1.413,1.434,1.434,1.412,1006.0
2016-04-14,1.455,1.439,1.455,1.422,278.0
2016-04-15,1.415,1.438,1.438,1.415,352.01
2016-04-18,1.425,1.406,1.425,1.366,219.0
2016-04-19,1.389,1.416,1.416,1.389,307.0
2016-04-20,1.399,1.404,1.408,1.366,776.0
2016-04-21,1.352,1.36,1.383,1.352,1204.0
2016-04-22,1.371,1.366,1.371,1.362,187.0
2016-04-25,1.333,1.37,1.37,1.333,165.0
2016-04-26,1.35,1.376,1.376,1.341,375.0
2016-04-27,1.33,1.386,1.39,1.33,46.0
2016-04-28,1.385,1.365,1.385,1.339,103.0
2016-04-29,1.31,1.333,1.368,1.31,74.0
2016-05-03,1.383,1.392,1.412,1.383,230.0
2016-05-04,1.337,1.372,1.41,1.337,359.0
2016-05-06,1.38,1.369,1.421,1.369,630.0
2016-05-09,1.347,1.335,1.347,1.335,259.0
2016-05-10,1.332,1.333,1.34,1.332,76.0
2016-05-11,1.334,1.317,1.336,1.317,253.0
2016-05-12,1.303,1.303,1.303,1.303,120.0
2016-05-13,1.326,1.307,1.326,1.307,259.0
2016-05-16,1.323,1.323,1.323,1.323,10.0
2016-05-17,1.342,1.313,1.342,1.313,301.0
2016-05-18,1.312,1.302,1.312,1.302,221.0
2016-05-19,1.319,1.319,1.319,1.319,1.0
2016-05-23,1.293,1.343,1.343,1.293,1.8
2016-05-24,1.295,1.293,1.329,1.293,189.0
2016-05-26,1.295,1.295,1.295,1.295,93.0
2016-05-27,1.301,1.343,1.344,1.3,709.0
2016-05-30,1.31,1.34,1.34,1.309,542.0
2016-05-31,1.315,1.37,1.374,1.315,2844.99
2016-06-01,1.361,1.364,1.37,1.361,266.99
2016-06-02,1.37,1.395,1.395,1.37,4.0
2016-06-03,1.39,1.42,1.431,1.39,611.0
2016-06-06,1.41,1.41,1.41,1.41,40.0
2016-06-07,1.41,1.41,1.41,1.41,3.0
2016-06-08,1.409,1.405,1.409,1.405,689.0
2016-06-14,1.33,1.33,1.466,1.33,723.01
2016-06-15,1.345,1.35,1.35,1.345,99.0
2016-06-16,1.285,1.394,1.412,1.285,80.0
2016-06-17,1.393,1.35,1.393,1.303,74.0
2016-06-20,1.319,1.331,1.331,1.319,28.0
2016-06-21,1.367,1.347,1.367,1.335,38.0
2016-06-22,1.363,1.363,1.363,1.363,1.0
2016-06-23,1.326,1.36,1.382,1.326,410.0
2016-06-24,1.309,1.337,1.36,1.309,772.0
2016-06-27,1.368,1.38,1.38,1.34,741.0
2016-06-28,1.38,1.405,1.405,1.38,405.0
2016-06-29,1.406,1.406,1.406,1.372,321.0
2016-06-30,1.39,1.402,1.402,1.388,13.0
2016-07-01,1.407,1.398,1.408,1.377,894.0
2016-07-04,1.409,1.418,1.418,1.409,436.0
2016-07-05,1.418,1.424,1.424,1.418,147.0
2016-07-06,1.383,1.426,1.426,1.383,390.0
2016-07-08,1.389,1.426,1.426,1.389,97.0
2016-07-11,1.425,1.426,1.426,1.425,156.0
2016-07-12,1.376,1.432,1.432,1.376,12.0
2016-07-13,1.42,1.458,1.458,1.42,189.0
2016-07-14,1.425,1.46,1.46,1.425,11.0
2016-07-15,1.435,1.458,1.458,1.435,45.0
2016-07-18,1.431,1.457,1.457,1.431,16.0
2016-07-19,1.461,1.449,1.461,1.431,54.0
2016-07-20,1.448,1.46,1.46,1.43,143.0
2016-07-21,1.459,1.465,1.465,1.459,21.0
2016-07-25,1.473,1.458,1.473,1.442,15.0
2016-07-26,1.473,1.473,1.473,1.458,183.0
2016-07-27,1.442,1.442,1.442,1.442,20.0
2016-07-28,1.415,1.426,1.426,1.413,79.0
2016-07-29,1.4,1.425,1.425,1.399,28.0
2016-08-01,1.39,1.384,1.39,1.371,273.0
2016-08-02,1.384,1.384,1.384,1.37,88.0
2016-08-03,1.366,1.384,1.384,1.366,2.0
2016-08-04,1.384,1.385,1.385,1.384,31.0
2016-08-08,1.398,1.399,1.399,1.398,135.0
2016-08-10,1.413,1.413,1.413,1.413,28.0
2016-08-11,1.4,1.399,1.4,1.399,28.0
2016-08-15,1.412,1.427,1.43,1.412,147.0
2016-08-16,1.441,1.441,1.441,1.441,20.0
2016-08-18,1.44,1.454,1.456,1.427,289.0
2016-08-19,1.428,1.452,1.452,1.428,481.0
2016-08-22,1.439,1.445,1.447,1.439,170.0
2016-08-23,1.428,1.427,1.43,1.427,217.0
2016-08-24,1.451,1.428,1.451,1.428,74.0
2016-08-25,1.427,1.439,1.439,1.414,337.0
2016-08-26,1.422,1.455,1.47,1.415,220.0
2016-08-29,1.441,1.456,1.467,1.441,124.0
2016-08-30,1.442,1.455,1.455,1.441,277.0
2016-08-31,1.46,1.46,1.46,1.46,20.0
2016-09-01,1.441,1.46,1.46,1.441,56.0
2016-09-02,1.464,1.464,1.464,1.464,1.0
2016-09-06,1.463,1.463,1.463,1.463,101.0
2016-09-07,1.442,1.47,1.47,1.442,219.0
2016-09-08,1.456,1.46,1.46,1.455,37.0
2016-09-12,1.455,1.449,1.455,1.449,30.0
2016-09-13,1.44,1.426,1.454,1.426,42.0
2016-09-14,1.432,1.413,1.432,1.413,3.0
2016-09-19,1.41,1.424,1.425,1.41,101.0
2016-09-21,1.399,1.399,1.399,1.399,1.0
2016-09-22,1.4,1.425,1.425,1.4,17.0
2016-09-23,1.427,1.427,1.427,1.427,100.0
2016-09-26,1.426,1.425,1.426,1.399,54.0
2016-09-28,1.425,1.425,1.425,1.425,20.0
2016-09-30,1.41,1.429,1.429,1.406,342.0
2016-10-10,1.439,1.427,1.454,1.426,523.0
2016-10-11,1.431,1.465,1.465,1.431,330.0
2016-10-12,1.46,1.459,1.46,1.441,58.0
2016-10-14,1.468,1.46,1.468,1.46,126.0
2016-10-17,1.441,1.441,1.441,1.441,38.0
2016-10-18,1.449,1.449,1.456,1.448,704.0
2016-10-19,1.448,1.453,1.453,1.44,97.0
2016-10-20,1.452,1.469,1.47,1.452,1575.22
2016-10-24,1.472,1.473,1.473,1.472,177.0
2016-10-25,1.454,1.46,1.484,1.454,383.72
2016-10-26,1.483,1.468,1.483,1.454,138.0
2016-10-27,1.442,1.467,1.467,1.442,260.72
2016-10-28,1.443,1.484,1.484,1.443,25.72
2016-10-31,1.455,1.468,1.468,1.442,225.0
2016-11-01,1.464,1.453,1.464,1.429,86.0
2016-11-02,1.429,1.453,1.453,1.429,18.0
2016-11-03,1.449,1.452,1.452,1.446,109.0
2016-11-04,1.427,1.454,1.454,1.427,8.0
2016-11-07,1.45,1.452,1.452,1.45,5.0
2016-11-08,1.449,1.449,1.449,1.449,100.0
2016-11-09,1.43,1.438,1.438,1.43,15.0
2016-11-10,1.431,1.448,1.448,1.431,202.0
2016-11-11,1.432,1.452,1.452,1.432,2.0
2016-11-14,1.453,1.453,1.453,1.453,99.0
2016-11-15,1.454,1.463,1.468,1.454,64.0
2016-11-16,1.465,1.465,1.465,1.465,10.0
2016-11-18,1.441,1.441,1.441,1.441,2.0
2016-11-21,1.44,1.453,1.453,1.44,23.0
2016-11-22,1.432,1.498,1.498,1.43,559.0
2016-11-23,1.469,1.459,1.483,1.443,469.0
2016-11-24,1.441,1.456,1.456,1.441,54.0
2016-11-25,1.466,1.466,1.466,1.466,1.0
2016-11-28,1.442,1.469,1.499,1.442,196.0
2016-11-29,1.47,1.454,1.477,1.454,196.0
2016-11-30,1.454,1.468,1.469,1.452,64.0
2016-12-01,1.454,1.452,1.469,1.446,185.0
2016-12-02,1.441,1.468,1.468,1.441,366.0
2016-12-05,1.44,1.45,1.45,1.427,196.0
2016-12-06,1.427,1.452,1.452,1.427,100.72
2016-12-07,1.436,1.451,1.454,1.427,149.0
2016-12-09,1.427,1.427,1.427,1.426,290.0
2016-12-12,1.414,1.37,1.414,1.37,79.0
2016-12-13,1.356,1.369,1.369,1.343,414.39
2016-12-14,1.354,1.354,1.354,1.354,57.0
2016-12-15,1.342,1.354,1.354,1.33,72.39
2016-12-16,1.354,1.354,1.354,1.354,22.0
2016-12-19,1.354,1.353,1.354,1.353,40.11
2016-12-20,1.345,1.341,1.345,1.341,82.0
2016-12-21,1.355,1.366,1.366,1.355,37.0
2016-12-22,1.358,1.46,1.469,1.354,1146.0
2016-12-23,1.431,1.4,1.431,1.342,458.0
2016-12-26,1.342,1.355,1.355,1.329,323.0
2016-12-27,1.35,1.36,1.36,1.33,68.0
2016-12-28,1.359,1.355,1.359,1.335,907.55
2016-12-29,1.337,1.355,1.355,1.337,301.0
2016-12-30,1.35,1.343,1.35,1.342,8.0
2017-01-03,1.349,1.351,1.355,1.345,139.0
2017-01-04,1.355,1.385,1.385,1.355,1597.0
2017-01-05,1.37,1.37,1.37,1.37,1.0
2017-01-06,1.37,1.356,1.37,1.356,17.0
2017-01-11,1.342,1.342,1.342,1.342,50.0
2017-01-12,1.35,1.346,1.35,1.346,43.0
2017-01-17,1.329,1.329,1.329,1.329,3.0
2017-01-18,1.329,1.356,1.356,1.329,54.0
2017-01-19,1.291,1.29,1.291,1.29,50.0
2017-01-20,1.303,1.303,1.303,1.303,8.0
2017-01-23,1.312,1.308,1.312,1.308,18.0
2017-01-25,1.304,1.315,1.315,1.304,3.0
2017-01-26,1.315,1.322,1.329,1.315,17.0
2017-02-06,1.316,1.316,1.316,1.316,16.0
2017-02-08,1.303,1.303,1.303,1.303,1.0
2017-02-09,1.329,1.329,1.329,1.329,29.0
2017-02-10,1.322,1.316,1.322,1.316,101.0
2017-02-13,1.318,1.339,1.339,1.318,35.0
2017-02-14,1.342,1.342,1.342,1.342,2.0
2017-02-15,1.342,1.342,1.342,1.342,1.0
2017-02-20,1.316,1.329,1.329,1.316,148.0
2017-02-21,1.342,1.342,1.342,1.342,2.0
2017-02-24,1.342,1.342,1.345,1.342,93.0
2017-02-27,1.37,1.4,1.417,1.37,199.0
2017-02-28,1.356,1.356,1.356,1.356,41.0
2017-03-01,1.342,1.348,1.35,1.342,24.0
2017-03-02,1.355,1.355,1.355,1.355,10.0
2017-03-03,1.345,1.342,1.345,1.329,154.0
2017-03-06,1.348,1.337,1.348,1.332,3.0
2017-03-07,1.333,1.369,1.369,1.333,208.0
2017-03-08,1.368,1.37,1.37,1.368,30.0
2017-03-10,1.36,1.343,1.36,1.343,31.0
2017-03-13,1.369,1.369,1.369,1.369,23.0
2017-03-16,1.369,1.37,1.37,1.369,182.0
2017-03-17,1.37,1.37,1.37,1.37,24.0
2017-03-20,1.369,1.357,1.369,1.357,51.0
2017-03-22,1.356,1.356,1.356,1.356,1.0
2017-03-23,1.357,1.354,1.357,1.342,197.0
2017-03-24,1.354,1.369,1.369,1.345,211.0
2017-03-27,1.369,1.369,1.369,1.356,528.0
2017-03-28,1.359,1.365,1.365,1.359,51.0
2017-03-29,1.366,1.355,1.367,1.33,131.0
2017-03-30,1.352,1.353,1.353,1.316,204.0
2017-03-31,1.348,1.348,1.349,1.33,211.0
2017-04-05,1.348,1.352,1.353,1.348,238.0
2017-04-06,1.352,1.361,1.37,1.332,141.0
2017-04-07,1.37,1.367,1.37,1.352,23.0
2017-04-10,1.356,1.36,1.36,1.35,11.0
2017-04-11,1.369,1.369,1.369,1.369,1.0
2017-04-12,1.352,1.354,1.354,1.333,617.0
2017-04-13,1.347,1.356,1.356,1.334,28.0
2017-04-14,1.338,1.355,1.355,1.331,118.0
2017-04-17,1.355,1.347,1.355,1.329,12.0
2017-04-18,1.335,1.349,1.349,1.329,25.0
2017-04-19,1.329,1.301,1.342,1.301,268.0
2017-04-20,1.315,1.316,1.316,1.315,8.0
2017-04-21,1.308,1.306,1.326,1.306,21.0
2017-04-24,1.306,1.318,1.318,1.306,36.0
2017-04-25,1.304,1.304,1.304,1.304,6.0
2017-04-26,1.306,1.306,1.306,1.306,42.0
2017-04-27,1.303,1.316,1.329,1.303,19.0
2017-04-28,1.329,1.317,1.329,1.317,22.0
2017-05-02,1.316,1.295,1.316,1.295,100.84
2017-05-03,1.301,1.303,1.316,1.301,29.84
2017-05-04,1.29,1.316,1.316,1.29,110.0
2017-05-05,1.329,1.329,1.342,1.329,125.0
2017-05-08,1.303,1.303,1.316,1.303,75.0
2017-05-09,1.316,1.316,1.316,1.316,6.0
2017-05-10,1.303,1.303,1.316,1.303,45.0
2017-05-11,1.291,1.291,1.291,1.291,78.0
2017-05-12,1.29,1.29,1.29,1.29,62.0
2017-05-15,1.29,1.29,1.29,1.29,2.0
2017-05-16,1.282,1.28,1.282,1.28,556.0
2017-05-17,1.299,1.3,1.3,1.299,63.0
2017-05-18,1.298,1.294,1.298,1.294,2.0
2017-05-22,1.302,1.303,1.303,1.302,9.0
2017-05-23,1.303,1.29,1.303,1.29,15.0
2017-05-24,1.3,1.3,1.3,1.3,2.0
2017-05-25,1.279,1.3,1.302,1.279,22.0
2017-05-31,1.303,1.29,1.303,1.278,25.0
2017-06-01,1.281,1.3,1.3,1.281,14.0
2017-06-02,1.277,1.277,1.277,1.277,23.0
2017-06-05,1.271,1.271,1.271,1.271,37.0
2017-06-07,1.29,1.299,1.299,1.29,51.0
2017-06-08,1.303,1.303,1.303,1.299,66.0
2017-06-09,1.316,1.309,1.316,1.305,127.11
2017-06-12,1.316,1.315,1.329,1.315,83.84
2017-06-13,1.32,1.32,1.32,1.32,2.11
2017-06-19,1.303,1.319,1.319,1.303,2.0
2017-06-21,1.325,1.325,1.325,1.325,20.0
2017-06-22,1.326,1.322,1.329,1.322,583.84
2017-06-26,1.322,1.329,1.33,1.317,189.0
2017-06-27,1.341,1.34,1.341,1.34,297.0
2017-06-29,1.317,1.349,1.349,1.308,1388.0
2017-06-30,1.338,1.347,1.347,1.333,437.0
2017-07-03,1.349,1.346,1.349,1.346,94.5
2017-07-04,1.341,1.341,1.341,1.34,2.0
2017-07-05,1.342,1.341,1.342,1.341,13.0
2017-07-06,1.354,1.346,1.354,1.346,182.5
2017-07-07,1.35,1.35,1.35,1.35,111.0
2017-07-12,1.349,1.329,1.349,1.329,8.0
2017-07-13,1.329,1.321,1.329,1.316,3.0
2017-07-14,1.317,1.317,1.317,1.317,6.0
2017-07-17,1.32,1.318,1.32,1.316,5.0
2017-07-18,1.264,1.277,1.277,1.264,64.0
2017-07-19,1.276,1.277,1.277,1.276,27.0
2017-07-20,1.286,1.286,1.286,1.286,1.0
2017-07-21,1.28,1.282,1.282,1.28,12.0
2017-07-24,1.278,1.266,1.278,1.266,2.0
2017-07-25,1.272,1.287,1.289,1.272,6.0
2017-07-26,1.288,1.281,1.288,1.28,5.0
2017-07-27,1.277,1.286,1.295,1.277,28.0
2017-07-28,1.288,1.302,1.303,1.287,25.0
2017-07-31,1.301,1.315,1.315,1.301,14.0
2017-08-01,1.309,1.316,1.316,1.309,17.0
2017-08-02,1.307,1.3,1.307,1.3,922.0
2017-08-03,1.31,1.315,1.315,1.31,54.0
2017-08-04,1.296,1.317,1.317,1.296,11.0
2017-08-07,1.303,1.318,1.318,1.303,5.0
2017-08-08,1.313,1.301,1.313,1.3,31.0
2017-08-09,1.313,1.341,1.342,1.313,4941.0
2017-08-11,1.329,1.329,1.334,1.329,8.0
2017-08-14,1.316,1.35,1.35,1.316,1697.0
2017-08-15,1.35,1.35,1.35,1.35,23.0
2017-08-16,1.348,1.37,1.37,1.335,2626.0
2017-08-17,1.356,1.37,1.39,1.346,3497.0
2017-08-18,1.39,1.37,1.39,1.356,1987.0
2017-08-21,1.368,1.384,1.385,1.368,326.34
2017-08-22,1.378,1.415,1.45,1.378,15164.35
2017-08-23,1.398,1.435,1.435,1.384,144.01
2017-08-24,1.435,1.403,1.458,1.402,200.0
2017-08-25,1.434,1.434,1.434,1.434,53.0
2017-08-28,1.394,1.411,1.44,1.394,110.0
2017-08-29,1.401,1.429,1.429,1.401,55.0
2017-08-30,1.415,1.419,1.419,1.413,30.0
2017-08-31,1.413,1.413,1.413,1.413,128.0
2017-09-01,1.416,1.42,1.422,1.416,139.0
2017-09-04,1.442,1.445,1.475,1.424,204.0
2017-09-05,1.445,1.451,1.451,1.444,125.0
2017-09-06,1.421,1.45,1.45,1.421,518.0
2017-09-07,1.46,1.44,1.468,1.44,349.0
2017-09-08,1.422,1.458,1.459,1.422,432.0
2017-09-11,1.457,1.451,1.457,1.449,142.0
2017-09-13,1.442,1.453,1.453,1.442,39.0
2017-09-15,1.43,1.43,1.43,1.43,7.0
2017-09-18,1.42,1.44,1.44,1.42,75.0
2017-09-19,1.429,1.43,1.43,1.42,4.0
2017-09-20,1.43,1.43,1.438,1.43,20.0
2017-09-21,1.438,1.431,1.438,1.43,29.0
2017-09-22,1.431,1.43,1.431,1.401,1344.0
2017-09-25,1.422,1.407,1.422,1.395,296.0
2017-09-26,1.407,1.414,1.414,1.403,30.0
2017-09-27,1.403,1.42,1.42,1.399,1364.0
2017-09-28,1.419,1.42,1.42,1.419,143.0
2017-09-29,1.427,1.426,1.427,1.426,7.0
2017-10-09,1.438,1.458,1.458,1.438,226.0
2017-10-10,1.456,1.46,1.46,1.456,80.0
2017-10-11,1.46,1.46,1.46,1.46,5.0
2017-10-12,1.458,1.46,1.46,1.458,1772.0
2017-10-13,1.472,1.475,1.475,1.46,372.3
2017-10-16,1.478,1.473,1.48,1.461,125.34
2017-10-17,1.461,1.472,1.472,1.461,91.0
2017-10-18,1.493,1.467,1.493,1.467,134.0
2017-10-19,1.46,1.46,1.46,1.46,25.0
2017-10-20,1.442,1.442,1.442,1.44,266.7
2017-10-23,1.443,1.46,1.46,1.442,1927.0
2017-10-24,1.456,1.452,1.456,1.44,14.0
2017-10-25,1.45,1.46,1.46,1.449,1350.0
2017-10-26,1.46,1.479,1.479,1.453,318.0
2017-10-27,1.475,1.468,1.475,1.464,595.0
2017-10-30,1.472,1.46,1.479,1.457,610.0
2017-10-31,1.462,1.457,1.462,1.457,81.0
2017-11-01,1.464,1.469,1.471,1.46,810.13
2017-11-02,1.469,1.456,1.469,1.454,12.0
2017-11-03,1.454,1.454,1.457,1.454,139.0
2017-11-06,1.472,1.479,1.479,1.46,240.0
2017-11-07,1.48,1.5,1.5,1.478,441.0
2017-11-08,1.51,1.51,1.51,1.5,651.0
2017-11-09,1.506,1.52,1.52,1.506,364.0
2017-11-10,1.54,1.54,1.566,1.54,477.7
2017-11-13,1.526,1.561,1.58,1.522,422.0
2017-11-14,1.58,1.595,1.62,1.57,397.0
2017-11-15,1.58,1.581,1.6,1.58,41.0
2017-11-16,1.58,1.56,1.58,1.56,169.0
2017-11-17,1.556,1.536,1.556,1.536,389.0
2017-11-20,1.496,1.519,1.519,1.49,687.0
2017-11-21,1.517,1.545,1.545,1.517,449.0
2017-11-22,1.537,1.545,1.56,1.537,100.0
2017-11-23,1.56,1.538,1.56,1.48,511.0
2017-11-24,1.482,1.482,1.519,1.481,1767.0
2017-11-27,1.48,1.479,1.48,1.45,55.0
2017-11-28,1.447,1.499,1.499,1.447,55.0
2017-11-30,1.473,1.479,1.479,1.442,594.0
2017-12-01,1.441,1.472,1.472,1.441,59.0
2017-12-04,1.442,1.441,1.443,1.439,594.0
2017-12-05,1.451,1.436,1.451,1.436,6.0
2017-12-06,1.436,1.435,1.456,1.41,375.0
2017-12-07,1.42,1.433,1.433,1.411,41.0
2017-12-08,1.437,1.459,1.465,1.437,838.0
2017-12-11,1.46,1.455,1.492,1.45,1008.0
2017-12-12,1.455,1.469,1.477,1.43,569.0
2017-12-13,1.44,1.47,1.475,1.424,101.0
2017-12-14,1.44,1.459,1.459,1.438,14.0
2017-12-15,1.455,1.455,1.455,1.455,1.0
2017-12-18,1.453,1.449,1.453,1.43,191.0
2017-12-19,1.448,1.448,1.448,1.448,127.0
2017-12-20,1.448,1.448,1.448,1.448,1.0
2017-12-21,1.434,1.557,1.56,1.43,376.0
2017-12-22,1.488,1.461,1.488,1.451,394.0
2017-12-25,1.44,1.43,1.456,1.42,167.0
2017-12-26,1.43,1.432,1.432,1.415,296.0
2017-12-27,1.422,1.415,1.422,1.415,109.0
2017-12-28,1.401,1.426,1.426,1.401,193.0
2018-01-02,1.412,1.424,1.424,1.411,497.0
2018-01-03,1.418,1.47,1.47,1.402,353.0
2018-01-04,1.42,1.44,1.44,1.415,271.0
2018-01-05,1.433,1.434,1.434,1.433,75.0
2018-01-08,1.434,1.42,1.434,1.42,31.0
2018-01-09,1.417,1.416,1.425,1.416,199.0
2018-01-10,1.416,1.424,1.424,1.41,61.0
2018-01-11,1.423,1.437,1.437,1.414,499.0
2018-01-12,1.437,1.428,1.437,1.427,65.0
2018-01-15,1.422,1.42,1.422,1.42,31.0
2018-01-16,1.41,1.401,1.41,1.401,21.0
2018-01-17,1.401,1.393,1.401,1.393,154.0
2018-01-18,1.393,1.393,1.406,1.393,232.0
2018-01-19,1.396,1.409,1.409,1.396,4.0
2018-01-22,1.41,1.416,1.416,1.409,199.0
2018-01-23,1.418,1.419,1.419,1.418,75.0
2018-01-24,1.42,1.403,1.42,1.4,487.0
2018-01-25,1.42,1.44,1.46,1.42,360.0
2018-01-26,1.42,1.439,1.439,1.38,526.13
2018-01-29,1.419,1.417,1.419,1.4,107.0
2018-01-30,1.387,1.386,1.413,1.38,378.0
2018-01-31,1.398,1.387,1.398,1.387,133.0
2018-02-01,1.38,1.36,1.399,1.327,128.0
2018-02-02,1.357,1.358,1.363,1.308,55.0
2018-02-05,1.326,1.366,1.376,1.326,34.0
2018-02-06,1.363,1.306,1.363,1.294,129.0
2018-02-07,1.32,1.3,1.32,1.267,277.13
2018-02-08,1.261,1.298,1.316,1.261,192.13
2018-02-09,1.265,1.285,1.285,1.231,455.7
2018-02-12,1.278,1.277,1.278,1.269,70.0
2018-02-13,1.278,1.278,1.284,1.278,157.0
2018-02-14,1.277,1.277,1.277,1.277,2.0
2018-02-22,1.279,1.314,1.314,1.279,353.83
2018-02-26,1.301,1.389,1.419,1.301,823.83
2018-02-27,1.389,1.419,1.42,1.389,236.0
2018-02-28,1.385,1.43,1.43,1.384,688.0
2018-03-01,1.433,1.43,1.435,1.4,330.0
2018-03-02,1.401,1.4,1.44,1.4,335.0
2018-03-05,1.42,1.418,1.42,1.381,22.0
2018-03-06,1.42,1.426,1.429,1.415,290.0
2018-03-07,1.416,1.44,1.446,1.413,877.0
2018-03-08,1.44,1.435,1.54,1.42,912.0
2018-03-09,1.46,1.488,1.51,1.439,936.0
2018-03-12,1.488,1.488,1.509,1.46,1090.8
2018-03-13,1.48,1.466,1.488,1.462,593.83
2018-03-14,1.46,1.446,1.46,1.44,89.0
2018-03-15,1.441,1.439,1.441,1.425,142.0
2018-03-16,1.435,1.445,1.446,1.435,110.0
2018-03-19,1.46,1.465,1.48,1.445,90.0
2018-03-20,1.445,1.429,1.46,1.421,515.0
2018-03-21,1.456,1.478,1.48,1.456,652.0
2018-03-22,1.477,1.44,1.477,1.44,18.0
2018-03-23,1.427,1.38,1.427,1.34,672.0
2018-03-26,1.38,1.399,1.399,1.38,335.0
2018-03-27,1.399,1.403,1.44,1.399,213.0
2018-03-28,1.407,1.416,1.423,1.358,441.0
2018-03-29,1.428,1.395,1.428,1.388,275.0
2018-03-30,1.399,1.42,1.5,1.399,162.0
2018-04-02,1.429,1.456,1.499,1.407,725.0
2018-04-03,1.44,1.435,1.48,1.417,760.0
2018-04-04,1.437,1.499,1.525,1.418,829.0
2018-04-09,1.44,1.44,1.499,1.392,958.0
2018-04-10,1.439,1.442,1.46,1.42,226.35
2018-04-11,1.442,1.442,1.459,1.436,203.0
2018-04-12,1.42,1.428,1.455,1.41,214.0
2018-04-13,1.444,1.44,1.455,1.44,64.0
2018-04-16,1.42,1.42,1.42,1.41,327.0
2018-04-17,1.416,1.41,1.416,1.41,203.0
2018-04-18,1.38,1.371,1.42,1.36,865.0
2018-04-19,1.371,1.371,1.371,1.37,791.36
2018-04-20,1.371,1.359,1.371,1.353,77.0
2018-04-23,1.35,1.322,1.35,1.322,52.0
2018-04-24,1.322,1.355,1.387,1.27,1949.52
2018-04-25,1.354,1.353,1.354,1.33,161.0
2018-04-26,1.34,1.351,1.375,1.339,440.0
2018-04-27,1.356,1.372,1.373,1.356,318.0
2018-05-02,1.36,1.377,1.42,1.36,195.0
2018-05-03,1.347,1.41,1.415,1.32,303.0
2018-05-04,1.347,1.377,1.377,1.345,40.0
2018-05-07,1.36,1.371,1.377,1.343,452.0
2018-05-08,1.353,1.352,1.353,1.35,132.36
2018-05-09,1.371,1.363,1.371,1.363,37.0
2018-05-10,1.372,1.36,1.372,1.36,68.0
2018-05-11,1.36,1.342,1.372,1.342,64.0
2018-05-14,1.342,1.354,1.359,1.304,791.0
2018-05-15,1.353,1.358,1.359,1.347,176.0
2018-05-18,1.333,1.357,1.358,1.333,11.0
2018-05-21,1.359,1.359,1.41,1.358,434.0
2018-05-22,1.361,1.367,1.37,1.359,186.0
2018-05-23,1.38,1.36,1.38,1.36,61.0
2018-05-25,1.341,1.34,1.346,1.323,58.0
2018-05-28,1.321,1.341,1.341,1.3,199.0
2018-05-29,1.338,1.317,1.338,1.317,107.0
2018-05-30,1.308,1.289,1.308,1.281,187.0
2018-05-31,1.29,1.29,1.29,1.29,4.0
2018-06-01,1.286,1.286,1.286,1.286,35.0
2018-06-04,1.273,1.289,1.294,1.273,4.0
2018-06-05,1.295,1.327,1.33,1.294,453.0
2018-06-06,1.34,1.3,1.34,1.3,214.0
2018-06-07,1.303,1.305,1.305,1.288,26.0
2018-06-08,1.296,1.296,1.296,1.296,2.0
2018-06-11,1.285,1.27,1.285,1.252,523.0
2018-06-12,1.272,1.303,1.316,1.269,649.0
2018-06-13,1.29,1.274,1.318,1.265,78.0
2018-06-15,1.28,1.241,1.28,1.241,74.0
2018-06-19,1.246,1.243,1.246,1.202,226.0
2018-06-20,1.18,1.2,1.2,1.18,133.0
2018-06-21,1.2,1.17,1.2,1.137,170.0
2018-06-22,1.14,1.159,1.159,1.14,12.0
2018-06-25,1.16,1.164,1.18,1.16,94.0
2018-06-26,1.164,1.13,1.164,1.13,73.0
2018-06-27,1.167,1.151,1.167,1.137,82.0
2018-06-28,1.162,1.14,1.18,1.14,12.0
2018-06-29,1.156,1.17,1.17,1.143,165.0
2018-07-02,1.179,1.168,1.179,1.148,137.0
2018-07-03,1.163,1.178,1.178,1.163,2.0
2018-07-04,1.161,1.172,1.172,1.15,56.0
2018-07-05,1.171,1.15,1.178,1.15,172.0
2018-07-06,1.151,1.16,1.16,1.129,148.0
2018-07-09,1.158,1.178,1.2,1.147,132.0
2018-07-10,1.179,1.18,1.18,1.179,26.0
2018-07-11,1.167,1.16,1.167,1.14,74.0
2018-07-12,1.17,1.179,1.189,1.152,694.36
2018-07-13,1.178,1.214,1.214,1.178,260.0
2018-07-16,1.192,1.192,1.192,1.192,7.0
2018-07-17,1.192,1.178,1.192,1.178,24.0
2018-07-18,1.18,1.2,1.2,1.18,127.0
2018-07-19,1.199,1.198,1.199,1.178,362.0
2018-07-20,1.195,1.198,1.199,1.167,1686.88
2018-07-23,1.196,1.184,1.198,1.175,616.0
2018-07-24,1.196,1.206,1.207,1.19,675.0
2018-07-25,1.216,1.209,1.216,1.209,817.52
2018-07-26,1.215,1.182,1.215,1.176,307.52
2018-07-27,1.182,1.175,1.189,1.175,188.0
2018-07-30,1.176,1.178,1.178,1.16,40.0
2018-07-31,1.178,1.161,1.178,1.16,10.0
2018-08-01,1.167,1.164,1.167,1.164,7.0
2018-08-02,1.158,1.128,1.176,1.103,324.0
2018-08-03,1.126,1.105,1.126,1.101,339.0
2018-08-06,1.102,1.114,1.118,1.073,1630.8
2018-08-07,1.099,1.107,1.108,1.099,654.8
2018-08-08,1.12,1.095,1.148,1.095,319.0
2018-08-09,1.091,1.147,1.147,1.091,1526.0
2018-08-10,1.152,1.155,1.156,1.135,273.0
2018-08-13,1.155,1.16,1.168,1.155,172.0
2018-08-14,1.167,1.165,1.167,1.147,99.0
2018-08-15,1.143,1.154,1.164,1.136,96.0
2018-08-16,1.127,1.157,1.157,1.127,221.0
2018-08-17,1.124,1.156,1.157,1.12,94.0
2018-08-20,1.15,1.139,1.15,1.108,276.0
2018-08-21,1.14,1.149,1.149,1.14,13.0
2018-08-22,1.122,1.14,1.14,1.117,103.0
2018-08-23,1.132,1.139,1.139,1.132,66.0
2018-08-24,1.14,1.145,1.16,1.122,99.0
2018-08-27,1.14,1.159,1.159,1.14,19.0
2018-08-28,1.169,1.168,1.169,1.145,50.0
2018-08-29,1.145,1.167,1.167,1.14,72.0
2018-08-30,1.159,1.167,1.168,1.145,21.0
2018-09-03,1.127,1.14,1.14,1.127,3.0
2018-09-04,1.139,1.149,1.16,1.139,219.0
2018-09-05,1.138,1.138,1.138,1.138,1.0
2018-09-06,1.125,1.139,1.139,1.125,53.0
2018-09-07,1.14,1.14,1.16,1.14,107.0
2018-09-10,1.12,1.1,1.12,1.097,261.0
2018-09-11,1.1,1.1,1.12,1.099,171.0
2018-09-12,1.1,1.09,1.1,1.09,20.0
2018-09-13,1.1,1.09,1.107,1.071,188.0
2018-09-14,1.12,1.09,1.12,1.09,52.0
2018-09-17,1.072,1.07,1.072,1.06,395.0
2018-09-18,1.065,1.07,1.078,1.055,153.0
2018-09-19,1.07,1.069,1.07,1.069,174.0
2018-09-20,1.071,1.084,1.084,1.07,171.0
2018-09-21,1.063,1.067,1.088,1.062,235.0
2018-09-25,1.089,1.072,1.139,1.07,300.0
2018-09-26,1.086,1.103,1.108,1.085,592.12
2018-09-27,1.09,1.099,1.099,1.066,261.0
2018-09-28,1.096,1.091,1.149,1.091,240.0
2018-10-08,1.091,1.052,1.091,1.051,25.0
2018-10-09,1.044,1.058,1.058,1.023,456.0
2018-10-11,1.049,1.042,1.049,1.0,364.0
2018-10-12,1.01,0.97,1.019,0.97,463.0
2018-10-15,0.977,0.973,0.978,0.97,169.0
2018-10-16,0.997,0.921,0.997,0.913,780.0
2018-10-17,0.978,0.95,0.978,0.94,374.0
2018-10-18,0.997,0.96,0.997,0.915,657.0
2018-10-22,0.99,0.997,1.044,0.968,993.0
2018-10-23,0.979,0.97,0.979,0.97,24.0
2018-10-24,0.969,0.97,0.97,0.969,158.0
2018-10-25,0.967,0.942,0.967,0.942,6.0
2018-10-26,0.967,0.967,0.967,0.967,51.0
2018-10-29,0.955,0.955,0.955,0.955,35.0
2018-10-30,0.969,0.969,0.969,0.969,1.0
2018-10-31,0.984,0.984,0.984,0.984,60.0
2018-11-01,1.011,1.011,1.011,1.011,6.0
2018-11-05,1.001,0.994,1.001,0.987,20.0
2018-11-06,0.993,0.993,0.993,0.992,4.0
2018-11-08,0.992,1.01,1.01,0.976,20.0
2018-11-09,1.007,1.007,1.007,1.007,29.0
2018-11-12,1.021,1.021,1.021,1.021,20.0
2018-11-13,1.009,1.051,1.051,0.983,697.0
2018-11-14,1.039,1.04,1.046,1.023,299.0
2018-11-15,1.04,1.04,1.04,1.04,1.0
2018-11-16,1.051,1.058,1.064,1.039,776.0
2018-11-19,1.042,1.056,1.056,1.042,99.0
2018-11-20,1.047,1.025,1.047,1.024,481.12
2018-11-21,1.027,1.027,1.027,1.027,22.0
2018-11-22,1.031,1.031,1.031,1.031,30.12
2018-11-23,1.039,1.039,1.039,0.997,79.0
2018-11-26,0.94,1.043,1.043,0.94,31.0
2018-11-27,1.056,1.017,1.057,1.001,153.0
2018-11-28,0.988,0.988,0.988,0.988,121.0
2018-11-29,1.007,0.988,1.007,0.988,69.0
2018-12-03,1.009,1.022,1.023,1.009,17.0
2018-12-06,1.009,1.009,1.009,1.009,6.0
2018-12-07,0.983,0.983,0.983,0.983,5.0
2018-12-11,0.984,1.01,1.01,0.983,36.0
2018-12-12,1.015,1.041,1.041,1.009,152.0
2018-12-13,1.027,1.027,1.027,1.012,58.0
2018-12-14,1.012,1.012,1.012,1.012,1.0
2018-12-17,0.999,1.02,1.025,0.937,17.0
2018-12-21,1.019,0.962,1.019,0.95,70.0
2018-12-24,0.96,1.0,1.0,0.96,127.0
2018-12-25,1.006,1.003,1.006,1.003,68.0
2018-12-26,0.998,0.952,0.998,0.952,259.0
2018-12-28,0.95,0.95,0.95,0.95,1.0
2019-01-04,0.93,0.978,0.98,0.93,37.0
2019-01-07,0.941,0.941,0.941,0.941,1.0
2019-01-08,1.006,1.006,1.006,0.97,226.0
2019-01-09,0.999,0.984,0.999,0.969,275.0
2019-01-10,0.977,0.982,0.982,0.971,133.0
2019-01-14,0.972,0.97,0.972,0.97,19.0
2019-01-15,0.988,0.991,0.991,0.988,114.0
2019-01-17,0.979,0.999,0.999,0.979,65.0
2019-01-18,0.998,0.998,0.998,0.998,20.0
2019-01-21,1.007,1.007,1.007,1.007,11.0
2019-01-22,0.995,0.992,0.995,0.992,4.0
2019-01-23,0.982,0.982,0.982,0.982,10.0
2019-01-24,0.996,0.996,0.996,0.996,1.0
2019-01-25,1.007,1.007,1.007,1.007,30.0
2019-01-31,1.008,1.008,1.008,1.008,3.0
2019-02-01,1.008,1.008,1.008,1.008,61.0
2019-02-11,1.015,1.057,1.057,0.986,191.0
2019-02-12,1.015,1.08,1.093,1.015,533.0
2019-02-13,1.063,1.08,1.093,1.063,190.0
2019-02-14,1.107,1.077,1.108,1.064,228.0
2019-02-15,1.062,1.037,1.07,1.035,348.0
2019-02-18,1.059,1.099,1.099,1.059,1900.0
2019-02-19,1.099,1.147,1.209,1.099,5550.0
2019-02-20,1.132,1.12,1.132,1.118,2282.0
2019-02-21,1.117,1.16,1.199,1.116,975.0
2019-02-22,1.156,1.178,1.183,1.109,2718.0
2019-02-25,1.172,1.239,1.295,1.172,12970.0
2019-02-26,1.236,1.258,1.259,1.2,11821.0
2019-02-27,1.258,1.223,1.269,1.202,5550.0
2019-02-28,1.212,1.208,1.259,1.192,1438.0
2019-03-01,1.208,1.218,1.219,1.192,3359.0
2019-03-04,1.218,1.276,1.332,1.218,4674.0
2019-03-05,1.262,1.29,1.29,1.258,2904.0
2019-03-06,1.295,1.33,1.33,1.295,8604.0
2019-03-07,1.33,1.338,1.425,1.294,21502.0
2019-03-08,1.33,1.316,1.351,1.245,7697.0
2019-03-11,1.311,1.344,1.347,1.282,6758.0
2019-03-12,1.348,1.378,1.389,1.347,6495.0
2019-03-13,1.398,1.37,1.399,1.33,3232.0
2019-03-14,1.316,1.325,1.371,1.303,2098.0
2019-03-15,1.303,1.288,1.327,1.282,14170.0
2019-03-18,1.284,1.3,1.322,1.236,3243.0
2019-03-19,1.29,1.307,1.324,1.288,5858.0
2019-03-20,1.295,1.308,1.34,1.276,2985.0
2019-03-21,1.31,1.323,1.324,1.289,2981.0
2019-03-22,1.321,1.311,1.321,1.291,1402.0
2019-03-25,1.282,1.298,1.305,1.282,2042.0
2019-03-26,1.3,1.262,1.3,1.258,1627.12
2019-03-27,1.28,1.256,1.28,1.231,845.12
2019-03-28,1.25,1.239,1.277,1.238,2262.0
2019-03-29,1.247,1.277,1.279,1.231,2792.0
2019-04-01,1.306,1.343,1.344,1.292,4583.0
2019-04-02,1.343,1.348,1.354,1.322,2707.12
2019-04-03,1.33,1.346,1.348,1.33,2911.12
2019-04-04,1.366,1.338,1.366,1.336,1945.12
2019-04-08,1.36,1.313,1.36,1.293,6332.0
2019-04-09,1.307,1.323,1.325,1.299,10594.0
2019-04-10,1.318,1.326,1.335,1.301,2188.0
2019-04-11,1.326,1.314,1.327,1.292,2272.0
2019-04-12,1.293,1.303,1.319,1.293,2363.0
2019-04-15,1.313,1.308,1.335,1.292,2735.0
2019-04-16,1.286,1.332,1.332,1.273,8394.0
2019-04-17,1.332,1.343,1.345,1.327,1905.0
2019-04-18,1.331,1.34,1.343,1.322,803.0
2019-04-19,1.331,1.343,1.343,1.288,1265.0
2019-04-22,1.337,1.333,1.344,1.308,809.0
2019-04-23,1.333,1.294,1.333,1.293,335.0
2019-04-24,1.295,1.309,1.319,1.281,395.0
2019-04-25,1.314,1.294,1.314,1.285,384.0
2019-04-26,1.293,1.266,1.293,1.258,238.0
2019-04-29,1.262,1.232,1.262,1.208,1269.0
2019-04-30,1.229,1.233,1.236,1.221,9879.0
2019-05-06,1.218,1.116,1.218,1.115,3134.0
2019-05-07,1.148,1.128,1.148,1.122,159.0
2019-05-08,1.129,1.145,1.166,1.111,461.12
2019-05-09,1.118,1.135,1.144,1.117,1019.0
2019-05-10,1.147,1.154,1.18,1.118,15874.0
2019-05-13,1.153,1.143,1.155,1.143,1369.0
2019-05-14,1.139,1.133,1.14,1.121,141.0
2019-05-15,1.142,1.148,1.15,1.13,802.0
2019-05-16,1.141,1.144,1.145,1.12,392.0
2019-05-17,1.145,1.126,1.145,1.105,363.0
2019-05-20,1.12,1.119,1.12,1.102,902.0
2019-05-21,1.101,1.132,1.132,1.101,617.0
2019-05-22,1.121,1.127,1.135,1.12,488.27
2019-05-23,1.127,1.116,1.127,1.103,309.0
2019-05-24,1.115,1.102,1.115,1.074,166.0
2019-05-27,1.102,1.128,1.128,1.097,832.27
2019-05-28,1.167,1.12,1.167,1.115,1006.0
2019-05-29,1.115,1.128,1.128,1.115,1102.0
2019-05-30,1.111,1.11,1.113,1.1,315.0
2019-05-31,1.116,1.109,1.118,1.102,123.0
2019-06-03,1.1,1.096,1.11,1.094,542.0
2019-06-04,1.096,1.091,1.099,1.084,160.0
2019-06-05,1.099,1.09,1.111,1.088,346.0
2019-06-06,1.09,1.066,1.09,1.062,785.0
2019-06-10,1.062,1.075,1.09,1.062,271.0
2019-06-11,1.088,1.122,1.124,1.088,1629.0
2019-06-12,1.119,1.112,1.119,1.11,366.0
2019-06-13,1.111,1.113,1.113,1.1,261.0
2019-06-14,1.108,1.093,1.108,1.078,193.0
2019-06-17,1.091,1.088,1.096,1.075,1146.0
2019-06-18,1.088,1.092,1.092,1.08,56.0
2019-06-19,1.103,1.109,1.131,1.103,705.0
2019-06-20,1.102,1.134,1.135,1.102,867.12
2019-06-21,1.147,1.15,1.155,1.14,1501.0
2019-06-24,1.16,1.145,1.16,1.145,955.0
2019-06-25,1.134,1.129,1.135,1.121,365.0
2019-06-26,1.133,1.135,1.148,1.133,87.0
2019-06-27,1.149,1.16,1.16,1.139,628.0
2019-06-28,1.142,1.139,1.153,1.139,242.0
2019-07-01,1.167,1.196,1.199,1.167,522.0
2019-07-02,1.197,1.216,1.23,1.197,2111.0
2019-07-03,1.216,1.213,1.216,1.175,1453.12
2019-07-04,1.173,1.195,1.205,1.173,576.0
2019-07-05,1.211,1.18,1.211,1.178,864.0
2019-07-08,1.171,1.17,1.189,1.147,297.0
2019-07-09,1.148,1.148,1.148,1.14,684.0
2019-07-10,1.141,1.172,1.186,1.141,336.0
2019-07-11,1.188,1.187,1.188,1.146,244.0
2019-07-12,1.174,1.18,1.185,1.16,1211.0
2019-07-15,1.112,1.173,1.175,1.112,321.0
2019-07-16,1.159,1.18,1.186,1.147,328.0
2019-07-17,1.18,1.186,1.186,1.149,382.0
2019-07-18,1.187,1.179,1.187,1.161,481.0
2019-07-19,1.182,1.18,1.182,1.18,12.0
2019-07-22,1.162,1.163,1.163,1.162,573.0
2019-07-23,1.157,1.141,1.185,1.1,586.0
2019-07-24,1.155,1.179,1.18,1.155,461.0
2019-07-25,1.178,1.186,1.199,1.178,799.0
2019-07-26,1.178,1.198,1.2,1.178,695.0
2019-07-29,1.192,1.2,1.209,1.175,379.0
2019-07-30,1.2,1.206,1.225,1.191,3186.83
2019-07-31,1.199,1.21,1.22,1.185,321.0
2019-08-01,1.208,1.189,1.208,1.189,717.0
2019-08-02,1.184,1.183,1.184,1.134,1174.27
2019-08-05,1.152,1.189,1.199,1.152,381.0
2019-08-06,1.168,1.15,1.189,1.128,2198.0
2019-08-07,1.143,1.141,1.153,1.118,901.0
2019-08-08,1.14,1.125,1.14,1.125,1275.0
2019-08-09,1.128,1.125,1.152,1.102,791.0
2019-08-12,1.12,1.165,1.169,1.112,2609.0
2019-08-13,1.142,1.128,1.158,1.128,2375.0
2019-08-14,1.14,1.144,1.147,1.111,1147.0
2019-08-15,1.119,1.155,1.155,1.119,527.83
2019-08-16,1.143,1.158,1.162,1.143,1590.83
2019-08-19,1.171,1.204,1.207,1.167,1545.12
2019-08-20,1.206,1.208,1.217,1.202,902.0
2019-08-21,1.207,1.212,1.213,1.2,565.0
2019-08-22,1.212,1.21,1.217,1.2,2690.0
2019-08-23,1.216,1.21,1.226,1.206,1427.0
2019-08-26,1.194,1.193,1.194,1.182,635.0
2019-08-27,1.206,1.223,1.223,1.19,1030.0
2019-08-28,1.23,1.211,1.23,1.21,562.0
2019-08-29,1.208,1.218,1.225,1.208,1024.0
2019-08-30,1.217,1.206,1.233,1.2,1216.0
2019-09-02,1.206,1.256,1.326,1.206,5239.0
2019-09-03,1.252,1.295,1.296,1.246,2276.95
2019-09-04,1.295,1.298,1.304,1.272,666.0
2019-09-05,1.281,1.33,1.334,1.281,1873.0
2019-09-06,1.33,1.344,1.344,1.316,1320.0
2019-09-09,1.345,1.37,1.37,1.344,19391.0
2019-09-10,1.381,1.353,1.381,1.346,1363.0
2019-09-11,1.353,1.344,1.391,1.34,10671.0
2019-09-12,1.34,1.345,1.363,1.336,1164.0
2019-09-16,1.37,1.362,1.37,1.354,1100.0
2019-09-17,1.347,1.32,1.371,1.312,1601.0
2019-09-18,1.322,1.329,1.33,1.32,905.0
2019-09-19,1.319,1.341,1.345,1.312,539.0
2019-09-20,1.335,1.358,1.36,1.322,1471.0
2019-09-23,1.335,1.35,1.356,1.322,1351.0
2019-09-24,1.363,1.356,1.37,1.348,1046.0
2019-09-25,1.355,1.335,1.358,1.328,469.0
2019-09-26,1.322,1.3,1.345,1.261,1235.0
2019-09-27,1.298,1.309,1.32,1.292,613.27
2019-09-30,1.309,1.289,1.309,1.289,178.95
2019-10-08,1.288,1.278,1.288,1.263,209.0
2019-10-09,1.257,1.28,1.294,1.257,204.0
2019-10-10,1.28,1.291,1.293,1.28,153.0
2019-10-11,1.28,1.293,1.295,1.28,108.0
2019-10-14,1.29,1.316,1.316,1.29,232.0
2019-10-15,1.3,1.287,1.3,1.286,146.22
2019-10-16,1.283,1.28,1.293,1.28,297.0
2019-10-17,1.293,1.289,1.293,1.273,138.0
2019-10-18,1.273,1.273,1.295,1.258,600.0
2019-10-21,1.247,1.27,1.285,1.244,630.0
2019-10-22,1.263,1.274,1.277,1.263,778.0
2019-10-23,1.269,1.272,1.273,1.269,206.0
2019-10-24,1.265,1.271,1.271,1.254,104.0
2019-10-25,1.264,1.279,1.279,1.25,245.0
2019-10-28,1.291,1.344,1.351,1.291,1544.49
2019-10-29,1.34,1.334,1.34,1.301,617.0
2019-10-30,1.3,1.316,1.319,1.281,412.0
2019-10-31,1.297,1.29,1.297,1.281,113.0
2019-11-01,1.289,1.29,1.29,1.289,3922.0
2019-11-04,1.291,1.293,1.298,1.291,6250.0
2019-11-05,1.302,1.305,1.306,1.294,6717.0
2019-11-06,1.312,1.304,1.315,1.299,6980.0
2019-11-07,1.306,1.31,1.312,1.3,516.0
2019-11-08,1.313,1.318,1.328,1.308,9820.0
2019-11-11,1.309,1.319,1.33,1.282,2446.0
2019-11-12,1.28,1.288,1.309,1.275,550.0
2019-11-13,1.285,1.295,1.295,1.285,225.0
2019-11-14,1.297,1.317,1.32,1.292,241.0
2019-11-15,1.317,1.32,1.323,1.303,989.0
2019-11-18,1.289,1.303,1.306,1.289,1202.0
2019-11-19,1.298,1.33,1.33,1.298,3782.95
2019-11-20,1.33,1.331,1.341,1.316,2252.0
2019-11-21,1.319,1.316,1.32,1.313,509.0
2019-11-22,1.324,1.293,1.325,1.293,2042.0
2019-11-25,1.289,1.279,1.289,1.27,604.0
2019-11-26,1.273,1.273,1.273,1.273,1.0
2019-11-27,1.289,1.288,1.296,1.288,396.0
2019-11-28,1.285,1.285,1.285,1.285,1.0
2019-11-29,1.294,1.291,1.294,1.291,4.0
2019-12-02,1.279,1.296,1.297,1.279,350.0
2019-12-03,1.284,1.301,1.301,1.28,2261.95
2019-12-04,1.304,1.296,1.304,1.296,82.0
2019-12-05,1.301,1.324,1.326,1.301,826.0
2019-12-06,1.328,1.324,1.33,1.318,227.0
2019-12-09,1.339,1.335,1.345,1.327,282.49
2019-12-10,1.335,1.358,1.359,1.335,1788.0
2019-12-11,1.358,1.361,1.367,1.342,413.49
2019-12-12,1.359,1.355,1.36,1.351,181.0
2019-12-13,1.369,1.366,1.37,1.353,3073.0
2019-12-16,1.368,1.41,1.41,1.368,6018.95
2019-12-17,1.417,1.425,1.45,1.4,1894.11
2019-12-18,1.449,1.43,1.449,1.421,939.49
2019-12-19,1.417,1.448,1.457,1.417,496.0
2019-12-20,1.438,1.42,1.457,1.41,1691.0
2019-12-23,1.407,1.385,1.425,1.358,1333.0
2019-12-24,1.379,1.389,1.394,1.371,1020.0
2019-12-25,1.395,1.395,1.415,1.379,608.0
2019-12-26,1.399,1.409,1.415,1.39,883.0
2019-12-27,1.409,1.386,1.414,1.386,392.0
2019-12-30,1.379,1.386,1.4,1.332,484.0
2019-12-31,1.409,1.409,1.409,1.387,939.0
2020-01-02,1.41,1.436,1.458,1.41,730.0
2020-01-03,1.458,1.456,1.458,1.439,474.85
2020-01-06,1.446,1.469,1.49,1.446,758.85
2020-01-07,1.462,1.48,1.48,1.451,636.0
2020-01-08,1.457,1.462,1.483,1.455,1225.0
2020-01-09,1.471,1.499,1.5,1.471,4911.49
2020-01-10,1.501,1.499,1.505,1.491,681.0
2020-01-13,1.501,1.535,1.535,1.5,893.0
2020-01-14,1.541,1.53,1.543,1.528,1727.0
2020-01-15,1.528,1.542,1.544,1.519,461.0
2020-01-16,1.541,1.546,1.555,1.541,11572.8
2020-01-17,1.553,1.541,1.556,1.537,1183.0
2020-01-20,1.551,1.58,1.58,1.541,2485.0
2020-01-21,1.569,1.563,1.58,1.56,2419.0
2020-01-22,1.551,1.6,1.605,1.536,6959.0
2020-01-23,1.61,1.544,1.61,1.519,4926.0
2020-02-03,1.39,1.39,1.45,1.39,4780.0
2020-02-04,1.398,1.449,1.513,1.397,5095.0
2020-02-05,1.449,1.479,1.514,1.449,7257.0
2020-02-06,1.479,1.527,1.535,1.464,2336.0
2020-02-07,1.512,1.56,1.563,1.512,3536.0
2020-02-10,1.576,1.564,1.61,1.542,18590.0
2020-02-11,1.564,1.566,1.575,1.549,9491.0
2020-02-12,1.566,1.605,1.605,1.56,46244.0
2020-02-13,1.602,1.6,1.618,1.583,24610.0
2020-02-14,1.599,1.604,1.632,1.587,16414.0
2020-02-17,1.62,1.663,1.663,1.617,10906.0
2020-02-18,1.663,1.695,1.695,1.654,56579.0
2020-02-19,1.695,1.676,1.702,1.67,46536.0
2020-02-20,1.686,1.725,1.729,1.667,51820.0
2020-02-21,1.725,1.771,1.788,1.725,28046.0
2020-02-24,1.789,1.842,1.847,1.772,60957.0
2020-02-25,1.81,1.868,1.869,1.749,74946.0
2020-02-26,1.869,1.766,1.869,1.754,50063.05
2020-02-27,1.766,1.758,1.796,1.717,53823.11
2020-02-28,1.65,1.651,1.72,1.638,49006.0
2020-03-02,1.668,1.713,1.734,1.654,66287.0
2020-03-03,1.717,1.728,1.793,1.709,36668.0
2020-03-04,1.711,1.698,1.718,1.655,48563.0
2020-03-05,1.698,1.706,1.739,1.677,35107.0
2020-03-06,1.689,1.69,1.703,1.675,39944.0
2020-03-09,1.693,1.597,1.693,1.595,53460.0
2020-03-10,1.613,1.671,1.671,1.576,24098.0
2020-03-11,1.673,1.633,1.691,1.63,51198.0
2020-03-12,1.63,1.605,1.63,1.58,53964.0
2020-03-13,1.589,1.599,1.62,1.525,64031.0
2020-03-16,1.615,1.495,1.615,1.485,50734.0
2020-03-17,1.495,1.499,1.597,1.437,52504.0
2020-03-18,1.514,1.47,1.545,1.469,50927.0
2020-03-19,1.472,1.503,1.512,1.441,38581.0
2020-03-20,1.518,1.505,1.522,1.481,68522.0
2020-03-23,1.49,1.419,1.49,1.41,49983.0
2020-03-24,1.42,1.439,1.451,1.386,50672.0
2020-03-25,1.453,1.482,1.488,1.453,13168.0
2020-03-26,1.464,1.457,1.482,1.456,34661.0
2020-03-27,1.457,1.439,1.475,1.439,30883.0
2020-03-30,1.432,1.393,1.432,1.367,52482.0
2020-03-31,1.41,1.386,1.414,1.385,42731.0
2020-04-01,1.382,1.393,1.425,1.38,63473.0
2020-04-02,1.393,1.455,1.456,1.393,67491.0
2020-04-03,1.455,1.435,1.455,1.428,62895.0
2020-04-07,1.449,1.477,1.489,1.449,56101.0
2020-04-08,1.477,1.483,1.49,1.47,79888.0
2020-04-09,1.498,1.486,1.498,1.477,21308.0
2020-04-10,1.471,1.432,1.471,1.427,87969.0
2020-04-13,1.42,1.398,1.42,1.391,110531.0
2020-04-14,1.412,1.443,1.443,1.412,58166.0
2020-04-15,1.448,1.446,1.47,1.445,41347.0
2020-04-16,1.448,1.463,1.463,1.43,91415.0
2020-04-17,1.478,1.475,1.5,1.466,76932.0
2020-04-20,1.484,1.495,1.495,1.473,93179.0
2020-04-21,1.49,1.484,1.49,1.461,81029.0
2020-04-22,1.469,1.488,1.488,1.467,96201.0
2020-04-23,1.487,1.466,1.487,1.466,87908.0
2020-04-24,1.469,1.443,1.469,1.437,90962.0
2020-04-27,1.443,1.445,1.457,1.435,92831.0
2020-04-28,1.448,1.455,1.462,1.401,57601.0
2020-04-29,1.456,1.461,1.466,1.456,77083.0
2020-04-30,1.461,1.528,1.532,1.461,78176.0
2020-05-06,1.529,1.569,1.569,1.523,58048.0
2020-05-07,1.581,1.554,1.581,1.554,65337.0
2020-05-08,1.554,1.576,1.589,1.554,25964.0
2020-05-11,1.576,1.573,1.608,1.561,67827.0
2020-05-12,1.573,1.58,1.58,1.548,65342.0
2020-05-13,1.58,1.584,1.586,1.562,50914.0
2020-05-14,1.574,1.573,1.587,1.573,69307.0
2020-05-15,1.57,1.588,1.606,1.57,10593.0
2020-05-18,1.578,1.541,1.578,1.536,83768.0
2020-05-19,1.552,1.575,1.577,1.547,74081.0
2020-05-20,1.57,1.558,1.582,1.551,77565.0
2020-05-21,1.56,1.528,1.566,1.523,87129.0
2020-05-22,1.53,1.5,1.533,1.487,102045.0
2020-05-25,1.486,1.468,1.487,1.46,58905.0
2020-05-26,1.483,1.509,1.509,1.483,104998.0
2020-05-27,1.509,1.484,1.509,1.478,103055.0
2020-05-28,1.475,1.478,1.489,1.454,101252.0
2020-05-29,1.469,1.485,1.495,1.469,73287.0
2020-06-01,1.5,1.559,1.562,1.5,65652.0
2020-06-02,1.559,1.571,1.58,1.558,38017.0
2020-06-03,1.58,1.574,1.597,1.563,66070.0
2020-06-04,1.581,1.57,1.583,1.565,86572.0
2020-06-05,1.573,1.581,1.582,1.568,73061.0
2020-06-08,1.597,1.585,1.614,1.585,80234.0
2020-06-09,1.582,1.588,1.593,1.574,65857.0
2020-06-10,1.585,1.602,1.602,1.581,68444.0
2020-06-11,1.602,1.6,1.623,1.59,58558.0
2020-06-12,1.569,1.599,1.602,1.569,61771.0
2020-06-15,1.598,1.573,1.601,1.572,59535.0
2020-06-16,1.575,1.606,1.607,1.575,55476.0
2020-06-17,1.599,1.611,1.611,1.596,81999.0
2020-06-18,1.61,1.642,1.644,1.608,55413.0
2020-06-19,1.642,1.654,1.659,1.639,36402.0
2020-06-22,1.65,1.675,1.681,1.65,45104.0
2020-06-23,1.675,1.689,1.689,1.665,26347.0
2020-06-24,1.691,1.698,1.7,1.688,46846.0
2020-06-29,1.677,1.674,1.693,1.665,57352.0
2020-06-30,1.69,1.719,1.725,1.69,62610.0
2020-07-01,1.723,1.728,1.731,1.697,65470.0
2020-07-02,1.726,1.75,1.751,1.71,32538.0
2020-07-03,1.752,1.755,1.756,1.726,109001.0
2020-07-06,1.761,1.835,1.842,1.761,42927.0
2020-07-07,1.867,1.875,1.922,1.851,38345.0
2020-07-08,1.843,1.918,1.921,1.843,21815.0
2020-07-09,1.92,1.975,1.993,1.918,46862.0
2020-07-10,1.976,1.965,1.996,1.953,47653.0
2020-07-13,1.968,2.023,2.024,1.965,50324.0
2020-07-14,2.025,1.994,2.025,1.952,48690.0
2020-07-15,2.03,1.909,2.03,1.905,36836.0
2020-07-16,1.909,1.802,1.924,1.793,42268.0
2020-07-17,1.802,1.804,1.83,1.781,45160.0
2020-07-20,1.808,1.84,1.841,1.788,59133.0
2020-07-21,1.841,1.851,1.861,1.831,40572.0
2020-07-22,1.845,1.868,1.896,1.845,25939.0
2020-07-23,1.854,1.852,1.863,1.808,41121.0
2020-07-24,1.853,1.751,1.853,1.741,35204.0
2020-07-27,1.751,1.753,1.776,1.733,24805.0
2020-07-28,1.788,1.776,1.788,1.76,40024.0
2020-07-29,1.777,1.841,1.842,1.777,44386.0
2020-07-30,1.839,1.821,1.846,1.817,44102.0
2020-07-31,1.833,1.858,1.868,1.819,226942.0
2020-08-03,1.86,1.903,1.903,1.86,45243.0
2020-08-04,1.904,1.865,1.904,1.854,86951.0
2020-08-05,1.886,1.883,1.892,1.867,56066.0
2020-08-06,1.877,1.879,1.883,1.852,25118.0
2020-08-07,1.879,1.841,1.879,1.81,42687.0
2020-08-10,1.839,1.833,1.85,1.811,44533.0
2020-08-11,1.844,1.799,1.846,1.799,27269.0
2020-08-12,1.797,1.805,1.805,1.753,62935.0
2020-08-13,1.813,1.795,1.813,1.791,39641.0
2020-08-14,1.792,1.823,1.825,1.792,58706.0
2020-08-17,1.856,1.858,1.86,1.824,38628.0
2020-08-18,1.855,1.85,1.86,1.843,52833.0
2020-08-19,1.85,1.805,1.85,1.803,48667.0
2020-08-20,1.791,1.799,1.817,1.791,52308.0
2020-08-21,1.835,1.82,1.84,1.81,56751.0
2020-08-24,1.821,1.86,1.874,1.82,48306.0
2020-08-25,1.863,1.85,1.873,1.845,59167.0
2020-08-26,1.848,1.811,1.851,1.804,75587.0
2020-08-27,1.815,1.823,1.836,1.799,147744.0
2020-08-28,1.833,1.849,1.851,1.812,43610.0
2020-08-31,1.864,1.837,1.871,1.835,57272.0
2020-09-01,1.825,1.85,1.85,1.817,73668.0
2020-09-02,1.857,1.861,1.871,1.846,76853.0
2020-09-03,1.854,1.841,1.854,1.832,53545.0
2020-09-04,1.841,1.836,1.841,1.818,41644.0
2020-09-07,1.833,1.783,1.843,1.777,25397.0
2020-09-08,1.785,1.779,1.785,1.76,26906.0
2020-09-09,1.781,1.72,1.781,1.711,39041.0
2020-09-10,1.719,1.689,1.755,1.685,26204.0
2020-09-11,1.684,1.732,1.732,1.684,31536.0
2020-09-14,1.742,1.742,1.756,1.732,4978.0
2020-09-15,1.751,1.749,1.751,1.73,14479.0
2020-09-16,1.742,1.728,1.742,1.72,53915.0
2020-09-17,1.723,1.736,1.748,1.714,44434.0
2020-09-18,1.747,1.763,1.763,1.738,2207.0
2020-09-21,1.763,1.752,1.775,1.749,48397.0
2020-09-22,1.737,1.729,1.752,1.724,69268.0
2020-09-23,1.74,1.74,1.746,1.725,12010.0
2020-09-24,1.739,1.701,1.739,1.701,32006.0
2020-09-25,1.71,1.701,1.71,1.693,64844.0
2020-09-28,1.706,1.694,1.707,1.692,47897.0
2020-09-29,1.708,1.717,1.724,1.708,56665.0
2020-09-30,1.715,1.71,1.727,1.702,27501.0
2020-10-09,1.745,1.769,1.772,1.745,40411.0
2020-10-12,1.779,1.812,1.814,1.779,68505.0
2020-10-13,1.824,1.809,1.824,1.792,47835.0
2020-10-14,1.8,1.781,1.801,1.779,38876.0
2020-10-15,1.783,1.772,1.789,1.77,55214.0
2020-10-16,1.757,1.755,1.778,1.748,51184.0
2020-10-19,1.791,1.752,1.791,1.749,43653.0
2020-10-20,1.728,1.771,1.771,1.728,8667.0
2020-10-21,1.77,1.741,1.77,1.73,37254.0
2020-10-22,1.728,1.733,1.74,1.72,45877.0
2020-10-23,1.734,1.708,1.749,1.703,57421.0
2020-10-26,1.706,1.721,1.732,1.693,25132.0
2020-10-27,1.719,1.725,1.727,1.711,5514.0
2020-10-28,1.727,1.742,1.747,1.707,29071.0
2020-10-29,1.74,1.736,1.74,1.713,57869.0
2020-10-30,1.745,1.705,1.746,1.702,28927.0
2020-11-02,1.706,1.72,1.725,1.693,69502.0
2020-11-03,1.722,1.748,1.756,1.719,85856.0
2020-11-04,1.746,1.746,1.755,1.735,39919.0
2020-11-05,1.748,1.786,1.788,1.748,51069.0
2020-11-06,1.784,1.793,1.795,1.776,93891.0
2020-11-09,1.795,1.845,1.867,1.795,53488.0
2020-11-10,1.845,1.819,1.845,1.805,99102.0
2020-11-11,1.819,1.763,1.819,1.759,60186.0
2020-11-12,1.765,1.771,1.785,1.764,45617.0
2020-11-13,1.756,1.773,1.774,1.75,18744.0
2020-11-16,1.769,1.758,1.769,1.749,37731.0
2020-11-17,1.76,1.749,1.76,1.718,20615.0
2020-11-18,1.747,1.746,1.753,1.739,4414.0
2020-11-19,1.733,1.759,1.761,1.73,26835.0
2020-11-20,1.76,1.756,1.767,1.751,45410.0
2020-11-23,1.744,1.747,1.757,1.734,24437.0
2020-11-24,1.746,1.747,1.757,1.738,21376.0
2020-11-25,1.745,1.728,1.755,1.728,24449.0
2020-11-26,1.726,1.72,1.733,1.71,37261.0
2020-11-27,1.719,1.727,1.733,1.71,28094.0
2020-11-30,1.729,1.74,1.755,1.718,40321.0
2020-12-01,1.74,1.771,1.773,1.739,26145.0
2020-12-02,1.776,1.782,1.788,1.766,14871.0
2020-12-03,1.783,1.776,1.791,1.773,30111.0
2020-12-04,1.774,1.774,1.778,1.761,27881.0
2020-12-07,1.775,1.77,1.779,1.767,51830.0
2020-12-08,1.769,1.764,1.776,1.762,25614.0
2020-12-09,1.765,1.731,1.767,1.731,22253.0
2020-12-10,1.731,1.732,1.746,1.716,56874.0
2020-12-11,1.734,1.699,1.734,1.684,28632.0
2020-12-14,1.699,1.707,1.708,1.69,25878.0
2020-12-15,1.709,1.715,1.72,1.705,27275.0
2020-12-16,1.714,1.695,1.714,1.693,14406.0
2020-12-17,1.689,1.697,1.698,1.675,8391.0
2020-12-18,1.699,1.687,1.707,1.685,12977.0
2020-12-21,1.679,1.714,1.716,1.679,33221.0
2020-12-22,1.711,1.673,1.713,1.672,34228.0
2020-12-23,1.675,1.696,1.699,1.67,29242.0
2020-12-24,1.698,1.685,1.708,1.68,29254.0
2020-12-25,1.68,1.677,1.688,1.672,20841.0
2020-12-28,1.677,1.66,1.677,1.656,11690.0
2020-12-29,1.669,1.683,1.7,1.66,21270.0
2020-12-30,1.683,1.703,1.704,1.673,72779.0
2020-12-31,1.704,1.733,1.734,1.704,40539.0
2021-01-04,1.735,1.761,1.763,1.73,51933.0
2021-01-05,1.761,1.811,1.813,1.747,93767.0
2021-01-06,1.821,1.79,1.848,1.777,75028.0
2021-01-07,1.948,1.778,1.948,1.754,66111.0
2021-01-08,1.778,1.808,1.815,1.778,106343.0
2021-01-11,1.808,1.828,1.857,1.808,319285.0
2021-01-12,1.828,1.864,1.864,1.812,78826.0
2021-01-13,1.865,1.878,1.894,1.865,75241.0
2021-01-14,1.878,1.871,1.906,1.851,131447.0
2021-01-15,1.869,1.847,1.878,1.826,28572.0
2021-01-18,1.846,1.905,1.912,1.841,76524.0
2021-01-19,1.902,1.874,1.911,1.868,74201.0
2021-01-20,1.874,1.882,1.888,1.86,54163.0
2021-01-21,1.882,1.911,1.922,1.881,58040.0
2021-01-22,1.911,1.897,1.913,1.871,27658.0
2021-01-25,1.895,1.885,1.909,1.856,89534.0
2021-01-26,1.884,1.839,1.884,1.838,34386.0
2021-01-27,1.839,1.859,1.859,1.829,10132.0
2021-01-28,1.859,1.785,1.859,1.781,65168.0
2021-01-29,1.801,1.765,1.802,1.742,33811.0
2021-02-01,1.8,1.788,1.822,1.764,33382.0
2021-02-02,1.788,1.801,1.803,1.78,79785.0
2021-02-03,1.797,1.752,1.801,1.75,39916.0
2021-02-04,1.752,1.734,1.752,1.696,92367.0
2021-02-05,1.734,1.698,1.736,1.696,19626.0
2021-02-08,1.71,1.72,1.73,1.693,39651.0
2021-02-09,1.72,1.756,1.762,1.72,20307.0
2021-02-10,1.758,1.794,1.797,1.758,13192.0
2021-02-18,1.798,1.798,1.829,1.796,32658.0
2021-02-19,1.799,1.809,1.81,1.77,56070.0
2021-02-22,1.812,1.769,1.824,1.768,25741.0
2021-02-23,1.751,1.76,1.777,1.749,38013.0
2021-02-24,1.761,1.744,1.78,1.724,18024.0
2021-02-25,1.754,1.729,1.754,1.726,18056.0
2021-02-26,1.729,1.702,1.74,1.695,37397.0
2021-03-01,1.704,1.751,1.751,1.704,30433.0
2021-03-02,1.761,1.75,1.764,1.732,16690.0
2021-03-03,1.748,1.761,1.762,1.734,12645.0
2021-03-04,1.759,1.718,1.759,1.711,18428.0
2021-03-05,1.718,1.727,1.738,1.695,9514.0
2021-03-08,1.716,1.684,1.753,1.681,26237.0
2021-03-09,1.682,1.633,1.682,1.616,30248.0
2021-03-10,1.635,1.626,1.66,1.623,27141.0
2021-03-11,1.626,1.645,1.65,1.61,58927.0
2021-03-12,1.645,1.63,1.649,1.617,22294.0
2021-03-15,1.6,1.585,1.609,1.574,47921.0
2021-03-16,1.585,1.583,1.594,1.562,34408.0
2021-03-17,1.575,1.605,1.607,1.567,46431.0
2021-03-18,1.605,1.607,1.607,1.6,23609.0
2021-03-19,1.556,1.578,1.768,1.556,61811.0
2021-03-22,1.597,1.599,1.6,1.434,42812.0
2021-03-23,1.607,1.589,1.616,1.585,22103.0
2021-03-24,1.587,1.568,1.589,1.566,19420.0
2021-03-25,1.568,1.571,1.58,1.56,26173.0
2021-03-26,1.58,1.608,1.614,1.58,25505.0
2021-03-29,1.63,1.599,1.63,1.598,55526.0
2021-03-30,1.602,1.608,1.614,1.598,25037.0
2021-03-31,1.609,1.608,1.61,1.597,72237.0
2021-04-01,1.611,1.633,1.634,1.611,62816.0
2021-04-02,1.631,1.657,1.661,1.631,60609.0
2021-04-06,1.67,1.661,1.679,1.653,38007.0
2021-04-07,1.66,1.659,1.66,1.645,38929.0
2021-04-08,1.661,1.658,1.67,1.647,46750.0
2021-04-09,1.657,1.643,1.66,1.641,7489.0
2021-04-12,1.654,1.608,1.654,1.606,10758.0
2021-04-13,1.625,1.613,1.629,1.608,7680.0
2021-04-14,1.62,1.638,1.638,1.617,13374.0
2021-04-15,1.632,1.629,1.632,1.616,55849.0
2021-04-16,1.636,1.64,1.642,1.624,26870.0
2021-04-19,1.64,1.69,1.69,1.64,20442.0
2021-04-20,1.681,1.682,1.694,1.681,34959.0
2021-04-21,1.673,1.681,1.684,1.666,47920.0
2021-04-22,1.685,1.697,1.704,1.68,52901.0
2021-04-23,1.697,1.692,1.702,1.689,63168.0
2021-04-26,1.702,1.689,1.723,1.689,47719.0
2021-04-27,1.689,1.686,1.692,1.669,49725.0
2021-04-28,1.68,1.689,1.689,1.672,66832.0
2021-04-29,1.684,1.698,1.708,1.684,66577.0
2021-04-30,1.698,1.681,1.698,1.671,47377.0
2021-05-06,1.668,1.66,1.68,1.654,30854.0
2021-05-07,1.658,1.615,1.664,1.614,66729.0
2021-05-10,1.615,1.599,1.615,1.593,57748.0
2021-05-11,1.592,1.611,1.612,1.577,31185.0
2021-05-12,1.601,1.618,1.619,1.593,56830.0
2021-05-13,1.618,1.606,1.619,1.601,36303.0
2021-05-14,1.611,1.633,1.634,1.6,27739.0
2021-05-17,1.638,1.658,1.671,1.638,37770.0
2021-05-18,1.658,1.664,1.664,1.647,58756.0
2021-05-19,1.663,1.67,1.675,1.653,15182.0
2021-05-20,1.669,1.672,1.677,1.662,54967.0
2021-05-21,1.678,1.661,1.686,1.659,15510.0
2021-05-24,1.661,1.686,1.687,1.657,8829.0
2021-05-25,1.693,1.73,1.731,1.683,34483.0
2021-05-26,1.734,1.713,1.734,1.711,43518.0
2021-05-27,1.71,1.739,1.747,1.71,25156.0
2021-05-28,1.74,1.727,1.745,1.719,57256.0
2021-05-31,1.732,1.74,1.744,1.73,79032.0
2021-06-01,1.74,1.746,1.756,1.731,63186.0
2021-06-02,1.747,1.712,1.747,1.706,62517.0
2021-06-03,1.712,1.709,1.731,1.708,67744.0
2021-06-04,1.709,1.717,1.728,1.702,26091.0
2021-06-07,1.713,1.744,1.745,1.713,44226.0
2021-06-08,1.746,1.735,1.751,1.729,47391.0
2021-06-09,1.737,1.741,1.748,1.733,17643.0
2021-06-10,1.741,1.762,1.763,1.741,72684.0
2021-06-11,1.758,1.742,1.763,1.738,50007.0
2021-06-15,1.747,1.745,1.758,1.734,67139.0
2021-06-16,1.745,1.712,1.756,1.71,19807.0
2021-06-17,1.714,1.759,1.764,1.714,87510.0
2021-06-18,1.77,1.779,1.79,1.768,63763.0
2021-06-21,1.779,1.786,1.792,1.759,65631.0
2021-06-22,1.791,1.792,1.799,1.779,102841.0
2021-06-23,1.794,1.828,1.835,1.785,78732.0
2021-06-24,1.827,1.821,1.834,1.812,37352.0
2021-06-25,1.819,1.829,1.832,1.804,51768.0
2021-06-28,1.828,1.851,1.856,1.808,87625.0
2021-06-29,1.851,1.833,1.854,1.829,66242.0
2021-06-30,1.84,1.866,1.866,1.833,40555.0
2021-07-01,1.866,1.844,1.878,1.84,58291.0
2021-07-02,1.849,1.804,1.849,1.8,64572.0
2021-07-05,1.809,1.829,1.83,1.807,46952.0
2021-07-06,1.823,1.823,1.844,1.799,60139.0
2021-07-07,1.818,1.84,1.845,1.797,61513.0
2021-07-08,1.843,1.867,1.872,1.843,62031.0
2021-07-09,1.865,1.853,1.865,1.826,62830.0
2021-07-12,1.853,1.884,1.889,1.842,56502.0
2021-07-13,1.884,1.863,1.884,1.852,70988.0
2021-07-14,1.861,1.851,1.875,1.85,64548.0
2021-07-15,1.85,1.852,1.853,1.826,74392.0
2021-07-16,1.851,1.84,1.868,1.84,77710.0
2021-07-19,1.84,1.848,1.849,1.823,70227.0
2021-07-20,1.845,1.853,1.855,1.83,78835.0
2021-07-21,1.854,1.877,1.893,1.854,66931.0
2021-07-22,1.876,1.894,1.896,1.87,69725.0
2021-07-23,1.898,1.87,1.898,1.863,71847.0
2021-07-26,1.875,1.855,1.882,1.814,54947.0
2021-07-27,1.848,1.84,1.912,1.834,81860.0
2021-07-28,1.834,1.809,1.84,1.762,85360.0
2021-07-29,1.813,1.868,1.877,1.813,72810.0
2021-07-30,1.874,1.88,1.882,1.846,65192.0
2021-08-02,1.882,1.898,1.898,1.871,85678.0
2021-08-03,1.898,1.854,1.898,1.849,65492.0
2021-08-04,1.866,1.898,1.899,1.862,68843.0
2021-08-05,1.898,1.882,1.899,1.874,68710.0
2021-08-06,1.882,1.874,1.888,1.855,61654.0
2021-08-09,1.879,1.875,1.88,1.849,60440.0
2021-08-10,1.876,1.879,1.881,1.86,63459.0
2021-08-11,1.874,1.87,1.883,1.862,52978.0
2021-08-12,1.866,1.874,1.898,1.866,29922.0
2021-08-13,1.868,1.824,1.868,1.818,67296.0
2021-08-16,1.814,1.826,1.841,1.806,55506.0
2021-08-17,1.827,1.775,1.827,1.77,70852.0
2021-08-18,1.775,1.781,1.786,1.769,58597.0
2021-08-19,1.783,1.801,1.813,1.783,67128.0
2021-08-20,1.801,1.798,1.815,1.78,60621.0
2021-08-23,1.799,1.841,1.843,1.795,72436.0
2021-08-24,1.841,1.842,1.846,1.828,56682.0
2021-08-25,1.841,1.833,1.85,1.825,70242.0
2021-08-26,1.832,1.795,1.832,1.794,67245.0
2021-08-27,1.82,1.798,1.82,1.787,73012.0
2021-08-30,1.793,1.775,1.81,1.767,74501.0
2021-08-31,1.776,1.75,1.779,1.734,76341.0
2021-09-01,1.74,1.758,1.762,1.725,59354.0
2021-09-02,1.743,1.735,1.757,1.729,84227.0
2021-09-03,1.74,1.735,1.745,1.721,80113.0
2021-09-06,1.735,1.769,1.769,1.721,70338.0
2021-09-07,1.764,1.773,1.776,1.763,82241.0
2021-09-08,1.773,1.79,1.79,1.77,55951.0
2021-09-09,1.775,1.767,1.779,1.756,89875.0
2021-09-10,1.768,1.792,1.797,1.758,69003.0
2021-09-13,1.791,1.762,1.791,1.759,52972.0
2021-09-14,1.757,1.75,1.779,1.745,71822.0
2021-09-15,1.75,1.74,1.75,1.73,73155.0
2021-09-16,1.737,1.712,1.743,1.712,61124.0
2021-09-17,1.712,1.72,1.722,1.697,72739.0
2021-09-22,1.703,1.715,1.719,1.701,68005.0
2021-09-23,1.71,1.742,1.746,1.71,71964.0
2021-09-24,1.737,1.738,1.754,1.737,70638.0
2021-09-27,1.736,1.74,1.761,1.731,60130.0
2021-09-28,1.73,1.737,1.754,1.723,56142.0
2021-09-29,1.728,1.706,1.728,1.698,46373.0
2021-09-30,1.71,1.719,1.725,1.71,66744.0
2021-10-08,1.728,1.744,1.758,1.728,68638.0
2021-10-11,1.747,1.743,1.756,1.742,72660.0
2021-10-12,1.738,1.704,1.738,1.692,77183.0
2021-10-13,1.707,1.724,1.724,1.702,73867.0
2021-10-14,1.724,1.724,1.73,1.72,71650.0
2021-10-15,1.719,1.742,1.745,1.719,37568.0
2021-10-18,1.741,1.719,1.741,1.706,73977.0
2021-10-19,1.716,1.73,1.734,1.716,65344.0
2021-10-20,1.73,1.722,1.743,1.72,68239.0
2021-10-21,1.726,1.703,1.726,1.697,65671.0
2021-10-22,1.708,1.725,1.732,1.708,45435.0
2021-10-25,1.73,1.728,1.73,1.709,66785.0
2021-10-26,1.729,1.743,1.754,1.725,45319.0
2021-10-27,1.739,1.717,1.739,1.711,65868.0
2021-10-28,1.715,1.714,1.73,1.711,66664.0
2021-10-29,1.719,1.745,1.747,1.719,61540.0
2021-11-01,1.744,1.774,1.779,1.744,66695.0
2021-11-02,1.775,1.78,1.8,1.77,64313.0
2021-11-03,1.784,1.785,1.799,1.772,46435.0
2021-11-04,1.796,1.806,1.807,1.795,55444.0
2021-11-05,1.81,1.815,1.832,1.81,68606.0
2021-11-08,1.815,1.8,1.815,1.785,60143.0
2021-11-09,1.8,1.819,1.82,1.79,64534.0
2021-11-10,1.817,1.822,1.831,1.807,72130.0
2021-11-11,1.817,1.843,1.853,1.814,61006.0
2021-11-12,1.844,1.852,1.854,1.836,35151.0
2021-11-15,1.852,1.855,1.868,1.852,56031.0
2021-11-16,1.856,1.849,1.871,1.846,52513.0
2021-11-17,1.848,1.854,1.854,1.835,19398.0
2021-11-18,1.851,1.827,1.854,1.825,34636.0
2021-11-19,1.83,1.847,1.85,1.83,19853.0
2021-11-22,1.848,1.884,1.885,1.848,52150.0
2021-11-23,1.878,1.873,1.881,1.866,61718.0
2021-11-24,1.872,1.87,1.879,1.868,45126.0
2021-11-25,1.87,1.861,1.873,1.859,52397.0
2021-11-26,1.86,1.833,1.86,1.829,43671.0
2021-11-29,1.828,1.831,1.832,1.819,47745.0
2021-11-30,1.835,1.85,1.855,1.835,62689.0
2021-12-01,1.854,1.856,1.86,1.848,44449.0
2021-12-02,1.858,1.838,1.858,1.837,46548.0
2021-12-03,1.846,1.858,1.861,1.846,47119.0
2021-12-06,1.856,1.838,1.858,1.838,61514.0
2021-12-07,1.88,1.826,1.886,1.818,59664.0
2021-12-08,1.824,1.876,1.877,1.824,45418.0
2021-12-09,1.871,1.906,1.91,1.871,49567.0
2021-12-10,1.901,1.894,1.902,1.89,55332.0
2021-12-13,1.901,1.915,1.923,1.898,61873.0
2021-12-14,1.92,1.915,1.923,1.905,58464.0
2021-12-15,1.915,1.899,1.918,1.898,52705.0
2021-12-16,1.907,1.902,1.907,1.898,45756.0
2021-12-17,1.898,1.872,1.898,1.87,18717.0
2021-12-20,1.867,1.833,1.873,1.833,46166.0
2021-12-21,1.824,1.857,1.858,1.824,58074.0
2021-12-22,1.86,1.881,1.893,1.86,59085.0
2021-12-23,1.884,1.89,1.894,1.881,57417.0
2021-12-24,1.891,1.885,1.897,1.881,25617.0
2021-12-27,1.889,1.881,1.891,1.876,54088.0
2021-12-28,1.886,1.887,1.888,1.878,47052.0
2021-12-29,1.887,1.863,1.887,1.858,53707.0
2021-12-30,1.872,1.897,1.903,1.872,26057.0
2021-12-31,1.897,1.899,1.901,1.886,32798.0
2022-01-04,1.894,1.906,1.907,1.885,52342.0
2022-01-05,1.897,1.855,1.897,1.846,49484.0
2022-01-06,1.858,1.839,1.858,1.822,50054.0
2022-01-07,1.834,1.825,1.855,1.82,51604.0
2022-01-10,1.814,1.83,1.835,1.792,37059.0
2022-01-11,1.852,1.79,1.852,1.787,39199.0
2022-01-12,1.795,1.804,1.808,1.792,10963.0
2022-01-13,1.809,1.774,1.809,1.774,51236.0
2022-01-14,1.767,1.779,1.791,1.762,40319.0
2022-01-17,1.779,1.825,1.829,1.779,24462.0
2022-01-18,1.829,1.841,1.863,1.822,30125.0
2022-01-19,1.841,1.823,1.842,1.811,29707.0
2022-01-20,1.811,1.813,1.83,1.811,29411.0
2022-01-21,1.813,1.785,1.813,1.783,38472.0
2022-01-24,1.78,1.796,1.805,1.78,20398.0
2022-01-25,1.799,1.744,1.799,1.744,22565.0
2022-01-26,1.749,1.75,1.755,1.729,25894.0
2022-01-27,1.75,1.698,1.75,1.698,24883.0
2022-01-28,1.702,1.686,1.714,1.679,59982.0
2022-02-07,1.709,1.68,1.711,1.674,23720.0
2022-02-08,1.673,1.66,1.673,1.631,51623.0
2022-02-09,1.659,1.683,1.683,1.651,47695.0
2022-02-10,1.685,1.675,1.687,1.668,25025.0
2022-02-11,1.659,1.645,1.672,1.643,64470.0
2022-02-14,1.645,1.63,1.653,1.629,55043.0
2022-02-15,1.646,1.673,1.673,1.646,38622.0
2022-02-16,1.682,1.669,1.687,1.666,38242.0
2022-02-17,1.669,1.674,1.684,1.661,46801.0
2022-02-18,1.678,1.675,1.678,1.666,39917.0
2022-02-21,1.68,1.684,1.686,1.676,44839.0
2022-02-22,1.668,1.662,1.668,1.645,48457.0
2022-02-23,1.677,1.714,1.715,1.677,58863.0
2022-02-24,1.715,1.684,1.715,1.66,68120.0
2022-02-25,1.688,1.689,1.711,1.688,14644.0
2022-02-28,1.69,1.689,1.693,1.678,51959.0
2022-03-01,1.705,1.692,1.705,1.682,32074.0
2022-03-02,1.692,1.674,1.715,1.664,30282.0
2022-03-03,1.678,1.644,1.678,1.642,45028.0
2022-03-04,1.644,1.63,1.648,1.626,64901.0
2022-03-07,1.614,1.571,1.614,1.563,63641.0
2022-03-08,1.57,1.55,1.581,1.531,56036.0
2022-03-09,1.551,1.545,1.568,1.485,58326.0
2022-03-10,1.545,1.555,1.58,1.545,27884.0
2022-03-11,1.55,1.587,1.595,1.51,39988.0
2022-03-14,1.587,1.518,1.587,1.518,32490.0
2022-03-15,1.513,1.455,1.517,1.366,32967.0
2022-03-16,1.469,1.508,1.508,1.426,27138.0
2022-03-17,1.523,1.537,1.555,1.523,13317.0
2022-03-18,1.499,1.534,1.541,1.499,19109.0
2022-03-21,1.536,1.534,1.547,1.523,7553.0
2022-03-22,1.527,1.527,1.539,1.523,32812.0
2022-03-23,1.524,1.538,1.541,1.522,28045.0
2022-03-24,1.538,1.51,1.538,1.506,28443.0
2022-03-25,1.511,1.49,1.519,1.488,30705.0
2022-03-28,1.476,1.476,1.487,1.463,25309.0
2022-03-29,1.479,1.449,1.482,1.449,26127.0
2022-03-30,1.46,1.482,1.483,1.46,3552.0
2022-03-31,1.482,1.458,1.482,1.455,21458.0
2022-04-01,1.462,1.46,1.467,1.445,7941.0
2022-04-06,1.464,1.436,1.464,1.43,8315.0
2022-04-07,1.436,1.413,1.437,1.413,6860.0
2022-04-08,1.406,1.399,1.41,1.384,6805.0
2022-04-11,1.39,1.337,1.39,1.331,11520.0
2022-04-12,1.324,1.36,1.36,1.319,9702.0
2022-04-13,1.365,1.334,1.365,1.332,17818.0
2022-04-14,1.339,1.349,1.356,1.33,22817.0
2022-04-15,1.349,1.345,1.354,1.328,7332.0
2022-04-18,1.334,1.375,1.376,1.334,19026.0
2022-04-19,1.365,1.354,1.375,1.354,1928.0
2022-04-20,1.35,1.345,1.363,1.344,23330.0
2022-04-21,1.348,1.315,1.357,1.313,25975.0
2022-04-22,1.312,1.301,1.313,1.289,28807.0
2022-04-25,1.296,1.217,1.296,1.217,18897.0
2022-04-26,1.22,1.186,1.232,1.185,19578.0
2022-04-27,1.18,1.248,1.248,1.179,14707.0
2022-04-28,1.253,1.242,1.26,1.225,14762.0
2022-04-29,1.243,1.307,1.33,1.243,94987.0
2022-05-05,1.296,1.295,1.31,1.186,34180.0
2022-05-06,1.287,1.262,1.287,1.249,34671.0
2022-05-09,1.257,1.255,1.268,1.242,41828.0
2022-05-10,1.256,1.282,1.29,1.256,5215.0
2022-05-11,1.286,1.313,1.346,1.285,28858.0
2022-05-12,1.326,1.316,1.349,1.307,34179.0
2022-05-13,1.316,1.312,1.326,1.303,32855.0
2022-05-16,1.325,1.303,1.327,1.298,9121.0
2022-05-17,1.307,1.327,1.327,1.298,21539.0
2022-05-18,1.327,1.327,1.339,1.322,12809.0
2022-05-19,1.325,1.335,1.335,1.311,34142.0
2022-05-20,1.343,1.348,1.354,1.332,24762.0
2022-05-23,1.348,1.352,1.353,1.337,29656.0
2022-05-24,1.365,1.304,1.365,1.304,33827.0
2022-05-25,1.309,1.308,1.312,1.294,33244.0
2022-05-26,1.303,1.319,1.332,1.289,31378.0
2022-05-27,1.319,1.315,1.36,1.308,29419.0
2022-05-30,1.319,1.332,1.337,1.316,20907.0
2022-05-31,1.327,1.368,1.37,1.322,28738.0
2022-06-01,1.368,1.371,1.374,1.361,22592.0
2022-06-02,1.373,1.398,1.399,1.365,10539.0
2022-06-06,1.399,1.437,1.438,1.399,25241.0
2022-06-07,1.432,1.427,1.437,1.305,20471.0
2022-06-08,1.426,1.426,1.442,1.408,8238.0
2022-06-09,1.426,1.41,1.426,1.385,17778.0
2022-06-10,1.405,1.415,1.415,1.384,17930.0
2022-06-13,1.41,1.401,1.413,1.357,19185.0
2022-06-14,1.401,1.385,1.401,1.343,13726.0
2022-06-15,1.385,1.411,1.43,1.385,47063.0
2022-06-16,1.404,1.419,1.431,1.404,26591.0
2022-06-17,1.419,1.418,1.419,1.39,27960.0
2022-06-20,1.432,1.429,1.468,1.404,30980.0
2022-06-21,1.429,1.428,1.439,1.413,25220.0
2022-06-22,1.433,1.404,1.433,1.39,36332.0
2022-06-23,1.404,1.41,1.41,1.382,35187.0
2022-06-24,1.423,1.433,1.438,1.423,3409.0
2022-06-27,1.439,1.442,1.458,1.439,36387.0
2022-06-28,1.446,1.478,1.483,1.423,43635.0
2022-06-29,1.478,1.51,1.51,1.463,40561.0
2022-06-30,1.478,1.469,1.51,1.458,74617.0
2022-07-01,1.469,1.462,1.479,1.456,13757.0
2022-07-04,1.462,1.448,1.462,1.433,17884.0
2022-07-05,1.448,1.438,1.451,1.417,27232.0
2022-07-06,1.438,1.449,1.454,1.422,32725.0
2022-07-07,1.444,1.44,1.457,1.417,34974.0
2022-07-08,1.444,1.442,1.462,1.425,13526.0
2022-07-11,1.428,1.409,1.438,1.399,9345.0
2022-07-12,1.409,1.384,1.48,1.384,18877.0
2022-07-13,1.371,1.378,1.426,1.369,9218.0
2022-07-14,1.37,1.386,1.418,1.37,21946.0
2022-07-15,1.383,1.381,1.401,1.378,14990.0
2022-07-18,1.373,1.389,1.393,1.362,38740.0
2022-07-19,1.391,1.4,1.4,1.384,15127.0
2022-07-20,1.4,1.409,1.413,1.4,2870.0
2022-07-21,1.412,1.417,1.43,1.409,4681.0
2022-07-22,1.421,1.408,1.422,1.392,10207.0
2022-07-25,1.408,1.388,1.408,1.384,7476.0
2022-07-26,1.384,1.394,1.394,1.379,2874.0
2022-07-27,1.394,1.394,1.394,1.385,14437.0
2022-07-28,1.408,1.415,1.425,1.408,4612.0
2022-07-29,1.425,1.393,1.425,1.393,4448.0
2022-08-01,1.38,1.413,1.413,1.373,5891.0
2022-08-02,1.405,1.384,1.405,1.37,9568.0
2022-08-03,1.379,1.398,1.522,1.379,16964.0
2022-08-04,1.399,1.412,1.418,1.399,15800.0
2022-08-05,1.432,1.471,1.472,1.42,10142.0
2022-08-08,1.471,1.476,1.498,1.463,26512.0
2022-08-09,1.47,1.478,1.479,1.453,15956.0
2022-08-10,1.479,1.461,1.485,1.457,7108.0
2022-08-11,1.461,1.497,1.498,1.461,14647.0
2022-08-12,1.497,1.478,1.497,1.478,9412.0
2022-08-15,1.478,1.466,1.478,1.463,4734.0
2022-08-16,1.463,1.458,1.471,1.454,12009.0
2022-08-17,1.454,1.472,1.476,1.447,12045.0
2022-08-18,1.468,1.479,1.484,1.461,7368.0
2022-08-19,1.486,1.452,1.486,1.452,5478.0
2022-08-22,1.452,1.463,1.47,1.452,7899.0
2022-08-23,1.46,1.453,1.461,1.45,4299.0
2022-08-24,1.45,1.402,1.45,1.401,8192.0
2022-08-25,1.406,1.398,1.407,1.386,18114.0
2022-08-26,1.41,1.394,1.412,1.391,7287.0
2022-08-29,1.381,1.385,1.391,1.379,12782.0
2022-08-30,1.391,1.388,1.402,1.381,19127.0
2022-08-31,1.388,1.374,1.388,1.366,10271.0
2022-09-01,1.378,1.367,1.388,1.364,15537.0
2022-09-02,1.365,1.38,1.387,1.365,11713.0
2022-09-05,1.38,1.376,1.38,1.358,39412.0
2022-09-06,1.375,1.38,1.38,1.366,23162.0
2022-09-07,1.384,1.39,1.397,1.384,5098.0
2022-09-08,1.39,1.403,1.403,1.378,23714.0
2022-09-09,1.403,1.385,1.403,1.369,7274.0
2022-09-13,1.388,1.386,1.407,1.385,4940.0
2022-09-14,1.373,1.375,1.379,1.365,6703.0
2022-09-15,1.375,1.349,1.379,1.337,34931.0
2022-09-16,1.349,1.336,1.376,1.336,6745.0
2022-09-19,1.349,1.316,1.349,1.31,5481.0
2022-09-20,1.314,1.313,1.322,1.309,11215.0
2022-09-21,1.313,1.305,1.313,1.287,13954.0
2022-09-22,1.3,1.305,1.309,1.195,15362.0
2022-09-23,1.292,1.271,1.293,1.261,7178.0
2022-09-26,1.28,1.26,1.28,1.256,19441.0
2022-09-27,1.273,1.283,1.284,1.264,21068.0
2022-09-28,1.271,1.253,1.275,1.253,1653.0
2022-09-29,1.265,1.254,1.272,1.245,8102.0
2022-09-30,1.256,1.235,1.257,1.235,17305.0
2022-10-10,1.237,1.188,1.237,1.185,13535.0
2022-10-11,1.18,1.184,1.212,1.178,29960.0
2022-10-12,1.186,1.222,1.222,1.172,30205.0
2022-10-13,1.217,1.23,1.255,1.217,20638.0
2022-10-14,1.234,1.257,1.261,1.234,23777.0
2022-10-17,1.262,1.284,1.286,1.262,20010.0
2022-10-18,1.279,1.276,1.284,1.268,19052.0
2022-10-19,1.271,1.264,1.276,1.264,12290.0
2022-10-20,1.259,1.28,1.295,1.252,24205.0
2022-10-21,1.28,1.28,1.286,1.268,22221.0
2022-10-24,1.292,1.271,1.306,1.263,16273.0
2022-10-25,1.283,1.259,1.283,1.249,551.0
2022-10-26,1.264,1.292,1.298,1.259,1981.0
2022-10-27,1.304,1.3,1.309,1.291,22365.0
2022-10-28,1.298,1.267,1.299,1.263,14807.0
2022-10-31,1.277,1.294,1.305,1.277,27204.0
2022-11-01,1.294,1.314,1.314,1.291,15342.0
2022-11-02,1.314,1.328,1.328,1.314,17061.0
2022-11-03,1.328,1.33,1.334,1.316,24132.0
2022-11-04,1.33,1.349,1.353,1.327,21568.0
2022-11-07,1.357,1.345,1.358,1.339,12174.0
2022-11-08,1.34,1.34,1.358,1.332,20956.0
2022-11-09,1.327,1.328,1.344,1.327,45132.0
2022-11-10,1.315,1.308,1.323,1.301,43424.0
2022-11-11,1.308,1.326,1.375,1.308,67949.0
2022-11-14,1.326,1.328,1.343,1.325,26855.0
2022-11-15,1.341,1.385,1.385,1.34,37143.0
2022-11-16,1.385,1.376,1.392,1.371,33865.0
2022-11-17,1.368,1.393,1.394,1.354,38064.0
2022-11-18,1.399,1.378,1.406,1.376,34684.0
2022-11-21,1.367,1.367,1.371,1.355,28222.0
2022-11-22,1.372,1.36,1.375,1.356,33838.0
2022-11-23,1.347,1.347,1.36,1.334,25939.0
2022-11-24,1.335,1.333,1.362,1.332,55601.0
2022-11-25,1.33,1.321,1.338,1.321,18360.0
2022-11-28,1.308,1.307,1.308,1.299,16087.0
2022-11-29,1.312,1.328,1.331,1.304,19736.0
2022-11-30,1.34,1.327,1.34,1.319,28071.0
2022-12-01,1.34,1.351,1.362,1.331,35284.0
2022-12-02,1.346,1.343,1.361,1.342,28629.0
2022-12-05,1.347,1.361,1.364,1.347,49814.0
2022-12-06,1.348,1.37,1.379,1.348,19355.0
2022-12-07,1.365,1.363,1.372,1.359,35251.0
2022-12-08,1.363,1.35,1.376,1.345,28193.0
2022-12-09,1.345,1.351,1.356,1.342,41444.0
2022-12-12,1.35,1.371,1.376,1.348,35710.0
2022-12-13,1.384,1.348,1.46,1.321,35935.0
2022-12-14,1.349,1.346,1.364,1.345,40224.0
2022-12-15,1.359,1.356,1.365,1.354,30076.0
2022-12-16,1.35,1.336,1.35,1.335,36735.0
2022-12-19,1.349,1.31,1.349,1.306,32483.0
2022-12-20,1.31,1.301,1.317,1.295,30597.0
2022-12-21,1.301,1.291,1.305,1.284,26109.0
2022-12-22,1.295,1.286,1.306,1.285,32991.0
2022-12-23,1.284,1.285,1.295,1.278,30831.0
2022-12-26,1.295,1.306,1.307,1.295,33997.0
2022-12-27,1.315,1.317,1.319,1.305,25538.0
2022-12-28,1.308,1.302,1.31,1.301,32904.0
2022-12-29,1.302,1.305,1.312,1.297,32470.0
2022-12-30,1.31,1.304,1.312,1.302,30108.0
2023-01-03,1.304,1.335,1.337,1.3,21646.0
2023-01-04,1.337,1.33,1.337,1.32,25901.0
2023-01-05,1.334,1.347,1.347,1.334,13540.0
2023-01-06,1.346,1.339,1.347,1.335,15031.0
2023-01-09,1.349,1.344,1.362,1.341,19261.0
2023-01-10,1.331,1.351,1.357,1.331,23810.0
2023-01-11,1.354,1.337,1.357,1.334,26113.0
2023-01-12,1.335,1.337,1.343,1.331,23096.0
2023-01-13,1.34,1.34,1.341,1.33,23667.0
2023-01-16,1.34,1.373,1.38,1.34,28899.0
2023-01-17,1.373,1.384,1.393,1.373,27883.0
2023-01-18,1.38,1.393,1.397,1.38,18332.0
2023-01-19,1.397,1.424,1.424,1.397,39651.0
2023-01-20,1.424,1.433,1.439,1.424,42855.0
2023-01-30,1.45,1.446,1.488,1.444,54732.0
2023-01-31,1.443,1.426,1.443,1.421,51573.0
2023-02-01,1.426,1.445,1.445,1.425,29924.0
2023-02-02,1.45,1.448,1.495,1.448,244877.0
2023-02-03,1.452,1.461,1.464,1.434,363828.0
2023-02-06,1.461,1.457,1.493,1.446,86361.0
2023-02-07,1.444,1.453,1.455,1.443,52560.0
2023-02-08,1.453,1.434,1.454,1.432,47310.0
2023-02-09,1.43,1.479,1.479,1.425,64655.0
2023-02-10,1.48,1.467,1.53,1.461,70499.0
2023-02-13,1.463,1.479,1.49,1.449,124838.0
2023-02-14,1.484,1.475,1.494,1.467,91021.0
2023-02-15,1.475,1.502,1.503,1.465,56535.0
2023-02-16,1.502,1.485,1.53,1.471,79569.0
2023-02-17,1.472,1.432,1.479,1.429,95800.0
2023-02-20,1.444,1.471,1.473,1.425,94915.0
2023-02-21,1.488,1.473,1.488,1.46,60404.0
2023-02-22,1.459,1.459,1.468,1.449,116980.0
2023-02-23,1.457,1.448,1.48,1.4,24899.0
2023-02-24,1.452,1.447,1.458,1.44,55893.0
2023-02-27,1.445,1.429,1.447,1.428,30204.0
2023-02-28,1.429,1.448,1.462,1.429,26988.0
2023-03-01,1.448,1.484,1.491,1.448,87655.0
2023-03-02,1.486,1.488,1.501,1.483,56263.0
2023-03-03,1.488,1.496,1.51,1.474,59117.0
2023-03-06,1.496,1.492,1.498,1.487,33110.0
2023-03-07,1.495,1.453,1.497,1.449,35868.0
2023-03-08,1.453,1.471,1.471,1.449,18646.0
2023-03-09,1.457,1.479,1.49,1.454,48075.0
2023-03-10,1.479,1.46,1.506,1.458,54904.0
2023-03-13,1.474,1.491,1.606,1.453,61607.0
2023-03-14,1.493,1.494,1.503,1.469,57084.0
2023-03-15,1.499,1.492,1.519,1.489,53133.0
2023-03-16,1.492,1.477,1.518,1.472,109253.0
2023-03-17,1.484,1.52,1.53,1.479,71548.0
2023-03-20,1.52,1.526,1.557,1.52,78293.0
2023-03-21,1.526,1.535,1.536,1.52,51083.0
2023-03-22,1.538,1.566,1.566,1.529,62057.0
2023-03-23,1.564,1.616,1.617,1.548,75795.0
2023-03-24,1.616,1.634,1.636,1.602,67445.0
2023-03-27,1.66,1.621,1.667,1.596,113145.0
2023-03-28,1.621,1.59,1.659,1.59,111322.0
2023-03-29,1.59,1.608,1.625,1.572,63493.0
2023-03-30,1.611,1.6,1.619,1.577,75171.0
2023-03-31,1.6,1.637,1.637,1.584,109978.0
2023-04-03,1.642,1.709,1.712,1.642,125027.0
2023-04-04,1.71,1.721,1.74,1.693,89648.0
2023-04-06,1.69,1.738,1.758,1.69,90872.0
2023-04-07,1.738,1.758,1.761,1.728,62372.0
2023-04-10,1.762,1.701,1.768,1.691,77033.0
2023-04-11,1.698,1.694,1.713,1.67,85494.0
2023-04-12,1.695,1.74,1.748,1.685,84218.0
2023-04-13,1.741,1.683,1.741,1.678,76928.0
2023-04-14,1.683,1.7,1.714,1.647,79716.0
2023-04-17,1.689,1.683,1.708,1.673,136907.0
2023-04-18,1.683,1.687,1.695,1.654,85918.0
2023-04-19,1.682,1.68,1.708,1.671,95760.0
2023-04-20,1.68,1.723,1.723,1.676,145902.0
2023-04-21,1.723,1.65,1.732,1.646,89727.0
2023-04-24,1.65,1.628,1.658,1.615,96895.0
2023-04-25,1.628,1.601,1.682,1.582,117748.0
2023-04-26,1.594,1.57,1.602,1.542,114640.0
2023-04-27,1.562,1.545,1.572,1.532,154159.0
2023-04-28,1.54,1.586,1.586,1.53,91069.0
2023-05-04,1.601,1.565,1.601,1.552,113151.0
2023-05-05,1.562,1.541,1.566,1.533,129351.0
2023-05-08,1.542,1.557,1.562,1.53,76481.0
2023-05-09,1.555,1.545,1.578,1.542,93649.0
2023-05-10,1.535,1.528,1.572,1.514,66989.0
2023-05-11,1.528,1.521,1.534,1.517,40841.0
2023-05-12,1.522,1.499,1.529,1.499,39046.0
2023-05-15,1.499,1.513,1.515,1.472,38390.0
2023-05-16,1.515,1.494,1.518,1.49,45050.0
2023-05-17,1.48,1.504,1.511,1.472,35174.0
2023-05-18,1.501,1.53,1.537,1.47,90142.0
2023-05-19,1.53,1.539,1.549,1.525,78764.0
2023-05-22,1.545,1.523,1.545,1.51,44631.0
2023-05-23,1.519,1.501,1.519,1.499,36780.0
2023-05-24,1.499,1.493,1.508,1.476,55083.0
2023-05-25,1.494,1.497,1.515,1.469,50801.0
2023-05-26,1.497,1.517,1.523,1.493,63526.0
2023-05-29,1.523,1.523,1.556,1.52,63471.0
2023-05-30,1.523,1.564,1.565,1.508,82602.0
2023-05-31,1.565,1.565,1.571,1.553,56322.0
2023-06-01,1.568,1.594,1.604,1.561,112751.0
2023-06-02,1.605,1.59,1.615,1.583,70803.0
2023-06-05,1.59,1.605,1.615,1.58,82722.0
2023-06-06,1.614,1.563,1.614,1.548,108864.0
2023-06-07,1.57,1.564,1.572,1.547,57352.0
2023-06-08,1.56,1.542,1.56,1.528,79758.0
2023-06-09,1.545,1.573,1.573,1.53,49942.0
2023-06-12,1.57,1.577,1.584,1.57,72147.0
2023-06-13,1.577,1.621,1.623,1.569,91827.0
2023-06-14,1.621,1.624,1.63,1.606,70319.0
2023-06-15,1.635,1.62,1.635,1.613,53377.0
2023-06-16,1.618,1.656,1.658,1.607,72441.0
2023-06-19,1.653,1.688,1.689,1.652,70510.0
2023-06-20,1.682,1.706,1.714,1.677,95821.0
2023-06-21,1.705,1.639,1.705,1.638,122430.0
2023-06-26,1.612,1.601,1.628,1.583,108765.0
2023-06-27,1.601,1.605,1.606,1.582,63975.0
2023-06-28,1.593,1.567,1.593,1.543,143470.0
2023-06-29,1.567,1.581,1.593,1.561,226387.0
2023-06-30,1.584,1.592,1.598,1.57,49013.0
2023-07-03,1.595,1.588,1.606,1.567,181593.0
2023-07-04,1.588,1.617,1.626,1.581,48549.0
2023-07-05,1.608,1.594,1.617,1.591,38424.0
2023-07-06,1.587,1.6,1.622,1.581,38150.0
2023-07-07,1.598,1.585,1.598,1.558,55795.0
2023-07-10,1.586,1.575,1.596,1.566,50222.0
2023-07-11,1.588,1.598,1.601,1.56,53116.0
2023-07-12,1.598,1.561,1.599,1.558,55072.0
2023-07-13,1.565,1.588,1.594,1.561,74954.0
2023-07-14,1.588,1.613,1.625,1.58,74471.0
2023-07-17,1.625,1.61,1.625,1.602,48337.0
2023-07-18,1.609,1.597,1.62,1.596,24190.0
2023-07-19,1.598,1.59,1.606,1.58,46065.0
2023-07-20,1.605,1.547,1.605,1.545,71042.0
2023-07-21,1.548,1.542,1.551,1.532,43657.0
2023-07-24,1.552,1.542,1.563,1.527,44633.0
2023-07-25,1.557,1.565,1.592,1.548,51866.0
2023-07-26,1.566,1.544,1.566,1.537,30034.0
2023-07-27,1.544,1.525,1.558,1.521,49342.0
2023-07-28,1.525,1.543,1.547,1.521,36792.0
2023-07-31,1.533,1.561,1.569,1.533,57077.0
2023-08-01,1.561,1.567,1.571,1.549,58735.0
2023-08-02,1.566,1.564,1.57,1.558,27318.0
2023-08-03,1.559,1.568,1.573,1.553,31950.0
2023-08-04,1.572,1.595,1.595,1.57,53060.0
2023-08-07,1.609,1.585,1.62,1.577,50544.0
2023-08-08,1.584,1.571,1.587,1.57,25505.0
2023-08-09,1.564,1.547,1.572,1.546,28801.0
2023-08-10,1.544,1.552,1.553,1.54,18679.0
2023-08-11,1.554,1.516,1.554,1.516,26144.0
2023-08-14,1.5,1.525,1.528,1.496,44094.0
2023-08-15,1.528,1.502,1.528,1.488,24307.0
2023-08-16,1.503,1.47,1.505,1.469,20083.0
2023-08-17,1.47,1.476,1.482,1.456,15217.0
2023-08-18,1.471,1.446,1.486,1.446,16528.0
2023-08-21,1.447,1.444,1.461,1.44,28469.0
2023-08-22,1.456,1.475,1.475,1.435,30271.0
2023-08-23,1.468,1.432,1.481,1.431,30195.0
2023-08-24,1.443,1.441,1.458,1.432,29554.0
2023-08-25,1.424,1.408,1.453,1.393,31135.0
2023-08-28,1.506,1.415,1.506,1.415,41348.0
2023-08-29,1.415,1.467,1.469,1.413,38119.0
2023-08-30,1.469,1.493,1.509,1.469,70237.0
2023-08-31,1.49,1.492,1.501,1.47,42380.0
2023-09-01,1.495,1.48,1.498,1.472,44711.0
2023-09-04,1.488,1.5,1.5,1.478,49828.0
2023-09-05,1.5,1.482,1.511,1.478,14463.0
2023-09-06,1.482,1.487,1.489,1.463,32003.0
2023-09-07,1.48,1.453,1.48,1.452,48920.0
2023-09-08,1.452,1.449,1.467,1.436,23567.0
2023-09-11,1.459,1.464,1.479,1.443,46892.0
2023-09-12,1.466,1.462,1.476,1.455,34844.0
2023-09-13,1.465,1.435,1.465,1.426,46392.0
2023-09-14,1.435,1.43,1.443,1.421,22370.0
2023-09-15,1.431,1.424,1.439,1.416,23852.0
2023-09-18,1.424,1.414,1.43,1.412,12596.0
2023-09-19,1.414,1.403,1.414,1.394,38599.0
2023-09-20,1.405,1.392,1.41,1.391,22350.0
2023-09-21,1.388,1.397,1.399,1.386,23428.0
2023-09-22,1.395,1.432,1.432,1.384,39654.0
2023-09-25,1.422,1.415,1.443,1.413,29406.0
2023-09-26,1.418,1.417,1.435,1.415,26574.0
2023-09-27,1.411,1.419,1.426,1.411,30972.0
2023-09-28,1.43,1.428,1.43,1.417,24233.0
2023-10-09,1.427,1.435,1.444,1.417,28779.0
2023-10-10,1.437,1.441,1.448,1.435,36257.0
2023-10-11,1.442,1.458,1.468,1.442,25972.0
2023-10-12,1.47,1.462,1.47,1.453,12676.0
2023-10-13,1.462,1.45,1.462,1.442,23816.0
2023-10-16,1.45,1.422,1.45,1.418,33999.0
2023-10-17,1.422,1.426,1.448,1.415,37512.0
2023-10-18,1.412,1.408,1.418,1.401,29071.0
2023-10-19,1.406,1.401,1.422,1.394,46555.0
2023-10-20,1.401,1.371,1.421,1.261,35224.0
2023-10-23,1.36,1.35,1.372,1.324,53928.0
2023-10-24,1.357,1.347,1.361,1.327,41988.0
2023-10-25,1.358,1.353,1.366,1.344,33280.0
2023-10-26,1.351,1.351,1.351,1.332,22260.0
2023-10-27,1.343,1.37,1.376,1.343,31180.0
2023-10-30,1.37,1.409,1.413,1.37,25790.0
2023-10-31,1.409,1.399,1.409,1.389,34087.0
2023-11-01,1.399,1.389,1.405,1.387,21934.0
2023-11-02,1.389,1.378,1.399,1.378,29176.0
2023-11-03,1.378,1.405,1.41,1.378,26909.0
2023-11-06,1.417,1.442,1.446,1.417,36403.0
2023-11-07,1.433,1.45,1.456,1.433,45036.0
2023-11-08,1.45,1.454,1.464,1.443,42778.0
2023-11-09,1.456,1.445,1.468,1.441,34905.0
2023-11-10,1.431,1.439,1.447,1.43,25084.0
2023-11-13,1.453,1.45,1.476,1.44,31091.0
2023-11-14,1.452,1.46,1.465,1.449,32196.0
2023-11-15,1.474,1.461,1.477,1.457,35045.0
2023-11-16,1.457,1.444,1.465,1.443,40932.0
2023-11-17,1.457,1.445,1.458,1.436,58910.0
2023-11-20,1.445,1.446,1.454,1.434,31073.0
2023-11-21,1.453,1.432,1.455,1.429,38665.0
2023-11-22,1.432,1.419,1.432,1.412,30868.0
2023-11-23,1.417,1.424,1.425,1.4,92810.0
2023-11-24,1.417,1.407,1.418,1.397,33252.0
2023-11-27,1.406,1.402,1.421,1.266,34257.0
2023-11-28,1.402,1.404,1.409,1.39,30591.0
2023-11-29,1.404,1.4,1.41,1.394,24910.0
2023-11-30,1.4,1.395,1.4,1.384,28486.0
2023-12-01,1.387,1.415,1.415,1.387,33162.0
2023-12-04,1.418,1.408,1.421,1.407,24050.0
2023-12-05,1.408,1.37,1.408,1.368,29813.0
2023-12-06,1.383,1.374,1.383,1.363,25222.0
2023-12-07,1.375,1.373,1.377,1.359,23579.0
2023-12-08,1.387,1.396,1.402,1.373,22833.0
2023-12-11,1.395,1.42,1.425,1.382,37858.0
2023-12-12,1.432,1.42,1.432,1.412,35762.0
2023-12-13,1.408,1.402,1.418,1.401,19200.0
2023-12-14,1.405,1.394,1.458,1.391,26640.0
2023-12-15,1.394,1.386,1.399,1.381,23657.0
2023-12-18,1.379,1.368,1.385,1.365,22254.0
2023-12-19,1.38,1.382,1.388,1.366,31525.0
2023-12-20,1.395,1.353,1.395,1.353,9132.0
2023-12-21,1.365,1.366,1.37,1.342,20837.0
2023-12-22,1.366,1.343,1.377,1.338,20520.0
2023-12-25,1.379,1.339,1.379,1.334,8925.0
2023-12-26,1.352,1.316,1.356,1.31,10495.0
2023-12-27,1.316,1.33,1.361,1.314,16706.0
2023-12-28,1.32,1.359,1.365,1.318,21199.0
2023-12-29,1.361,1.378,1.379,1.359,23437.0
2024-01-02,1.378,1.354,1.378,1.354,38793.0
2024-01-03,1.335,1.331,1.38,1.328,40496.0
2024-01-04,1.332,1.314,1.332,1.306,29336.0
2024-01-05,1.31,1.293,1.318,1.285,25005.0
2024-01-08,1.281,1.267,1.292,1.264,49406.0
2024-01-09,1.264,1.26,1.275,1.249,26268.0
2024-01-10,1.26,1.239,1.26,1.234,12900.0
2024-01-11,1.239,1.26,1.263,1.239,37184.0
2024-01-12,1.261,1.238,1.261,1.237,24058.0
2024-01-15,1.236,1.242,1.252,1.23,41987.0
2024-01-16,1.246,1.235,1.246,1.219,45682.0
2024-01-17,1.235,1.215,1.236,1.21,49491.0
2024-01-18,1.203,1.231,1.232,1.188,54448.0
2024-01-19,1.229,1.229,1.244,1.225,40302.0
2024-01-22,1.231,1.195,1.231,1.181,51340.0
2024-01-23,1.186,1.208,1.215,1.184,42145.0
2024-01-24,1.22,1.218,1.221,1.178,48338.0
2024-01-25,1.218,1.249,1.251,1.206,35365.0
2024-01-26,1.237,1.224,1.257,1.223,33091.0
2024-01-29,1.231,1.191,1.231,1.19,28739.0
2024-01-30,1.191,1.16,1.226,1.159,29731.0
2024-01-31,1.16,1.128,1.16,1.127,27460.0
2024-02-01,1.128,1.136,1.156,1.115,34181.0
2024-02-02,1.147,1.124,1.15,1.079,46737.0
2024-02-05,1.113,1.119,1.133,1.06,54181.0
2024-02-06,1.1,1.16,1.162,1.1,38884.0
2024-02-07,1.17,1.19,1.2,1.166,41066.0
2024-02-08,1.192,1.218,1.231,1.192,51617.0
2024-02-19,1.225,1.258,1.259,1.225,59063.0
2024-02-20,1.258,1.257,1.259,1.233,48672.0
2024-02-21,1.245,1.248,1.275,1.228,48248.0
2024-02-22,1.252,1.272,1.28,1.252,65605.0
2024-02-23,1.272,1.277,1.291,1.263,66656.0
2024-02-26,1.277,1.282,1.296,1.274,52619.0
2024-02-27,1.282,1.332,1.343,1.261,97278.0
2024-02-28,1.342,1.288,1.358,1.286,108016.0
2024-02-29,1.286,1.343,1.344,1.276,65411.0
2024-03-01,1.345,1.383,1.387,1.34,67033.0
2024-03-04,1.383,1.389,1.404,1.367,104872.0
2024-03-05,1.388,1.39,1.408,1.366,103379.0
2024-03-06,1.372,1.377,1.39,1.358,61182.0
2024-03-07,1.38,1.348,1.386,1.346,98053.0
2024-03-08,1.354,1.384,1.385,1.345,48852.0
2024-03-11,1.37,1.392,1.393,1.359,45607.0
2024-03-12,1.392,1.386,1.404,1.378,55791.0
2024-03-13,1.387,1.387,1.407,1.381,50957.0
2024-03-14,1.385,1.37,1.385,1.355,43871.0
2024-03-15,1.367,1.382,1.382,1.353,51633.0
2024-03-18,1.385,1.41,1.418,1.385,64318.0
2024-03-19,1.415,1.403,1.416,1.402,34243.0
2024-03-20,1.405,1.408,1.417,1.394,46776.0
2024-03-21,1.41,1.408,1.428,1.406,42922.0
2024-03-22,1.408,1.4,1.408,1.383,26600.0
2024-03-25,1.398,1.365,1.4,1.364,30644.0
2024-03-26,1.364,1.355,1.377,1.34,94590.0
2024-03-27,1.349,1.308,1.359,1.308,212566.0
2024-03-28,1.295,1.33,1.352,1.286,207977.0
2024-03-29,1.33,1.333,1.333,1.312,58186.0
2024-04-01,1.335,1.366,1.367,1.335,55831.0
2024-04-02,1.367,1.346,1.367,1.338,36174.0
2024-04-03,1.346,1.329,1.346,1.32,34322.0
2024-04-08,1.318,1.307,1.327,1.306,34191.0
2024-04-09,1.31,1.314,1.315,1.296,22614.0
2024-04-10,1.314,1.282,1.314,1.274,43713.0
2024-04-11,1.28,1.288,1.3,1.28,49709.0
2024-04-12,1.297,1.29,1.31,1.275,37578.0
2024-04-15,1.289,1.309,1.314,1.287,54637.0
2024-04-16,1.309,1.274,1.309,1.273,104150.0
2024-04-17,1.273,1.314,1.314,1.273,42630.0
2024-04-18,1.301,1.308,1.323,1.299,18252.0
2024-04-19,1.297,1.282,1.304,1.272,12585.0
2024-04-22,1.281,1.274,1.281,1.247,43072.0
2024-04-23,1.274,1.269,1.282,1.261,37590.0
2024-04-24,1.271,1.296,1.298,1.268,49180.0
2024-04-25,1.32,1.289,1.32,1.283,16046.0
2024-04-26,1.291,1.325,1.33,1.291,30228.0
2024-04-29,1.346,1.36,1.37,1.337,100631.0
2024-04-30,1.359,1.346,1.364,1.343,24296.0
2024-05-06,1.357,1.363,1.375,1.357,33932.0
2024-05-07,1.363,1.35,1.371,1.346,26115.0
2024-05-08,1.34,1.325,1.34,1.325,24600.0
2024-05-09,1.326,1.341,1.345,1.326,44672.0
2024-05-10,1.35,1.328,1.354,1.321,86148.0
2024-05-13,1.315,1.321,1.333,1.312,23152.0
2024-05-14,1.322,1.324,1.34,1.315,28963.0
2024-05-15,1.324,1.312,1.33,1.31,23417.0
2024-05-16,1.315,1.316,1.33,1.313,34782.0
2024-05-17,1.324,1.33,1.331,1.29,27257.0
2024-05-20,1.33,1.334,1.343,1.312,29977.0
2024-05-21,1.321,1.334,1.34,1.321,41655.0
2024-05-22,1.334,1.335,1.336,1.321,25571.0
2024-05-23,1.336,1.315,1.338,1.311,18493.0
2024-05-24,1.31,1.285,1.322,1.284,30472.0
2024-05-27,1.297,1.31,1.31,1.25,9420.0
2024-05-28,1.309,1.292,1.32,1.288,78634.0
2024-05-29,1.292,1.288,1.3,1.283,57682.0
2024-05-30,1.284,1.298,1.305,1.277,55008.0
2024-05-31,1.298,1.297,1.316,1.297,48816.0
2024-06-03,1.297,1.31,1.317,1.296,60991.0
2024-06-04,1.309,1.318,1.319,1.303,25135.0
2024-06-05,1.317,1.315,1.33,1.314,17194.0
2024-06-06,1.315,1.315,1.335,1.31,71637.0
2024-06-07,1.315,1.304,1.322,1.292,35756.0
2024-06-11,1.301,1.324,1.324,1.301,40463.0
2024-06-12,1.326,1.329,1.339,1.326,20497.0
2024-06-13,1.329,1.337,1.351,1.329,36004.0
2024-06-14,1.335,1.357,1.358,1.332,45421.0
2024-06-17,1.365,1.368,1.376,1.35,40692.0
2024-06-18,1.36,1.383,1.391,1.36,104012.0
2024-06-19,1.382,1.373,1.387,1.369,48401.0
2024-06-20,1.373,1.351,1.375,1.347,37722.0
2024-06-21,1.34,1.364,1.366,1.337,40998.0
2024-06-24,1.361,1.333,1.368,1.331,27215.0
2024-06-25,1.327,1.292,1.331,1.292,88444.0
2024-06-26,1.294,1.338,1.342,1.294,53301.0
2024-06-27,1.325,1.321,1.347,1.321,43896.0
2024-06-28,1.308,1.334,1.348,1.306,31367.0
2024-07-01,1.334,1.338,1.339,1.313,48500.0
2024-07-02,1.338,1.323,1.339,1.32,34760.0
2024-07-03,1.323,1.323,1.329,1.31,23951.0
2024-07-04,1.329,1.31,1.33,1.308,8880.0
2024-07-05,1.302,1.31,1.312,1.288,29703.0
2024-07-08,1.313,1.299,1.315,1.295,19825.0
2024-07-09,1.287,1.344,1.346,1.287,38392.0
2024-07-10,1.348,1.35,1.356,1.343,15547.0
2024-07-11,1.357,1.365,1.373,1.345,25400.0
2024-07-12,1.352,1.357,1.362,1.315,18489.0
2024-07-15,1.348,1.347,1.352,1.339,61162.0
2024-07-16,1.345,1.379,1.381,1.343,24370.0
2024-07-17,1.379,1.359,1.381,1.358,30135.0
2024-07-18,1.346,1.354,1.354,1.32,21369.0
2024-07-19,1.347,1.367,1.372,1.346,21827.0
2024-07-22,1.366,1.37,1.374,1.363,25660.0
2024-07-23,1.357,1.323,1.365,1.322,28291.0
2024-07-24,1.326,1.306,1.331,1.305,9560.0
2024-07-25,1.306,1.296,1.308,1.289,31580.0
2024-07-26,1.305,1.306,1.313,1.289,10758.0
2024-07-29,1.308,1.304,1.318,1.303,13278.0
2024-07-30,1.303,1.298,1.304,1.285,10926.0
2024-07-31,1.304,1.337,1.341,1.304,28605.0
2024-08-01,1.35,1.338,1.35,1.333,11153.0
2024-08-02,1.325,1.309,1.333,1.304,14874.0
2024-08-05,1.3,1.257,1.301,1.253,37608.0
2024-08-06,1.269,1.263,1.274,1.25,31486.0
2024-08-07,1.252,1.257,1.272,1.252,17824.0
2024-08-08,1.25,1.257,1.267,1.241,12626.0
2024-08-09,1.259,1.256,1.273,1.255,23630.0
2024-08-12,1.25,1.25,1.257,1.244,8698.0
2024-08-13,1.257,1.258,1.258,1.246,4574.0
2024-08-14,1.258,1.252,1.26,1.252,6018.0
2024-08-15,1.25,1.259,1.27,1.25,5395.0
2024-08-16,1.267,1.262,1.27,1.259,9959.0
2024-08-19,1.262,1.264,1.275,1.262,5156.0
2024-08-20,1.266,1.249,1.266,1.246,9083.0
2024-08-21,1.249,1.248,1.263,1.245,3714.0
2024-08-22,1.248,1.234,1.248,1.231,4160.0
2024-08-23,1.234,1.235,1.246,1.223,5946.0
2024-08-26,1.23,1.229,1.238,1.224,3624.0
2024-08-27,1.227,1.212,1.227,1.208,1724.0
2024-08-28,1.212,1.213,1.223,1.202,1003.0
2024-08-29,1.219,1.222,1.228,1.2,5212.0
2024-08-30,1.221,1.259,1.268,1.221,14766.0
2024-09-02,1.259,1.222,1.259,1.22,7263.0
2024-09-03,1.222,1.231,1.236,1.222,1481.0
2024-09-04,1.231,1.221,1.237,1.215,6491.0
2024-09-05,1.221,1.227,1.239,1.221,2397.0
2024-09-06,1.227,1.207,1.227,1.206,4684.0
2024-09-09,1.2,1.196,1.21,1.191,6588.0
2024-09-10,1.207,1.215,1.22,1.192,4564.0
2024-09-11,1.215,1.206,1.215,1.201,3883.0
2024-09-12,1.206,1.2,1.224,1.199,4137.0
2024-09-13,1.208,1.198,1.214,1.196,16288.0
2024-09-18,1.191,1.192,1.196,1.179,2753.0
2024-09-19,1.192,1.197,1.206,1.183,17402.0
2024-09-20,1.197,1.201,1.208,1.194,20240.0
2024-09-23,1.212,1.201,1.215,1.19,4356.0
2024-09-24,1.212,1.252,1.253,1.198,44602.0
2024-09-25,1.252,1.256,1.29,1.252,26540.0
2024-09-26,1.257,1.3,1.301,1.253,41149.0
2024-09-27,1.309,1.41,1.429,1.309,48796.0
2024-09-30,1.451,1.544,1.55,1.43,243132.0
2024-10-08,1.698,1.698,1.698,1.619,189081.0
2024-10-09,1.698,1.665,1.8,1.577,133338.0
2024-10-10,1.715,1.599,1.728,1.572,160936.0
2024-10-11,1.59,1.521,1.59,1.502,97357.0
2024-10-14,1.518,1.57,1.57,1.492,59789.0
2024-10-15,1.57,1.54,1.606,1.539,124987.0
2024-10-16,1.54,1.512,1.54,1.503,58256.0
2024-10-17,1.517,1.523,1.549,1.517,42503.0
2024-10-18,1.519,1.63,1.665,1.508,263444.0
2024-10-21,1.63,1.652,1.793,1.628,178050.0
2024-10-22,1.645,1.648,1.666,1.628,87654.0
2024-10-23,1.64,1.63,1.661,1.623,63614.0
2024-10-24,1.614,1.619,1.638,1.598,30991.0
2024-10-25,1.623,1.638,1.657,1.613,27607.0
2024-10-28,1.64,1.639,1.641,1.615,29512.0
2024-10-29,1.64,1.632,1.669,1.626,26152.0
2024-10-30,1.616,1.633,1.647,1.611,88070.0
2024-10-31,1.633,1.653,1.665,1.611,39701.0
2024-11-01,1.64,1.61,1.653,1.605,30054.0
2024-11-04,1.62,1.633,1.636,1.602,33725.0
2024-11-05,1.631,1.686,1.697,1.631,131470.0
2024-11-06,1.69,1.693,1.717,1.677,57504.0
2024-11-07,1.68,1.725,1.733,1.677,57609.0
2024-11-08,1.755,1.738,1.785,1.731,55412.0
2024-11-11,1.733,1.812,1.812,1.733,75076.0
2024-11-12,1.812,1.777,1.815,1.76,45904.0
2024-11-13,1.768,1.794,1.798,1.762,50661.0
2024-11-14,1.8,1.735,1.8,1.729,28218.0
2024-11-15,1.735,1.684,1.751,1.683,136441.0
2024-11-18,1.683,1.627,1.699,1.618,60854.0
2024-11-19,1.641,1.663,1.664,1.608,40252.0
2024-11-20,1.678,1.675,1.687,1.655,114417.0
2024-11-21,1.676,1.672,1.683,1.66,18568.0
2024-11-22,1.67,1.62,1.695,1.615,72301.0
2024-11-25,1.619,1.597,1.62,1.566,34182.0
2024-11-26,1.585,1.584,1.607,1.582,7515.0
2024-11-27,1.584,1.632,1.633,1.564,59381.0
2024-11-28,1.632,1.611,1.637,1.608,14977.0
2024-11-29,1.611,1.644,1.663,1.603,30051.0
2024-12-02,1.644,1.675,1.678,1.639,100769.0
2024-12-03,1.675,1.653,1.675,1.64,10480.0
2024-12-04,1.669,1.643,1.67,1.635,7271.0
2024-12-05,1.647,1.653,1.664,1.645,4907.0
2024-12-06,1.65,1.679,1.691,1.631,13582.0
2024-12-09,1.679,1.668,1.684,1.653,12112.0
2024-12-10,1.778,1.686,1.778,1.678,21746.0
2024-12-11,1.683,1.686,1.7,1.674,13561.0
2024-12-12,1.686,1.698,1.699,1.677,12919.0
2024-12-13,1.691,1.672,1.697,1.672,11906.0
2024-12-16,1.656,1.661,1.679,1.65,103552.0
2024-12-17,1.652,1.644,1.677,1.641,8941.0
2024-12-18,1.64,1.67,1.682,1.633,29924.0
2024-12-19,1.66,1.714,1.72,1.66,39071.0
2024-12-20,1.713,1.743,1.77,1.708,184511.0
2024-12-23,1.743,1.718,1.757,1.712,17540.0
2024-12-24,1.71,1.735,1.736,1.69,19353.0
2024-12-25,1.733,1.733,1.75,1.722,12874.0
2024-12-26,1.738,1.773,1.778,1.725,19578.0
2024-12-27,1.774,1.751,1.795,1.746,65476.0
2024-12-30,1.756,1.754,1.776,1.741,64098.0
2024-12-31,1.753,1.693,1.77,1.692,25579.0
2025-01-02,1.693,1.622,1.695,1.604,53971.0
2025-01-03,1.631,1.588,1.634,1.585,24529.0
2025-01-06,1.592,1.576,1.61,1.565,19663.0
2025-01-07,1.576,1.641,1.642,1.576,20309.0
2025-01-08,1.623,1.63,1.645,1.582,17602.0
2025-01-09,1.62,1.64,1.657,1.62,10098.0
2025-01-10,1.628,1.616,1.66,1.615,15073.0
2025-01-13,1.588,1.603,1.618,1.586,12529.0
2025-01-14,1.608,1.678,1.681,1.593,32972.0
2025-01-15,1.665,1.661,1.728,1.655,10509.0
2025-01-16,1.663,1.657,1.696,1.637,13216.0
2025-01-17,1.645,1.681,1.697,1.644,12972.0
2025-01-20,1.692,1.694,1.713,1.684,13732.0
2025-01-21,1.71,1.73,1.737,1.699,19637.0
2025-01-22,1.715,1.742,1.751,1.715,13561.0
2025-01-23,1.759,1.719,1.775,1.714,21963.0
2025-01-24,1.71,1.748,1.753,1.71,19219.0
2025-01-27,1.748,1.699,1.749,1.698,28608.0
2025-02-05,1.715,1.711,1.726,1.701,33457.0
2025-02-06,1.707,1.774,1.774,1.706,32415.0
2025-02-07,1.775,1.797,1.83,1.769,42692.0
2025-02-10,1.799,1.816,1.819,1.797,42459.0
2025-02-11,1.816,1.81,1.827,1.796,32034.0
2025-02-12,1.802,1.86,1.86,1.802,23693.0
2025-02-13,1.86,1.806,1.86,1.805,37054.0
2025-02-14,1.794,1.816,1.819,1.791,30967.0
2025-02-17,1.826,1.848,1.86,1.826,40417.0
2025-02-18,1.842,1.808,1.858,1.799,24677.0
2025-02-19,1.806,1.858,1.86,1.806,24818.0
2025-02-20,1.858,1.864,1.874,1.845,19722.0
2025-02-21,1.874,1.95,1.96,1.87,91048.0
2025-02-24,1.95,1.944,1.963,1.925,24469.0
2025-02-25,1.927,1.93,1.961,1.9,31860.0
2025-02-26,1.926,1.942,1.949,1.903,49302.0
2025-02-27,1.942,1.923,1.953,1.883,26182.0
2025-02-28,1.885,1.827,1.922,1.821,71472.0
2025-03-03,1.827,1.81,1.844,1.792,44544.0
2025-03-04,1.79,1.834,1.841,1.779,33764.0
2025-03-05,1.836,1.851,1.861,1.827,26488.0
2025-03-06,1.863,1.902,1.907,1.863,59727.0
2025-03-07,1.899,1.872,1.899,1.863,17306.0
2025-03-10,1.872,1.865,1.883,1.845,25796.0
2025-03-11,1.847,1.855,1.865,1.837,13558.0
2025-03-12,1.857,1.862,1.887,1.856,9642.0
2025-03-13,1.848,1.813,1.873,1.804,19805.0
2025-03-14,1.838,1.853,1.857,1.802,15535.0
2025-03-17,1.851,1.857,1.871,1.848,10003.0
2025-03-18,1.854,1.872,1.881,1.854,7932.0
2025-03-19,1.864,1.84,1.865,1.833,10173.0
2025-03-20,1.84,1.823,1.842,1.822,9141.0
2025-03-21,1.82,1.775,1.82,1.77,18557.0
2025-03-24,1.771,1.789,1.792,1.755,11728.0
2025-03-25,1.789,1.751,1.8,1.746,15766.0
2025-03-26,1.746,1.751,1.766,1.746,12427.0
2025-03-27,1.743,1.756,1.778,1.735,5711.0
2025-03-28,1.756,1.742,1.761,1.739,11137.0
2025-03-31,1.744,1.742,1.75,1.712,15643.0
2025-04-01,1.75,1.734,1.751,1.734,10450.0
2025-04-02,1.735,1.741,1.754,1.735,22697.0
2025-04-03,1.733,1.694,1.738,1.688,13631.0
2025-04-07,1.615,1.525,1.71,1.525,46155.0
2025-04-08,1.525,1.491,1.538,1.462,41722.0
2025-04-09,1.491,1.539,1.555,1.43,61066.0
2025-04-10,1.566,1.578,1.615,1.566,29809.0
2025-04-11,1.558,1.626,1.648,1.551,18259.0
2025-04-14,1.671,1.636,1.671,1.63,20685.0
2025-04-15,1.63,1.615,1.632,1.604,36194.0
2025-04-16,1.644,1.604,1.644,1.585,9698.0
2025-04-17,1.604,1.615,1.634,1.604,6237.0
2025-04-18,1.611,1.618,1.62,1.602,72272.0
2025-04-21,1.626,1.645,1.646,1.61,44098.0
2025-04-22,1.646,1.631,1.652,1.626,54794.0
2025-04-23,1.638,1.65,1.658,1.63,17511.0
2025-04-24,1.65,1.624,1.65,1.619,14566.0
2025-04-25,1.624,1.632,1.649,1.621,9259.0
2025-04-28,1.637,1.631,1.641,1.625,6087.0
2025-04-29,1.631,1.636,1.64,1.618,5048.0
2025-04-30,1.645,1.661,1.665,1.642,8684.0
2025-05-06,1.67,1.706,1.71,1.67,19446.0
2025-05-07,1.756,1.697,1.773,1.68,31097.0
2025-05-08,1.697,1.713,1.718,1.689,24389.0
2025-05-09,1.713,1.678,1.718,1.674,22011.0
2025-05-12,1.706,1.707,1.707,1.688,21990.0
2025-05-13,1.711,1.696,1.724,1.693,25594.0
2025-05-14,1.7,1.703,1.716,1.692,10525.0
2025-05-15,1.703,1.665,1.704,1.661,22429.0
2025-05-16,1.658,1.665,1.67,1.658,6889.0
2025-05-19,1.666,1.661,1.666,1.644,11211.0
2025-05-20,1.661,1.667,1.674,1.651,8770.0
2025-05-21,1.668,1.656,1.675,1.65,9740.0
2025-05-22,1.651,1.649,1.666,1.644,16899.0
2025-05-23,1.649,1.626,1.651,1.622,11280.0
2025-05-26,1.622,1.636,1.642,1.622,8180.0
2025-05-27,1.632,1.614,1.633,1.613,16326.0
2025-05-28,1.61,1.618,1.625,1.61,8091.0
2025-05-29,1.626,1.645,1.646,1.62,16523.0
2025-05-30,1.645,1.624,1.645,1.615,8613.0
2025-06-03,1.624,1.626,1.635,1.61,13005.0
2025-06-04,1.628,1.652,1.653,1.628,28874.0
2025-06-05,1.65,1.697,1.699,1.645,31086.0
2025-06-06,1.698,1.696,1.7,1.684,25825.0
2025-06-09,1.72,1.707,1.72,1.696,24200.0
2025-06-10,1.709,1.674,1.71,1.662,42814.0
2025-06-11,1.682,1.678,1.694,1.676,25125.0
2025-06-12,1.686,1.679,1.692,1.669,18161.0
2025-06-13,1.671,1.663,1.678,1.656,27177.0
2025-06-16,1.657,1.686,1.693,1.657,12513.0
2025-06-17,1.694,1.676,1.7,1.672,32573.0
2025-06-18,1.676,1.703,1.705,1.67,27396.0
2025-06-19,1.707,1.696,1.715,1.685,39022.0
2025-06-20,1.697,1.678,1.697,1.673,16912.0
2025-06-23,1.666,1.683,1.69,1.662,16077.0
2025-06-24,1.683,1.712,1.714,1.683,19877.0
2025-06-25,1.728,1.745,1.75,1.716,25727.0
2025-06-26,1.748,1.742,1.77,1.741,21659.0
2025-06-27,1.75,1.763,1.775,1.73,21409.0
2025-06-30,1.763,1.796,1.796,1.763,24239.0
2025-07-01,1.796,1.787,1.796,1.776,19341.0
2025-07-02,1.772,1.755,1.773,1.746,24012.0
2025-07-03,1.75,1.783,1.786,1.745,18097.0
2025-07-04,1.766,1.777,1.801,1.766,22161.0
2025-07-07,1.784,1.763,1.784,1.754,10669.0
2025-07-08,1.752,1.81,1.81,1.752,31183.0
2025-07-09,1.802,1.794,1.814,1.789,13952.0
2025-07-10,1.794,1.794,1.8,1.78,11103.0
2025-07-11,1.794,1.802,1.809,1.78,25705.0
2025-07-14,1.802,1.801,1.811,1.792,9724.0
2025-07-15,1.797,1.849,1.849,1.797,30430.0
2025-07-16,1.84,1.846,1.875,1.84,24030.0
2025-07-17,1.841,1.892,1.892,1.84,34526.0
2025-07-18,1.894,1.883,1.914,1.873,26829.0
2025-07-21,1.882,1.888,1.889,1.866,17416.0
2025-07-22,1.888,1.881,1.9,1.87,29434.0
2025-07-23,1.88,1.878,1.894,1.865,36022.0
2025-07-24,1.878,1.905,1.905,1.878,28083.0
2025-07-25,1.905,1.933,1.933,1.896,56034.0
2025-07-28,1.932,1.943,1.95,1.914,22036.0
2025-07-29,1.934,1.982,1.982,1.934,26372.0
2025-07-30,1.983,1.97,1.984,1.954,28489.0
2025-07-31,1.97,1.961,2.01,1.956,48919.0
2025-08-01,1.954,1.943,1.978,1.921,43629.0
2025-08-04,1.931,1.95,1.951,1.924,25415.0
2025-08-05,1.958,1.959,1.973,1.94,26851.0
2025-08-06,1.959,1.977,1.977,1.95,11929.0
2025-08-07,1.977,1.974,1.999,1.956,34896.0
2025-08-08,1.974,1.947,1.974,1.944,32297.0
2025-08-11,1.948,1.985,1.991,1.948,16968.0
2025-08-12,1.982,2.03,2.032,1.98,35403.0
2025-08-13,2.031,2.098,2.099,2.03,92730.0
2025-08-14,2.099,2.08,2.125,2.075,47621.0
2025-08-15,2.078,2.112,2.112,2.068,27786.0
2025-08-18,2.12,2.177,2.197,2.103,36994.0
2025-08-19,2.178,2.181,2.205,2.165,36562.0
2025-08-20,2.179,2.234,2.234,2.142,77449.0
2025-08-21,2.23,2.223,2.263,2.207,71274.0
2025-08-22,2.214,2.351,2.359,2.214,117256.0
2025-08-25,2.388,2.42,2.448,2.36,106769.0
2025-08-26,2.415,2.407,2.435,2.384,59849.0
2025-08-27,2.43,2.429,2.532,2.42,114150.0
2025-08-28,2.427,2.586,2.65,2.418,144969.0
2025-08-29,2.568,2.572,2.58,2.517,86602.0
2025-09-01,2.518,2.639,2.648,2.518,82084.0
2025-09-02,2.633,2.535,2.659,2.506,111357.0
2025-09-03,2.514,2.515,2.555,2.477,76741.0
2025-09-04,2.538,2.347,2.549,2.307,84805.0
2025-09-05,2.332,2.46,2.468,2.325,67119.0
2025-09-08,2.469,2.428,2.469,2.368,98237.0
2025-09-09,2.378,2.363,2.435,2.344,48669.0
2025-09-10,2.368,2.427,2.451,2.368,50855.0
2025-09-11,2.435,2.613,2.615,2.432,93981.0
2025-09-12,2.613,2.617,2.648,2.57,51873.0
2025-09-15,2.618,2.602,2.63,2.59,70851.0
2025-09-16,2.596,2.636,2.65,2.596,104473.0
2025-09-17,2.636,2.663,2.678,2.606,52272.0
2025-09-18,2.664,2.69,2.766,2.64,84725.0
2025-09-19,2.691,2.686,2.736,2.671,45992.0
2025-09-22,2.689,2.78,2.788,2.662,82677.0
2025-09-23,2.81,2.784,2.88,2.698,90769.0
2025-09-24,2.744,2.841,2.88,2.506,79872.0
2025-09-25,2.832,2.875,2.897,2.799,82057.0
2025-09-26,2.849,2.79,2.876,2.784,62926.0
2025-09-29,2.771,2.83,2.841,2.77,37127.0
2025-09-30,2.843,2.852,2.888,2.833,49290.0
2025-10-09,2.858,2.898,2.969,2.858,54905.0
2025-10-10,2.864,2.773,2.895,2.752,68864.0
2025-10-13,2.58,2.761,2.773,2.58,31987.0
2025-10-14,2.771,2.618,2.795,2.612,69826.0
2025-10-15,2.594,2.681,2.683,2.578,56114.0
2025-10-16,2.675,2.669,2.719,2.656,29931.0
2025-10-17,2.669,2.569,2.695,2.562,48117.0
2025-10-20,2.613,2.62,2.68,2.597,40602.0
2025-10-21,2.621,2.73,2.735,2.613,52060.0
2025-10-22,2.7,2.714,2.739,2.68,48164.0
2025-10-23,2.699,2.687,2.712,2.641,30696.0
2025-10-24,2.704,2.822,2.824,2.704,59700.0
2025-10-27,2.879,2.919,2.934,2.852,47071.0
2025-10-28,2.889,2.906,2.964,2.878,64645.0
2025-10-29,2.941,2.945,2.962,2.896,45219.0
2025-10-30,2.918,2.87,2.953,2.868,65910.0
2025-10-31,2.872,2.761,2.874,2.756,67299.0
2025-11-03,2.713,2.751,2.758,2.688,41738.0
2025-11-04,2.751,2.718,2.783,2.701,32261.0
2025-11-05,2.668,2.701,2.72,2.648,60236.0
2025-11-06,2.712,2.797,2.8,2.712,68273.0
2025-11-07,2.78,2.748,2.78,2.73,30783.0
2025-11-10,2.745,2.719,2.769,2.666,55495.0
2025-11-11,2.73,2.653,2.746,2.651,27255.0
2025-11-12,2.625,2.652,2.658,2.603,22992.0
2025-11-13,2.648,2.662,2.668,2.625,27055.0
2025-11-14,2.63,2.586,2.633,2.58,20255.0
2025-11-17,2.569,2.594,2.627,2.566,14783.0
2025-11-18,2.575,2.6,2.639,2.563,19983.0
2025-11-19,2.621,2.593,2.628,2.578,28157.0
2025-11-20,2.632,2.576,2.657,2.574,25280.0
2025-11-21,2.57,2.469,2.57,2.465,38426.0
2025-11-24,2.474,2.47,2.493,2.427,33888.0
2025-11-25,2.486,2.526,2.569,2.486,38918.0
2025-11-26,2.525,2.596,2.633,2.501,38383.0
2025-11-27,2.596,2.591,2.675,2.585,36203.0
2025-11-28,2.587,2.612,2.622,2.567,30471.0
2025-12-01,2.613,2.66,2.662,2.583,23875.0
2025-12-02,2.654,2.641,2.67,2.63,15819.0
2025-12-03,2.639,2.617,2.67,2.611,21617.0
2025-12-04,2.598,2.653,2.654,2.582,31185.0
2025-12-05,2.649,2.666,2.671,2.621,41467.0
2025-12-08,2.664,2.75,2.77,2.664,36993.0
2025-12-09,2.742,2.783,2.805,2.734,43233.0
2025-12-10,2.779,2.783,2.81,2.715,41681.0
2025-12-11,2.785,2.716,2.787,2.714,47196.0
2025-12-12,2.715,2.753,2.764,2.68,18448.0
2025-12-15,2.76,2.681,2.76,2.68,31298.0
2025-12-16,2.674,2.636,2.692,2.618,63280.0
2025-12-17,2.623,2.737,2.738,2.62,45913.0
2025-12-18,2.692,2.689,2.74,2.689,40467.0
2025-12-19,2.701,2.69,2.727,2.68,18833.0
2025-12-22,2.697,2.776,2.782,2.697,57357.0
2025-12-23,2.77,2.794,2.807,2.768,39062.0
2025-12-24,2.796,2.835,2.836,2.787,54637.0
2025-12-25,2.83,2.821,2.853,2.797,44111.0
2025-12-26,2.82,2.806,2.829,2.786,33199.0
2025-12-29,2.806,2.822,2.85,2.798,30816.0
2025-12-30,2.81,2.836,2.863,2.809,32805.0
2025-12-31,2.836,2.8,2.849,2.792,68295.0
2026-01-05,2.815,2.895,2.896,2.815,37968.0
2026-01-06,2.884,2.926,2.943,2.874,48709.0
2026-01-07,2.937,2.964,2.977,2.924,58810.0
2026-01-08,2.96,2.939,2.991,2.923,35494.0
2026-01-09,2.936,2.964,2.965,2.88,36793.0
2026-01-12,2.965,3.038,3.04,2.94,28094.0
2026-01-13,3.037,2.935,3.043,2.92,36018.0
2026-01-14,2.936,2.987,3.029,2.936,49416.0
2026-01-15,2.969,3.022,3.022,2.942,27329.0
2026-01-16,3.05,3.079,3.09,3.03,24600.0
2026-01-19,3.08,3.059,3.097,3.052,29937.0
2026-01-20,3.067,3.005,3.067,2.98,31885.0
2026-01-21,2.996,3.089,3.1,2.972,37639.0
2026-01-22,3.109,3.114,3.153,3.07,20406.0
2026-01-23,3.1,3.093,3.103,3.052,33970.0
2026-01-26,3.08,3.048,3.13,3.041,31748.0
2026-01-27,3.029,3.125,3.146,3.011,35594.0
2026-01-28,3.14,3.13,3.167,3.102,43811.0
2026-01-29,3.109,3.05,3.14,3.04,60151.0
2026-01-30,3.02,3.098,3.141,2.975,98993.0
2026-02-02,3.07,2.959,3.101,2.957,65317.0
2026-02-03,3.009,3.014,3.039,2.934,48127.0
2026-02-04,2.985,2.945,2.985,2.901,43999.0
2026-02-05,2.886,2.902,2.923,2.869,43530.0
2026-02-06,2.87,2.874,2.923,2.837,36967.0
2026-02-09,2.923,2.986,2.989,2.923,28629.0
2026-02-10,2.989,3.009,3.034,2.969,43382.0
2026-02-11,3.014,2.972,3.015,2.964,28973.0
2026-02-12,2.97,3.02,3.022,2.97,23836.0
2026-02-13,2.986,3.006,3.035,2.983,25735.0
2026-02-24,3.04,3.041,3.074,3.005,51115.0
2026-02-25,3.041,3.064,3.07,3.012,40853.0
2026-02-26,3.077,3.132,3.145,3.05,58191.0
2026-02-27,3.077,3.097,3.103,3.052,93309.0
2026-03-02,3.039,3.075,3.1,3.03,45888.0
2026-03-03,3.075,2.933,3.097,2.927,38320.0
2026-03-04,2.888,2.914,2.974,2.888,33774.0
2026-03-05,2.961,2.967,3.023,2.942,37021.0
2026-03-06,2.937,2.96,2.989,2.93,58179.0
2026-03-09,2.898,2.899,2.913,2.8,28056.0
2026-03-10,2.94,2.998,3.0,2.94,22894.0
2026-03-11,2.999,2.98,3.042,2.972,33728.0
2026-03-12,2.97,2.941,3.005,2.908,49726.0
2026-03-13,2.913,2.915,2.953,2.897,46855.0
2026-03-16,2.914,2.952,2.958,2.86,31719.0
2026-03-17,2.961,2.871,2.97,2.861,25113.0
2026-03-18,2.88,2.951,2.954,2.88,14894.0
2026-03-19,2.911,2.891,2.929,2.876,23915.0
2026-03-20,2.915,2.883,2.956,2.881,62427.0
2026-03-23,2.811,2.75,2.839,2.747,54724.0
2026-03-24,2.775,2.795,2.796,2.701,33112.0
2026-03-25,2.81,2.882,2.908,2.81,45327.0
2026-03-26,2.883,2.829,2.885,2.811,52315.0
2026-03-27,2.777,2.826,2.85,2.75,22884.0
2026-03-30,2.773,2.827,2.831,2.769,22415.0
2026-03-31,2.799,2.749,2.828,2.749,33181.0
2026-04-01,2.776,2.843,2.847,2.776,62629.0
2026-04-02,2.815,2.766,2.834,2.747,42258.0
2026-04-03,2.774,2.784,2.82,2.774,29362.0
2026-04-07,2.79,2.813,2.828,2.789,41521.0
2026-04-08,2.91,3.008,3.009,2.888,31353.0
2026-04-09,2.947,3.016,3.039,2.947,53909.0
2026-04-10,3.016,3.089,3.11,3.016,49114.0
2026-04-13,3.063,3.106,3.126,3.059,48739.0
2026-04-14,3.136,3.185,3.209,3.136,32729.0
2026-04-15,3.2,3.148,3.222,3.127,42967.0
2026-04-16,3.148,3.23,3.23,3.144,83855.0
2026-04-17,3.235,3.296,3.307,3.23,39986.0
2026-04-20,3.297,3.352,3.367,3.297,31639.0
2026-04-21,3.326,3.333,3.342,3.269,57321.0
2026-04-22,3.332,3.466,3.468,3.313,63180.0
2026-04-23,3.473,3.424,3.497,3.374,61092.0
2026-04-24,3.382,3.385,3.432,3.338,59225.0
2026-04-27,3.417,3.485,3.501,3.417,49829.0
2026-04-28,3.51,3.44,3.51,3.412,40574.0
2026-04-29,3.43,3.458,3.46,3.364,30607.0
2026-04-30,3.489,3.516,3.53,3.443,40109.0
2026-05-06,3.593,3.649,3.727,3.593,42804.0
2026-05-07,3.661,3.744,3.758,3.64,116135.0
2026-05-08,3.724,3.71,3.734,3.673,58761.0
2026-05-11,3.773,3.881,3.894,3.765,51473.0
2026-05-12,3.901,3.912,3.932,3.852,38742.0
