date,open,close,high,low,volume
2016-08-08,0.987,1.017,1.02,0.977,2300057.98
2016-08-09,1.012,1.016,1.017,1.01,474880.32
2016-08-10,1.015,1.013,1.023,1.011,361996.25
2016-08-11,1.013,0.996,1.013,0.995,220937.86
2016-08-12,0.998,1.001,1.003,0.992,125584.3
2016-08-15,1.003,1.022,1.028,1.0,659481.62
2016-08-16,1.025,1.029,1.035,1.025,279838.38
2016-08-17,1.033,1.039,1.049,1.024,517126.3
2016-08-18,1.04,1.033,1.04,1.027,207218.0
2016-08-19,1.034,1.031,1.035,1.024,208889.0
2016-08-22,1.031,1.005,1.032,1.002,319649.55
2016-08-23,1.006,1.01,1.016,1.004,136778.18
2016-08-24,1.01,1.018,1.025,1.01,281687.23
2016-08-25,1.01,1.01,1.015,0.998,149523.0
2016-08-26,1.01,1.012,1.021,1.01,161435.64
2016-08-29,1.021,1.018,1.03,1.015,249004.66
2016-08-30,1.018,1.027,1.034,1.015,301808.49
2016-08-31,1.026,1.023,1.026,1.014,154971.11
2016-09-01,1.022,1.013,1.025,1.012,246948.44
2016-09-02,1.012,1.001,1.012,0.996,318647.0
2016-09-05,1.003,1.003,1.008,0.999,199581.6
2016-09-06,1.003,1.012,1.014,0.994,221026.45
2016-09-07,1.012,1.019,1.026,1.012,452522.45
2016-09-08,1.015,1.02,1.022,1.015,145515.45
2016-09-09,1.02,1.018,1.026,1.016,126196.0
2016-09-12,1.014,0.992,1.014,0.987,488138.0
2016-09-13,0.992,0.994,0.996,0.986,116945.0
2016-09-14,0.991,0.987,0.991,0.984,139525.0
2016-09-19,0.989,0.992,0.994,0.988,120284.0
2016-09-20,0.992,0.986,0.992,0.984,110902.58
2016-09-21,0.986,0.989,0.991,0.985,169811.6
2016-09-22,0.991,0.99,0.993,0.989,117505.0
2016-09-23,0.991,0.987,0.991,0.986,114604.0
2016-09-26,0.987,0.962,0.987,0.961,160599.0
2016-09-27,0.96,0.963,0.964,0.953,177666.0
2016-09-28,0.961,0.965,0.968,0.96,90511.71
2016-09-29,0.966,0.966,0.971,0.965,71801.0
2016-09-30,0.965,0.971,0.973,0.965,61285.0
2016-10-10,0.976,0.996,0.996,0.975,189590.0
2016-10-11,1.001,1.007,1.01,0.999,180640.0
2016-10-12,1.007,1.006,1.007,1.001,80434.12
2016-10-13,0.999,1.006,1.01,0.999,124524.0
2016-10-14,1.009,1.006,1.009,0.995,130080.0
2016-10-17,1.008,0.992,1.011,0.989,187446.0
2016-10-18,0.992,1.005,1.005,0.989,123608.0
2016-10-19,1.005,1.008,1.013,1.002,283232.0
2016-10-20,1.008,1.007,1.015,1.006,291072.0
2016-10-21,1.007,1.006,1.01,0.999,102436.0
2016-10-24,1.007,1.014,1.015,1.003,180476.0
2016-10-25,1.014,1.012,1.016,1.01,162601.0
2016-10-26,1.012,1.005,1.012,1.003,113652.75
2016-10-27,1.005,1.005,1.009,1.003,265792.0
2016-10-28,1.005,0.998,1.011,0.998,235291.0
2016-10-31,1.0,0.995,1.0,0.991,157664.0
2016-11-01,0.996,0.998,1.001,0.994,196307.0
2016-11-02,0.998,0.994,1.003,0.991,166815.0
2016-11-03,0.993,0.996,1.004,0.988,257538.99
2016-11-04,0.998,0.989,1.0,0.987,193022.99
2016-11-07,0.988,0.985,0.991,0.984,119007.0
2016-11-08,0.989,0.991,0.995,0.986,158471.0
2016-11-09,0.99,0.982,0.993,0.972,157538.0
2016-11-10,0.982,0.994,0.995,0.982,139867.8
2016-11-11,0.992,0.998,0.998,0.988,171716.88
2016-11-14,0.998,1.005,1.006,0.996,157111.0
2016-11-15,1.004,1.005,1.007,1.0,154116.39
2016-11-16,1.004,1.003,1.008,1.003,153930.49
2016-11-17,1.003,1.007,1.009,1.0,176999.0
2016-11-18,1.003,1.003,1.011,1.003,156800.81
2016-11-21,1.003,1.004,1.009,1.002,159412.0
2016-11-22,1.005,1.008,1.008,1.002,178003.0
2016-11-23,1.007,1.011,1.019,1.007,224753.93
2016-11-24,1.008,1.0,1.01,1.0,180344.92
2016-11-25,0.998,1.007,1.008,0.992,162731.47
2016-11-28,1.007,1.008,1.013,1.007,150032.0
2016-11-29,1.007,1.014,1.019,1.006,183589.33
2016-11-30,1.013,1.005,1.013,1.002,163472.54
2016-12-01,1.006,1.017,1.022,1.006,151258.53
2016-12-02,1.018,1.003,1.022,1.002,149070.0
2016-12-05,1.003,1.004,1.023,0.993,155262.0
2016-12-06,1.004,1.007,1.011,1.002,115061.75
2016-12-07,1.007,1.02,1.022,1.005,160673.0
2016-12-08,1.02,1.005,1.02,1.004,150508.0
2016-12-09,1.004,1.001,1.006,0.997,163300.0
2016-12-12,1.002,0.96,1.005,0.955,217305.0
2016-12-13,0.961,0.972,0.977,0.956,135224.51
2016-12-14,0.973,0.978,0.988,0.962,128756.79
2016-12-15,0.971,0.987,0.999,0.971,176418.79
2016-12-16,0.987,0.984,0.989,0.981,103589.16
2016-12-19,0.984,0.981,0.989,0.977,102932.0
2016-12-20,0.982,0.975,0.982,0.97,137841.0
2016-12-21,0.976,0.992,0.996,0.976,153917.0
2016-12-22,0.992,0.992,0.995,0.988,132069.51
2016-12-23,0.993,0.99,1.0,0.99,125911.98
2016-12-26,0.99,0.992,0.992,0.975,123984.98
2016-12-27,0.991,0.988,0.993,0.988,101208.0
2016-12-28,0.988,0.985,0.991,0.983,166275.67
2016-12-29,0.983,0.984,0.988,0.979,130225.67
2016-12-30,0.984,0.978,0.984,0.976,118066.0
2017-01-03,0.98,1.004,1.004,0.979,209973.0
2017-01-04,1.0,1.013,1.014,0.999,105076.64
2017-01-05,1.015,1.024,1.028,1.008,301207.0
2017-01-06,1.023,1.017,1.03,1.017,150574.84
2017-01-09,1.017,1.048,1.055,1.014,260966.38
2017-01-10,1.05,1.035,1.052,1.033,212331.29
2017-01-11,1.04,1.036,1.046,1.033,126547.29
2017-01-12,1.036,1.021,1.036,1.02,120742.2
2017-01-13,1.019,1.01,1.029,1.005,147571.0
2017-01-16,1.01,0.981,1.01,0.951,318538.29
2017-01-17,0.977,0.996,0.997,0.967,198123.0
2017-01-18,0.994,0.992,1.0,0.99,87548.0
2017-01-19,0.986,0.981,0.989,0.98,87945.0
2017-01-20,0.98,0.995,0.997,0.98,117026.0
2017-01-23,1.0,1.013,1.021,1.0,141728.0
2017-01-24,1.014,1.008,1.014,1.002,106639.74
2017-01-25,1.01,1.008,1.01,1.002,113782.0
2017-01-26,1.008,1.019,1.019,1.008,113834.0
2017-02-03,1.02,1.023,1.03,1.014,88361.0
2017-02-06,1.023,1.033,1.033,1.017,141572.4
2017-02-07,1.033,1.023,1.033,1.017,110969.0
2017-02-08,1.021,1.043,1.043,1.018,147164.0
2017-02-09,1.041,1.043,1.044,1.036,104809.0
2017-02-10,1.042,1.036,1.044,1.034,115656.0
2017-02-13,1.036,1.037,1.041,1.028,105195.0
2017-02-14,1.038,1.034,1.045,1.03,102852.0
2017-02-15,1.032,1.02,1.032,1.016,137441.0
2017-02-16,1.02,1.025,1.029,1.019,129443.0
2017-02-17,1.024,1.031,1.035,1.02,150931.4
2017-02-20,1.035,1.038,1.038,1.029,117566.64
2017-02-21,1.035,1.041,1.041,1.031,127388.64
2017-02-22,1.041,1.037,1.042,1.034,85856.33
2017-02-23,1.034,1.031,1.038,1.026,84876.0
2017-02-24,1.03,1.041,1.043,1.028,113151.0
2017-02-27,1.043,1.032,1.043,1.03,103694.0
2017-02-28,1.032,1.035,1.037,1.031,115909.0
2017-03-01,1.035,1.044,1.05,1.034,96803.34
2017-03-02,1.043,1.037,1.046,1.036,121458.34
2017-03-03,1.036,1.043,1.048,1.033,96870.0
2017-03-06,1.045,1.057,1.058,1.044,145647.34
2017-03-07,1.059,1.054,1.059,1.048,111304.0
2017-03-08,1.055,1.057,1.069,1.053,149519.0
2017-03-09,1.059,1.046,1.059,1.043,98058.0
2017-03-10,1.045,1.04,1.049,1.037,90857.0
2017-03-13,1.039,1.049,1.05,1.039,90066.0
2017-03-14,1.049,1.048,1.054,1.047,108593.0
2017-03-15,1.048,1.041,1.048,1.039,98722.3
2017-03-16,1.04,1.05,1.05,1.04,112359.0
2017-03-17,1.051,1.042,1.055,1.041,130870.0
2017-03-20,1.042,1.041,1.045,1.034,96104.37
2017-03-21,1.04,1.04,1.041,1.037,97844.0
2017-03-22,1.037,1.029,1.038,1.029,123150.0
2017-03-23,1.03,1.036,1.038,1.023,175811.34
2017-03-24,1.035,1.041,1.041,1.031,114047.5
2017-03-27,1.04,1.047,1.049,1.039,101856.0
2017-03-28,1.049,1.043,1.05,1.042,82947.0
2017-03-29,1.042,1.043,1.049,1.038,86546.88
2017-03-30,1.042,1.024,1.044,1.021,107215.0
2017-03-31,1.022,1.044,1.05,1.022,111275.0
2017-04-05,1.041,1.058,1.059,1.037,106377.0
2017-04-06,1.055,1.057,1.06,1.052,85277.0
2017-04-07,1.059,1.07,1.078,1.059,108082.0
2017-04-10,1.094,1.072,1.096,1.064,299378.0
2017-04-11,1.076,1.118,1.127,1.069,457943.0
2017-04-12,1.13,1.104,1.15,1.1,1054292.0
2017-04-13,1.086,1.095,1.103,1.086,206854.0
2017-04-14,1.097,1.084,1.109,1.081,332227.6
2017-04-17,1.083,1.053,1.083,1.05,222912.6
2017-04-18,1.054,1.044,1.064,1.043,185509.0
2017-04-19,1.046,1.028,1.046,1.016,226672.0
2017-04-20,1.028,1.025,1.035,1.012,165966.0
2017-04-21,1.026,1.015,1.028,1.013,205781.0
2017-04-24,1.017,0.988,1.017,0.987,295496.0
2017-04-25,0.99,0.997,0.999,0.975,239881.0
2017-04-26,0.997,0.987,0.999,0.985,235589.0
2017-04-27,0.987,0.979,0.987,0.955,415820.0
2017-04-28,0.976,0.987,0.988,0.976,173892.0
2017-05-02,0.989,0.979,0.989,0.976,88646.0
2017-05-03,0.979,0.981,0.986,0.973,111123.0
2017-05-04,0.979,0.965,0.979,0.963,114157.0
2017-05-05,0.965,0.939,0.969,0.936,241166.0
2017-05-08,0.943,0.903,0.944,0.902,216599.0
2017-05-09,0.903,0.911,0.914,0.896,182330.0
2017-05-10,0.912,0.882,0.913,0.881,200074.0
2017-05-11,0.88,0.876,0.881,0.85,243745.0
2017-05-12,0.874,0.871,0.878,0.866,138462.0
2017-05-15,0.873,0.877,0.886,0.873,135778.0
2017-05-16,0.878,0.889,0.89,0.859,214642.0
2017-05-17,0.889,0.897,0.903,0.886,192426.0
2017-05-18,0.89,0.885,0.896,0.882,127214.0
2017-05-19,0.887,0.88,0.889,0.877,137794.0
2017-05-22,0.883,0.868,0.886,0.866,150158.0
2017-05-23,0.869,0.832,0.869,0.831,274582.0
2017-05-24,0.83,0.839,0.839,0.811,220516.0
2017-05-25,0.838,0.844,0.848,0.828,233212.0
2017-05-26,0.843,0.845,0.85,0.84,98426.0
2017-05-31,0.855,0.845,0.857,0.844,197376.0
2017-06-01,0.841,0.824,0.845,0.823,134708.0
2017-06-02,0.822,0.835,0.836,0.815,193481.0
2017-06-05,0.837,0.843,0.845,0.836,275589.0
2017-06-06,0.847,0.853,0.854,0.842,339448.0
2017-06-07,0.854,0.863,0.865,0.85,240198.0
2017-06-08,0.864,0.861,0.867,0.859,209192.55
2017-06-09,0.859,0.863,0.864,0.854,268956.55
2017-06-12,0.861,0.849,0.861,0.847,168938.0
2017-06-13,0.848,0.854,0.856,0.847,119131.0
2017-06-14,0.855,0.861,0.866,0.854,181478.0
2017-06-15,0.861,0.87,0.874,0.86,238501.0
2017-06-16,0.87,0.874,0.878,0.865,170437.0
2017-06-19,0.873,0.892,0.895,0.873,309649.0
2017-06-20,0.891,0.891,0.896,0.89,144949.0
2017-06-21,0.894,0.892,0.902,0.886,186896.0
2017-06-22,0.892,0.875,0.892,0.874,188559.0
2017-06-23,0.875,0.878,0.88,0.861,206072.0
2017-06-26,0.879,0.886,0.886,0.873,190621.0
2017-06-27,0.888,0.891,0.895,0.883,191880.0
2017-06-28,0.89,0.88,0.89,0.879,120576.0
2017-06-29,0.881,0.885,0.887,0.88,142864.83
2017-06-30,0.883,0.883,0.884,0.878,123875.0
2017-07-03,0.883,0.887,0.888,0.878,112163.0
2017-07-04,0.886,0.891,0.892,0.884,150311.0
2017-07-05,0.891,0.897,0.897,0.887,137063.0
2017-07-06,0.896,0.896,0.899,0.885,141343.0
2017-07-07,0.894,0.904,0.907,0.89,154808.0
2017-07-10,0.909,0.904,0.92,0.9,247397.0
2017-07-11,0.9,0.896,0.905,0.893,191926.0
2017-07-12,0.89,0.885,0.896,0.875,332734.0
2017-07-13,0.884,0.892,0.893,0.882,195261.0
2017-07-14,0.889,0.888,0.895,0.883,174657.0
2017-07-17,0.883,0.836,0.887,0.834,596284.39
2017-07-18,0.832,0.84,0.842,0.822,395553.0
2017-07-19,0.841,0.847,0.847,0.833,328356.0
2017-07-20,0.845,0.85,0.855,0.843,239304.0
2017-07-21,0.848,0.858,0.86,0.848,350525.0
2017-07-24,0.858,0.872,0.874,0.851,235465.96
2017-07-25,0.874,0.867,0.877,0.861,301272.0
2017-07-26,0.868,0.87,0.87,0.86,197511.0
2017-07-27,0.869,0.88,0.881,0.862,230534.0
2017-07-28,0.879,0.871,0.879,0.87,174649.0
2017-07-31,0.876,0.864,0.876,0.861,163063.0
2017-08-01,0.865,0.86,0.87,0.857,210522.0
2017-08-02,0.866,0.843,0.866,0.841,241888.0
2017-08-03,0.844,0.847,0.854,0.842,149099.0
2017-08-04,0.849,0.89,0.899,0.849,1070134.0
2017-08-07,0.89,0.885,0.89,0.879,498553.0
2017-08-08,0.882,0.888,0.894,0.871,500338.0
2017-08-09,0.883,0.881,0.886,0.879,203402.0
2017-08-10,0.883,0.884,0.897,0.879,472897.0
2017-08-11,0.889,0.883,0.9,0.876,778122.0
2017-08-14,0.879,0.891,0.893,0.873,551369.0
2017-08-15,0.891,0.893,0.898,0.887,458948.0
2017-08-16,0.893,0.904,0.906,0.89,387497.67
2017-08-17,0.906,0.915,0.924,0.903,609942.67
2017-08-18,0.912,0.906,0.915,0.903,266596.0
2017-08-21,0.906,0.906,0.912,0.901,210476.0
2017-08-22,0.907,0.893,0.908,0.892,194823.0
2017-08-23,0.893,0.896,0.901,0.89,181838.0
2017-08-24,0.894,0.89,0.898,0.886,363998.0
2017-08-25,0.891,0.898,0.898,0.887,284758.0
2017-08-28,0.897,0.906,0.908,0.894,381863.0
2017-08-29,0.9,0.891,0.902,0.89,461303.71
2017-08-30,0.89,0.895,0.895,0.89,170209.0
2017-08-31,0.893,0.895,0.898,0.891,300616.71
2017-09-01,0.898,0.899,0.899,0.893,145516.0
2017-09-04,0.905,0.912,0.912,0.905,424308.62
2017-09-05,0.912,0.909,0.913,0.906,166399.62
2017-09-06,0.905,0.918,0.92,0.905,396332.62
2017-09-07,0.919,0.909,0.921,0.909,441991.88
2017-09-08,0.912,0.908,0.914,0.9,269381.77
2017-09-11,0.907,0.912,0.913,0.903,241210.62
2017-09-12,0.91,0.909,0.913,0.907,203110.0
2017-09-13,0.907,0.911,0.914,0.907,213846.0
2017-09-14,0.91,0.906,0.911,0.903,180740.0
2017-09-15,0.907,0.916,0.918,0.907,406860.0
2017-09-18,0.916,0.919,0.92,0.913,83282.0
2017-09-19,0.92,0.913,0.92,0.911,142308.77
2017-09-20,0.913,0.925,0.925,0.913,292504.77
2017-09-21,0.925,0.917,0.926,0.916,151513.77
2017-09-22,0.915,0.914,0.918,0.906,192846.77
2017-09-25,0.914,0.912,0.925,0.909,193160.77
2017-09-26,0.911,0.914,0.915,0.904,193195.0
2017-09-27,0.915,0.921,0.924,0.915,373775.0
2017-09-28,0.923,0.925,0.932,0.92,230646.29
2017-09-29,0.927,0.933,0.933,0.927,114381.67
2017-10-09,0.936,0.933,0.943,0.932,118529.83
2017-10-10,0.934,0.937,0.938,0.929,103537.0
2017-10-11,0.935,0.931,0.936,0.93,101886.0
2017-10-12,0.931,0.945,0.95,0.928,297382.0
2017-10-13,0.942,0.941,0.942,0.937,123570.0
2017-10-16,0.94,0.939,0.955,0.938,202937.51
2017-10-17,0.935,0.931,0.939,0.929,193837.0
2017-10-18,0.933,0.928,0.939,0.927,134277.0
2017-10-19,0.926,0.91,0.926,0.909,192767.0
2017-10-20,0.908,0.917,0.917,0.906,117925.0
2017-10-23,0.917,0.917,0.919,0.915,128774.0
2017-10-24,0.917,0.908,0.918,0.902,126689.0
2017-10-25,0.908,0.91,0.911,0.906,129138.0
2017-10-26,0.91,0.917,0.918,0.907,165018.0
2017-10-27,0.917,0.909,0.917,0.906,176541.0
2017-10-30,0.908,0.886,0.908,0.881,244854.0
2017-10-31,0.886,0.888,0.889,0.88,196017.0
2017-11-01,0.887,0.89,0.894,0.885,160170.0
2017-11-02,0.888,0.882,0.889,0.88,128851.0
2017-11-03,0.883,0.878,0.885,0.875,105619.0
2017-11-06,0.88,0.888,0.889,0.88,305772.0
2017-11-07,0.888,0.904,0.904,0.886,235794.47
2017-11-08,0.901,0.903,0.909,0.9,135609.47
2017-11-09,0.902,0.907,0.908,0.899,68532.47
2017-11-10,0.908,0.905,0.909,0.903,115835.0
2017-11-13,0.905,0.901,0.905,0.899,113805.0
2017-11-14,0.9,0.908,0.914,0.9,197665.0
2017-11-15,0.907,0.896,0.908,0.895,94126.0
2017-11-16,0.896,0.892,0.898,0.891,117518.0
2017-11-17,0.891,0.858,0.893,0.856,236162.0
2017-11-20,0.86,0.862,0.864,0.839,140496.0
2017-11-21,0.862,0.864,0.869,0.856,156384.0
2017-11-22,0.865,0.886,0.892,0.862,528642.0
2017-11-23,0.883,0.867,0.889,0.866,132539.0
2017-11-24,0.86,0.863,0.872,0.86,103265.0
2017-11-27,0.863,0.854,0.868,0.852,159216.0
2017-11-28,0.854,0.863,0.864,0.851,126615.0
2017-11-29,0.865,0.859,0.865,0.852,116973.67
2017-11-30,0.859,0.857,0.868,0.856,195489.67
2017-12-01,0.858,0.865,0.865,0.852,99674.31
2017-12-04,0.864,0.855,0.866,0.854,138166.0
2017-12-05,0.857,0.841,0.865,0.836,245252.0
2017-12-06,0.841,0.852,0.853,0.834,240464.21
2017-12-07,0.848,0.865,0.873,0.848,409536.0
2017-12-08,0.861,0.866,0.872,0.86,122089.0
2017-12-11,0.866,0.875,0.875,0.865,123606.0
2017-12-12,0.878,0.865,0.878,0.864,109335.0
2017-12-13,0.865,0.871,0.873,0.863,116461.0
2017-12-14,0.871,0.876,0.877,0.868,124413.0
2017-12-15,0.875,0.875,0.878,0.868,96806.0
2017-12-18,0.873,0.867,0.875,0.863,85078.0
2017-12-19,0.868,0.869,0.871,0.866,122411.1
2017-12-20,0.87,0.859,0.871,0.858,130956.0
2017-12-21,0.86,0.863,0.866,0.85,111139.0
2017-12-22,0.86,0.855,0.862,0.852,88318.0
2017-12-25,0.855,0.834,0.856,0.832,232878.0
2017-12-26,0.836,0.84,0.841,0.831,133400.0
2017-12-27,0.84,0.835,0.841,0.833,104267.0
2017-12-28,0.834,0.837,0.841,0.832,89534.0
2017-12-29,0.839,0.842,0.843,0.837,93257.0
2018-01-02,0.844,0.849,0.849,0.842,90641.0
2018-01-03,0.849,0.857,0.857,0.846,142240.0
2018-01-04,0.856,0.856,0.86,0.854,180871.0
2018-01-05,0.857,0.851,0.857,0.849,169967.0
2018-01-08,0.85,0.85,0.852,0.845,136407.0
2018-01-09,0.847,0.85,0.853,0.847,112062.0
2018-01-10,0.85,0.84,0.851,0.837,135799.0
2018-01-11,0.84,0.846,0.847,0.837,94100.0
2018-01-12,0.846,0.836,0.846,0.835,148540.0
2018-01-15,0.836,0.803,0.837,0.802,495588.9
2018-01-16,0.802,0.799,0.808,0.796,169161.0
2018-01-17,0.801,0.804,0.805,0.788,225607.0
2018-01-18,0.804,0.803,0.805,0.8,123687.0
2018-01-19,0.805,0.812,0.822,0.805,333571.0
2018-01-22,0.818,0.816,0.819,0.803,320101.0
2018-01-23,0.816,0.816,0.818,0.812,204715.0
2018-01-24,0.815,0.826,0.83,0.812,258224.0
2018-01-25,0.826,0.836,0.848,0.825,600050.0
2018-01-26,0.834,0.83,0.835,0.829,310597.0
2018-01-29,0.832,0.816,0.834,0.815,322709.0
2018-01-30,0.816,0.818,0.821,0.815,152243.0
2018-01-31,0.816,0.796,0.816,0.795,280954.0
2018-02-01,0.798,0.768,0.801,0.767,398578.0
2018-02-02,0.769,0.769,0.772,0.751,251138.0
2018-02-05,0.759,0.764,0.767,0.758,127165.0
2018-02-06,0.751,0.718,0.758,0.716,354914.0
2018-02-07,0.731,0.716,0.734,0.701,229725.0
2018-02-08,0.718,0.731,0.736,0.716,202084.0
2018-02-09,0.715,0.705,0.724,0.693,251456.0
2018-02-12,0.709,0.719,0.722,0.709,134331.0
2018-02-13,0.726,0.725,0.738,0.72,202899.8
2018-02-14,0.726,0.724,0.726,0.72,103785.0
2018-02-22,0.728,0.735,0.737,0.727,93151.11
2018-02-23,0.735,0.74,0.745,0.731,133441.0
2018-02-26,0.74,0.76,0.762,0.74,273441.0
2018-02-27,0.762,0.78,0.788,0.759,353593.34
2018-02-28,0.768,0.782,0.794,0.767,470939.17
2018-03-01,0.778,0.792,0.793,0.77,328682.17
2018-03-02,0.792,0.788,0.797,0.784,168327.17
2018-03-05,0.797,0.802,0.803,0.792,164607.0
2018-03-06,0.801,0.809,0.812,0.798,136789.0
2018-03-07,0.808,0.797,0.809,0.796,185643.0
2018-03-08,0.795,0.797,0.8,0.792,110904.67
2018-03-09,0.799,0.814,0.818,0.796,199519.67
2018-03-12,0.819,0.826,0.827,0.814,349110.79
2018-03-13,0.826,0.818,0.828,0.816,145437.0
2018-03-14,0.816,0.8,0.816,0.799,144563.0
2018-03-15,0.798,0.803,0.809,0.793,178941.0
2018-03-16,0.804,0.796,0.805,0.795,93718.0
2018-03-19,0.796,0.802,0.813,0.793,147804.0
2018-03-20,0.8,0.808,0.808,0.794,147377.0
2018-03-21,0.808,0.813,0.828,0.808,264220.0
2018-03-22,0.813,0.8,0.813,0.799,352560.0
2018-03-23,0.788,0.772,0.789,0.75,370381.0
2018-03-26,0.762,0.812,0.812,0.762,364942.0
2018-03-27,0.812,0.833,0.834,0.807,407311.0
2018-03-28,0.822,0.828,0.837,0.82,346764.0
2018-03-29,0.827,0.822,0.831,0.814,176255.0
2018-03-30,0.823,0.851,0.851,0.822,706082.0
2018-04-02,0.849,0.868,0.876,0.845,489441.0
2018-04-03,0.859,0.858,0.865,0.845,319108.67
2018-04-04,0.862,0.856,0.879,0.852,561270.0
2018-04-09,0.854,0.88,0.882,0.848,405113.0
2018-04-10,0.879,0.856,0.881,0.848,567183.0
2018-04-11,0.862,0.859,0.864,0.849,343450.0
2018-04-12,0.855,0.85,0.867,0.849,426272.0
2018-04-13,0.859,0.855,0.868,0.852,389046.0
2018-04-16,0.858,0.862,0.863,0.85,184580.0
2018-04-17,0.861,0.844,0.876,0.843,336611.43
2018-04-18,0.848,0.87,0.875,0.841,357954.24
2018-04-19,0.875,0.892,0.908,0.865,788373.54
2018-04-20,0.891,0.885,0.905,0.881,425254.3
2018-04-23,0.881,0.848,0.888,0.835,439989.0
2018-04-24,0.848,0.869,0.869,0.839,310085.0
2018-04-25,0.861,0.87,0.877,0.859,214675.0
2018-04-26,0.87,0.854,0.877,0.853,230732.0
2018-04-27,0.854,0.843,0.862,0.83,289412.0
2018-05-02,0.843,0.831,0.845,0.826,338983.79
2018-05-03,0.831,0.836,0.836,0.81,237292.0
2018-05-04,0.832,0.837,0.843,0.827,442233.0
2018-05-07,0.835,0.847,0.848,0.835,185584.0
2018-05-08,0.854,0.851,0.864,0.847,407993.0
2018-05-09,0.851,0.845,0.853,0.842,296068.0
2018-05-10,0.847,0.835,0.847,0.829,166331.0
2018-05-11,0.835,0.828,0.839,0.823,167193.0
2018-05-14,0.83,0.812,0.833,0.809,444847.0
2018-05-15,0.812,0.822,0.823,0.811,284527.1
2018-05-16,0.823,0.823,0.831,0.819,296049.0
2018-05-17,0.822,0.815,0.825,0.811,188957.0
2018-05-18,0.814,0.817,0.819,0.807,172820.0
2018-05-21,0.818,0.828,0.83,0.818,256554.9
2018-05-22,0.828,0.826,0.828,0.818,224941.69
2018-05-23,0.826,0.822,0.833,0.822,281491.0
2018-05-24,0.822,0.816,0.827,0.813,196903.01
2018-05-25,0.818,0.81,0.82,0.806,344881.26
2018-05-28,0.81,0.79,0.81,0.788,277637.88
2018-05-29,0.79,0.781,0.794,0.78,226274.99
2018-05-30,0.775,0.761,0.784,0.76,235616.51
2018-05-31,0.765,0.761,0.77,0.755,228610.0
2018-06-01,0.761,0.751,0.768,0.748,295074.0
2018-06-04,0.755,0.748,0.755,0.744,238934.43
2018-06-05,0.748,0.763,0.764,0.748,469415.0
2018-06-06,0.763,0.76,0.768,0.758,547236.0
2018-06-07,0.762,0.751,0.763,0.751,353406.0
2018-06-08,0.75,0.74,0.752,0.734,301429.0
2018-06-11,0.737,0.731,0.738,0.728,308131.0
2018-06-12,0.731,0.736,0.736,0.723,214130.0
2018-06-13,0.73,0.718,0.733,0.718,266709.0
2018-06-14,0.717,0.711,0.722,0.709,298313.0
2018-06-15,0.712,0.693,0.714,0.69,486173.0
2018-06-19,0.685,0.652,0.692,0.64,489435.0
2018-06-20,0.653,0.671,0.677,0.652,377283.0
2018-06-21,0.67,0.651,0.677,0.65,392146.0
2018-06-22,0.648,0.664,0.667,0.642,565846.21
2018-06-25,0.67,0.659,0.673,0.658,190616.0
2018-06-26,0.65,0.679,0.679,0.648,300212.0
2018-06-27,0.678,0.677,0.685,0.673,398830.0
2018-06-28,0.679,0.671,0.685,0.668,225742.0
2018-06-29,0.672,0.695,0.695,0.668,462819.1
2018-07-02,0.694,0.69,0.7,0.682,458978.41
2018-07-03,0.69,0.719,0.72,0.688,824049.0
2018-07-04,0.713,0.708,0.718,0.703,375196.0
2018-07-05,0.709,0.692,0.709,0.69,322750.0
2018-07-06,0.694,0.699,0.715,0.688,556282.0
2018-07-09,0.701,0.715,0.716,0.701,435118.0
2018-07-10,0.715,0.72,0.72,0.71,429084.0
2018-07-11,0.709,0.699,0.71,0.688,725956.0
2018-07-12,0.7,0.717,0.719,0.694,494095.0
2018-07-13,0.718,0.712,0.72,0.709,284878.0
2018-07-16,0.711,0.723,0.728,0.709,416730.0
2018-07-17,0.723,0.722,0.723,0.71,776405.0
2018-07-18,0.722,0.711,0.725,0.711,483649.0
2018-07-19,0.709,0.695,0.713,0.694,355605.0
2018-07-20,0.697,0.712,0.714,0.694,463175.79
2018-07-23,0.713,0.74,0.742,0.712,688557.0
2018-07-24,0.743,0.743,0.749,0.738,610415.0
2018-07-25,0.743,0.744,0.754,0.741,402503.79
2018-07-26,0.747,0.735,0.747,0.731,289704.0
2018-07-27,0.735,0.732,0.735,0.726,239662.0
2018-07-30,0.734,0.725,0.735,0.72,501990.0
2018-07-31,0.721,0.722,0.728,0.717,355030.0
2018-08-01,0.722,0.7,0.73,0.7,486912.0
2018-08-02,0.698,0.673,0.698,0.659,685906.55
2018-08-03,0.67,0.665,0.677,0.664,263137.0
2018-08-06,0.664,0.648,0.668,0.645,256894.0
2018-08-07,0.65,0.666,0.667,0.641,359367.0
2018-08-08,0.663,0.653,0.664,0.651,271898.0
2018-08-09,0.65,0.676,0.679,0.649,367072.0
2018-08-10,0.676,0.682,0.684,0.674,230476.0
2018-08-13,0.675,0.695,0.697,0.671,245063.0
2018-08-14,0.692,0.687,0.695,0.684,219670.0
2018-08-15,0.688,0.677,0.695,0.675,340790.0
2018-08-16,0.673,0.67,0.68,0.662,251566.0
2018-08-17,0.678,0.661,0.68,0.657,149853.0
2018-08-20,0.663,0.671,0.671,0.654,220498.0
2018-08-21,0.671,0.679,0.682,0.667,206747.32
2018-08-22,0.678,0.676,0.683,0.673,258853.0
2018-08-23,0.674,0.68,0.685,0.673,240245.0
2018-08-24,0.679,0.672,0.68,0.67,229180.0
2018-08-27,0.674,0.695,0.695,0.673,331127.68
2018-08-28,0.696,0.7,0.705,0.695,314138.0
2018-08-29,0.7,0.701,0.704,0.695,226967.0
2018-08-30,0.7,0.689,0.703,0.686,197641.0
2018-08-31,0.685,0.685,0.691,0.681,179539.0
2018-09-03,0.685,0.701,0.701,0.68,316102.68
2018-09-04,0.7,0.723,0.727,0.698,584635.0
2018-09-05,0.722,0.717,0.731,0.715,717989.0
2018-09-06,0.717,0.726,0.733,0.711,432056.0
2018-09-07,0.726,0.717,0.734,0.708,383436.0
2018-09-10,0.717,0.703,0.722,0.7,326281.0
2018-09-11,0.704,0.715,0.719,0.702,262676.0
2018-09-12,0.715,0.723,0.731,0.713,456644.0
2018-09-13,0.727,0.736,0.741,0.717,538119.4
2018-09-14,0.736,0.712,0.738,0.71,493375.71
2018-09-17,0.709,0.706,0.719,0.701,259327.0
2018-09-18,0.702,0.718,0.718,0.699,355565.0
2018-09-19,0.716,0.728,0.731,0.709,380191.0
2018-09-20,0.724,0.717,0.727,0.713,216291.0
2018-09-21,0.717,0.721,0.722,0.708,558285.0
2018-09-25,0.714,0.725,0.731,0.713,552157.0
2018-09-26,0.725,0.725,0.728,0.718,479287.0
2018-09-27,0.724,0.713,0.726,0.712,389409.0
2018-09-28,0.712,0.714,0.716,0.708,404928.0
2018-10-08,0.705,0.689,0.708,0.688,504815.0
2018-10-09,0.69,0.672,0.694,0.668,539529.0
2018-10-10,0.674,0.678,0.679,0.668,325087.0
2018-10-11,0.659,0.624,0.662,0.622,1688366.9
2018-10-12,0.62,0.636,0.64,0.606,755507.1
2018-10-15,0.64,0.633,0.649,0.631,457961.0
2018-10-16,0.637,0.622,0.646,0.616,413972.0
2018-10-17,0.628,0.622,0.632,0.605,457487.0
2018-10-18,0.618,0.606,0.619,0.605,422526.0
2018-10-19,0.604,0.619,0.622,0.593,605262.0
2018-10-22,0.626,0.652,0.659,0.626,618987.1
2018-10-23,0.648,0.642,0.655,0.637,406511.0
2018-10-24,0.642,0.642,0.65,0.637,316136.0
2018-10-25,0.63,0.633,0.637,0.618,596144.49
2018-10-26,0.635,0.631,0.645,0.625,403977.0
2018-10-29,0.628,0.622,0.631,0.617,270599.0
2018-10-30,0.619,0.627,0.63,0.608,433341.0
2018-10-31,0.625,0.634,0.638,0.623,462013.0
2018-11-01,0.636,0.642,0.653,0.636,515575.0
2018-11-02,0.652,0.66,0.661,0.646,532138.0
2018-11-05,0.659,0.662,0.668,0.651,509904.0
2018-11-06,0.662,0.66,0.662,0.653,251136.51
2018-11-07,0.659,0.655,0.665,0.652,718541.51
2018-11-08,0.658,0.646,0.66,0.645,230518.51
2018-11-09,0.642,0.646,0.65,0.64,197936.0
2018-11-12,0.646,0.66,0.661,0.645,318188.0
2018-11-13,0.653,0.665,0.67,0.651,669371.68
2018-11-14,0.665,0.66,0.666,0.658,254625.0
2018-11-15,0.663,0.677,0.677,0.662,562306.0
2018-11-16,0.681,0.676,0.683,0.672,330207.52
2018-11-19,0.676,0.677,0.678,0.668,258725.0
2018-11-20,0.672,0.673,0.692,0.671,846819.1
2018-11-21,0.669,0.672,0.674,0.66,369344.1
2018-11-22,0.67,0.673,0.677,0.669,221209.0
2018-11-23,0.673,0.646,0.673,0.645,417348.0
2018-11-26,0.646,0.646,0.654,0.642,253193.7
2018-11-27,0.65,0.654,0.657,0.648,193868.0
2018-11-28,0.65,0.661,0.661,0.645,236379.0
2018-11-29,0.667,0.651,0.67,0.649,408652.0
2018-11-30,0.649,0.653,0.655,0.64,320369.0
2018-12-03,0.666,0.671,0.672,0.662,387133.0
2018-12-04,0.671,0.668,0.671,0.662,282609.0
2018-12-05,0.66,0.662,0.665,0.656,254481.0
2018-12-06,0.661,0.657,0.667,0.654,317298.0
2018-12-07,0.657,0.656,0.661,0.65,199107.0
2018-12-10,0.654,0.645,0.654,0.644,166726.0
2018-12-11,0.646,0.649,0.65,0.644,110543.0
2018-12-12,0.65,0.647,0.651,0.645,175338.0
2018-12-13,0.648,0.656,0.658,0.646,276827.0
2018-12-14,0.654,0.646,0.657,0.645,211482.0
2018-12-17,0.643,0.645,0.646,0.638,127096.0
2018-12-18,0.642,0.639,0.644,0.631,297042.0
2018-12-19,0.638,0.629,0.641,0.627,183235.0
2018-12-20,0.627,0.628,0.631,0.623,221200.0
2018-12-21,0.628,0.62,0.628,0.614,252440.0
2018-12-24,0.619,0.627,0.627,0.617,329778.0
2018-12-25,0.622,0.624,0.626,0.61,377552.0
2018-12-26,0.624,0.619,0.626,0.617,120544.0
2018-12-27,0.628,0.615,0.628,0.613,279618.0
2018-12-28,0.617,0.616,0.618,0.61,378760.0
2019-01-02,0.616,0.619,0.625,0.611,495873.0
2019-01-03,0.618,0.634,0.646,0.617,648641.0
2019-01-04,0.632,0.646,0.647,0.624,1112874.45
2019-01-07,0.652,0.671,0.673,0.649,1457369.0
2019-01-08,0.667,0.661,0.667,0.657,960986.19
2019-01-09,0.661,0.657,0.665,0.655,844764.45
2019-01-10,0.657,0.653,0.659,0.651,689724.0
2019-01-11,0.656,0.665,0.666,0.654,1151887.0
2019-01-14,0.663,0.658,0.665,0.655,413595.0
2019-01-15,0.658,0.664,0.666,0.656,552175.0
2019-01-16,0.665,0.659,0.666,0.657,404984.92
2019-01-17,0.658,0.651,0.659,0.649,507462.0
2019-01-18,0.652,0.656,0.657,0.649,620509.0
2019-01-21,0.656,0.66,0.663,0.651,523909.0
2019-01-22,0.658,0.65,0.658,0.645,384231.13
2019-01-23,0.648,0.651,0.652,0.647,223816.13
2019-01-24,0.649,0.659,0.662,0.648,514412.0
2019-01-25,0.658,0.655,0.66,0.654,343595.0
2019-01-28,0.657,0.652,0.662,0.649,381941.0
2019-01-29,0.65,0.64,0.65,0.632,631918.9
2019-01-30,0.636,0.641,0.65,0.636,345409.03
2019-01-31,0.64,0.636,0.643,0.632,336379.0
2019-02-01,0.637,0.65,0.651,0.637,453967.89
2019-02-11,0.651,0.663,0.665,0.651,452154.16
2019-02-12,0.663,0.669,0.671,0.662,517765.0
2019-02-13,0.669,0.683,0.685,0.666,943101.16
2019-02-14,0.683,0.684,0.688,0.68,366737.0
2019-02-15,0.682,0.678,0.688,0.676,742864.0
2019-02-18,0.683,0.706,0.707,0.682,778814.45
2019-02-19,0.708,0.716,0.718,0.694,860018.7
2019-02-20,0.712,0.711,0.719,0.701,932099.86
2019-02-21,0.711,0.703,0.725,0.701,1037100.0
2019-02-22,0.705,0.719,0.719,0.7,1262392.0
2019-02-25,0.73,0.765,0.766,0.726,2533251.16
2019-02-26,0.764,0.75,0.766,0.748,2555265.61
2019-02-27,0.747,0.762,0.782,0.747,2644781.0
2019-02-28,0.77,0.759,0.777,0.751,1469351.01
2019-03-01,0.762,0.763,0.766,0.746,1660972.0
2019-03-04,0.77,0.774,0.785,0.762,2306767.0
2019-03-05,0.77,0.791,0.792,0.764,1549564.0
2019-03-06,0.791,0.797,0.801,0.778,1715301.97
2019-03-07,0.795,0.789,0.799,0.782,1529655.0
2019-03-08,0.776,0.767,0.8,0.765,1608393.19
2019-03-11,0.77,0.795,0.795,0.77,1233830.0
2019-03-12,0.801,0.825,0.827,0.795,2450861.45
2019-03-13,0.826,0.805,0.842,0.798,2808596.46
2019-03-14,0.8,0.783,0.803,0.77,1961989.45
2019-03-15,0.785,0.782,0.792,0.775,1482009.75
2019-03-18,0.782,0.797,0.798,0.776,1020824.27
2019-03-19,0.798,0.808,0.813,0.795,1751448.08
2019-03-20,0.806,0.796,0.808,0.784,1229194.26
2019-03-21,0.795,0.801,0.807,0.795,1041676.7
2019-03-22,0.8,0.805,0.806,0.792,1049941.7
2019-03-25,0.81,0.841,0.862,0.799,4572282.33
2019-03-26,0.848,0.8,0.848,0.797,4087887.33
2019-03-27,0.805,0.79,0.807,0.779,2945358.06
2019-03-28,0.793,0.787,0.807,0.784,1813420.0
2019-03-29,0.798,0.819,0.82,0.791,2376894.47
2019-04-01,0.823,0.86,0.86,0.823,2821434.48
2019-04-02,0.88,0.86,0.884,0.855,3326151.32
2019-04-03,0.85,0.867,0.87,0.846,2793328.05
2019-04-04,0.867,0.869,0.874,0.856,2651319.94
2019-04-08,0.883,0.852,0.888,0.844,2874784.5
2019-04-09,0.853,0.849,0.856,0.843,1076041.0
2019-04-10,0.847,0.846,0.851,0.839,1007086.82
2019-04-11,0.843,0.828,0.85,0.827,1597726.77
2019-04-12,0.829,0.826,0.83,0.817,1043602.0
2019-04-15,0.835,0.824,0.846,0.822,1052873.0
2019-04-16,0.818,0.836,0.837,0.807,1498493.0
2019-04-17,0.836,0.837,0.843,0.831,1151666.5
2019-04-18,0.837,0.845,0.852,0.834,1511820.0
2019-04-19,0.84,0.842,0.843,0.828,1113388.43
2019-04-22,0.848,0.833,0.848,0.828,1423001.0
2019-04-23,0.833,0.805,0.833,0.801,1630559.88
2019-04-24,0.806,0.811,0.812,0.795,796545.83
2019-04-25,0.809,0.777,0.809,0.776,1239026.67
2019-04-26,0.777,0.775,0.785,0.773,777690.0
2019-04-29,0.775,0.752,0.78,0.752,884030.05
2019-04-30,0.752,0.759,0.768,0.751,595508.05
2019-05-06,0.736,0.701,0.745,0.697,1721083.0
2019-05-07,0.709,0.709,0.715,0.697,963951.0
2019-05-08,0.697,0.713,0.72,0.691,1461643.99
2019-05-09,0.707,0.715,0.723,0.707,1465875.49
2019-05-10,0.722,0.747,0.747,0.708,2389176.8
2019-05-13,0.74,0.739,0.747,0.733,1092471.0
2019-05-14,0.73,0.733,0.746,0.73,1241579.0
2019-05-15,0.737,0.741,0.744,0.735,805355.0
2019-05-16,0.74,0.751,0.756,0.738,1388006.0
2019-05-17,0.752,0.728,0.753,0.724,978688.0
2019-05-20,0.727,0.742,0.742,0.723,904991.82
2019-05-21,0.743,0.751,0.752,0.731,885547.0
2019-05-22,0.75,0.747,0.752,0.74,557942.0
2019-05-23,0.747,0.738,0.755,0.735,889735.0
2019-05-24,0.735,0.719,0.736,0.717,948131.0
2019-05-27,0.723,0.745,0.745,0.717,1184837.0
2019-05-28,0.743,0.742,0.751,0.738,933034.8
2019-05-29,0.74,0.745,0.751,0.738,744362.8
2019-05-30,0.741,0.739,0.743,0.732,774883.8
2019-05-31,0.737,0.739,0.745,0.737,743672.0
2019-06-03,0.745,0.732,0.751,0.727,1010916.0
2019-06-04,0.73,0.717,0.731,0.713,1101850.0
2019-06-05,0.722,0.713,0.723,0.712,847417.0
2019-06-06,0.714,0.698,0.714,0.696,1126817.0
2019-06-10,0.699,0.704,0.707,0.698,598735.0
2019-06-11,0.705,0.726,0.726,0.699,1288591.0
2019-06-12,0.723,0.717,0.725,0.715,830081.0
2019-06-13,0.717,0.717,0.72,0.712,729371.0
2019-06-14,0.718,0.713,0.736,0.711,1331073.22
2019-06-17,0.711,0.706,0.711,0.703,1048189.71
2019-06-18,0.705,0.7,0.706,0.698,1075234.71
2019-06-19,0.715,0.713,0.718,0.711,1427530.0
2019-06-20,0.713,0.727,0.73,0.708,1699053.91
2019-06-21,0.732,0.74,0.743,0.729,1669102.0
2019-06-24,0.739,0.737,0.743,0.732,825725.91
2019-06-25,0.736,0.733,0.74,0.725,972562.62
2019-06-26,0.73,0.744,0.745,0.728,993109.39
2019-06-27,0.75,0.747,0.756,0.745,1360955.5
2019-06-28,0.745,0.738,0.746,0.733,873627.0
2019-07-01,0.751,0.756,0.757,0.748,1252137.81
2019-07-02,0.775,0.763,0.778,0.761,1534997.81
2019-07-03,0.762,0.772,0.779,0.754,2000376.26
2019-07-04,0.771,0.782,0.799,0.768,3167218.12
2019-07-05,0.78,0.778,0.781,0.771,892591.0
2019-07-08,0.775,0.75,0.776,0.744,1864139.89
2019-07-09,0.749,0.752,0.754,0.743,723750.8
2019-07-10,0.753,0.748,0.762,0.746,1182798.51
2019-07-11,0.751,0.748,0.758,0.742,778111.0
2019-07-12,0.744,0.747,0.749,0.741,721791.0
2019-07-15,0.746,0.765,0.767,0.744,1700626.7
2019-07-16,0.765,0.767,0.772,0.761,888466.42
2019-07-17,0.768,0.767,0.774,0.765,833040.36
2019-07-18,0.766,0.754,0.766,0.754,819857.0
2019-07-19,0.757,0.758,0.763,0.755,757896.0
2019-07-22,0.76,0.741,0.761,0.735,3316194.28
2019-07-23,0.741,0.753,0.754,0.74,828069.28
2019-07-24,0.755,0.764,0.768,0.755,1331801.0
2019-07-25,0.764,0.768,0.771,0.763,933026.0
2019-07-26,0.767,0.778,0.779,0.765,1095929.82
2019-07-29,0.78,0.779,0.786,0.775,1034664.72
2019-07-30,0.78,0.779,0.785,0.777,714071.0
2019-07-31,0.775,0.781,0.782,0.772,1299741.0
2019-08-01,0.781,0.772,0.782,0.77,1391756.0
2019-08-02,0.76,0.757,0.763,0.752,1928863.05
2019-08-05,0.758,0.756,0.77,0.754,1750734.0
2019-08-06,0.74,0.739,0.743,0.721,2197323.0
2019-08-07,0.742,0.726,0.743,0.725,762920.0
2019-08-08,0.731,0.741,0.745,0.73,1532136.14
2019-08-09,0.743,0.727,0.746,0.725,1279189.0
2019-08-12,0.727,0.738,0.738,0.723,1017607.0
2019-08-13,0.729,0.735,0.742,0.727,1091963.86
2019-08-14,0.743,0.744,0.745,0.736,1211288.86
2019-08-15,0.73,0.744,0.744,0.726,1271953.0
2019-08-16,0.742,0.745,0.751,0.74,1392348.0
2019-08-19,0.749,0.767,0.769,0.747,2132487.96
2019-08-20,0.769,0.77,0.776,0.764,1324980.89
2019-08-21,0.77,0.768,0.775,0.766,1090759.02
2019-08-22,0.77,0.78,0.782,0.768,1754795.96
2019-08-23,0.778,0.775,0.783,0.77,1410225.02
2019-08-26,0.764,0.773,0.773,0.758,1538882.1
2019-08-27,0.775,0.789,0.79,0.772,2028046.01
2019-08-28,0.785,0.791,0.801,0.784,3066814.3
2019-08-29,0.795,0.793,0.798,0.788,2042210.3
2019-08-30,0.796,0.809,0.814,0.794,3590050.15
2019-09-02,0.817,0.849,0.855,0.816,4501056.37
2019-09-03,0.853,0.851,0.858,0.838,5104336.88
2019-09-04,0.846,0.845,0.849,0.835,2965616.99
2019-09-05,0.847,0.849,0.858,0.843,3294536.28
2019-09-06,0.849,0.855,0.856,0.845,2561849.39
2019-09-09,0.86,0.863,0.864,0.85,2415578.5
2019-09-10,0.862,0.851,0.876,0.849,3100854.07
2019-09-11,0.853,0.843,0.853,0.84,2221697.53
2019-09-12,0.843,0.846,0.846,0.838,1601681.17
2019-09-16,0.849,0.841,0.851,0.838,1460969.16
2019-09-17,0.839,0.816,0.84,0.813,2207352.7
2019-09-18,0.816,0.811,0.819,0.809,1321719.12
2019-09-19,0.811,0.825,0.825,0.811,1859149.43
2019-09-20,0.824,0.814,0.825,0.811,1457900.96
2019-09-23,0.813,0.813,0.817,0.805,1418694.13
2019-09-24,0.812,0.811,0.819,0.806,1712376.0
2019-09-25,0.808,0.795,0.812,0.794,1549121.2
2019-09-26,0.798,0.766,0.8,0.765,2410474.83
2019-09-27,0.766,0.773,0.778,0.766,1080327.1
2019-09-30,0.773,0.766,0.779,0.765,1136281.93
2019-10-08,0.77,0.756,0.772,0.755,1160653.56
2019-10-09,0.755,0.761,0.763,0.75,981919.83
2019-10-10,0.762,0.769,0.77,0.761,953659.0
2019-10-11,0.77,0.767,0.771,0.759,1095655.9
2019-10-14,0.77,0.776,0.778,0.77,1300249.4
2019-10-15,0.774,0.763,0.775,0.76,1542123.89
2019-10-16,0.763,0.757,0.765,0.756,675281.58
2019-10-17,0.755,0.753,0.761,0.752,723300.79
2019-10-18,0.754,0.74,0.757,0.74,874446.68
2019-10-21,0.74,0.74,0.743,0.729,1008358.37
2019-10-22,0.741,0.748,0.748,0.74,662143.48
2019-10-23,0.748,0.74,0.749,0.739,502394.0
2019-10-24,0.74,0.741,0.742,0.732,840000.0
2019-10-25,0.741,0.745,0.747,0.735,974659.0
2019-10-28,0.749,0.758,0.758,0.748,1470401.0
2019-10-29,0.758,0.749,0.759,0.748,719489.92
2019-10-30,0.746,0.741,0.746,0.737,548798.0
2019-10-31,0.742,0.738,0.744,0.737,553646.95
2019-11-01,0.737,0.743,0.744,0.735,669865.0
2019-11-04,0.743,0.741,0.745,0.74,660241.1
2019-11-05,0.741,0.743,0.745,0.735,958068.27
2019-11-06,0.748,0.753,0.765,0.748,2675293.54
2019-11-07,0.75,0.748,0.752,0.745,1024693.0
2019-11-08,0.752,0.742,0.753,0.742,772428.13
2019-11-11,0.743,0.724,0.744,0.723,1229367.0
2019-11-12,0.722,0.724,0.724,0.713,791510.5
2019-11-13,0.721,0.72,0.723,0.717,395835.0
2019-11-14,0.72,0.722,0.724,0.718,504355.0
2019-11-15,0.722,0.716,0.724,0.714,592862.85
2019-11-18,0.715,0.719,0.72,0.712,561093.0
2019-11-19,0.718,0.731,0.731,0.718,989864.0
2019-11-20,0.729,0.724,0.731,0.723,544821.16
2019-11-21,0.722,0.73,0.733,0.721,994061.28
2019-11-22,0.729,0.726,0.735,0.723,1195600.0
2019-11-25,0.726,0.722,0.727,0.717,663353.0
2019-11-26,0.724,0.724,0.727,0.719,728454.0
2019-11-27,0.723,0.72,0.724,0.719,664645.0
2019-11-28,0.721,0.72,0.723,0.718,410548.75
2019-11-29,0.718,0.725,0.726,0.718,619665.16
2019-12-02,0.725,0.725,0.729,0.722,466896.0
2019-12-03,0.722,0.73,0.73,0.72,604860.0
2019-12-04,0.728,0.735,0.738,0.726,1950307.0
2019-12-05,0.737,0.745,0.746,0.737,1152295.04
2019-12-06,0.743,0.745,0.745,0.74,636571.62
2019-12-09,0.744,0.743,0.747,0.741,487538.05
2019-12-10,0.743,0.741,0.743,0.736,606150.98
2019-12-11,0.741,0.738,0.744,0.737,702250.0
2019-12-12,0.738,0.74,0.743,0.736,1189733.0
2019-12-13,0.741,0.745,0.745,0.738,1687913.59
2019-12-16,0.745,0.758,0.759,0.742,2085967.11
2019-12-17,0.758,0.764,0.768,0.757,2210004.94
2019-12-18,0.77,0.762,0.775,0.761,1631293.0
2019-12-19,0.767,0.766,0.768,0.761,1037346.0
2019-12-20,0.766,0.754,0.768,0.753,1251658.76
2019-12-23,0.754,0.738,0.754,0.737,1236120.41
2019-12-24,0.738,0.745,0.746,0.738,852210.24
2019-12-25,0.744,0.746,0.749,0.743,983793.24
2019-12-26,0.746,0.754,0.755,0.745,1210980.0
2019-12-27,0.754,0.752,0.762,0.75,2076297.0
2019-12-30,0.752,0.758,0.758,0.742,1453985.0
2019-12-31,0.758,0.758,0.76,0.752,1225199.72
2020-01-02,0.762,0.771,0.771,0.758,1632257.97
2020-01-03,0.773,0.784,0.785,0.77,3669353.7
2020-01-06,0.798,0.793,0.803,0.788,4269492.48
2020-01-07,0.788,0.794,0.795,0.787,1870327.0
2020-01-08,0.803,0.805,0.812,0.795,4549158.0
2020-01-09,0.791,0.798,0.798,0.786,2972610.45
2020-01-10,0.795,0.791,0.799,0.788,1385234.66
2020-01-13,0.79,0.8,0.8,0.786,1387287.29
2020-01-14,0.8,0.793,0.803,0.793,1566622.95
2020-01-15,0.792,0.786,0.792,0.782,1829408.42
2020-01-16,0.787,0.796,0.804,0.787,2241609.95
2020-01-17,0.794,0.792,0.799,0.791,1091150.66
2020-01-20,0.793,0.807,0.808,0.793,1554479.92
2020-01-21,0.808,0.8,0.809,0.799,1115090.0
2020-01-22,0.795,0.803,0.806,0.786,1470067.9
2020-01-23,0.796,0.79,0.819,0.78,2102834.19
2020-02-03,0.711,0.711,0.724,0.711,1564567.38
2020-02-04,0.7,0.721,0.721,0.686,1219552.87
2020-02-05,0.717,0.739,0.747,0.717,1652838.99
2020-02-06,0.742,0.767,0.769,0.738,1677277.01
2020-02-07,0.771,0.784,0.785,0.766,1773873.19
2020-02-10,0.787,0.789,0.799,0.777,1167813.59
2020-02-11,0.788,0.782,0.79,0.779,1186305.0
2020-02-12,0.778,0.798,0.799,0.778,1102709.07
2020-02-13,0.799,0.791,0.801,0.785,1093167.0
2020-02-14,0.789,0.792,0.8,0.787,1130854.53
2020-02-17,0.8,0.849,0.85,0.8,3108629.43
2020-02-18,0.86,0.874,0.875,0.856,2880414.16
2020-02-19,0.864,0.856,0.88,0.822,2707016.75
2020-02-20,0.855,0.865,0.865,0.844,1426893.16
2020-02-21,0.865,0.89,0.899,0.861,1900173.38
2020-02-24,0.888,0.897,0.902,0.88,1798605.51
2020-02-25,0.877,0.896,0.9,0.85,1919748.82
2020-02-26,0.878,0.879,0.911,0.872,1971355.31
2020-02-27,0.881,0.871,0.888,0.855,1694044.51
2020-02-28,0.836,0.821,0.854,0.818,1173113.63
2020-03-02,0.831,0.853,0.858,0.827,1420200.33
2020-03-03,0.865,0.872,0.896,0.861,1659868.04
2020-03-04,0.865,0.872,0.883,0.853,1589463.25
2020-03-05,0.884,0.877,0.887,0.866,1148018.0
2020-03-06,0.872,0.871,0.879,0.859,818734.93
2020-03-09,0.86,0.827,0.862,0.825,1070767.0
2020-03-10,0.825,0.866,0.867,0.817,1344383.01
2020-03-11,0.866,0.866,0.895,0.863,1959582.48
2020-03-12,0.846,0.843,0.861,0.833,1171184.47
2020-03-13,0.81,0.843,0.856,0.803,1328908.0
2020-03-16,0.848,0.795,0.85,0.79,1382840.0
2020-03-17,0.801,0.795,0.815,0.771,1035895.0
2020-03-18,0.8,0.774,0.813,0.773,964160.0
2020-03-19,0.776,0.787,0.793,0.765,1006034.0
2020-03-20,0.791,0.792,0.799,0.778,814759.0
2020-03-23,0.767,0.752,0.773,0.746,1417258.34
2020-03-24,0.769,0.765,0.771,0.745,730985.24
2020-03-25,0.78,0.776,0.783,0.77,827162.0
2020-03-26,0.77,0.766,0.777,0.765,760736.0
2020-03-27,0.773,0.766,0.779,0.765,1262228.0
2020-03-30,0.754,0.76,0.767,0.736,1915061.47
2020-03-31,0.761,0.749,0.764,0.748,678073.72
2020-04-01,0.747,0.747,0.758,0.744,576210.72
2020-04-02,0.744,0.767,0.768,0.742,887645.0
2020-04-03,0.766,0.76,0.768,0.754,493494.0
2020-04-07,0.775,0.793,0.794,0.772,1608625.92
2020-04-08,0.784,0.804,0.806,0.783,1982273.11
2020-04-09,0.808,0.803,0.812,0.798,1358735.0
2020-04-10,0.802,0.79,0.803,0.786,1430868.42
2020-04-13,0.786,0.789,0.791,0.776,985541.11
2020-04-14,0.792,0.797,0.798,0.787,887679.6
2020-04-15,0.795,0.788,0.799,0.788,945827.0
2020-04-16,0.784,0.799,0.803,0.781,1235889.55
2020-04-17,0.802,0.797,0.808,0.795,1191930.0
2020-04-20,0.796,0.812,0.813,0.796,1774593.0
2020-04-21,0.811,0.812,0.817,0.805,1656661.0
2020-04-22,0.804,0.811,0.815,0.801,1212391.58
2020-04-23,0.814,0.821,0.828,0.809,2429750.9
2020-04-24,0.816,0.805,0.82,0.794,1770122.24
2020-04-27,0.801,0.792,0.804,0.79,1116031.0
2020-04-28,0.791,0.781,0.792,0.759,1365654.0
2020-04-29,0.778,0.79,0.794,0.774,1115446.0
2020-04-30,0.794,0.815,0.817,0.792,1434170.68
2020-05-06,0.811,0.831,0.831,0.809,1663283.92
2020-05-07,0.827,0.828,0.834,0.826,1114177.32
2020-05-08,0.831,0.837,0.843,0.83,1777939.47
2020-05-11,0.844,0.842,0.847,0.832,1459335.0
2020-05-12,0.844,0.839,0.844,0.83,1093044.6
2020-05-13,0.837,0.838,0.841,0.835,1010580.23
2020-05-14,0.834,0.839,0.848,0.83,1369408.6
2020-05-15,0.844,0.839,0.846,0.835,1287395.16
2020-05-18,0.844,0.852,0.866,0.838,2492061.16
2020-05-19,0.853,0.859,0.859,0.849,1166061.0
2020-05-20,0.858,0.836,0.858,0.832,1649369.0
2020-05-21,0.836,0.822,0.838,0.818,1269120.85
2020-05-22,0.82,0.81,0.829,0.805,1437635.19
2020-05-25,0.81,0.8,0.82,0.795,1190060.0
2020-05-26,0.8,0.812,0.813,0.8,1129539.0
2020-05-27,0.814,0.805,0.815,0.802,823912.19
2020-05-28,0.805,0.805,0.809,0.792,1002558.0
2020-05-29,0.801,0.81,0.811,0.8,952923.0
2020-06-01,0.811,0.828,0.83,0.81,1548516.94
2020-06-02,0.83,0.83,0.838,0.823,2804096.01
2020-06-03,0.83,0.824,0.831,0.823,1106131.0
2020-06-04,0.828,0.817,0.828,0.814,953900.0
2020-06-05,0.817,0.816,0.82,0.81,1020114.0
2020-06-08,0.818,0.814,0.822,0.813,1111828.0
2020-06-09,0.813,0.812,0.815,0.809,1440936.0
2020-06-10,0.811,0.813,0.813,0.807,1178992.0
2020-06-11,0.813,0.815,0.823,0.81,1456377.38
2020-06-12,0.803,0.814,0.815,0.801,1060783.44
2020-06-15,0.81,0.802,0.813,0.801,881024.98
2020-06-16,0.805,0.81,0.811,0.804,850218.56
2020-06-17,0.822,0.823,0.825,0.816,2781126.18
2020-06-18,0.82,0.81,0.82,0.806,1718242.0
2020-06-19,0.809,0.816,0.818,0.808,1572342.0
2020-06-22,0.816,0.825,0.826,0.816,2074321.36
2020-06-23,0.825,0.827,0.829,0.819,1569375.36
2020-06-24,0.826,0.822,0.826,0.819,1357551.0
2020-06-29,0.818,0.822,0.829,0.817,1358320.24
2020-06-30,0.825,0.835,0.835,0.824,1672796.0
2020-07-01,0.839,0.835,0.839,0.825,1795694.0
2020-07-02,0.836,0.848,0.848,0.831,2509505.45
2020-07-03,0.853,0.857,0.858,0.847,3380496.2
2020-07-06,0.869,0.91,0.915,0.865,7018519.69
2020-07-07,0.932,0.921,0.942,0.895,6422715.43
2020-07-08,0.919,1.011,1.013,0.913,9324639.71
2020-07-09,1.039,1.041,1.055,1.014,14887381.96
2020-07-10,1.035,1.015,1.038,1.003,7741549.12
2020-07-13,1.011,1.036,1.037,1.0,6069360.22
2020-07-14,1.032,1.039,1.073,1.015,9171477.91
2020-07-15,1.044,1.001,1.049,0.991,6772544.43
2020-07-16,1.0,0.964,1.02,0.958,5813445.06
2020-07-17,0.965,1.0,1.014,0.962,7049878.24
2020-07-20,1.029,1.1,1.1,1.018,14076700.25
2020-07-21,1.094,1.049,1.094,1.035,15906298.35
2020-07-22,1.037,1.067,1.088,1.036,12045066.14
2020-07-23,1.078,1.115,1.118,1.063,17590456.92
2020-07-24,1.12,1.07,1.131,1.067,22474044.0
2020-07-27,1.058,1.061,1.091,1.032,12393709.87
2020-07-28,1.062,1.078,1.096,1.052,9094991.67
2020-07-29,1.07,1.104,1.105,1.065,7011421.55
2020-07-30,1.11,1.089,1.129,1.083,7766927.17
2020-07-31,1.085,1.079,1.093,1.066,6841895.84
2020-08-03,1.09,1.17,1.175,1.089,14752813.11
2020-08-04,1.165,1.128,1.165,1.118,13639752.96
2020-08-05,1.122,1.165,1.18,1.118,13338691.81
2020-08-06,1.158,1.207,1.224,1.15,16364465.71
2020-08-07,1.195,1.249,1.26,1.176,18477104.05
2020-08-10,1.237,1.22,1.309,1.213,20019471.27
2020-08-11,1.201,1.207,1.249,1.19,16366644.44
2020-08-12,1.188,1.153,1.196,1.129,13591743.35
2020-08-13,1.15,1.159,1.18,1.147,8365133.64
2020-08-14,1.154,1.2,1.208,1.154,8843415.12
2020-08-17,1.215,1.234,1.235,1.192,7764447.5
2020-08-18,1.228,1.235,1.253,1.224,6805302.37
2020-08-19,1.23,1.207,1.235,1.201,6967638.76
2020-08-20,1.195,1.162,1.205,1.154,7669976.71
2020-08-21,1.17,1.161,1.188,1.147,5170585.53
2020-08-24,1.164,1.17,1.184,1.152,3739565.87
2020-08-25,1.171,1.129,1.172,1.119,8207750.45
2020-08-26,1.125,1.094,1.137,1.087,7015155.96
2020-08-27,1.096,1.114,1.115,1.087,4639192.02
2020-08-28,1.113,1.138,1.139,1.111,5348907.8
2020-08-31,1.147,1.147,1.163,1.133,7106625.61
2020-09-01,1.16,1.173,1.178,1.148,7029618.78
2020-09-02,1.174,1.157,1.174,1.144,4277481.19
2020-09-03,1.15,1.143,1.152,1.127,4101336.9
2020-09-04,1.121,1.136,1.138,1.12,3538707.92
2020-09-07,1.136,1.104,1.145,1.099,4161122.25
2020-09-08,1.108,1.1,1.113,1.082,3330482.63
2020-09-09,1.091,1.092,1.11,1.068,6541976.16
2020-09-10,1.094,1.052,1.096,1.05,5505071.78
2020-09-11,1.046,1.054,1.056,1.035,3115121.0
2020-09-14,1.057,1.05,1.061,1.041,2304781.62
2020-09-15,1.047,1.062,1.067,1.047,2805958.27
2020-09-16,1.058,1.045,1.059,1.039,2158288.22
2020-09-17,1.042,1.054,1.064,1.033,2912946.15
2020-09-18,1.055,1.085,1.087,1.055,3938808.71
2020-09-21,1.097,1.111,1.13,1.091,5949582.85
2020-09-22,1.097,1.09,1.105,1.084,2770376.35
2020-09-23,1.092,1.089,1.096,1.08,1819620.06
2020-09-24,1.08,1.056,1.083,1.055,2752027.55
2020-09-25,1.061,1.059,1.07,1.053,2745039.0
2020-09-28,1.061,1.045,1.063,1.043,1970088.19
2020-09-29,1.051,1.089,1.094,1.051,4941662.73
2020-09-30,1.087,1.09,1.094,1.073,3401195.25
2020-10-09,1.105,1.109,1.11,1.093,4558817.89
2020-10-12,1.115,1.154,1.155,1.11,6970464.85
2020-10-13,1.15,1.155,1.161,1.14,3268125.77
2020-10-14,1.157,1.148,1.175,1.139,4499072.68
2020-10-15,1.14,1.137,1.149,1.136,2471904.0
2020-10-16,1.135,1.123,1.143,1.114,3072409.94
2020-10-19,1.125,1.115,1.133,1.113,3259934.0
2020-10-20,1.109,1.118,1.119,1.098,2401996.0
2020-10-21,1.118,1.089,1.118,1.082,3368179.61
2020-10-22,1.084,1.075,1.085,1.062,2670766.78
2020-10-23,1.077,1.058,1.083,1.055,3406074.45
2020-10-26,1.055,1.065,1.069,1.041,2526425.54
2020-10-27,1.06,1.073,1.079,1.058,3211788.26
2020-10-28,1.075,1.069,1.075,1.052,2685242.38
2020-10-29,1.055,1.056,1.06,1.047,3638537.0
2020-10-30,1.067,1.037,1.083,1.034,5873749.47
2020-11-02,1.033,1.031,1.039,1.019,4140432.0
2020-11-03,1.034,1.066,1.068,1.03,4702860.24
2020-11-04,1.066,1.074,1.08,1.052,5686873.47
2020-11-05,1.073,1.076,1.081,1.06,5120003.98
2020-11-06,1.074,1.057,1.074,1.051,3598079.23
2020-11-09,1.054,1.078,1.078,1.047,6634904.99
2020-11-10,1.078,1.058,1.078,1.053,4825613.58
2020-11-11,1.057,1.037,1.064,1.035,3914641.26
2020-11-12,1.038,1.033,1.048,1.03,2584232.49
2020-11-13,1.032,1.056,1.066,1.025,6595969.75
2020-11-16,1.055,1.06,1.066,1.052,3223979.58
2020-11-17,1.06,1.038,1.06,1.029,3742597.0
2020-11-18,1.04,1.044,1.05,1.036,2652166.0
2020-11-19,1.039,1.089,1.094,1.032,11128395.6
2020-11-20,1.091,1.103,1.116,1.089,7716080.79
2020-11-23,1.103,1.102,1.113,1.086,5963595.99
2020-11-24,1.1,1.108,1.123,1.097,4933235.5
2020-11-25,1.103,1.078,1.11,1.076,4089904.5
2020-11-26,1.081,1.1,1.108,1.074,5495336.5
2020-11-27,1.1,1.121,1.14,1.088,7930846.56
2020-11-30,1.121,1.128,1.141,1.11,7244303.97
2020-12-01,1.129,1.15,1.156,1.123,7074253.19
2020-12-02,1.151,1.15,1.163,1.142,5523268.7
2020-12-03,1.145,1.131,1.148,1.126,5419667.47
2020-12-04,1.125,1.142,1.147,1.117,4716483.11
2020-12-07,1.143,1.147,1.159,1.139,4793497.51
2020-12-08,1.144,1.142,1.154,1.138,2862125.42
2020-12-09,1.138,1.114,1.147,1.113,4534115.18
2020-12-10,1.108,1.117,1.127,1.103,3077310.57
2020-12-11,1.117,1.09,1.117,1.078,4892509.73
2020-12-14,1.085,1.109,1.114,1.076,4027962.26
2020-12-15,1.104,1.113,1.125,1.101,3510934.0
2020-12-16,1.107,1.104,1.117,1.098,3196743.69
2020-12-17,1.102,1.095,1.107,1.071,4824816.78
2020-12-18,1.098,1.095,1.114,1.092,4256311.88
2020-12-21,1.091,1.144,1.145,1.091,7122197.89
2020-12-22,1.138,1.124,1.152,1.121,5528534.33
2020-12-23,1.126,1.184,1.185,1.125,8995615.93
2020-12-24,1.19,1.192,1.23,1.184,10963775.01
2020-12-25,1.185,1.211,1.214,1.172,6421051.5
2020-12-28,1.211,1.21,1.232,1.193,5734884.66
2020-12-29,1.209,1.196,1.227,1.187,6260244.75
2020-12-30,1.188,1.231,1.244,1.185,8378586.92
2020-12-31,1.23,1.288,1.29,1.226,10301027.17
2021-01-04,1.325,1.383,1.393,1.303,12483775.07
2021-01-05,1.37,1.384,1.416,1.351,14077844.31
2021-01-06,1.371,1.399,1.431,1.364,13431092.72
2021-01-07,1.386,1.438,1.444,1.376,13015602.73
2021-01-08,1.44,1.398,1.44,1.374,14858774.82
2021-01-11,1.412,1.352,1.43,1.34,15293917.7
2021-01-12,1.34,1.406,1.411,1.34,14557662.04
2021-01-13,1.411,1.384,1.424,1.371,13682838.66
2021-01-14,1.368,1.306,1.368,1.303,17022466.1
2021-01-15,1.299,1.297,1.318,1.261,13801225.3
2021-01-18,1.298,1.325,1.339,1.297,12134913.15
2021-01-19,1.317,1.297,1.335,1.287,10711486.62
2021-01-20,1.297,1.321,1.325,1.283,9716973.82
2021-01-21,1.313,1.336,1.344,1.308,10689572.58
2021-01-22,1.33,1.337,1.339,1.31,8944779.29
2021-01-25,1.343,1.34,1.377,1.327,13499635.24
2021-01-26,1.323,1.243,1.324,1.242,22914332.96
2021-01-27,1.234,1.245,1.259,1.228,8560969.56
2021-01-28,1.231,1.233,1.265,1.222,8036897.94
2021-01-29,1.242,1.189,1.246,1.165,12430902.14
2021-02-01,1.19,1.183,1.2,1.177,6017932.08
2021-02-02,1.185,1.204,1.205,1.168,7401866.1
2021-02-03,1.202,1.162,1.204,1.16,8763596.23
2021-02-04,1.154,1.147,1.178,1.132,7839978.1
2021-02-05,1.158,1.123,1.169,1.121,7708480.39
2021-02-08,1.125,1.128,1.136,1.104,7562329.53
2021-02-09,1.128,1.198,1.199,1.125,13724901.37
2021-02-10,1.198,1.187,1.198,1.166,13969732.48
2021-02-18,1.2,1.179,1.205,1.175,9585410.57
2021-02-19,1.179,1.186,1.187,1.163,7751131.32
2021-02-22,1.188,1.141,1.19,1.14,13639163.76
2021-02-23,1.131,1.179,1.184,1.125,14534944.63
2021-02-24,1.183,1.176,1.199,1.154,11284162.21
2021-02-25,1.176,1.199,1.215,1.17,14427946.12
2021-02-26,1.178,1.158,1.19,1.155,11984186.52
2021-03-01,1.165,1.18,1.18,1.152,7789967.64
2021-03-02,1.188,1.187,1.195,1.159,10957874.53
2021-03-03,1.174,1.186,1.187,1.166,8195433.14
2021-03-04,1.176,1.168,1.203,1.165,11259149.03
2021-03-05,1.151,1.145,1.163,1.127,8524862.23
2021-03-08,1.146,1.064,1.149,1.06,15114994.19
2021-03-09,1.055,1.01,1.061,1.0,11920435.2
2021-03-10,1.023,1.005,1.029,1.001,6138691.71
2021-03-11,1.008,1.023,1.025,0.996,6061837.89
2021-03-12,1.023,1.015,1.024,1.001,4802170.67
2021-03-15,1.014,1.006,1.024,0.998,5479204.84
2021-03-16,1.005,1.006,1.019,1.001,4089428.16
2021-03-17,1.006,1.023,1.029,1.003,5957649.69
2021-03-18,1.021,1.038,1.046,1.02,5421147.18
2021-03-19,1.024,1.04,1.059,1.019,7737149.48
2021-03-22,1.035,1.049,1.054,1.029,4316585.79
2021-03-23,1.05,1.042,1.056,1.037,3111427.75
2021-03-24,1.039,1.022,1.048,1.016,4149537.0
2021-03-25,1.017,1.028,1.037,1.017,3872490.92
2021-03-26,1.028,1.044,1.045,1.028,4136168.18
2021-03-29,1.05,1.062,1.078,1.05,6638763.03
2021-03-30,1.062,1.085,1.1,1.061,7407662.69
2021-03-31,1.08,1.042,1.08,1.04,6346344.23
2021-04-01,1.045,1.05,1.053,1.042,2542006.0
2021-04-02,1.052,1.055,1.061,1.046,3671946.03
2021-04-06,1.061,1.066,1.069,1.055,3586511.96
2021-04-07,1.063,1.057,1.064,1.05,3284154.91
2021-04-08,1.054,1.054,1.067,1.048,3464199.79
2021-04-09,1.066,1.062,1.078,1.058,4199681.75
2021-04-12,1.059,1.029,1.061,1.022,4415379.44
2021-04-13,1.023,1.024,1.032,1.017,2628323.71
2021-04-14,1.022,1.039,1.04,1.021,2868061.48
2021-04-15,1.038,1.036,1.04,1.026,2240206.73
2021-04-16,1.036,1.039,1.043,1.029,2877331.35
2021-04-19,1.036,1.053,1.054,1.032,4576757.27
2021-04-20,1.05,1.046,1.061,1.043,4972401.77
2021-04-21,1.04,1.038,1.046,1.031,3442470.02
2021-04-22,1.04,1.038,1.048,1.035,3065501.21
2021-04-23,1.036,1.034,1.042,1.03,3470866.0
2021-04-26,1.036,1.034,1.053,1.032,5540318.48
2021-04-27,1.031,1.019,1.033,1.011,4626061.55
2021-04-28,1.017,1.027,1.028,1.017,3013312.03
2021-04-29,1.028,1.03,1.036,1.025,3777521.69
2021-04-30,1.022,0.994,1.022,0.987,16299901.63
2021-05-06,0.992,1.005,1.013,0.989,5881611.0
2021-05-07,1.003,0.994,1.009,0.993,3869381.1
2021-05-10,0.993,0.978,0.993,0.973,5234617.23
2021-05-11,0.974,1.002,1.007,0.972,6340665.0
2021-05-12,0.998,1.0,1.0,0.99,2983392.83
2021-05-13,0.992,0.996,1.012,0.99,4920090.0
2021-05-14,1.0,1.034,1.035,0.993,12667910.07
2021-05-17,1.041,1.041,1.055,1.036,7097115.28
2021-05-18,1.035,1.063,1.069,1.03,8731695.07
2021-05-19,1.058,1.066,1.072,1.054,4721469.98
2021-05-20,1.064,1.068,1.081,1.061,4313545.27
2021-05-21,1.069,1.047,1.072,1.044,4391865.1
2021-05-24,1.046,1.057,1.057,1.042,3799610.16
2021-05-25,1.057,1.093,1.096,1.051,8840392.34
2021-05-26,1.094,1.091,1.111,1.089,7240690.7
2021-05-27,1.089,1.1,1.105,1.087,4793104.36
2021-05-28,1.099,1.107,1.114,1.094,5633899.19
2021-05-31,1.111,1.139,1.142,1.109,7682347.5
2021-06-01,1.138,1.135,1.148,1.13,5745931.59
2021-06-02,1.13,1.105,1.141,1.104,6342627.61
2021-06-03,1.104,1.092,1.112,1.09,5093259.93
2021-06-04,1.086,1.104,1.11,1.085,5088444.15
2021-06-07,1.113,1.122,1.135,1.112,5180594.74
2021-06-08,1.122,1.138,1.14,1.116,6502568.82
2021-06-09,1.148,1.145,1.163,1.135,6187057.88
2021-06-10,1.146,1.149,1.151,1.133,5422636.06
2021-06-11,1.15,1.108,1.152,1.103,9598814.25
2021-06-15,1.105,1.112,1.118,1.1,4895176.87
2021-06-16,1.109,1.098,1.123,1.09,4927292.25
2021-06-17,1.104,1.111,1.115,1.096,4348730.96
2021-06-18,1.111,1.134,1.145,1.108,7567390.9
2021-06-21,1.134,1.18,1.181,1.133,11438253.79
2021-06-22,1.186,1.173,1.189,1.162,6946792.18
2021-06-23,1.169,1.17,1.178,1.157,6195712.11
2021-06-24,1.168,1.152,1.188,1.15,7365898.83
2021-06-25,1.148,1.156,1.157,1.135,7849513.7
2021-06-28,1.157,1.16,1.167,1.15,6854852.25
2021-06-29,1.158,1.135,1.168,1.135,7153509.35
2021-06-30,1.135,1.152,1.153,1.131,5792420.41
2021-07-01,1.162,1.105,1.165,1.103,12437354.73
2021-07-02,1.097,1.065,1.099,1.06,8902934.35
2021-07-05,1.063,1.07,1.081,1.061,4763941.27
2021-07-06,1.069,1.079,1.08,1.059,4974684.65
2021-07-07,1.07,1.107,1.109,1.068,6947622.52
2021-07-08,1.11,1.152,1.156,1.107,12814117.14
2021-07-09,1.146,1.143,1.155,1.137,6311555.24
2021-07-12,1.15,1.16,1.17,1.133,7864021.3
2021-07-13,1.16,1.153,1.171,1.144,5933445.82
2021-07-14,1.147,1.131,1.15,1.121,5528723.16
2021-07-15,1.128,1.13,1.149,1.115,5288398.64
2021-07-16,1.129,1.179,1.193,1.121,15379668.05
2021-07-19,1.185,1.169,1.2,1.162,7782312.91
2021-07-20,1.159,1.19,1.195,1.156,7932658.81
2021-07-21,1.186,1.209,1.213,1.185,11181741.53
2021-07-22,1.207,1.206,1.209,1.19,6928203.96
2021-07-23,1.206,1.234,1.25,1.186,12389762.35
2021-07-26,1.236,1.243,1.291,1.234,18574550.09
2021-07-27,1.242,1.218,1.269,1.213,15323069.48
2021-07-28,1.198,1.158,1.204,1.135,12587400.25
2021-07-29,1.172,1.208,1.216,1.171,11452784.26
2021-07-30,1.205,1.206,1.217,1.189,11410897.18
2021-08-02,1.212,1.271,1.277,1.212,12830579.01
2021-08-03,1.271,1.251,1.288,1.241,9260190.24
2021-08-04,1.247,1.286,1.29,1.245,11947968.33
2021-08-05,1.289,1.331,1.353,1.285,17415000.08
2021-08-06,1.332,1.342,1.349,1.312,11708680.27
2021-08-09,1.345,1.333,1.364,1.323,8431792.33
2021-08-10,1.325,1.385,1.41,1.32,15370076.5
2021-08-11,1.38,1.379,1.398,1.365,10848883.34
2021-08-12,1.371,1.34,1.379,1.335,13186814.43
2021-08-13,1.333,1.335,1.361,1.317,12088095.04
2021-08-16,1.331,1.309,1.34,1.3,9658091.59
2021-08-17,1.308,1.287,1.327,1.278,10530005.78
2021-08-18,1.286,1.323,1.329,1.281,12929882.05
2021-08-19,1.315,1.35,1.361,1.301,12571658.77
2021-08-20,1.342,1.346,1.367,1.322,11923215.46
2021-08-23,1.358,1.405,1.42,1.356,14752645.86
2021-08-24,1.364,1.397,1.403,1.331,21053939.14
2021-08-25,1.386,1.383,1.405,1.37,9563880.0
2021-08-26,1.378,1.378,1.407,1.37,9386582.94
2021-08-27,1.369,1.355,1.377,1.343,9036033.89
2021-08-30,1.367,1.391,1.42,1.367,12657929.85
2021-08-31,1.395,1.394,1.413,1.373,7738438.17
2021-09-01,1.393,1.349,1.397,1.316,10841399.11
2021-09-02,1.338,1.343,1.352,1.326,7010788.5
2021-09-03,1.334,1.292,1.342,1.27,12253690.68
2021-09-06,1.288,1.312,1.313,1.279,8996996.48
2021-09-07,1.308,1.328,1.338,1.302,6531755.38
2021-09-08,1.328,1.31,1.33,1.3,6964890.06
2021-09-09,1.307,1.344,1.345,1.295,8740459.98
2021-09-10,1.345,1.328,1.345,1.318,8282823.82
2021-09-13,1.326,1.314,1.334,1.304,5366954.86
2021-09-14,1.313,1.299,1.335,1.295,6022994.07
2021-09-15,1.297,1.307,1.315,1.284,5620231.12
2021-09-16,1.304,1.275,1.316,1.273,7217317.75
2021-09-17,1.277,1.258,1.291,1.228,6926832.85
2021-09-22,1.239,1.279,1.287,1.238,5898307.03
2021-09-23,1.279,1.312,1.316,1.277,6803800.0
2021-09-24,1.311,1.307,1.316,1.297,3655360.03
2021-09-27,1.305,1.262,1.31,1.243,6604091.19
2021-09-28,1.26,1.273,1.285,1.256,4526054.11
2021-09-29,1.265,1.228,1.269,1.225,5784529.67
2021-09-30,1.23,1.238,1.252,1.23,3511686.77
2021-10-08,1.25,1.22,1.251,1.214,4357356.84
2021-10-11,1.225,1.247,1.272,1.221,6145967.32
2021-10-12,1.236,1.21,1.24,1.193,5112417.69
2021-10-13,1.19,1.209,1.214,1.171,6745935.11
2021-10-14,1.203,1.231,1.242,1.203,5228252.0
2021-10-15,1.232,1.239,1.246,1.229,2694297.19
2021-10-18,1.242,1.255,1.262,1.239,4616013.12
2021-10-19,1.253,1.258,1.259,1.242,2876785.31
2021-10-20,1.257,1.272,1.28,1.255,4759124.72
2021-10-21,1.27,1.257,1.271,1.247,2600738.08
2021-10-22,1.253,1.261,1.265,1.251,2304259.82
2021-10-25,1.259,1.279,1.283,1.252,5168521.51
2021-10-26,1.276,1.277,1.285,1.271,2881741.91
2021-10-27,1.297,1.289,1.306,1.278,5315355.61
2021-10-28,1.278,1.262,1.291,1.259,3186646.31
2021-10-29,1.264,1.303,1.306,1.258,6080888.15
2021-11-01,1.311,1.327,1.334,1.307,5960203.02
2021-11-02,1.342,1.361,1.372,1.34,9365153.08
2021-11-03,1.35,1.346,1.355,1.325,6071930.32
2021-11-04,1.345,1.364,1.366,1.34,5019837.1
2021-11-05,1.36,1.348,1.369,1.344,4219430.01
2021-11-08,1.345,1.353,1.354,1.326,3495600.42
2021-11-09,1.351,1.403,1.413,1.348,11383833.53
2021-11-10,1.4,1.398,1.423,1.392,7192644.5
2021-11-11,1.394,1.402,1.408,1.383,3891916.84
2021-11-12,1.401,1.454,1.456,1.4,7291582.57
2021-11-15,1.454,1.43,1.475,1.425,5905213.15
2021-11-16,1.423,1.373,1.447,1.371,9536475.13
2021-11-17,1.366,1.4,1.405,1.354,6555618.0
2021-11-18,1.392,1.44,1.453,1.39,5422083.75
2021-11-19,1.436,1.439,1.452,1.428,3436760.67
2021-11-22,1.437,1.456,1.458,1.428,3815281.28
2021-11-23,1.453,1.446,1.462,1.436,3859723.67
2021-11-24,1.447,1.422,1.46,1.417,3732297.24
2021-11-25,1.415,1.414,1.436,1.408,3288442.69
2021-11-26,1.409,1.414,1.432,1.407,3505925.22
2021-11-29,1.399,1.447,1.454,1.394,6571992.33
2021-11-30,1.448,1.476,1.493,1.446,6413469.65
2021-12-01,1.469,1.453,1.475,1.448,4094426.73
2021-12-02,1.453,1.441,1.454,1.432,3289322.74
2021-12-03,1.443,1.475,1.475,1.443,3855059.24
2021-12-06,1.473,1.472,1.489,1.457,3634153.76
2021-12-07,1.472,1.422,1.477,1.407,7551967.07
2021-12-08,1.421,1.448,1.451,1.42,5522459.72
2021-12-09,1.448,1.442,1.457,1.427,4848419.18
2021-12-10,1.432,1.431,1.437,1.419,4063299.48
2021-12-13,1.426,1.427,1.431,1.4,5898881.95
2021-12-14,1.42,1.433,1.446,1.413,4795638.76
2021-12-15,1.432,1.426,1.442,1.421,3832091.59
2021-12-16,1.424,1.43,1.441,1.422,3028959.9
2021-12-17,1.427,1.405,1.43,1.404,3637949.95
2021-12-20,1.396,1.374,1.415,1.365,5098730.53
2021-12-21,1.373,1.38,1.387,1.36,3030953.86
2021-12-22,1.379,1.379,1.389,1.363,2692489.71
2021-12-23,1.376,1.388,1.4,1.371,2705905.97
2021-12-24,1.384,1.388,1.396,1.381,3350312.05
2021-12-27,1.385,1.383,1.396,1.377,2190209.39
2021-12-28,1.383,1.392,1.393,1.368,2574667.21
2021-12-29,1.392,1.412,1.416,1.39,6040632.0
2021-12-30,1.411,1.458,1.461,1.41,6679560.98
2021-12-31,1.458,1.457,1.466,1.448,4548705.41
2022-01-04,1.456,1.443,1.467,1.434,2877576.84
2022-01-05,1.438,1.369,1.444,1.368,6249049.18
2022-01-06,1.36,1.353,1.372,1.338,5806489.12
2022-01-07,1.353,1.336,1.366,1.333,2949373.77
2022-01-10,1.33,1.323,1.338,1.303,4386933.36
2022-01-11,1.323,1.288,1.327,1.284,3597659.37
2022-01-12,1.288,1.318,1.319,1.288,3248372.84
2022-01-13,1.317,1.291,1.32,1.287,2787751.24
2022-01-14,1.288,1.297,1.313,1.286,2953105.45
2022-01-17,1.295,1.321,1.325,1.293,3478784.75
2022-01-18,1.32,1.322,1.338,1.311,3550185.0
2022-01-19,1.32,1.294,1.326,1.286,3011195.88
2022-01-20,1.294,1.263,1.299,1.26,4319030.17
2022-01-21,1.247,1.232,1.247,1.223,6616280.05
2022-01-24,1.223,1.246,1.253,1.223,3747638.09
2022-01-25,1.252,1.23,1.272,1.226,4301416.42
2022-01-26,1.23,1.227,1.239,1.21,3989128.37
2022-01-27,1.225,1.194,1.236,1.193,3607744.71
2022-01-28,1.202,1.201,1.217,1.179,3543451.32
2022-02-07,1.212,1.194,1.22,1.19,2908770.82
2022-02-08,1.196,1.182,1.2,1.156,4240388.9
2022-02-09,1.178,1.209,1.212,1.174,3615384.47
2022-02-10,1.209,1.202,1.215,1.196,3401192.55
2022-02-11,1.197,1.176,1.2,1.174,3630117.32
2022-02-14,1.179,1.181,1.2,1.173,3803981.83
2022-02-15,1.181,1.209,1.21,1.18,4012214.14
2022-02-16,1.2,1.196,1.203,1.19,3019394.85
2022-02-17,1.194,1.202,1.207,1.183,5448214.47
2022-02-18,1.193,1.198,1.199,1.185,2940201.78
2022-02-21,1.199,1.2,1.212,1.194,3354004.12
2022-02-22,1.215,1.189,1.218,1.181,5291551.39
2022-02-23,1.183,1.235,1.238,1.183,6781672.99
2022-02-24,1.232,1.249,1.274,1.22,12693618.47
2022-02-25,1.233,1.242,1.255,1.23,5519657.42
2022-02-28,1.253,1.259,1.272,1.249,6827011.52
2022-03-01,1.262,1.28,1.282,1.255,4788245.76
2022-03-02,1.283,1.266,1.284,1.258,5590948.08
2022-03-03,1.266,1.239,1.267,1.235,4703985.0
2022-03-04,1.233,1.22,1.25,1.213,3721050.92
2022-03-07,1.228,1.202,1.23,1.195,4483419.0
2022-03-08,1.198,1.155,1.208,1.153,4850847.92
2022-03-09,1.16,1.126,1.164,1.075,7446299.46
2022-03-10,1.151,1.155,1.172,1.14,5876542.7
2022-03-11,1.141,1.16,1.162,1.122,3550345.57
2022-03-14,1.147,1.155,1.185,1.145,7849029.22
2022-03-15,1.146,1.108,1.16,1.107,3772017.68
2022-03-16,1.121,1.144,1.146,1.08,5853963.42
2022-03-17,1.158,1.155,1.175,1.153,4897991.87
2022-03-18,1.15,1.139,1.153,1.118,5530689.96
2022-03-21,1.142,1.157,1.167,1.136,4253708.88
2022-03-22,1.153,1.142,1.163,1.136,3255741.8
2022-03-23,1.142,1.166,1.18,1.134,5017970.55
2022-03-24,1.16,1.153,1.16,1.146,2919775.65
2022-03-25,1.154,1.143,1.171,1.142,3948305.01
2022-03-28,1.133,1.12,1.133,1.113,4179451.29
2022-03-29,1.129,1.132,1.156,1.126,5220252.84
2022-03-30,1.132,1.15,1.153,1.128,4620272.25
2022-03-31,1.145,1.127,1.147,1.121,3015576.82
2022-04-01,1.12,1.127,1.138,1.119,2289508.0
2022-04-06,1.123,1.103,1.124,1.097,4552223.0
2022-04-07,1.097,1.086,1.118,1.086,3457913.0
2022-04-08,1.087,1.076,1.089,1.064,3360264.0
2022-04-11,1.068,1.023,1.071,1.02,5299213.0
2022-04-12,1.019,1.039,1.04,1.009,4614595.0
2022-04-13,1.029,1.013,1.029,1.011,2763532.0
2022-04-14,1.016,1.013,1.019,1.003,3801229.0
2022-04-15,1.007,1.015,1.018,0.994,4388904.0
2022-04-18,1.005,1.044,1.045,0.999,5641471.0
2022-04-19,1.039,1.041,1.049,1.036,2476059.0
2022-04-20,1.041,1.024,1.044,1.019,3429778.0
2022-04-21,1.018,0.991,1.033,0.989,4993428.0
2022-04-22,0.987,0.976,0.988,0.966,3225414.0
2022-04-25,0.96,0.901,0.965,0.9,6543853.0
2022-04-26,0.906,0.862,0.907,0.861,9636012.0
2022-04-27,0.853,0.923,0.925,0.851,5999215.0
2022-04-28,0.915,0.927,0.943,0.907,5379601.0
2022-04-29,0.937,0.981,0.987,0.93,5355646.0
2022-05-05,0.987,1.018,1.037,0.982,7246533.0
2022-05-06,0.997,1.007,1.022,0.99,5514159.0
2022-05-09,1.007,1.033,1.036,1.0,5163384.0
2022-05-10,1.015,1.037,1.05,1.015,5007252.0
2022-05-11,1.046,1.032,1.06,1.03,5684026.0
2022-05-12,1.029,1.04,1.045,1.024,3589350.0
2022-05-13,1.043,1.043,1.048,1.033,2692993.0
2022-05-16,1.051,1.039,1.066,1.037,3317296.0
2022-05-17,1.037,1.052,1.055,1.027,3457009.0
2022-05-18,1.05,1.056,1.065,1.043,3639695.0
2022-05-19,1.041,1.063,1.064,1.037,4797925.0
2022-05-20,1.066,1.06,1.072,1.046,4910228.0
2022-05-23,1.059,1.057,1.059,1.04,3156846.0
2022-05-24,1.057,1.021,1.079,1.02,5579843.0
2022-05-25,1.019,1.032,1.034,1.013,3914595.0
2022-05-26,1.028,1.066,1.078,1.028,6749347.0
2022-05-27,1.079,1.063,1.083,1.055,5357953.0
2022-05-30,1.067,1.076,1.076,1.055,3494370.0
2022-05-31,1.075,1.081,1.082,1.059,3345993.0
2022-06-01,1.077,1.087,1.093,1.075,5498276.0
2022-06-02,1.08,1.111,1.112,1.078,4937681.0
2022-06-06,1.114,1.127,1.132,1.102,4869268.0
2022-06-07,1.125,1.124,1.136,1.112,4108632.0
2022-06-08,1.12,1.112,1.13,1.094,4809850.0
2022-06-09,1.11,1.086,1.11,1.078,3865954.0
2022-06-10,1.08,1.122,1.125,1.078,5520401.0
2022-06-13,1.118,1.123,1.13,1.105,5348442.0
2022-06-14,1.111,1.103,1.111,1.072,6330007.0
2022-06-15,1.102,1.109,1.124,1.1,4516681.0
2022-06-16,1.104,1.11,1.124,1.103,2969218.0
2022-06-17,1.1,1.114,1.115,1.091,4173347.0
2022-06-20,1.118,1.127,1.13,1.114,3872396.0
2022-06-21,1.124,1.105,1.126,1.094,4115857.0
2022-06-22,1.105,1.084,1.11,1.081,4999582.0
2022-06-23,1.081,1.145,1.146,1.081,8682689.0
2022-06-24,1.15,1.171,1.185,1.15,9317782.0
2022-06-27,1.176,1.171,1.181,1.16,6631561.0
2022-06-28,1.171,1.197,1.198,1.168,5692191.0
2022-06-29,1.193,1.163,1.194,1.158,5084931.0
2022-06-30,1.161,1.17,1.177,1.158,4891502.0
2022-07-01,1.172,1.167,1.186,1.16,4876181.0
2022-07-04,1.167,1.202,1.204,1.152,6239170.0
2022-07-05,1.202,1.19,1.204,1.174,5350084.0
2022-07-06,1.187,1.182,1.201,1.166,4501246.0
2022-07-07,1.18,1.203,1.21,1.177,5921994.0
2022-07-08,1.203,1.188,1.205,1.185,4393804.0
2022-07-11,1.189,1.178,1.189,1.159,4933108.0
2022-07-12,1.173,1.157,1.197,1.156,4830845.0
2022-07-13,1.15,1.151,1.162,1.14,3335214.0
2022-07-14,1.15,1.181,1.186,1.146,4504901.0
2022-07-15,1.176,1.161,1.189,1.16,3626963.0
2022-07-18,1.16,1.164,1.165,1.14,4663614.0
2022-07-19,1.163,1.17,1.18,1.155,3640358.0
2022-07-20,1.175,1.219,1.22,1.172,7220038.0
2022-07-21,1.212,1.196,1.213,1.192,6935034.0
2022-07-22,1.196,1.195,1.21,1.181,4922738.0
2022-07-25,1.201,1.181,1.214,1.173,5491662.0
2022-07-26,1.177,1.186,1.19,1.168,3688164.0
2022-07-27,1.185,1.197,1.209,1.182,4657239.0
2022-07-28,1.202,1.212,1.215,1.193,5570365.0
2022-07-29,1.209,1.191,1.211,1.18,6389632.0
2022-08-01,1.195,1.19,1.202,1.181,4238115.0
2022-08-02,1.205,1.174,1.213,1.167,9082522.0
2022-08-03,1.166,1.226,1.236,1.163,15396789.0
2022-08-04,1.23,1.2,1.23,1.192,9501128.0
2022-08-05,1.191,1.205,1.207,1.184,6958523.0
2022-08-08,1.205,1.23,1.232,1.198,7340271.0
2022-08-09,1.224,1.249,1.256,1.216,7225100.0
2022-08-10,1.246,1.251,1.267,1.241,5981537.0
2022-08-11,1.249,1.254,1.258,1.239,5243135.0
2022-08-12,1.252,1.227,1.252,1.226,4535911.0
2022-08-15,1.224,1.229,1.233,1.222,3851329.0
2022-08-16,1.23,1.231,1.246,1.225,3793159.0
2022-08-17,1.23,1.228,1.233,1.214,4027903.0
2022-08-18,1.226,1.237,1.238,1.222,3050576.0
2022-08-19,1.235,1.211,1.247,1.209,4622204.0
2022-08-22,1.205,1.227,1.231,1.2,3958861.0
2022-08-23,1.222,1.22,1.23,1.212,2761497.0
2022-08-24,1.221,1.172,1.222,1.17,6316125.0
2022-08-25,1.173,1.175,1.188,1.162,3934614.0
2022-08-26,1.175,1.153,1.179,1.148,5223229.0
2022-08-29,1.14,1.176,1.179,1.135,4325910.0
2022-08-30,1.173,1.166,1.18,1.163,2937957.0
2022-08-31,1.166,1.137,1.173,1.129,4369666.0
2022-09-01,1.135,1.132,1.148,1.129,3719516.0
2022-09-02,1.13,1.148,1.159,1.13,3636689.0
2022-09-05,1.146,1.151,1.164,1.142,2396521.0
2022-09-06,1.155,1.182,1.186,1.15,4206717.0
2022-09-07,1.178,1.192,1.195,1.175,3545676.0
2022-09-08,1.188,1.206,1.215,1.188,3250861.0
2022-09-09,1.206,1.2,1.217,1.191,2273309.0
2022-09-13,1.202,1.211,1.212,1.194,2598565.0
2022-09-14,1.195,1.221,1.228,1.193,3794813.0
2022-09-15,1.221,1.186,1.224,1.171,3740221.0
2022-09-16,1.178,1.181,1.216,1.178,5258587.0
2022-09-19,1.18,1.159,1.191,1.155,3895363.0
2022-09-20,1.162,1.163,1.18,1.159,2097560.0
2022-09-21,1.155,1.159,1.163,1.136,4510243.0
2022-09-22,1.153,1.182,1.191,1.15,4341369.0
2022-09-23,1.177,1.175,1.212,1.166,3368092.0
2022-09-26,1.166,1.139,1.168,1.135,4562384.0
2022-09-27,1.139,1.152,1.154,1.138,2545040.0
2022-09-28,1.152,1.11,1.165,1.108,3678437.0
2022-09-29,1.12,1.118,1.134,1.107,2423751.0
2022-09-30,1.116,1.086,1.117,1.08,4125833.0
2022-10-10,1.083,1.064,1.092,1.061,2242316.0
2022-10-11,1.065,1.07,1.075,1.056,2819085.0
2022-10-12,1.071,1.092,1.093,1.042,3190628.0
2022-10-13,1.087,1.099,1.111,1.082,3107605.0
2022-10-14,1.109,1.124,1.127,1.097,3494200.0
2022-10-17,1.13,1.155,1.159,1.124,4410828.0
2022-10-18,1.154,1.155,1.16,1.141,2283598.0
2022-10-19,1.152,1.148,1.161,1.14,2202819.0
2022-10-20,1.141,1.15,1.165,1.128,3458716.0
2022-10-21,1.153,1.152,1.161,1.137,2390804.0
2022-10-24,1.16,1.19,1.209,1.16,7960534.0
2022-10-25,1.19,1.193,1.202,1.172,4000507.0
2022-10-26,1.191,1.206,1.215,1.173,4832741.0
2022-10-27,1.206,1.203,1.215,1.193,3768335.0
2022-10-28,1.193,1.179,1.209,1.173,3686058.0
2022-10-31,1.171,1.21,1.219,1.156,5411597.0
2022-11-01,1.212,1.2,1.215,1.183,4624934.0
2022-11-02,1.199,1.196,1.205,1.185,5519981.0
2022-11-03,1.187,1.201,1.21,1.183,4205917.0
2022-11-04,1.201,1.208,1.209,1.193,4868247.0
2022-11-07,1.211,1.186,1.215,1.176,5545705.0
2022-11-08,1.18,1.187,1.192,1.175,3817471.0
2022-11-09,1.196,1.177,1.202,1.177,3753652.0
2022-11-10,1.169,1.153,1.173,1.147,4277259.0
2022-11-11,1.172,1.164,1.178,1.15,3983500.0
2022-11-14,1.157,1.149,1.167,1.145,3559235.0
2022-11-15,1.144,1.169,1.17,1.142,5414937.0
2022-11-16,1.17,1.171,1.19,1.165,4226294.0
2022-11-17,1.163,1.179,1.179,1.145,4100525.0
2022-11-18,1.175,1.16,1.18,1.158,2832832.0
2022-11-21,1.154,1.17,1.174,1.148,3371681.0
2022-11-22,1.167,1.172,1.187,1.16,3769959.0
2022-11-23,1.166,1.166,1.171,1.152,2318038.0
2022-11-24,1.163,1.156,1.173,1.152,1992043.0
2022-11-25,1.152,1.137,1.153,1.134,2969829.0
2022-11-28,1.127,1.136,1.137,1.114,3804702.0
2022-11-29,1.134,1.137,1.144,1.129,3774054.0
2022-11-30,1.139,1.134,1.143,1.127,3002830.0
2022-12-01,1.14,1.148,1.15,1.133,3619304.0
2022-12-02,1.143,1.133,1.154,1.132,3191033.0
2022-12-05,1.137,1.137,1.14,1.128,3123519.0
2022-12-06,1.137,1.143,1.143,1.124,3567290.0
2022-12-07,1.141,1.135,1.144,1.131,2626713.0
2022-12-08,1.132,1.118,1.134,1.117,2910996.0
2022-12-09,1.118,1.113,1.124,1.104,3365090.0
2022-12-12,1.11,1.122,1.125,1.101,3023281.0
2022-12-13,1.122,1.102,1.122,1.101,2668535.0
2022-12-14,1.103,1.095,1.114,1.094,2578912.0
2022-12-15,1.095,1.1,1.105,1.091,2494266.0
2022-12-16,1.096,1.085,1.099,1.08,2077861.0
2022-12-19,1.084,1.071,1.088,1.069,2388406.0
2022-12-20,1.072,1.072,1.085,1.065,2758688.0
2022-12-21,1.073,1.055,1.074,1.052,2351128.0
2022-12-22,1.058,1.045,1.061,1.04,2759417.0
2022-12-23,1.039,1.033,1.045,1.029,3868168.0
2022-12-26,1.039,1.064,1.068,1.036,4083305.0
2022-12-27,1.067,1.072,1.075,1.062,2955523.0
2022-12-28,1.07,1.059,1.077,1.055,2211634.0
2022-12-29,1.055,1.077,1.083,1.053,3473063.0
2022-12-30,1.076,1.076,1.084,1.07,2919686.0
2023-01-03,1.075,1.1,1.104,1.071,4751043.0
2023-01-04,1.1,1.096,1.105,1.09,4079843.0
2023-01-05,1.095,1.102,1.102,1.093,3094176.0
2023-01-06,1.101,1.096,1.106,1.093,6016069.0
2023-01-09,1.096,1.083,1.097,1.079,5883803.0
2023-01-10,1.084,1.073,1.085,1.067,4669751.0
2023-01-11,1.072,1.061,1.079,1.059,3074585.0
2023-01-12,1.077,1.065,1.082,1.062,4672596.0
2023-01-13,1.065,1.062,1.069,1.053,4011381.0
2023-01-16,1.063,1.079,1.081,1.061,5834805.0
2023-01-17,1.08,1.088,1.096,1.074,6378038.0
2023-01-18,1.089,1.092,1.095,1.083,4166653.0
2023-01-19,1.088,1.11,1.112,1.087,4709366.0
2023-01-20,1.111,1.118,1.123,1.109,4518578.0
2023-01-30,1.133,1.143,1.154,1.124,6962138.0
2023-01-31,1.138,1.147,1.15,1.136,4705772.0
2023-02-01,1.149,1.159,1.16,1.143,4185634.0
2023-02-02,1.163,1.143,1.168,1.14,4920882.0
2023-02-03,1.138,1.157,1.158,1.132,4768217.0
2023-02-06,1.153,1.148,1.161,1.142,3257739.0
2023-02-07,1.148,1.143,1.151,1.135,2902773.0
2023-02-08,1.143,1.124,1.143,1.123,3076985.0
2023-02-09,1.123,1.148,1.149,1.12,4141847.0
2023-02-10,1.146,1.137,1.149,1.132,3078962.0
2023-02-13,1.141,1.144,1.155,1.139,3554051.0
2023-02-14,1.144,1.138,1.146,1.133,2304417.0
2023-02-15,1.138,1.144,1.146,1.133,3157434.0
2023-02-16,1.143,1.123,1.146,1.111,3894320.0
2023-02-17,1.121,1.112,1.123,1.102,3859623.0
2023-02-20,1.11,1.116,1.118,1.096,3643064.0
2023-02-21,1.116,1.125,1.135,1.113,4153025.0
2023-02-22,1.12,1.129,1.134,1.118,2633208.0
2023-02-23,1.129,1.122,1.132,1.119,3166739.0
2023-02-24,1.122,1.14,1.148,1.122,5217598.0
2023-02-27,1.142,1.135,1.149,1.131,4081823.0
2023-02-28,1.133,1.137,1.139,1.127,2198603.0
2023-03-01,1.135,1.144,1.145,1.132,3418569.0
2023-03-02,1.144,1.145,1.158,1.142,4240582.0
2023-03-03,1.146,1.168,1.168,1.142,6674582.0
2023-03-06,1.175,1.175,1.187,1.17,6551120.0
2023-03-07,1.171,1.15,1.174,1.148,4553047.0
2023-03-08,1.146,1.166,1.168,1.143,3385742.0
2023-03-09,1.163,1.156,1.169,1.149,2116465.0
2023-03-10,1.15,1.138,1.154,1.137,2600272.0
2023-03-13,1.133,1.15,1.15,1.131,2191036.0
2023-03-14,1.147,1.144,1.154,1.129,2879772.0
2023-03-15,1.146,1.142,1.151,1.135,2340314.0
2023-03-16,1.133,1.112,1.136,1.11,4083028.0
2023-03-17,1.119,1.121,1.13,1.116,2759892.0
2023-03-20,1.125,1.107,1.125,1.105,2788710.0
2023-03-21,1.121,1.129,1.138,1.121,3944450.0
2023-03-22,1.129,1.126,1.13,1.122,2318402.0
2023-03-23,1.123,1.135,1.137,1.119,3822605.0
2023-03-24,1.134,1.126,1.134,1.12,3583093.0
2023-03-27,1.124,1.114,1.124,1.108,4002559.0
2023-03-28,1.112,1.097,1.115,1.096,3212649.0
2023-03-29,1.098,1.086,1.099,1.081,3915499.0
2023-03-30,1.083,1.088,1.09,1.08,3141039.0
2023-03-31,1.087,1.091,1.091,1.084,3728022.0
2023-04-03,1.091,1.109,1.11,1.089,4197154.0
2023-04-04,1.11,1.107,1.113,1.101,3222620.0
2023-04-06,1.107,1.122,1.123,1.099,6225240.0
2023-04-07,1.119,1.125,1.129,1.117,3517571.0
2023-04-10,1.132,1.117,1.135,1.114,3127099.0
2023-04-11,1.116,1.109,1.116,1.103,4150341.0
2023-04-12,1.106,1.111,1.114,1.105,2234517.0
2023-04-13,1.112,1.107,1.114,1.102,2068912.0
2023-04-14,1.108,1.109,1.11,1.1,2538218.0
2023-04-17,1.109,1.112,1.112,1.103,2775659.0
2023-04-18,1.112,1.107,1.112,1.1,3423210.0
2023-04-19,1.106,1.099,1.106,1.096,2668685.0
2023-04-20,1.097,1.092,1.1,1.087,2742269.0
2023-04-21,1.09,1.091,1.115,1.088,5906693.0
2023-04-24,1.091,1.077,1.093,1.07,4438168.0
2023-04-25,1.075,1.056,1.08,1.047,3508053.0
2023-04-26,1.051,1.066,1.074,1.05,2575340.0
2023-04-27,1.063,1.088,1.091,1.058,4019312.0
2023-04-28,1.087,1.091,1.092,1.082,3111817.0
2023-05-04,1.088,1.09,1.098,1.083,2150690.0
2023-05-05,1.088,1.077,1.09,1.071,2195603.0
2023-05-08,1.078,1.112,1.113,1.076,5640022.0
2023-05-09,1.112,1.092,1.122,1.091,5586344.0
2023-05-10,1.09,1.083,1.09,1.076,2886457.0
2023-05-11,1.083,1.073,1.084,1.07,3002464.0
2023-05-12,1.071,1.057,1.076,1.055,3425863.0
2023-05-15,1.056,1.088,1.09,1.053,4431226.0
2023-05-16,1.085,1.081,1.092,1.078,2317183.0
2023-05-17,1.077,1.108,1.111,1.076,5361596.0
2023-05-18,1.105,1.106,1.111,1.099,2730279.0
2023-05-19,1.102,1.107,1.111,1.096,2777323.0
2023-05-22,1.105,1.1,1.11,1.093,2843544.0
2023-05-23,1.099,1.082,1.099,1.081,2460093.0
2023-05-24,1.081,1.077,1.092,1.072,2559332.0
2023-05-25,1.073,1.081,1.087,1.07,2116706.0
2023-05-26,1.08,1.078,1.081,1.067,2408328.0
2023-05-29,1.088,1.08,1.096,1.078,2739746.0
2023-05-30,1.076,1.072,1.079,1.055,3040149.0
2023-05-31,1.07,1.076,1.085,1.067,2857002.0
2023-06-01,1.073,1.086,1.089,1.064,2552651.0
2023-06-02,1.085,1.08,1.088,1.077,3146179.0
2023-06-05,1.078,1.069,1.081,1.067,2316938.0
2023-06-06,1.068,1.046,1.069,1.042,4448624.0
2023-06-07,1.045,1.038,1.046,1.035,2583920.0
2023-06-08,1.036,1.036,1.04,1.028,2696773.0
2023-06-09,1.037,1.042,1.042,1.026,2893572.0
2023-06-12,1.036,1.038,1.043,1.035,2600746.0
2023-06-13,1.037,1.04,1.041,1.028,2633134.0
2023-06-14,1.039,1.039,1.042,1.036,2839311.0
2023-06-15,1.037,1.047,1.05,1.034,4070890.0
2023-06-16,1.048,1.064,1.068,1.048,5071726.0
2023-06-19,1.062,1.072,1.077,1.06,3675017.0
2023-06-20,1.072,1.103,1.107,1.068,7913085.0
2023-06-21,1.101,1.09,1.105,1.087,3152776.0
2023-06-26,1.085,1.072,1.092,1.07,2688953.0
2023-06-27,1.074,1.09,1.094,1.072,3014328.0
2023-06-28,1.089,1.097,1.103,1.073,6078648.0
2023-06-29,1.093,1.103,1.11,1.091,2856948.0
2023-06-30,1.105,1.124,1.128,1.103,4036754.0
2023-07-03,1.124,1.132,1.14,1.124,4725182.0
2023-07-04,1.13,1.134,1.139,1.127,2880023.0
2023-07-05,1.129,1.119,1.134,1.118,3004751.0
2023-07-06,1.118,1.112,1.123,1.11,2399265.0
2023-07-07,1.108,1.101,1.111,1.097,2045505.0
2023-07-10,1.102,1.106,1.113,1.099,2006056.0
2023-07-11,1.107,1.112,1.116,1.106,1726710.0
2023-07-12,1.113,1.092,1.114,1.091,2698518.0
2023-07-13,1.092,1.099,1.101,1.092,1506723.0
2023-07-14,1.1,1.094,1.103,1.093,3952420.0
2023-07-17,1.094,1.099,1.099,1.087,2533778.0
2023-07-18,1.096,1.1,1.106,1.091,1832430.0
2023-07-19,1.1,1.091,1.102,1.085,1671897.0
2023-07-20,1.091,1.07,1.092,1.069,2132091.0
2023-07-21,1.069,1.067,1.075,1.062,1595050.0
2023-07-24,1.065,1.075,1.082,1.063,2075025.0
2023-07-25,1.082,1.084,1.084,1.072,3125548.0
2023-07-26,1.082,1.076,1.083,1.073,1855315.0
2023-07-27,1.078,1.073,1.085,1.068,3095167.0
2023-07-28,1.068,1.071,1.072,1.056,4919991.0
2023-07-31,1.073,1.078,1.079,1.07,3472596.0
2023-08-01,1.077,1.081,1.083,1.074,3549299.0
2023-08-02,1.078,1.073,1.085,1.071,2104591.0
2023-08-03,1.071,1.072,1.073,1.065,1958737.0
2023-08-04,1.072,1.071,1.076,1.064,2468776.0
2023-08-07,1.068,1.067,1.072,1.065,2446741.0
2023-08-08,1.065,1.054,1.066,1.049,4910622.0
2023-08-09,1.051,1.05,1.053,1.047,3490756.0
2023-08-10,1.05,1.05,1.056,1.047,2683150.0
2023-08-11,1.05,1.04,1.052,1.036,3519430.0
2023-08-14,1.033,1.042,1.044,1.025,4197962.0
2023-08-15,1.04,1.031,1.043,1.025,3000512.0
2023-08-16,1.027,1.015,1.033,1.015,3293511.0
2023-08-17,1.012,1.047,1.049,1.006,6030691.0
2023-08-18,1.043,1.037,1.056,1.037,3674227.0
2023-08-21,1.04,1.02,1.043,1.019,3095564.0
2023-08-22,1.02,1.033,1.036,1.016,3756350.0
2023-08-23,1.03,1.01,1.03,1.009,3234302.0
2023-08-24,1.011,1.011,1.019,1.0,2948431.0
2023-08-25,1.006,0.994,1.012,0.991,3343387.0
2023-08-28,1.039,1.003,1.045,0.999,4363033.0
2023-08-29,1.0,1.031,1.037,0.998,4942294.0
2023-08-30,1.031,1.04,1.051,1.031,3367076.0
2023-08-31,1.039,1.035,1.043,1.03,1669188.0
2023-09-01,1.034,1.029,1.036,1.023,1964392.0
2023-09-04,1.031,1.038,1.039,1.027,2898888.0
2023-09-05,1.037,1.036,1.045,1.034,2326934.0
2023-09-06,1.034,1.053,1.056,1.027,3640137.0
2023-09-07,1.052,1.038,1.056,1.037,2742734.0
2023-09-08,1.037,1.062,1.064,1.033,4630136.0
2023-09-11,1.063,1.054,1.064,1.046,2757930.0
2023-09-12,1.051,1.048,1.052,1.043,1766347.0
2023-09-13,1.046,1.031,1.046,1.026,2673013.0
2023-09-14,1.03,1.029,1.035,1.026,1372337.0
2023-09-15,1.029,1.03,1.031,1.023,1826141.0
2023-09-18,1.025,1.022,1.026,1.017,1734386.0
2023-09-19,1.021,1.008,1.021,1.005,2102274.0
2023-09-20,1.006,0.998,1.009,0.998,2134703.0
2023-09-21,1.0,0.999,1.011,0.998,2013784.0
2023-09-22,0.994,1.012,1.013,0.994,2145988.0
2023-09-25,1.01,0.999,1.011,0.998,1766862.0
2023-09-26,0.998,0.989,0.999,0.989,2448086.0
2023-09-27,0.988,0.991,0.998,0.987,2066900.0
2023-09-28,0.991,1.004,1.005,0.99,2372353.0
2023-10-09,1.005,1.01,1.015,0.999,2166690.0
2023-10-10,1.011,1.008,1.015,1.004,1613943.0
2023-10-11,1.008,0.996,1.008,0.992,2800184.0
2023-10-12,0.998,0.996,1.0,0.99,2506661.0
2023-10-13,0.991,0.981,0.992,0.977,2921735.0
2023-10-16,0.98,0.973,0.985,0.968,2499324.0
2023-10-17,0.971,0.977,0.977,0.963,2409755.0
2023-10-18,0.973,0.961,0.973,0.96,2067366.0
2023-10-19,0.957,0.95,0.966,0.948,2584719.0
2023-10-20,0.948,0.937,0.952,0.935,2296898.0
2023-10-23,0.935,0.927,0.944,0.922,3061137.0
2023-10-24,0.929,0.933,0.936,0.919,2795956.0
2023-10-25,0.938,0.945,0.956,0.937,3137292.0
2023-10-26,0.943,0.957,0.958,0.933,2639612.0
2023-10-27,0.954,0.964,0.968,0.946,2671129.0
2023-10-30,0.959,0.974,0.975,0.958,3606848.0
2023-10-31,0.97,0.972,0.977,0.965,1756395.0
2023-11-01,0.972,0.97,0.976,0.966,1289647.0
2023-11-02,0.968,0.951,0.973,0.95,2980256.0
2023-11-03,0.951,0.969,0.972,0.951,2224909.0
2023-11-06,0.971,0.982,0.983,0.97,3032318.0
2023-11-07,0.979,0.978,0.982,0.974,1596920.0
2023-11-08,0.979,0.977,0.982,0.971,2390978.0
2023-11-09,0.977,0.974,0.981,0.97,1472932.0
2023-11-10,0.971,0.976,0.978,0.967,1489077.0
2023-11-13,0.978,1.006,1.007,0.974,5810452.0
2023-11-14,1.005,1.013,1.02,1.003,4172710.0
2023-11-15,1.015,1.01,1.018,1.004,2182887.0
2023-11-16,1.01,1.0,1.013,1.0,2258473.0
2023-11-17,1.0,1.0,1.001,0.993,1478864.0
2023-11-20,1.001,1.019,1.02,0.999,3796417.0
2023-11-21,1.018,1.006,1.02,1.004,2690797.0
2023-11-22,1.005,0.993,1.009,0.993,2288031.0
2023-11-23,0.993,1.0,1.002,0.99,1406947.0
2023-11-24,1.001,0.983,1.003,0.98,2741159.0
2023-11-27,0.983,0.987,0.989,0.976,1896265.0
2023-11-28,0.985,0.989,0.99,0.981,1646708.0
2023-11-29,0.987,0.984,0.993,0.982,1336624.0
2023-11-30,0.984,0.978,0.988,0.97,1658298.0
2023-12-01,0.976,0.981,0.983,0.971,1239923.0
2023-12-04,0.983,0.987,0.992,0.981,1657728.0
2023-12-05,0.984,0.964,0.985,0.963,1849536.0
2023-12-06,0.964,0.965,0.97,0.96,1854023.0
2023-12-07,0.964,0.958,0.964,0.952,1809029.0
2023-12-08,0.956,0.944,0.959,0.942,3308762.0
2023-12-11,0.942,0.963,0.964,0.936,2777938.0
2023-12-12,0.96,0.968,0.977,0.959,1906075.0
2023-12-13,0.965,0.963,0.978,0.963,1458780.0
2023-12-14,0.968,0.959,0.972,0.956,1906054.0
2023-12-15,0.96,0.951,0.961,0.947,1513961.0
2023-12-18,0.947,0.932,0.947,0.927,2168487.0
2023-12-19,0.932,0.929,0.935,0.923,1689371.0
2023-12-20,0.928,0.908,0.93,0.907,2289944.0
2023-12-21,0.906,0.916,0.919,0.899,2463902.0
2023-12-22,0.918,0.933,0.942,0.917,4423397.0
2023-12-25,0.934,0.946,0.957,0.932,4168084.0
2023-12-26,0.945,0.936,0.945,0.927,2449459.0
2023-12-27,0.936,0.935,0.938,0.926,1928261.0
2023-12-28,0.934,0.949,0.953,0.932,3063044.0
2023-12-29,0.948,0.96,0.962,0.946,2338712.0
2024-01-02,0.963,0.966,0.981,0.96,3869173.0
2024-01-03,0.963,0.956,0.964,0.948,2044271.0
2024-01-04,0.954,0.945,0.958,0.938,3310134.0
2024-01-05,0.94,0.915,0.944,0.91,3795647.0
2024-01-08,0.913,0.888,0.914,0.888,3349264.0
2024-01-09,0.889,0.883,0.894,0.876,4018729.0
2024-01-10,0.882,0.874,0.887,0.866,2988249.0
2024-01-11,0.873,0.89,0.892,0.872,3876167.0
2024-01-12,0.889,0.888,0.893,0.881,2506113.0
2024-01-15,0.883,0.867,0.883,0.865,3383145.0
2024-01-16,0.863,0.86,0.868,0.847,3362543.0
2024-01-17,0.856,0.832,0.858,0.83,2917714.0
2024-01-18,0.826,0.839,0.841,0.806,5373259.0
2024-01-19,0.833,0.825,0.837,0.824,2558187.0
2024-01-22,0.822,0.788,0.824,0.783,3351301.0
2024-01-23,0.785,0.799,0.803,0.779,4480951.0
2024-01-24,0.802,0.812,0.813,0.781,3006030.0
2024-01-25,0.81,0.848,0.85,0.808,6084430.0
2024-01-26,0.847,0.839,0.85,0.836,2435742.0
2024-01-29,0.842,0.823,0.845,0.823,2604503.0
2024-01-30,0.819,0.81,0.83,0.808,3040847.0
2024-01-31,0.802,0.777,0.805,0.775,3333168.0
2024-02-01,0.77,0.774,0.788,0.763,2412622.0
2024-02-02,0.775,0.747,0.782,0.722,3924905.0
2024-02-05,0.739,0.724,0.744,0.693,3830529.0
2024-02-06,0.716,0.771,0.772,0.707,3909687.0
2024-02-07,0.768,0.809,0.81,0.768,4855891.0
2024-02-08,0.814,0.832,0.844,0.813,2953568.0
2024-02-19,0.838,0.831,0.841,0.818,2690003.0
2024-02-20,0.828,0.83,0.831,0.818,1565110.0
2024-02-21,0.824,0.834,0.852,0.82,3846013.0
2024-02-22,0.833,0.843,0.844,0.831,2101681.0
2024-02-23,0.843,0.851,0.852,0.833,2459954.0
2024-02-26,0.851,0.855,0.867,0.848,2360764.0
2024-02-27,0.855,0.882,0.883,0.851,3070640.0
2024-02-28,0.882,0.849,0.893,0.846,3709561.0
2024-02-29,0.846,0.883,0.885,0.844,2783423.0
2024-03-01,0.885,0.897,0.897,0.881,2472724.0
2024-03-04,0.896,0.897,0.902,0.886,2021608.0
2024-03-05,0.895,0.903,0.913,0.891,3256434.0
2024-03-06,0.901,0.899,0.908,0.889,2189194.0
2024-03-07,0.899,0.878,0.906,0.877,2095621.0
2024-03-08,0.881,0.892,0.895,0.875,1898972.0
2024-03-11,0.89,0.904,0.905,0.888,2215525.0
2024-03-12,0.904,0.907,0.918,0.901,3540348.0
2024-03-13,0.907,0.909,0.917,0.897,2837238.0
2024-03-14,0.906,0.893,0.908,0.886,2292905.0
2024-03-15,0.89,0.901,0.901,0.886,1733276.0
2024-03-18,0.902,0.922,0.922,0.902,2648090.0
2024-03-19,0.922,0.918,0.927,0.915,1967231.0
2024-03-20,0.917,0.92,0.925,0.914,1486914.0
2024-03-21,0.92,0.92,0.925,0.91,1731704.0
2024-03-22,0.92,0.907,0.92,0.9,2415659.0
2024-03-25,0.905,0.886,0.907,0.885,2263839.0
2024-03-26,0.886,0.884,0.892,0.873,1759337.0
2024-03-27,0.883,0.852,0.883,0.852,2325658.0
2024-03-28,0.852,0.886,0.892,0.852,3506587.0
2024-03-29,0.886,0.9,0.902,0.882,2891406.0
2024-04-01,0.905,0.909,0.911,0.9,2670681.0
2024-04-02,0.908,0.899,0.908,0.893,1622996.0
2024-04-03,0.894,0.885,0.894,0.88,1915239.0
2024-04-08,0.881,0.867,0.882,0.866,2346167.0
2024-04-09,0.867,0.871,0.877,0.863,1418568.0
2024-04-10,0.868,0.855,0.868,0.846,2292031.0
2024-04-11,0.85,0.851,0.862,0.848,2083774.0
2024-04-12,0.851,0.847,0.859,0.845,1597974.0
2024-04-15,0.848,0.868,0.875,0.842,3715301.0
2024-04-16,0.864,0.833,0.864,0.832,2589998.0
2024-04-17,0.835,0.862,0.863,0.835,2241667.0
2024-04-18,0.858,0.866,0.875,0.853,2296654.0
2024-04-19,0.86,0.877,0.879,0.858,4097739.0
2024-04-22,0.881,0.89,0.899,0.872,3443480.0
2024-04-23,0.886,0.875,0.888,0.871,3268060.0
2024-04-24,0.875,0.893,0.894,0.873,2986919.0
2024-04-25,0.892,0.883,0.894,0.878,2151350.0
2024-04-26,0.88,0.892,0.897,0.878,3263074.0
2024-04-29,0.892,0.903,0.905,0.884,5150763.0
2024-04-30,0.902,0.891,0.906,0.886,2224862.0
2024-05-06,0.897,0.899,0.906,0.895,2515086.0
2024-05-07,0.897,0.923,0.926,0.894,4781653.0
2024-05-08,0.92,0.91,0.92,0.909,2445514.0
2024-05-09,0.91,0.94,0.942,0.908,5329580.0
2024-05-10,0.942,0.932,0.947,0.927,4272283.0
2024-05-13,0.925,0.922,0.931,0.91,2982261.0
2024-05-14,0.922,0.917,0.928,0.914,1678500.0
2024-05-15,0.916,0.905,0.919,0.903,1875385.0
2024-05-16,0.906,0.901,0.913,0.898,2422120.0
2024-05-17,0.902,0.918,0.918,0.896,3730239.0
2024-05-20,0.918,0.928,0.935,0.913,3813246.0
2024-05-21,0.924,0.914,0.924,0.912,2327028.0
2024-05-22,0.914,0.91,0.917,0.9,2314139.0
2024-05-23,0.912,0.903,0.918,0.901,4123226.0
2024-05-24,0.898,0.883,0.899,0.883,3625126.0
2024-05-27,0.885,0.89,0.89,0.87,2236714.0
2024-05-28,0.887,0.885,0.897,0.879,2103561.0
2024-05-29,0.886,0.881,0.893,0.876,1577652.0
2024-05-30,0.877,0.896,0.903,0.87,3699763.0
2024-05-31,0.894,0.905,0.911,0.893,2831953.0
2024-06-03,0.906,0.901,0.912,0.893,2727738.0
2024-06-04,0.9,0.91,0.911,0.892,2325838.0
2024-06-05,0.906,0.916,0.932,0.906,5298564.0
2024-06-06,0.917,0.898,0.917,0.895,4264840.0
2024-06-07,0.9,0.902,0.911,0.892,2513743.0
2024-06-11,0.899,0.911,0.913,0.893,3051505.0
2024-06-12,0.907,0.91,0.92,0.905,2832843.0
2024-06-13,0.91,0.914,0.919,0.905,2847083.0
2024-06-14,0.912,0.903,0.912,0.897,2892554.0
2024-06-17,0.898,0.905,0.909,0.896,2143428.0
2024-06-18,0.905,0.91,0.914,0.901,2201721.0
2024-06-19,0.911,0.898,0.912,0.896,2167753.0
2024-06-20,0.897,0.88,0.9,0.879,3211259.0
2024-06-21,0.879,0.882,0.887,0.875,1590451.0
2024-06-24,0.88,0.86,0.883,0.859,2128865.0
2024-06-25,0.86,0.847,0.865,0.84,2218137.0
2024-06-26,0.848,0.865,0.866,0.841,1945131.0
2024-06-27,0.863,0.852,0.863,0.851,1508008.0
2024-06-28,0.852,0.879,0.885,0.851,4286320.0
2024-07-01,0.877,0.879,0.881,0.865,2108534.0
2024-07-02,0.878,0.872,0.881,0.868,2007919.0
2024-07-03,0.87,0.857,0.871,0.855,1981020.0
2024-07-04,0.857,0.847,0.864,0.846,2009303.0
2024-07-05,0.844,0.849,0.851,0.835,2010561.0
2024-07-08,0.846,0.834,0.848,0.832,1869046.0
2024-07-09,0.834,0.847,0.85,0.826,3082672.0
2024-07-10,0.844,0.846,0.851,0.842,1766993.0
2024-07-11,0.854,0.867,0.869,0.852,2724798.0
2024-07-12,0.867,0.863,0.87,0.86,1633915.0
2024-07-15,0.863,0.859,0.869,0.854,1849571.0
2024-07-16,0.858,0.864,0.865,0.853,1571435.0
2024-07-17,0.865,0.858,0.866,0.858,1433655.0
2024-07-18,0.855,0.877,0.879,0.849,3324727.0
2024-07-19,0.872,0.89,0.893,0.871,3394861.0
2024-07-22,0.891,0.895,0.902,0.889,2698955.0
2024-07-23,0.894,0.87,0.896,0.868,2724040.0
2024-07-24,0.866,0.873,0.888,0.865,3698821.0
2024-07-25,0.871,0.866,0.873,0.858,2339532.0
2024-07-26,0.866,0.895,0.898,0.865,4166518.0
2024-07-29,0.899,0.902,0.911,0.896,3716295.0
2024-07-30,0.9,0.907,0.912,0.889,3320042.0
2024-07-31,0.906,0.92,0.92,0.898,5087091.0
2024-08-01,0.918,0.922,0.937,0.916,4493680.0
2024-08-02,0.915,0.913,0.935,0.91,3491193.0
2024-08-05,0.908,0.884,0.921,0.883,3596060.0
2024-08-06,0.89,0.906,0.912,0.889,3531713.0
2024-08-07,0.907,0.912,0.919,0.902,3575892.0
2024-08-08,0.907,0.883,0.907,0.88,3717173.0
2024-08-09,0.884,0.873,0.891,0.873,2269406.0
2024-08-12,0.871,0.865,0.871,0.861,2339702.0
2024-08-13,0.865,0.875,0.876,0.865,2076246.0
2024-08-14,0.875,0.864,0.875,0.864,1457658.0
2024-08-15,0.863,0.867,0.877,0.861,2281649.0
2024-08-16,0.869,0.856,0.871,0.854,2602931.0
2024-08-19,0.852,0.853,0.862,0.85,1887637.0
2024-08-20,0.854,0.839,0.854,0.832,3112604.0
2024-08-21,0.836,0.834,0.841,0.831,1658833.0
2024-08-22,0.834,0.831,0.84,0.826,1676276.0
2024-08-23,0.829,0.832,0.833,0.824,1723881.0
2024-08-26,0.83,0.825,0.83,0.82,1678887.0
2024-08-27,0.822,0.811,0.823,0.81,1553163.0
2024-08-28,0.81,0.819,0.824,0.809,2423352.0
2024-08-29,0.818,0.833,0.837,0.814,2317628.0
2024-08-30,0.833,0.843,0.852,0.831,3452096.0
2024-09-02,0.84,0.812,0.841,0.811,2833297.0
2024-09-03,0.818,0.824,0.826,0.816,2602233.0
2024-09-04,0.818,0.822,0.826,0.814,1482686.0
2024-09-05,0.822,0.826,0.83,0.821,1294101.0
2024-09-06,0.826,0.814,0.826,0.813,1799778.0
2024-09-09,0.812,0.811,0.818,0.807,1606348.0
2024-09-10,0.811,0.817,0.818,0.802,1890611.0
2024-09-11,0.813,0.816,0.817,0.81,1482245.0
2024-09-12,0.817,0.812,0.823,0.811,1540102.0
2024-09-13,0.814,0.805,0.814,0.803,2073180.0
2024-09-18,0.803,0.805,0.808,0.794,2331874.0
2024-09-19,0.81,0.806,0.811,0.79,4213728.0
2024-09-20,0.803,0.791,0.803,0.785,2798100.0
2024-09-23,0.788,0.795,0.802,0.787,2236872.0
2024-09-24,0.8,0.821,0.821,0.79,4315919.0
2024-09-25,0.824,0.833,0.845,0.824,4106739.0
2024-09-26,0.83,0.863,0.863,0.828,4192879.0
2024-09-27,0.871,0.909,0.914,0.871,4822189.0
2024-09-30,0.953,1.0,1.0,0.928,11179860.0
2024-10-08,1.1,1.1,1.1,1.025,20309481.0
2024-10-09,1.077,1.015,1.077,1.005,13951509.0
2024-10-10,1.016,1.021,1.059,0.994,10364806.0
2024-10-11,1.014,0.968,1.014,0.953,9778075.0
2024-10-14,0.991,1.008,1.009,0.972,12063482.0
2024-10-15,0.998,1.0,1.028,0.98,9939185.0
2024-10-16,0.984,0.987,1.006,0.977,6203454.0
2024-10-17,0.991,0.993,1.01,0.991,6370377.0
2024-10-18,0.992,1.033,1.055,0.983,11312305.0
2024-10-21,1.052,1.085,1.098,1.045,15307286.0
2024-10-22,1.085,1.061,1.085,1.049,9963854.0
2024-10-23,1.055,1.087,1.11,1.051,14804515.0
2024-10-24,1.081,1.06,1.081,1.051,7889348.0
2024-10-25,1.059,1.071,1.078,1.059,7465901.0
2024-10-28,1.079,1.088,1.103,1.072,7518463.0
2024-10-29,1.088,1.078,1.097,1.076,6986990.0
2024-10-30,1.072,1.08,1.092,1.069,5829825.0
2024-10-31,1.077,1.087,1.094,1.069,5291587.0
2024-11-01,1.086,1.056,1.094,1.052,5827171.0
2024-11-04,1.057,1.079,1.085,1.056,5280601.0
2024-11-05,1.091,1.151,1.152,1.091,12207179.0
2024-11-06,1.167,1.161,1.183,1.148,11853825.0
2024-11-07,1.143,1.153,1.154,1.118,12524379.0
2024-11-08,1.155,1.185,1.2,1.155,11539678.0
2024-11-11,1.201,1.217,1.219,1.181,7804843.0
2024-11-12,1.216,1.168,1.216,1.157,12131933.0
2024-11-13,1.163,1.17,1.176,1.151,6516344.0
2024-11-14,1.168,1.123,1.168,1.12,8761978.0
2024-11-15,1.12,1.084,1.123,1.083,9091722.0
2024-11-18,1.084,1.062,1.088,1.055,6109579.0
2024-11-19,1.064,1.08,1.081,1.049,6746072.0
2024-11-20,1.078,1.094,1.098,1.072,4648049.0
2024-11-21,1.092,1.093,1.099,1.083,4343565.0
2024-11-22,1.095,1.054,1.095,1.053,6388477.0
2024-11-25,1.052,1.04,1.053,1.022,4733268.0
2024-11-26,1.038,1.028,1.048,1.028,2451575.0
2024-11-27,1.027,1.062,1.064,1.012,5576104.0
2024-11-28,1.061,1.055,1.075,1.053,4046289.0
2024-11-29,1.05,1.066,1.077,1.043,5289868.0
2024-12-02,1.067,1.077,1.081,1.066,3725490.0
2024-12-03,1.078,1.067,1.079,1.059,3455683.0
2024-12-04,1.067,1.057,1.069,1.052,3133405.0
2024-12-05,1.056,1.068,1.075,1.053,3162439.0
2024-12-06,1.071,1.078,1.085,1.064,5492001.0
2024-12-09,1.076,1.064,1.076,1.057,2993459.0
2024-12-10,1.09,1.079,1.096,1.076,5571566.0
2024-12-11,1.078,1.083,1.083,1.073,2870014.0
2024-12-12,1.088,1.099,1.1,1.084,5826376.0
2024-12-13,1.09,1.071,1.092,1.069,3983866.0
2024-12-16,1.066,1.052,1.068,1.049,3151723.0
2024-12-17,1.052,1.04,1.057,1.037,3020376.0
2024-12-18,1.045,1.048,1.053,1.041,2821054.0
2024-12-19,1.039,1.05,1.052,1.032,3075745.0
2024-12-20,1.05,1.06,1.066,1.046,3460310.0
2024-12-23,1.06,1.042,1.06,1.04,2919921.0
2024-12-24,1.041,1.045,1.049,1.036,3137688.0
2024-12-25,1.045,1.039,1.045,1.03,3010868.0
2024-12-26,1.044,1.053,1.058,1.043,4746423.0
2024-12-27,1.073,1.07,1.084,1.065,8130207.0
2024-12-30,1.075,1.065,1.075,1.058,3241017.0
2024-12-31,1.064,1.042,1.064,1.04,3953888.0
2025-01-02,1.039,0.996,1.039,0.986,5743735.0
2025-01-03,0.996,0.966,0.997,0.965,4129680.0
2025-01-06,0.965,0.955,0.973,0.947,4575920.0
2025-01-07,0.956,0.972,0.973,0.956,4469167.0
2025-01-08,0.972,0.965,0.974,0.94,3951640.0
2025-01-09,0.961,0.979,0.986,0.959,4188889.0
2025-01-10,0.976,0.967,0.994,0.966,4152353.0
2025-01-13,0.955,0.964,0.976,0.948,2357917.0
2025-01-14,0.966,1.0,1.002,0.963,3722918.0
2025-01-15,0.997,0.984,1.0,0.982,3240207.0
2025-01-16,0.989,0.983,1.0,0.975,3626699.0
2025-01-17,0.981,0.992,1.001,0.978,3726002.0
2025-01-20,0.999,1.002,1.009,0.997,2965771.0
2025-01-21,1.006,0.996,1.006,0.988,2550550.0
2025-01-22,0.995,0.989,0.995,0.982,1796059.0
2025-01-23,0.996,0.982,1.009,0.981,3210413.0
2025-01-24,0.98,0.99,0.993,0.979,1919661.0
2025-01-27,0.995,0.98,0.999,0.979,2082545.0
2025-02-05,0.982,0.988,0.995,0.978,2253951.0
2025-02-06,0.989,1.019,1.021,0.983,5191383.0
2025-02-07,1.019,1.028,1.038,1.015,6229435.0
2025-02-10,1.029,1.039,1.04,1.029,3767146.0
2025-02-11,1.04,1.027,1.04,1.022,2646006.0
2025-02-12,1.023,1.037,1.038,1.022,3623530.0
2025-02-13,1.036,1.028,1.044,1.027,2717697.0
2025-02-14,1.026,1.025,1.028,1.017,3367960.0
2025-02-17,1.026,1.025,1.029,1.018,3270497.0
2025-02-18,1.025,0.999,1.025,0.993,5105590.0
2025-02-19,0.998,1.016,1.016,0.997,2826837.0
2025-02-20,1.016,1.035,1.035,1.011,5322028.0
2025-02-21,1.034,1.043,1.046,1.029,5546443.0
2025-02-24,1.044,1.046,1.055,1.036,4059209.0
2025-02-25,1.035,1.038,1.051,1.029,3671162.0
2025-02-26,1.038,1.048,1.051,1.034,3271453.0
2025-02-27,1.047,1.037,1.047,1.02,3691491.0
2025-02-28,1.03,1.006,1.034,1.004,4743896.0
2025-03-03,1.007,1.011,1.023,1.004,4224521.0
2025-03-04,1.009,1.04,1.043,1.007,8439543.0
2025-03-05,1.04,1.044,1.049,1.034,5449729.0
2025-03-06,1.046,1.058,1.061,1.04,5436996.0
2025-03-07,1.055,1.072,1.093,1.052,8224154.0
2025-03-10,1.08,1.079,1.09,1.073,6764742.0
2025-03-11,1.067,1.099,1.101,1.063,7535201.0
2025-03-12,1.106,1.095,1.115,1.094,8757102.0
2025-03-13,1.094,1.093,1.1,1.076,5935645.0
2025-03-14,1.094,1.095,1.099,1.076,5769508.0
2025-03-17,1.096,1.091,1.103,1.09,4819583.0
2025-03-18,1.091,1.088,1.101,1.085,3347565.0
2025-03-19,1.083,1.076,1.085,1.073,4838840.0
2025-03-20,1.075,1.082,1.096,1.069,4415590.0
2025-03-21,1.078,1.077,1.096,1.07,4829979.0
2025-03-24,1.076,1.059,1.079,1.04,4721277.0
2025-03-25,1.056,1.054,1.076,1.052,3653155.0
2025-03-26,1.053,1.052,1.064,1.05,3032293.0
2025-03-27,1.051,1.049,1.06,1.033,4566748.0
2025-03-28,1.049,1.04,1.053,1.036,3353667.0
2025-03-31,1.033,1.021,1.034,1.011,4620138.0
2025-04-01,1.025,1.035,1.048,1.025,6418483.0
2025-04-02,1.035,1.023,1.035,1.018,4917548.0
2025-04-03,1.015,1.02,1.032,1.013,5261799.0
2025-04-07,0.995,0.927,0.995,0.918,9307527.0
2025-04-08,0.934,0.946,0.95,0.929,7659988.0
2025-04-09,0.939,0.999,1.006,0.932,13908350.0
2025-04-10,1.004,1.01,1.021,0.993,11645579.0
2025-04-11,1.007,1.021,1.032,1.005,10392429.0
2025-04-14,1.021,1.023,1.029,1.019,4737200.0
2025-04-15,1.021,1.005,1.022,0.998,3977179.0
2025-04-16,1.005,1.0,1.014,0.99,4230772.0
2025-04-17,0.995,1.001,1.014,0.993,5650118.0
2025-04-18,0.997,0.995,0.999,0.988,3642373.0
2025-04-21,0.994,1.012,1.012,0.992,5003091.0
2025-04-22,1.011,1.006,1.014,1.004,2569647.0
2025-04-23,1.008,1.005,1.012,0.999,6384483.0
2025-04-24,1.001,0.995,1.004,0.99,4472332.0
2025-04-25,0.996,0.998,1.004,0.988,4376598.0
2025-04-28,0.998,0.991,1.002,0.989,2206551.0
2025-04-29,0.986,0.991,0.994,0.979,3361036.0
2025-04-30,0.99,0.998,1.0,0.99,4228841.0
2025-05-06,1.005,1.014,1.015,1.001,5118083.0
2025-05-07,1.03,1.051,1.064,1.026,13234791.0
2025-05-08,1.049,1.072,1.073,1.038,10931771.0
2025-05-09,1.073,1.047,1.075,1.045,10843170.0
2025-05-12,1.047,1.096,1.111,1.045,19360217.0
2025-05-13,1.096,1.063,1.097,1.062,12799762.0
2025-05-14,1.063,1.057,1.069,1.054,6500530.0
2025-05-15,1.057,1.037,1.058,1.037,6347121.0
2025-05-16,1.036,1.038,1.051,1.035,5383052.0
2025-05-19,1.045,1.047,1.049,1.033,4951488.0
2025-05-20,1.047,1.045,1.047,1.038,4440901.0
2025-05-21,1.043,1.046,1.047,1.038,6681611.0
2025-05-22,1.041,1.04,1.058,1.039,6159081.0
2025-05-23,1.037,1.029,1.043,1.028,4700490.0
2025-05-26,1.029,1.039,1.04,1.028,3111268.0
2025-05-27,1.038,1.035,1.041,1.026,4319722.0
2025-05-28,1.032,1.026,1.037,1.026,3418803.0
2025-05-29,1.027,1.047,1.047,1.026,6592814.0
2025-05-30,1.044,1.048,1.053,1.036,5285244.0
2025-06-03,1.049,1.048,1.061,1.043,5795113.0
2025-06-04,1.045,1.047,1.051,1.043,3208735.0
2025-06-05,1.046,1.052,1.052,1.039,4885895.0
2025-06-06,1.053,1.047,1.062,1.046,4885475.0
2025-06-09,1.052,1.062,1.073,1.052,6104986.0
2025-06-10,1.061,1.045,1.061,1.036,5888904.0
2025-06-11,1.042,1.049,1.051,1.041,3105401.0
2025-06-12,1.047,1.041,1.049,1.04,2694002.0
2025-06-13,1.049,1.056,1.06,1.041,7499762.0
2025-06-16,1.056,1.056,1.059,1.045,4348336.0
2025-06-17,1.055,1.055,1.059,1.045,3927502.0
2025-06-18,1.055,1.062,1.07,1.053,5799404.0
2025-06-19,1.059,1.045,1.059,1.038,6699103.0
2025-06-20,1.043,1.034,1.043,1.033,5108943.0
2025-06-23,1.036,1.051,1.053,1.034,5519558.0
2025-06-24,1.044,1.057,1.061,1.037,7557986.0
2025-06-25,1.056,1.091,1.091,1.056,10348029.0
2025-06-26,1.094,1.091,1.112,1.09,9626347.0
2025-06-27,1.092,1.099,1.11,1.09,7106621.0
2025-06-30,1.105,1.147,1.148,1.104,9702953.0
2025-07-01,1.147,1.143,1.149,1.13,12134117.0
2025-07-02,1.14,1.12,1.141,1.116,7183978.0
2025-07-03,1.119,1.124,1.136,1.115,5041911.0
2025-07-04,1.122,1.116,1.128,1.11,6487730.0
2025-07-07,1.116,1.118,1.122,1.111,3318847.0
2025-07-08,1.118,1.125,1.126,1.114,6522412.0
2025-07-09,1.126,1.116,1.135,1.113,5585719.0
2025-07-10,1.113,1.113,1.117,1.101,6623287.0
2025-07-11,1.111,1.128,1.132,1.111,6660426.0
2025-07-14,1.128,1.123,1.131,1.121,3612251.0
2025-07-15,1.121,1.119,1.127,1.111,5118337.0
2025-07-16,1.117,1.118,1.124,1.113,4352277.0
2025-07-17,1.117,1.145,1.146,1.115,10452048.0
2025-07-18,1.145,1.155,1.158,1.142,7922718.0
2025-07-21,1.156,1.168,1.169,1.155,6625529.0
2025-07-22,1.168,1.168,1.18,1.16,6465009.0
2025-07-23,1.164,1.153,1.164,1.149,7503477.0
2025-07-24,1.151,1.174,1.175,1.151,8991108.0
2025-07-25,1.174,1.174,1.175,1.163,5402608.0
2025-07-28,1.174,1.192,1.194,1.173,6779663.0
2025-07-29,1.188,1.205,1.206,1.183,6643395.0
2025-07-30,1.204,1.188,1.216,1.176,8903367.0
2025-07-31,1.183,1.186,1.196,1.175,8375570.0
2025-08-01,1.182,1.167,1.183,1.162,7874999.0
2025-08-04,1.162,1.199,1.199,1.161,10645170.0
2025-08-05,1.204,1.205,1.218,1.198,7725622.0
2025-08-06,1.205,1.247,1.247,1.202,14087859.0
2025-08-07,1.251,1.238,1.256,1.23,10584381.0
2025-08-08,1.232,1.234,1.246,1.23,6879705.0
2025-08-11,1.234,1.241,1.247,1.231,5890698.0
2025-08-12,1.241,1.234,1.243,1.22,7736406.0
2025-08-13,1.232,1.25,1.252,1.232,11177402.0
2025-08-14,1.25,1.229,1.256,1.225,13323418.0
2025-08-15,1.224,1.243,1.243,1.222,8176962.0
2025-08-18,1.246,1.27,1.272,1.246,10056946.0
2025-08-19,1.271,1.248,1.272,1.245,10834631.0
2025-08-20,1.244,1.257,1.258,1.235,10294134.0
2025-08-21,1.257,1.249,1.261,1.242,8600307.0
2025-08-22,1.249,1.279,1.28,1.242,10044478.0
2025-08-25,1.282,1.304,1.305,1.277,11772401.0
2025-08-26,1.302,1.295,1.304,1.29,6346070.0
2025-08-27,1.293,1.272,1.306,1.271,10099267.0
2025-08-28,1.275,1.299,1.299,1.252,11506379.0
2025-08-29,1.297,1.311,1.311,1.288,12590299.0
2025-09-01,1.312,1.307,1.313,1.284,11593796.0
2025-09-02,1.306,1.274,1.306,1.257,14401314.0
2025-09-03,1.278,1.202,1.281,1.197,20632314.0
2025-09-04,1.197,1.166,1.202,1.148,11548155.0
2025-09-05,1.166,1.184,1.188,1.159,8731820.0
2025-09-08,1.188,1.193,1.195,1.173,5639160.0
2025-09-09,1.19,1.168,1.19,1.166,4727331.0
2025-09-10,1.167,1.178,1.186,1.166,4692247.0
2025-09-11,1.177,1.203,1.205,1.172,6810927.0
2025-09-12,1.203,1.2,1.211,1.197,5729090.0
2025-09-15,1.2,1.191,1.2,1.187,4675066.0
2025-09-16,1.189,1.185,1.19,1.17,5883051.0
2025-09-17,1.184,1.19,1.192,1.177,4651497.0
2025-09-18,1.189,1.184,1.211,1.172,9714871.0
2025-09-19,1.182,1.195,1.208,1.181,7948503.0
2025-09-22,1.193,1.201,1.202,1.185,4829305.0
2025-09-23,1.205,1.192,1.21,1.17,6325247.0
2025-09-24,1.183,1.203,1.205,1.178,5238174.0
2025-09-25,1.201,1.2,1.206,1.192,5379058.0
2025-09-26,1.195,1.196,1.214,1.189,6990885.0
2025-09-29,1.193,1.2,1.207,1.181,6429984.0
2025-09-30,1.203,1.234,1.236,1.202,8505405.0
2025-10-09,1.234,1.248,1.25,1.224,10010098.0
2025-10-10,1.246,1.233,1.25,1.23,5874588.0
2025-10-13,1.201,1.249,1.25,1.199,6768251.0
2025-10-14,1.252,1.233,1.264,1.226,8622415.0
2025-10-15,1.232,1.23,1.232,1.206,6469859.0
2025-10-16,1.23,1.218,1.236,1.214,4394632.0
2025-10-17,1.214,1.177,1.222,1.173,7114139.0
2025-10-20,1.184,1.18,1.195,1.172,3610649.0
2025-10-21,1.182,1.196,1.197,1.181,3461541.0
2025-10-22,1.193,1.182,1.193,1.18,3106321.0
2025-10-23,1.178,1.178,1.179,1.158,4132884.0
2025-10-24,1.185,1.208,1.21,1.185,6422423.0
2025-10-27,1.212,1.222,1.223,1.212,5612875.0
2025-10-28,1.223,1.236,1.242,1.215,8100920.0
2025-10-29,1.236,1.243,1.246,1.23,6507507.0
2025-10-30,1.235,1.219,1.237,1.218,5699582.0
2025-10-31,1.217,1.204,1.221,1.202,4614685.0
2025-11-03,1.204,1.212,1.212,1.188,3772613.0
2025-11-04,1.209,1.195,1.21,1.188,3707480.0
2025-11-05,1.182,1.193,1.196,1.18,2367248.0
2025-11-06,1.193,1.203,1.207,1.191,2759601.0
2025-11-07,1.199,1.195,1.203,1.188,2612564.0
2025-11-10,1.196,1.193,1.202,1.182,2787554.0
2025-11-11,1.194,1.181,1.198,1.18,3141020.0
2025-11-12,1.178,1.17,1.179,1.155,7553278.0
2025-11-13,1.168,1.179,1.183,1.166,4179489.0
2025-11-14,1.176,1.174,1.187,1.171,3050007.0
2025-11-17,1.199,1.188,1.202,1.183,7884627.0
2025-11-18,1.186,1.172,1.186,1.167,4322477.0
2025-11-19,1.171,1.178,1.184,1.166,4698325.0
2025-11-20,1.175,1.165,1.177,1.165,3317697.0
2025-11-21,1.155,1.142,1.164,1.136,5791390.0
2025-11-24,1.145,1.188,1.19,1.145,9961845.0
2025-11-25,1.187,1.182,1.191,1.173,6164270.0
2025-11-26,1.179,1.16,1.182,1.158,5126844.0
2025-11-27,1.157,1.158,1.166,1.154,2705953.0
2025-11-28,1.159,1.172,1.173,1.156,2941519.0
2025-12-01,1.179,1.184,1.191,1.177,3862298.0
2025-12-02,1.184,1.181,1.19,1.177,4256227.0
2025-12-03,1.179,1.169,1.182,1.163,4269478.0
2025-12-04,1.163,1.176,1.183,1.162,2405625.0
2025-12-05,1.172,1.204,1.206,1.17,5463192.0
2025-12-08,1.216,1.216,1.236,1.216,6611671.0
2025-12-09,1.214,1.215,1.23,1.21,3346731.0
2025-12-10,1.21,1.225,1.227,1.208,2609030.0
2025-12-11,1.23,1.22,1.24,1.219,3836302.0
2025-12-12,1.22,1.233,1.236,1.215,5190227.0
2025-12-15,1.233,1.245,1.254,1.222,4330413.0
2025-12-16,1.241,1.226,1.241,1.206,4797970.0
2025-12-17,1.217,1.226,1.232,1.205,3065463.0
2025-12-18,1.218,1.239,1.256,1.216,4380486.0
2025-12-19,1.242,1.255,1.267,1.242,3587330.0
2025-12-22,1.265,1.262,1.274,1.256,3324739.0
2025-12-23,1.264,1.243,1.271,1.238,4269627.0
2025-12-24,1.237,1.278,1.281,1.236,5393865.0
2025-12-25,1.277,1.317,1.32,1.275,6909124.0
2025-12-26,1.318,1.332,1.342,1.312,5255479.0
2025-12-29,1.333,1.35,1.354,1.33,6270736.0
2025-12-30,1.344,1.34,1.37,1.334,4786981.0
2025-12-31,1.338,1.373,1.377,1.335,4888600.0
2026-01-05,1.393,1.407,1.415,1.374,4432878.0
2026-01-06,1.398,1.453,1.455,1.396,3573514.0
2026-01-07,1.447,1.44,1.455,1.422,3798815.0
2026-01-08,1.432,1.505,1.507,1.43,6064862.0
2026-01-09,1.526,1.567,1.587,1.517,8821369.0
2026-01-12,1.588,1.682,1.684,1.585,8097673.0
2026-01-13,1.654,1.552,1.654,1.541,9231475.0
2026-01-14,1.541,1.563,1.61,1.539,8531525.0
2026-01-15,1.531,1.503,1.545,1.495,5134499.0
2026-01-16,1.507,1.495,1.525,1.482,4450941.0
2026-01-19,1.48,1.526,1.542,1.479,4393161.0
2026-01-20,1.524,1.477,1.536,1.46,5596684.0
2026-01-21,1.468,1.479,1.5,1.467,3038732.0
2026-01-22,1.48,1.526,1.528,1.479,3928739.0
2026-01-23,1.533,1.574,1.58,1.52,5159726.0
2026-01-26,1.566,1.503,1.566,1.495,5564125.0
2026-01-27,1.483,1.525,1.529,1.48,3657822.0
2026-01-28,1.527,1.503,1.527,1.492,3964390.0
2026-01-29,1.49,1.473,1.505,1.47,4176260.0
2026-01-30,1.461,1.446,1.476,1.418,4247741.0
2026-02-02,1.444,1.42,1.469,1.416,2879640.0
2026-02-03,1.436,1.483,1.483,1.427,4465946.0
2026-02-04,1.477,1.485,1.505,1.464,3061769.0
2026-02-05,1.467,1.466,1.493,1.459,2123044.0
2026-02-06,1.45,1.44,1.467,1.435,2412542.0
2026-02-09,1.462,1.466,1.47,1.448,2248529.0
2026-02-10,1.467,1.469,1.475,1.443,3163292.0
2026-02-11,1.465,1.458,1.483,1.456,2430444.0
2026-02-12,1.456,1.478,1.481,1.449,2273818.0
2026-02-13,1.474,1.483,1.498,1.47,3812363.0
2026-02-24,1.491,1.501,1.516,1.481,4351775.0
2026-02-25,1.5,1.526,1.53,1.49,4817215.0
2026-02-26,1.524,1.552,1.556,1.511,4525100.0
2026-02-27,1.544,1.55,1.563,1.537,3436422.0
2026-03-02,1.599,1.588,1.602,1.555,10346254.0
2026-03-03,1.588,1.479,1.588,1.475,9450831.0
2026-03-04,1.449,1.497,1.512,1.445,4664978.0
2026-03-05,1.506,1.508,1.517,1.487,3745938.0
2026-03-06,1.493,1.523,1.547,1.492,4178492.0
2026-03-09,1.511,1.493,1.511,1.463,5166446.0
2026-03-10,1.498,1.511,1.53,1.496,3283858.0
2026-03-11,1.512,1.489,1.518,1.486,2784028.0
2026-03-12,1.488,1.457,1.489,1.446,3802071.0
2026-03-13,1.447,1.414,1.449,1.412,3591098.0
2026-03-16,1.415,1.415,1.417,1.39,2598143.0
2026-03-17,1.416,1.376,1.423,1.376,2459169.0
2026-03-18,1.376,1.4,1.402,1.368,3070101.0
2026-03-19,1.377,1.363,1.383,1.357,2536456.0
2026-03-20,1.369,1.325,1.373,1.324,2392264.0
2026-03-23,1.296,1.259,1.307,1.251,3721865.0
2026-03-24,1.276,1.29,1.291,1.26,3764248.0
2026-03-25,1.29,1.313,1.318,1.29,3011334.0
2026-03-26,1.316,1.288,1.318,1.28,2012776.0
2026-03-27,1.267,1.296,1.303,1.266,2013206.0
2026-03-30,1.276,1.31,1.312,1.271,4210302.0
2026-03-31,1.31,1.304,1.339,1.302,2836536.0
2026-04-01,1.326,1.309,1.327,1.3,1912204.0
2026-04-02,1.307,1.285,1.319,1.279,1748549.0
2026-04-03,1.286,1.27,1.293,1.266,3112810.0
2026-04-07,1.27,1.269,1.277,1.261,1445958.0
2026-04-08,1.291,1.333,1.333,1.291,3667087.0
2026-04-09,1.321,1.323,1.336,1.313,2010068.0
2026-04-10,1.33,1.339,1.358,1.33,2488299.0
2026-04-13,1.33,1.351,1.355,1.328,2230157.0
2026-04-14,1.36,1.375,1.375,1.348,3218321.0
2026-04-15,1.381,1.367,1.397,1.363,3745828.0
2026-04-16,1.367,1.375,1.376,1.357,2538060.0
2026-04-17,1.367,1.386,1.389,1.366,2811721.0
2026-04-20,1.384,1.425,1.427,1.38,4248683.0
2026-04-21,1.423,1.416,1.43,1.405,2791050.0
2026-04-22,1.402,1.42,1.422,1.397,3241902.0
2026-04-23,1.424,1.424,1.445,1.408,4051086.0
2026-04-24,1.419,1.396,1.42,1.389,2883507.0
2026-04-27,1.389,1.393,1.395,1.374,2338554.0
2026-04-28,1.39,1.371,1.394,1.367,2137376.0
2026-04-29,1.36,1.377,1.379,1.36,2293281.0
2026-04-30,1.379,1.399,1.402,1.378,2249078.0
2026-05-06,1.403,1.43,1.439,1.403,3233983.0
2026-05-07,1.433,1.446,1.448,1.426,2115451.0
2026-05-08,1.441,1.474,1.479,1.431,3342221.0
2026-05-11,1.481,1.483,1.495,1.474,3680330.0
2026-05-12,1.479,1.469,1.485,1.45,3980638.0
