日期,开盘,收盘,最高,最低,成交量
2016-08-08,0.995,1.004,1.006,0.988,1534921.08
2016-08-09,1.002,1.012,1.016,1.002,456560.67
2016-08-10,1.013,1.01,1.021,1.008,295433.68
2016-08-11,1.01,1.014,1.029,1.009,370196.24
2016-08-12,1.013,1.037,1.041,1.009,364989.55
2016-08-15,1.044,1.097,1.132,1.04,1084278.01
2016-08-16,1.1,1.086,1.102,1.084,620837.6
2016-08-17,1.095,1.08,1.106,1.072,402601.9
2016-08-18,1.071,1.068,1.085,1.062,455972.35
2016-08-19,1.068,1.068,1.073,1.06,363013.12
2016-08-22,1.071,1.045,1.071,1.044,346058.4
2016-08-23,1.048,1.056,1.062,1.044,244775.75
2016-08-24,1.058,1.049,1.06,1.045,197640.0
2016-08-25,1.045,1.054,1.058,1.038,246333.32
2016-08-26,1.051,1.048,1.057,1.046,178017.57
2016-08-29,1.048,1.049,1.053,1.042,122600.53
2016-08-30,1.05,1.054,1.062,1.047,233842.59
2016-08-31,1.051,1.061,1.067,1.05,272965.87
2016-09-01,1.06,1.044,1.06,1.044,250670.0
2016-09-02,1.041,1.051,1.063,1.039,233981.95
2016-09-05,1.05,1.054,1.067,1.05,384310.02
2016-09-06,1.053,1.057,1.06,1.04,257490.77
2016-09-07,1.057,1.056,1.064,1.053,210277.32
2016-09-08,1.055,1.054,1.057,1.05,149731.45
2016-09-09,1.053,1.049,1.059,1.048,284091.0
2016-09-12,1.04,1.023,1.04,1.011,425783.38
2016-09-13,1.021,1.02,1.026,1.015,149432.0
2016-09-14,1.015,1.012,1.018,1.009,131022.0
2016-09-19,1.012,1.015,1.018,1.012,107621.0
2016-09-20,1.015,1.013,1.016,1.01,232599.31
2016-09-21,1.012,1.02,1.027,1.012,388031.44
2016-09-22,1.026,1.02,1.029,1.02,153860.44
2016-09-23,1.02,1.016,1.023,1.015,147650.2
2016-09-26,1.016,0.998,1.016,0.996,209831.2
2016-09-27,0.997,1.008,1.008,0.996,193714.2
2016-09-28,1.006,1.002,1.008,1.002,69188.44
2016-09-29,1.004,1.016,1.025,1.004,150850.47
2016-09-30,1.014,1.017,1.018,1.012,120539.71
2016-10-10,1.02,1.03,1.032,1.019,215973.53
2016-10-11,1.029,1.032,1.035,1.027,140532.01
2016-10-12,1.03,1.029,1.034,1.025,156806.24
2016-10-13,1.027,1.03,1.034,1.026,134655.0
2016-10-14,1.03,1.03,1.032,1.021,158345.0
2016-10-17,1.03,1.013,1.032,1.013,141660.35
2016-10-18,1.013,1.036,1.042,1.013,274493.54
2016-10-19,1.037,1.032,1.039,1.03,146333.0
2016-10-20,1.032,1.031,1.035,1.028,149641.61
2016-10-21,1.029,1.035,1.047,1.028,214805.56
2016-10-24,1.035,1.061,1.078,1.035,474010.85
2016-10-25,1.06,1.054,1.06,1.05,100305.79
2016-10-26,1.055,1.051,1.063,1.049,142519.0
2016-10-27,1.049,1.053,1.054,1.047,198312.05
2016-10-28,1.056,1.06,1.09,1.056,245296.71
2016-10-31,1.055,1.06,1.065,1.042,168113.11
2016-11-01,1.058,1.07,1.074,1.058,272603.47
2016-11-02,1.067,1.064,1.083,1.063,180216.72
2016-11-03,1.06,1.089,1.109,1.06,811833.45
2016-11-04,1.088,1.083,1.098,1.08,162806.94
2016-11-07,1.085,1.089,1.094,1.084,84554.91
2016-11-08,1.095,1.091,1.106,1.089,145959.13
2016-11-09,1.093,1.078,1.093,1.067,235869.66
2016-11-10,1.09,1.095,1.105,1.087,302675.07
2016-11-11,1.098,1.133,1.143,1.095,565213.85
2016-11-14,1.13,1.142,1.17,1.124,691248.07
2016-11-15,1.141,1.132,1.148,1.127,168900.91
2016-11-16,1.138,1.14,1.142,1.126,276710.88
2016-11-17,1.135,1.136,1.141,1.124,280577.18
2016-11-18,1.13,1.119,1.133,1.114,291090.0
2016-11-21,1.113,1.119,1.134,1.112,314639.44
2016-11-22,1.124,1.135,1.141,1.124,227122.27
2016-11-23,1.137,1.126,1.143,1.122,163243.97
2016-11-24,1.124,1.137,1.153,1.123,356817.31
2016-11-25,1.134,1.141,1.145,1.117,555848.23
2016-11-28,1.156,1.136,1.156,1.135,267601.23
2016-11-29,1.134,1.139,1.153,1.122,400981.05
2016-11-30,1.136,1.13,1.151,1.126,213783.26
2016-12-01,1.128,1.141,1.145,1.128,192925.0
2016-12-02,1.141,1.119,1.143,1.116,238813.0
2016-12-05,1.109,1.083,1.113,1.08,255321.19
2016-12-06,1.082,1.082,1.089,1.079,160210.2
2016-12-07,1.082,1.089,1.089,1.079,149149.86
2016-12-08,1.091,1.078,1.091,1.077,144026.0
2016-12-09,1.077,1.082,1.09,1.075,163324.0
2016-12-12,1.079,1.051,1.083,1.045,241731.85
2016-12-13,1.048,1.053,1.058,1.044,140254.0
2016-12-14,1.055,1.041,1.055,1.04,117752.0
2016-12-15,1.042,1.037,1.047,1.032,151611.0
2016-12-16,1.038,1.037,1.043,1.034,119955.0
2016-12-19,1.037,1.028,1.037,1.027,102604.0
2016-12-20,1.028,1.03,1.033,1.023,120575.0
2016-12-21,1.034,1.037,1.044,1.033,113840.0
2016-12-22,1.038,1.032,1.038,1.029,102573.0
2016-12-23,1.032,1.022,1.032,1.02,118116.81
2016-12-26,1.021,1.033,1.035,1.011,125612.97
2016-12-27,1.03,1.027,1.035,1.025,49606.0
2016-12-28,1.027,1.025,1.031,1.022,87829.13
2016-12-29,1.025,1.024,1.03,1.022,114539.4
2016-12-30,1.027,1.027,1.03,1.02,111122.32
2017-01-03,1.028,1.04,1.043,1.028,88040.0
2017-01-04,1.038,1.044,1.045,1.036,90184.0
2017-01-05,1.045,1.04,1.045,1.039,98413.73
2017-01-06,1.042,1.03,1.042,1.028,95376.0
2017-01-09,1.028,1.031,1.035,1.027,98049.0
2017-01-10,1.032,1.033,1.039,1.03,90926.8
2017-01-11,1.033,1.031,1.04,1.03,91328.0
2017-01-12,1.028,1.032,1.039,1.027,104075.0
2017-01-13,1.031,1.035,1.04,1.024,95143.0
2017-01-16,1.03,1.031,1.037,1.011,173771.0
2017-01-17,1.027,1.027,1.029,1.016,78694.0
2017-01-18,1.026,1.026,1.033,1.023,132017.0
2017-01-19,1.026,1.03,1.036,1.023,89869.0
2017-01-20,1.03,1.039,1.04,1.028,120428.0
2017-01-23,1.037,1.038,1.047,1.035,64280.0
2017-01-24,1.04,1.033,1.04,1.033,52936.0
2017-01-25,1.033,1.035,1.036,1.03,35004.0
2017-01-26,1.037,1.041,1.042,1.036,38974.0
2017-02-03,1.041,1.031,1.042,1.03,30593.0
2017-02-06,1.032,1.031,1.035,1.029,82893.0
2017-02-07,1.031,1.026,1.032,1.023,82962.0
2017-02-08,1.027,1.045,1.048,1.02,222906.0
2017-02-09,1.042,1.044,1.052,1.041,101423.0
2017-02-10,1.046,1.05,1.057,1.042,98117.0
2017-02-13,1.05,1.058,1.063,1.05,237115.64
2017-02-14,1.058,1.056,1.061,1.052,173326.64
2017-02-15,1.055,1.049,1.062,1.048,143461.47
2017-02-16,1.048,1.059,1.062,1.045,90260.47
2017-02-17,1.062,1.059,1.088,1.058,517259.0
2017-02-20,1.054,1.067,1.068,1.052,123955.78
2017-02-21,1.068,1.072,1.085,1.066,163228.0
2017-02-22,1.074,1.069,1.074,0.965,109554.0
2017-02-23,1.069,1.059,1.07,1.054,87050.6
2017-02-24,1.058,1.063,1.065,1.056,64571.6
2017-02-27,1.062,1.052,1.062,1.05,81963.6
2017-02-28,1.051,1.052,1.057,1.05,61295.0
2017-03-01,1.052,1.052,1.06,1.051,40197.0
2017-03-02,1.055,1.051,1.067,1.05,68896.0
2017-03-03,1.048,1.042,1.049,1.04,120938.0
2017-03-06,1.042,1.051,1.051,1.04,84050.0
2017-03-07,1.051,1.05,1.052,1.046,36000.54
2017-03-08,1.051,1.047,1.054,1.045,58045.0
2017-03-09,1.045,1.043,1.046,1.037,154249.0
2017-03-10,1.042,1.039,1.045,1.038,23609.0
2017-03-13,1.036,1.042,1.043,1.031,104247.38
2017-03-14,1.042,1.041,1.047,1.039,115069.38
2017-03-15,1.042,1.042,1.045,1.039,90025.1
2017-03-16,1.044,1.063,1.063,1.041,185414.1
2017-03-17,1.062,1.044,1.066,1.043,116514.0
2017-03-20,1.043,1.037,1.047,1.033,97967.91
2017-03-21,1.039,1.032,1.039,1.03,82946.38
2017-03-22,1.029,1.017,1.03,1.016,189289.0
2017-03-23,1.017,1.02,1.027,1.017,218947.6
2017-03-24,1.02,1.035,1.04,1.018,162673.24
2017-03-27,1.032,1.033,1.041,1.03,119767.0
2017-03-28,1.032,1.028,1.033,1.026,72564.91
2017-03-29,1.029,1.019,1.029,1.017,102083.0
2017-03-30,1.02,1.016,1.023,1.013,117147.73
2017-03-31,1.015,1.016,1.018,1.012,58994.0
2017-04-05,1.018,1.031,1.032,1.016,113481.0
2017-04-06,1.031,1.03,1.033,1.027,70281.0
2017-04-07,1.03,1.033,1.035,1.027,66450.9
2017-04-10,1.029,1.024,1.033,1.023,75476.0
2017-04-11,1.022,1.024,1.027,1.011,146114.0
2017-04-12,1.025,1.031,1.043,1.025,328070.32
2017-04-13,1.03,1.028,1.032,1.026,92257.32
2017-04-14,1.028,1.019,1.028,1.014,161650.0
2017-04-17,1.017,1.018,1.021,1.007,141004.0
2017-04-18,1.016,1.007,1.016,1.006,126395.0
2017-04-19,1.007,0.999,1.007,0.993,194247.0
2017-04-20,0.999,0.998,1.002,0.988,95815.0
2017-04-21,0.998,1.005,1.007,0.994,123947.0
2017-04-24,1.001,1.003,1.005,0.991,170478.0
2017-04-25,1.001,0.997,1.004,0.997,74645.0
2017-04-26,0.998,1.001,1.009,0.995,90181.0
2017-04-27,0.998,0.998,1.001,0.99,71545.0
2017-04-28,0.997,0.999,1.0,0.993,109867.0
2017-05-02,1.0,0.992,1.0,0.991,56335.0
2017-05-03,0.992,0.985,0.994,0.981,105917.0
2017-05-04,0.983,0.977,0.983,0.975,112025.34
2017-05-05,0.974,0.96,0.974,0.951,271222.0
2017-05-08,0.955,0.958,0.962,0.944,297031.34
2017-05-09,0.955,0.956,0.96,0.953,59372.0
2017-05-10,0.956,0.949,0.958,0.946,120442.0
2017-05-11,0.94,0.95,0.953,0.94,107045.0
2017-05-12,0.949,0.96,0.968,0.947,117111.0
2017-05-15,0.961,0.965,0.969,0.959,107361.0
2017-05-16,0.964,0.97,0.97,0.957,90329.0
2017-05-17,0.969,0.968,0.981,0.967,106916.0
2017-05-18,0.964,0.96,0.966,0.956,106340.0
2017-05-19,0.957,0.956,0.96,0.953,107488.75
2017-05-22,0.955,0.942,0.955,0.937,207054.0
2017-05-23,0.941,0.945,0.947,0.936,193163.0
2017-05-24,0.944,0.949,0.95,0.938,98162.0
2017-05-25,0.944,0.987,0.99,0.944,288202.0
2017-05-26,0.983,0.984,0.994,0.98,124754.0
2017-05-31,0.992,0.99,1.002,0.984,149819.0
2017-06-01,0.99,0.985,0.995,0.981,127282.0
2017-06-02,0.985,0.987,0.99,0.979,90474.0
2017-06-05,0.989,0.982,0.989,0.979,95097.0
2017-06-06,0.983,0.986,0.988,0.981,111081.02
2017-06-07,0.986,0.995,0.997,0.984,256255.02
2017-06-08,0.995,0.994,0.996,0.99,82834.0
2017-06-09,0.993,0.99,1.002,0.987,130398.35
2017-06-12,0.988,0.977,0.99,0.975,130486.35
2017-06-13,0.976,0.982,0.987,0.973,82508.0
2017-06-14,0.982,0.983,0.986,0.978,107399.0
2017-06-15,0.982,0.993,0.997,0.981,195348.0
2017-06-16,0.994,0.99,0.998,0.989,134698.0
2017-06-19,0.99,1.008,1.012,0.988,269413.0
2017-06-20,1.012,1.007,1.015,1.003,156607.0
2017-06-21,1.019,1.008,1.025,1.003,145506.0
2017-06-22,1.005,1.009,1.025,1.003,277169.0
2017-06-23,1.008,1.007,1.008,0.995,138776.0
2017-06-26,1.007,1.02,1.022,1.006,217511.0
2017-06-27,1.019,1.018,1.021,1.015,120042.0
2017-06-28,1.015,1.014,1.019,1.011,71835.0
2017-06-29,1.015,1.012,1.018,1.01,78274.0
2017-06-30,1.012,1.011,1.013,1.005,94235.85
2017-07-03,1.011,1.007,1.013,1.003,96558.0
2017-07-04,1.007,0.998,1.007,0.998,111477.0
2017-07-05,0.999,1.006,1.007,0.998,116760.0
2017-07-06,1.006,1.004,1.007,0.997,75881.92
2017-07-07,1.004,1.017,1.02,0.995,243336.0
2017-07-10,1.012,1.024,1.036,1.01,299245.0
2017-07-11,1.025,1.028,1.041,1.023,313920.92
2017-07-12,1.027,1.022,1.035,1.017,154858.0
2017-07-13,1.025,1.041,1.043,1.022,259574.0
2017-07-14,1.042,1.041,1.048,1.036,151876.0
2017-07-17,1.04,1.011,1.045,1.011,322923.0
2017-07-18,1.012,1.002,1.014,0.993,221437.0
2017-07-19,1.004,1.065,1.068,0.999,520395.56
2017-07-20,1.067,1.061,1.072,1.056,373845.31
2017-07-21,1.055,1.054,1.067,1.048,176164.0
2017-07-24,1.053,1.055,1.064,1.05,212913.0
2017-07-25,1.056,1.044,1.064,1.042,114890.0
2017-07-26,1.048,1.048,1.053,1.038,243568.0
2017-07-27,1.049,1.056,1.062,1.034,285390.0
2017-07-28,1.053,1.049,1.055,1.047,122142.0
2017-07-31,1.049,1.055,1.062,1.041,263061.0
2017-08-01,1.055,1.068,1.078,1.052,372154.41
2017-08-02,1.069,1.075,1.09,1.065,410993.32
2017-08-03,1.076,1.071,1.082,1.065,146350.98
2017-08-04,1.068,1.074,1.092,1.064,258497.3
2017-08-07,1.072,1.06,1.072,1.056,231962.0
2017-08-08,1.06,1.064,1.072,1.051,357541.0
2017-08-09,1.062,1.052,1.062,1.049,243128.0
2017-08-10,1.051,1.054,1.063,1.042,320586.0
2017-08-11,1.044,1.025,1.046,1.021,376308.0
2017-08-14,1.024,1.042,1.044,1.023,226549.0
2017-08-15,1.039,1.038,1.046,1.034,121654.0
2017-08-16,1.036,1.039,1.044,1.032,108125.0
2017-08-17,1.039,1.048,1.048,1.036,248343.0
2017-08-18,1.042,1.039,1.046,1.036,216459.0
2017-08-21,1.037,1.042,1.044,1.037,125706.41
2017-08-22,1.044,1.042,1.05,1.037,214694.0
2017-08-23,1.043,1.05,1.062,1.04,457699.0
2017-08-24,1.05,1.036,1.052,1.035,245395.41
2017-08-25,1.034,1.065,1.067,1.034,656065.0
2017-08-28,1.068,1.127,1.137,1.068,945966.2
2017-08-29,1.123,1.115,1.13,1.113,419144.0
2017-08-30,1.115,1.116,1.144,1.113,708557.0
2017-08-31,1.12,1.129,1.133,1.117,584843.0
2017-09-01,1.13,1.136,1.142,1.128,327805.0
2017-09-04,1.136,1.133,1.141,1.126,292510.0
2017-09-05,1.132,1.131,1.141,1.128,235715.0
2017-09-06,1.127,1.125,1.131,1.112,357376.0
2017-09-07,1.124,1.114,1.135,1.111,327627.0
2017-09-08,1.114,1.107,1.117,1.103,354732.2
2017-09-11,1.103,1.11,1.117,1.102,287127.2
2017-09-12,1.113,1.12,1.136,1.112,661101.2
2017-09-13,1.119,1.117,1.124,1.112,173311.32
2017-09-14,1.118,1.115,1.13,1.112,277030.0
2017-09-15,1.113,1.118,1.124,1.106,469200.0
2017-09-18,1.116,1.131,1.138,1.116,470418.0
2017-09-19,1.134,1.114,1.134,1.109,283380.0
2017-09-20,1.114,1.116,1.118,1.109,161643.0
2017-09-21,1.116,1.114,1.129,1.113,252167.0
2017-09-22,1.11,1.11,1.114,1.098,314122.15
2017-09-25,1.108,1.102,1.108,1.098,191676.2
2017-09-26,1.101,1.103,1.105,1.1,135088.95
2017-09-27,1.103,1.101,1.106,1.101,138186.0
2017-09-28,1.103,1.1,1.104,1.098,116650.0
2017-09-29,1.102,1.112,1.119,1.101,217824.0
2017-10-09,1.138,1.112,1.14,1.111,195009.0
2017-10-10,1.113,1.111,1.115,1.1,214638.0
2017-10-11,1.11,1.104,1.112,1.104,98375.0
2017-10-12,1.104,1.1,1.109,1.098,152651.0
2017-10-13,1.102,1.104,1.105,1.099,171561.81
2017-10-16,1.104,1.096,1.111,1.095,256878.0
2017-10-17,1.095,1.086,1.096,1.084,216401.0
2017-10-18,1.088,1.085,1.092,1.083,188675.0
2017-10-19,1.085,1.065,1.086,1.059,448807.48
2017-10-20,1.063,1.067,1.068,1.061,128727.48
2017-10-23,1.066,1.062,1.068,1.059,167346.0
2017-10-24,1.061,1.071,1.074,1.06,352432.0
2017-10-25,1.071,1.072,1.076,1.067,120984.0
2017-10-26,1.07,1.076,1.087,1.068,290301.0
2017-10-27,1.076,1.066,1.079,1.064,231213.0
2017-10-30,1.065,1.041,1.065,1.027,667485.53
2017-10-31,1.039,1.035,1.04,1.03,157822.53
2017-11-01,1.034,1.029,1.043,1.028,351323.0
2017-11-02,1.03,1.033,1.042,1.021,547629.6
2017-11-03,1.03,1.031,1.032,1.021,412131.19
2017-11-06,1.028,1.03,1.031,1.022,170056.84
2017-11-07,1.03,1.044,1.048,1.029,456665.0
2017-11-08,1.044,1.062,1.084,1.04,732453.95
2017-11-09,1.061,1.064,1.068,1.057,122211.0
2017-11-10,1.065,1.066,1.072,1.056,343367.0
2017-11-13,1.065,1.06,1.077,1.059,254278.84
2017-11-14,1.058,1.05,1.061,1.047,393586.0
2017-11-15,1.05,1.046,1.055,1.043,242865.0
2017-11-16,1.045,1.028,1.045,1.027,507156.0
2017-11-17,1.029,1.036,1.039,1.02,714949.0
2017-11-20,1.031,1.021,1.031,1.012,698346.0
2017-11-21,1.024,1.062,1.076,1.022,2062413.0
2017-11-22,1.06,1.065,1.078,1.058,826098.84
2017-11-23,1.065,1.04,1.079,1.036,444621.0
2017-11-24,1.036,1.042,1.043,1.03,410441.1
2017-11-27,1.039,1.04,1.05,1.031,832992.47
2017-11-28,1.04,1.043,1.044,1.032,309520.0
2017-11-29,1.043,1.041,1.044,1.027,434945.0
2017-11-30,1.039,1.039,1.059,1.034,511155.62
2017-12-01,1.038,1.036,1.045,1.034,434804.0
2017-12-04,1.035,1.026,1.036,1.022,424189.0
2017-12-05,1.024,1.036,1.041,1.024,703742.0
2017-12-06,1.035,1.037,1.037,1.024,197596.0
2017-12-07,1.034,1.022,1.036,1.021,368002.0
2017-12-08,1.023,1.021,1.027,1.019,288244.0
2017-12-11,1.021,1.023,1.025,1.017,451695.0
2017-12-12,1.022,1.004,1.023,1.004,589158.0
2017-12-13,1.004,1.006,1.01,0.999,334767.0
2017-12-14,1.006,0.991,1.008,0.988,726980.0
2017-12-15,0.99,0.982,0.991,0.979,592946.0
2017-12-18,0.982,0.977,0.988,0.975,323028.0
2017-12-19,0.981,0.98,0.984,0.978,409290.0
2017-12-20,0.982,0.967,0.982,0.962,871336.0
2017-12-21,0.967,0.973,0.98,0.96,716689.0
2017-12-22,0.973,0.964,0.974,0.963,250824.0
2017-12-25,0.964,0.951,0.966,0.95,421636.0
2017-12-26,0.951,0.957,0.96,0.95,404721.43
2017-12-27,0.958,0.947,0.958,0.944,319366.1
2017-12-28,0.946,0.953,0.965,0.942,394469.0
2017-12-29,0.954,0.953,0.958,0.95,328325.0
2018-01-02,0.956,0.966,0.969,0.953,458724.1
2018-01-03,0.967,0.981,0.986,0.965,590232.1
2018-01-04,0.981,0.98,0.983,0.974,295216.0
2018-01-05,0.978,0.983,0.99,0.975,439983.1
2018-01-08,0.983,1.004,1.017,0.981,856436.2
2018-01-09,1.003,0.996,1.009,0.993,372708.1
2018-01-10,0.997,0.993,1.005,0.985,643681.0
2018-01-11,0.991,0.989,0.992,0.983,406172.0
2018-01-12,0.989,0.986,0.998,0.985,417404.0
2018-01-15,0.987,0.97,0.988,0.969,665717.0
2018-01-16,0.969,0.991,0.995,0.967,540589.3
2018-01-17,0.998,1.027,1.052,0.997,2006791.24
2018-01-18,1.028,1.033,1.043,1.022,524982.3
2018-01-19,1.03,1.061,1.077,1.03,939758.0
2018-01-22,1.056,1.057,1.066,1.045,591959.0
2018-01-23,1.062,1.061,1.072,1.051,782809.0
2018-01-24,1.067,1.099,1.104,1.054,1590888.57
2018-01-25,1.091,1.077,1.095,1.076,752278.72
2018-01-26,1.076,1.078,1.09,1.075,730545.0
2018-01-29,1.081,1.06,1.087,1.057,698371.92
2018-01-30,1.061,1.046,1.066,1.044,493404.0
2018-01-31,1.043,1.023,1.044,1.015,932570.0
2018-02-01,1.025,1.013,1.031,1.0,770871.0
2018-02-02,1.01,1.01,1.013,0.991,676174.0
2018-02-05,0.994,1.014,1.02,0.991,559189.0
2018-02-06,0.997,0.967,1.003,0.965,836234.0
2018-02-07,0.984,0.956,0.99,0.954,903471.88
2018-02-08,0.954,0.951,0.963,0.945,794620.98
2018-02-09,0.931,0.881,0.935,0.868,1437478.0
2018-02-12,0.886,0.877,0.89,0.876,802500.0
2018-02-13,0.886,0.887,0.903,0.885,840632.52
2018-02-14,0.888,0.885,0.889,0.878,482951.0
2018-02-22,0.895,0.893,0.901,0.889,602139.0
2018-02-23,0.894,0.9,0.907,0.892,723308.0
2018-02-26,0.906,0.921,0.929,0.897,886192.0
2018-02-27,0.923,0.913,0.924,0.908,497136.0
2018-02-28,0.902,0.906,0.919,0.894,1157268.0
2018-03-01,0.9,0.909,0.911,0.897,578269.0
2018-03-02,0.902,0.9,0.91,0.899,580654.0
2018-03-05,0.9,0.9,0.906,0.897,406930.76
2018-03-06,0.906,0.918,0.923,0.902,1133914.76
2018-03-07,0.918,0.908,0.923,0.907,632342.33
2018-03-08,0.91,0.911,0.915,0.907,333829.0
2018-03-09,0.913,0.926,0.93,0.911,1065611.76
2018-03-12,0.934,0.941,0.947,0.929,940926.0
2018-03-13,0.94,0.925,0.94,0.924,577173.0
2018-03-14,0.92,0.918,0.929,0.917,480842.0
2018-03-15,0.917,0.915,0.92,0.91,711744.0
2018-03-16,0.915,0.904,0.921,0.904,723651.0
2018-03-19,0.906,0.905,0.912,0.899,486964.0
2018-03-20,0.898,0.904,0.908,0.896,568839.0
2018-03-21,0.906,0.908,0.928,0.905,1274674.0
2018-03-22,0.908,0.906,0.92,0.904,751555.0
2018-03-23,0.88,0.856,0.886,0.843,1538287.0
2018-03-26,0.849,0.863,0.864,0.841,677371.0
2018-03-27,0.872,0.875,0.879,0.868,646613.0
2018-03-28,0.866,0.864,0.877,0.86,462035.75
2018-03-29,0.87,0.885,0.887,0.865,711164.0
2018-03-30,0.889,0.889,0.893,0.884,499823.0
2018-04-02,0.893,0.9,0.916,0.889,966569.99
2018-04-03,0.89,0.9,0.908,0.886,862874.99
2018-04-04,0.902,0.891,0.911,0.891,674583.99
2018-04-09,0.889,0.896,0.899,0.885,627577.99
2018-04-10,0.899,0.912,0.915,0.896,974259.0
2018-04-11,0.911,0.905,0.915,0.905,659940.0
2018-04-12,0.906,0.899,0.914,0.897,723440.0
2018-04-13,0.904,0.89,0.908,0.89,525610.0
2018-04-16,0.885,0.87,0.89,0.869,795208.0
2018-04-17,0.871,0.871,0.888,0.87,1067512.0
2018-04-18,0.88,0.882,0.885,0.872,737535.0
2018-04-19,0.884,0.887,0.896,0.882,601401.0
2018-04-20,0.886,0.858,0.886,0.857,847377.0
2018-04-23,0.86,0.867,0.87,0.859,624937.0
2018-04-24,0.867,0.89,0.89,0.867,845283.0
2018-04-25,0.885,0.884,0.888,0.882,422904.0
2018-04-26,0.885,0.866,0.888,0.864,493971.0
2018-04-27,0.871,0.878,0.885,0.868,514710.66
2018-05-02,0.889,0.882,0.893,0.879,581627.0
2018-05-03,0.881,0.904,0.907,0.88,1070518.0
2018-05-04,0.903,0.896,0.905,0.895,704999.0
2018-05-07,0.903,0.907,0.909,0.901,667483.0
2018-05-08,0.908,0.912,0.912,0.901,775786.0
2018-05-09,0.908,0.901,0.909,0.899,765165.0
2018-05-10,0.903,0.906,0.907,0.899,762791.0
2018-05-11,0.907,0.896,0.909,0.895,477442.0
2018-05-14,0.896,0.898,0.904,0.896,427452.0
2018-05-15,0.899,0.897,0.901,0.888,588620.68
2018-05-16,0.893,0.886,0.894,0.885,687416.68
2018-05-17,0.886,0.878,0.888,0.876,674822.0
2018-05-18,0.879,0.889,0.89,0.878,655404.27
2018-05-21,0.894,0.896,0.901,0.893,637851.27
2018-05-22,0.897,0.889,0.897,0.884,887390.92
2018-05-23,0.887,0.879,0.889,0.878,616736.11
2018-05-24,0.88,0.872,0.882,0.871,546257.0
2018-05-25,0.872,0.865,0.875,0.864,630724.47
2018-05-28,0.865,0.864,0.87,0.86,524078.32
2018-05-29,0.863,0.848,0.864,0.848,806151.32
2018-05-30,0.841,0.819,0.843,0.817,1264363.0
2018-05-31,0.825,0.829,0.83,0.82,510713.0
2018-06-01,0.826,0.834,0.844,0.822,851217.1
2018-06-04,0.835,0.831,0.838,0.83,340242.1
2018-06-05,0.832,0.835,0.835,0.823,682550.32
2018-06-06,0.832,0.833,0.838,0.826,888213.0
2018-06-07,0.836,0.838,0.851,0.834,1021398.32
2018-06-08,0.835,0.819,0.837,0.814,1052013.0
2018-06-11,0.816,0.822,0.826,0.814,466759.0
2018-06-12,0.822,0.824,0.825,0.815,436090.88
2018-06-13,0.822,0.81,0.823,0.81,644412.0
2018-06-14,0.81,0.814,0.821,0.808,701010.32
2018-06-15,0.814,0.807,0.818,0.804,871829.15
2018-06-19,0.8,0.747,0.8,0.737,2273879.0
2018-06-20,0.746,0.747,0.754,0.733,1064291.0
2018-06-21,0.748,0.722,0.749,0.722,1194730.0
2018-06-22,0.72,0.734,0.735,0.716,897821.0
2018-06-25,0.739,0.725,0.739,0.724,625888.0
2018-06-26,0.717,0.732,0.736,0.716,551926.73
2018-06-27,0.73,0.727,0.733,0.72,545592.41
2018-06-28,0.726,0.734,0.752,0.724,1004430.41
2018-06-29,0.735,0.752,0.755,0.734,779758.0
2018-07-02,0.75,0.733,0.75,0.726,934773.0
2018-07-03,0.733,0.744,0.744,0.728,822232.0
2018-07-04,0.743,0.733,0.743,0.731,574977.0
2018-07-05,0.734,0.724,0.743,0.724,675408.0
2018-07-06,0.724,0.732,0.742,0.712,1187226.0
2018-07-09,0.732,0.744,0.744,0.73,817794.93
2018-07-10,0.745,0.743,0.746,0.737,603668.0
2018-07-11,0.73,0.72,0.73,0.714,1019186.0
2018-07-12,0.722,0.741,0.746,0.72,1127746.0
2018-07-13,0.742,0.739,0.743,0.736,541034.0
2018-07-16,0.743,0.737,0.744,0.734,599749.0
2018-07-17,0.737,0.732,0.737,0.727,847352.0
2018-07-18,0.733,0.727,0.738,0.726,572961.0
2018-07-19,0.727,0.724,0.733,0.721,551089.0
2018-07-20,0.723,0.746,0.75,0.721,1329112.0
2018-07-23,0.741,0.757,0.76,0.738,1640940.0
2018-07-24,0.756,0.771,0.78,0.755,1523467.0
2018-07-25,0.771,0.764,0.771,0.762,921076.0
2018-07-26,0.765,0.76,0.769,0.757,584337.0
2018-07-27,0.757,0.754,0.762,0.753,571004.0
2018-07-30,0.754,0.75,0.76,0.747,711745.0
2018-07-31,0.749,0.752,0.755,0.747,406980.0
2018-08-01,0.753,0.737,0.76,0.735,689444.0
2018-08-02,0.735,0.714,0.735,0.706,1436981.0
2018-08-03,0.713,0.708,0.719,0.707,530849.34
2018-08-06,0.71,0.701,0.718,0.698,1014814.34
2018-08-07,0.702,0.721,0.722,0.7,803720.34
2018-08-08,0.719,0.709,0.719,0.709,556530.0
2018-08-09,0.709,0.724,0.726,0.707,707825.0
2018-08-10,0.722,0.724,0.726,0.717,379668.0
2018-08-13,0.717,0.721,0.722,0.71,892185.0
2018-08-14,0.718,0.716,0.721,0.715,453500.0
2018-08-15,0.717,0.703,0.718,0.703,709332.0
2018-08-16,0.698,0.711,0.722,0.694,1260446.78
2018-08-17,0.715,0.704,0.719,0.702,717220.34
2018-08-20,0.705,0.714,0.715,0.703,496070.0
2018-08-21,0.715,0.72,0.723,0.712,631753.0
2018-08-22,0.719,0.716,0.719,0.714,315938.0
2018-08-23,0.716,0.722,0.727,0.712,610828.0
2018-08-24,0.72,0.725,0.732,0.716,554225.0
2018-08-27,0.726,0.735,0.736,0.725,656034.0
2018-08-28,0.734,0.732,0.737,0.729,510896.0
2018-08-29,0.73,0.726,0.731,0.724,589365.0
2018-08-30,0.724,0.717,0.728,0.716,622621.0
2018-08-31,0.716,0.717,0.722,0.714,559752.0
2018-09-03,0.717,0.717,0.719,0.71,485762.0
2018-09-04,0.717,0.723,0.725,0.713,1197644.0
2018-09-05,0.721,0.712,0.722,0.711,740870.0
2018-09-06,0.71,0.709,0.715,0.708,448404.0
2018-09-07,0.71,0.711,0.719,0.707,678040.0
2018-09-10,0.708,0.688,0.709,0.688,1227831.0
2018-09-11,0.689,0.692,0.696,0.687,720431.32
2018-09-12,0.691,0.695,0.701,0.69,946399.0
2018-09-13,0.701,0.704,0.706,0.697,634023.0
2018-09-14,0.706,0.7,0.707,0.699,735058.85
2018-09-17,0.697,0.698,0.703,0.695,409942.27
2018-09-18,0.699,0.711,0.712,0.697,862925.42
2018-09-19,0.71,0.716,0.721,0.709,746819.74
2018-09-20,0.717,0.715,0.72,0.713,477691.48
2018-09-21,0.715,0.732,0.732,0.712,854115.26
2018-09-25,0.724,0.724,0.727,0.72,551502.06
2018-09-26,0.725,0.726,0.735,0.722,951008.0
2018-09-27,0.724,0.722,0.727,0.721,419875.0
2018-09-28,0.723,0.729,0.731,0.723,788425.8
2018-10-08,0.717,0.702,0.72,0.7,1045693.28
2018-10-09,0.702,0.7,0.706,0.698,582737.0
2018-10-10,0.7,0.702,0.705,0.698,475130.0
2018-10-11,0.687,0.649,0.687,0.644,2158282.31
2018-10-12,0.649,0.64,0.65,0.631,2023005.0
2018-10-15,0.642,0.631,0.646,0.63,1055960.0
2018-10-16,0.633,0.624,0.642,0.622,1029812.0
2018-10-17,0.633,0.633,0.637,0.622,952894.0
2018-10-18,0.632,0.623,0.634,0.622,1083057.0
2018-10-19,0.613,0.641,0.645,0.613,1494199.0
2018-10-22,0.651,0.705,0.705,0.651,2703749.08
2018-10-23,0.734,0.706,0.738,0.697,3331560.74
2018-10-24,0.693,0.722,0.743,0.692,2939825.04
2018-10-25,0.696,0.75,0.752,0.693,3461620.86
2018-10-26,0.751,0.73,0.752,0.725,2431756.1
2018-10-29,0.729,0.723,0.741,0.717,1437211.0
2018-10-30,0.723,0.761,0.778,0.714,3106661.0
2018-10-31,0.754,0.752,0.763,0.739,2385081.8
2018-11-01,0.758,0.759,0.799,0.756,3355664.72
2018-11-02,0.782,0.778,0.796,0.763,2319415.9
2018-11-05,0.773,0.778,0.781,0.762,2415385.0
2018-11-06,0.775,0.771,0.788,0.764,2460255.9
2018-11-07,0.768,0.759,0.77,0.755,2086002.79
2018-11-08,0.765,0.744,0.768,0.743,2630387.0
2018-11-09,0.741,0.745,0.755,0.739,1509194.7
2018-11-12,0.748,0.759,0.761,0.744,1492145.55
2018-11-13,0.75,0.781,0.794,0.749,3604488.07
2018-11-14,0.776,0.767,0.784,0.765,3313074.3
2018-11-15,0.766,0.79,0.792,0.765,3460505.11
2018-11-16,0.791,0.81,0.828,0.787,5058519.5
2018-11-19,0.804,0.834,0.842,0.804,4807355.92
2018-11-20,0.826,0.795,0.834,0.794,3027270.69
2018-11-21,0.788,0.798,0.805,0.782,4912274.13
2018-11-22,0.801,0.789,0.803,0.777,2493480.13
2018-11-23,0.789,0.764,0.797,0.76,2640531.09
2018-11-26,0.764,0.761,0.773,0.754,1727963.0
2018-11-27,0.766,0.765,0.772,0.757,1675242.7
2018-11-28,0.761,0.785,0.786,0.759,3436606.0
2018-11-29,0.788,0.759,0.794,0.756,2647836.0
2018-11-30,0.755,0.769,0.772,0.748,2428464.28
2018-12-03,0.804,0.794,0.812,0.788,4352348.68
2018-12-04,0.79,0.798,0.8,0.787,1958463.47
2018-12-05,0.786,0.791,0.798,0.784,2104200.68
2018-12-06,0.781,0.768,0.782,0.765,2256426.15
2018-12-07,0.773,0.771,0.778,0.769,1422738.0
2018-12-10,0.765,0.76,0.768,0.755,1391760.63
2018-12-11,0.763,0.764,0.766,0.758,1002487.33
2018-12-12,0.767,0.766,0.777,0.764,1546688.33
2018-12-13,0.767,0.775,0.783,0.76,1895916.23
2018-12-14,0.772,0.752,0.774,0.751,1810943.0
2018-12-17,0.751,0.757,0.759,0.745,1580673.68
2018-12-18,0.753,0.742,0.758,0.74,2028482.0
2018-12-19,0.745,0.736,0.747,0.735,1137865.0
2018-12-20,0.735,0.743,0.748,0.73,2859790.98
2018-12-21,0.74,0.729,0.742,0.723,1916433.0
2018-12-24,0.727,0.725,0.733,0.72,1369306.0
2018-12-25,0.717,0.708,0.717,0.695,1845949.0
2018-12-26,0.707,0.703,0.712,0.7,873832.15
2018-12-27,0.716,0.7,0.717,0.7,1240986.0
2018-12-28,0.705,0.717,0.725,0.705,2082703.53
2019-01-02,0.719,0.714,0.719,0.708,974592.0
2019-01-03,0.712,0.729,0.745,0.712,2310088.0
2019-01-04,0.722,0.784,0.795,0.722,6490164.08
2019-01-07,0.784,0.781,0.791,0.774,4679417.65
2019-01-08,0.779,0.782,0.794,0.771,3004316.25
2019-01-09,0.785,0.786,0.799,0.78,4309223.06
2019-01-10,0.785,0.773,0.788,0.771,2932927.21
2019-01-11,0.775,0.779,0.788,0.772,2883775.21
2019-01-14,0.785,0.777,0.788,0.775,1378403.91
2019-01-15,0.777,0.798,0.803,0.776,3623281.31
2019-01-16,0.797,0.789,0.798,0.785,2069892.6
2019-01-17,0.791,0.781,0.796,0.78,1939154.64
2019-01-18,0.782,0.791,0.793,0.78,1490393.0
2019-01-21,0.792,0.787,0.798,0.782,2471234.23
2019-01-22,0.783,0.774,0.788,0.772,1590019.0
2019-01-23,0.773,0.773,0.779,0.77,1085333.0
2019-01-24,0.775,0.786,0.795,0.774,2731480.0
2019-01-25,0.784,0.785,0.792,0.783,1864498.0
2019-01-28,0.791,0.78,0.8,0.777,2195715.58
2019-01-29,0.778,0.774,0.78,0.76,2171514.49
2019-01-30,0.77,0.764,0.776,0.763,1439247.0
2019-01-31,0.768,0.773,0.782,0.767,2534475.46
2019-02-01,0.784,0.794,0.795,0.782,2723679.81
2019-02-11,0.797,0.808,0.809,0.786,2232317.56
2019-02-12,0.807,0.814,0.819,0.801,2327900.56
2019-02-13,0.813,0.841,0.843,0.807,5217794.0
2019-02-14,0.838,0.84,0.845,0.832,3160946.0
2019-02-15,0.835,0.82,0.84,0.817,4058429.91
2019-02-18,0.829,0.868,0.871,0.829,5769655.0
2019-02-19,0.872,0.875,0.902,0.862,8384050.61
2019-02-20,0.874,0.878,0.888,0.866,5136224.74
2019-02-21,0.873,0.883,0.917,0.866,7054901.18
2019-02-22,0.891,0.971,0.971,0.88,11923710.86
2019-02-25,1.022,1.068,1.068,1.002,14174101.38
2019-02-26,1.085,1.044,1.119,1.04,17384916.17
2019-02-27,1.035,1.036,1.073,1.01,11492349.83
2019-02-28,1.027,1.004,1.029,0.99,10669382.72
2019-03-01,1.013,1.038,1.047,0.997,10539565.38
2019-03-04,1.05,1.044,1.101,1.018,12218077.68
2019-03-05,1.028,1.043,1.048,1.025,6757743.89
2019-03-06,1.045,1.102,1.129,1.04,11254408.6
2019-03-07,1.111,1.153,1.185,1.09,13402841.79
2019-03-08,1.08,1.04,1.113,1.039,13642513.44
2019-03-11,1.041,1.056,1.075,1.015,10752242.56
2019-03-12,1.067,1.071,1.098,1.057,9817978.69
2019-03-13,1.071,1.05,1.076,1.036,8495511.72
2019-03-14,1.038,1.014,1.057,1.003,8580499.54
2019-03-15,1.026,1.029,1.048,1.015,7559041.47
2019-03-18,1.029,1.054,1.056,1.008,7462047.16
2019-03-19,1.055,1.042,1.059,1.036,5676948.81
2019-03-20,1.039,1.061,1.071,1.034,8263976.0
2019-03-21,1.062,1.071,1.099,1.049,9925494.22
2019-03-22,1.067,1.061,1.076,1.042,7340140.27
2019-03-25,1.04,1.022,1.054,1.018,6317372.66
2019-03-26,1.029,0.989,1.032,0.983,8709778.84
2019-03-27,0.999,0.995,1.006,0.986,7004393.56
2019-03-28,0.987,0.988,1.009,0.977,6793743.38
2019-03-29,0.992,1.077,1.08,0.991,13792250.97
2019-04-01,1.079,1.088,1.106,1.058,14296973.23
2019-04-02,1.09,1.081,1.111,1.075,10246408.66
2019-04-03,1.075,1.136,1.142,1.069,15162772.14
2019-04-04,1.141,1.138,1.151,1.12,11140839.73
2019-04-08,1.145,1.114,1.153,1.092,10250256.33
2019-04-09,1.11,1.113,1.128,1.09,8277320.07
2019-04-10,1.111,1.094,1.117,1.071,10128829.75
2019-04-11,1.088,1.073,1.095,1.07,7289090.51
2019-04-12,1.07,1.077,1.089,1.067,7026289.15
2019-04-15,1.101,1.053,1.108,1.05,7423385.25
2019-04-16,1.045,1.082,1.083,1.032,9700206.44
2019-04-17,1.076,1.074,1.086,1.069,5616708.34
2019-04-18,1.071,1.065,1.081,1.062,3658598.24
2019-04-19,1.069,1.08,1.085,1.064,5121050.69
2019-04-22,1.092,1.052,1.096,1.048,5924164.43
2019-04-23,1.047,1.059,1.083,1.042,6420895.3
2019-04-24,1.058,1.069,1.072,1.052,5173702.09
2019-04-25,1.064,1.036,1.08,1.035,6823681.86
2019-04-26,1.03,1.045,1.061,1.028,7599320.37
2019-04-29,1.043,1.0,1.045,0.996,13082090.59
2019-04-30,1.001,1.004,1.013,0.999,4490317.91
2019-05-06,0.952,0.905,0.966,0.904,9722556.79
2019-05-07,0.916,0.923,0.928,0.895,8092809.13
2019-05-08,0.905,0.91,0.926,0.898,5403205.92
2019-05-09,0.9,0.896,0.916,0.896,5630961.76
2019-05-10,0.911,0.938,0.94,0.895,9789052.13
2019-05-13,0.921,0.916,0.927,0.912,3512906.8
2019-05-14,0.907,0.907,0.925,0.905,4330854.06
2019-05-15,0.915,0.921,0.925,0.912,4311949.1
2019-05-16,0.918,0.925,0.926,0.913,3374139.14
2019-05-17,0.925,0.885,0.93,0.877,7083002.19
2019-05-20,0.881,0.893,0.905,0.876,5358487.21
2019-05-21,0.89,0.906,0.915,0.889,4257399.83
2019-05-22,0.908,0.896,0.91,0.891,2956942.7
2019-05-23,0.891,0.894,0.911,0.887,4156712.87
2019-05-24,0.894,0.894,0.904,0.89,2504371.96
2019-05-27,0.894,0.92,0.924,0.89,6211773.51
2019-05-28,0.916,0.916,0.929,0.91,4210973.13
2019-05-29,0.912,0.917,0.928,0.91,3747404.0
2019-05-30,0.912,0.904,0.913,0.897,3873065.93
2019-05-31,0.902,0.899,0.911,0.899,3188693.0
2019-06-03,0.906,0.899,0.918,0.896,4136321.14
2019-06-04,0.898,0.895,0.9,0.89,3458706.0
2019-06-05,0.906,0.904,0.916,0.9,5010895.3
2019-06-06,0.902,0.895,0.911,0.893,4812504.95
2019-06-10,0.895,0.883,0.897,0.864,5353013.13
2019-06-11,0.883,0.931,0.933,0.882,10080491.24
2019-06-12,0.925,0.916,0.932,0.916,5143114.41
2019-06-13,0.917,0.925,0.932,0.915,5522631.64
2019-06-14,0.924,0.906,0.929,0.905,4362854.46
2019-06-17,0.906,0.912,0.917,0.904,3221989.42
2019-06-18,0.913,0.912,0.916,0.901,3063016.99
2019-06-19,0.965,0.931,0.976,0.93,9919214.91
2019-06-20,0.931,0.988,1.008,0.928,15542120.41
2019-06-21,0.997,1.001,1.011,0.989,11480733.86
2019-06-24,1.015,0.998,1.017,0.993,6368249.81
2019-06-25,0.995,0.999,1.006,0.971,9462204.15
2019-06-26,0.98,0.978,0.989,0.971,5462303.62
2019-06-27,0.983,0.991,1.009,0.982,8647761.06
2019-06-28,0.99,0.99,0.995,0.98,5856602.1
2019-07-01,1.021,1.012,1.025,1.007,9176440.2
2019-07-02,1.011,1.002,1.011,0.999,5219043.44
2019-07-03,0.999,0.984,0.999,0.979,6300937.42
2019-07-04,0.984,0.985,0.998,0.978,4665091.89
2019-07-05,0.985,0.985,0.989,0.977,4056806.53
2019-07-08,0.98,0.958,0.984,0.951,6830767.04
2019-07-09,0.959,0.965,0.969,0.95,5060709.86
2019-07-10,0.968,0.963,0.975,0.959,3990525.92
2019-07-11,0.968,0.964,0.979,0.955,4860946.02
2019-07-12,0.962,0.968,0.972,0.955,4142875.98
2019-07-15,0.962,0.986,1.001,0.955,8484876.78
2019-07-16,0.982,0.983,0.988,0.98,3397052.37
2019-07-17,0.98,0.979,0.989,0.978,3927825.31
2019-07-18,0.973,0.967,0.975,0.966,3819025.4
2019-07-19,0.971,0.986,0.992,0.971,6062315.36
2019-07-22,0.99,0.965,0.993,0.963,6075847.01
2019-07-23,0.965,0.968,0.973,0.963,2642947.34
2019-07-24,0.973,0.977,0.986,0.972,4367043.48
2019-07-25,0.975,0.98,0.981,0.97,3502979.24
2019-07-26,0.975,0.976,0.978,0.972,3084589.58
2019-07-29,0.975,0.96,0.975,0.958,5172362.48
2019-07-30,0.962,0.97,0.98,0.961,5947195.35
2019-07-31,0.968,0.965,0.968,0.962,2879228.0
2019-08-01,0.96,0.951,0.964,0.95,5083909.09
2019-08-02,0.926,0.923,0.931,0.917,6850418.62
2019-08-05,0.917,0.904,0.924,0.903,5615135.15
2019-08-06,0.885,0.897,0.908,0.871,10519540.0
2019-08-07,0.899,0.883,0.901,0.882,4183798.49
2019-08-08,0.906,0.894,0.911,0.892,6949364.19
2019-08-09,0.9,0.884,0.901,0.883,4485196.06
2019-08-12,0.893,0.904,0.904,0.893,5682910.68
2019-08-13,0.895,0.893,0.896,0.89,2800176.87
2019-08-14,0.908,0.896,0.909,0.894,3866634.0
2019-08-15,0.877,0.893,0.896,0.871,5703302.38
2019-08-16,0.892,0.898,0.91,0.89,4960312.95
2019-08-19,0.91,0.96,0.961,0.905,12994696.22
2019-08-20,0.956,0.951,0.964,0.948,5132924.03
2019-08-21,0.949,0.948,0.955,0.945,2946255.08
2019-08-22,0.95,0.946,0.952,0.939,3090993.79
2019-08-23,0.946,0.942,0.956,0.938,4383929.49
2019-08-26,0.924,0.929,0.934,0.922,4597614.28
2019-08-27,0.934,0.944,0.961,0.932,6015504.51
2019-08-28,0.941,0.934,0.943,0.932,3283342.61
2019-08-29,0.935,0.928,0.936,0.927,2924531.0
2019-08-30,0.936,0.924,0.945,0.92,5036353.0
2019-09-02,0.924,0.944,0.949,0.924,6446074.62
2019-09-03,0.944,0.945,0.949,0.939,4710102.13
2019-09-04,0.944,0.964,0.969,0.942,9110446.62
2019-09-05,0.977,0.99,1.024,0.976,14280930.9
2019-09-06,1.0,0.999,1.005,0.988,7116232.22
2019-09-09,1.017,1.013,1.024,1.004,9254474.45
2019-09-10,1.011,1.014,1.023,0.996,7682434.76
2019-09-11,1.03,1.021,1.039,1.014,10615799.23
2019-09-12,1.026,1.037,1.039,1.015,6539819.51
2019-09-16,1.039,1.023,1.039,1.016,5655650.68
2019-09-17,1.016,0.993,1.019,0.99,8653054.06
2019-09-18,0.996,0.987,0.998,0.985,4817298.98
2019-09-19,0.991,0.994,0.995,0.983,4647516.04
2019-09-20,0.993,0.986,0.994,0.98,5774675.0
2019-09-23,0.981,0.973,0.981,0.967,6537330.5
2019-09-24,0.976,0.976,0.989,0.97,6514166.53
2019-09-25,0.97,0.97,0.98,0.965,5614701.02
2019-09-26,0.973,0.957,0.977,0.955,7029961.19
2019-09-27,0.957,0.962,0.964,0.955,4373488.78
2019-09-30,0.961,0.941,0.963,0.94,4558600.0
2019-10-08,0.941,0.934,0.946,0.931,4089997.65
2019-10-09,0.929,0.936,0.937,0.924,4104763.33
2019-10-10,0.937,0.944,0.945,0.934,4669231.01
2019-10-11,0.946,0.96,0.968,0.938,9000094.59
2019-10-14,0.975,0.975,0.989,0.968,9579996.21
2019-10-15,0.973,0.964,0.974,0.962,3461964.14
2019-10-16,0.967,0.957,0.976,0.956,4463586.69
2019-10-17,0.956,0.955,0.963,0.95,3250700.73
2019-10-18,0.956,0.932,0.957,0.931,6717047.5
2019-10-21,0.926,0.923,0.926,0.913,5344526.15
2019-10-22,0.925,0.928,0.93,0.92,3703952.31
2019-10-23,0.929,0.919,0.932,0.919,3234520.86
2019-10-24,0.921,0.925,0.932,0.918,4419695.54
2019-10-25,0.924,0.937,0.937,0.92,6131486.35
2019-10-28,0.941,0.95,0.953,0.934,6091780.59
2019-10-29,0.948,0.931,0.949,0.93,5507243.07
2019-10-30,0.927,0.921,0.931,0.919,5256706.21
2019-10-31,0.922,0.92,0.928,0.918,3633506.72
2019-11-01,0.919,0.933,0.936,0.916,5570737.32
2019-11-04,0.934,0.934,0.941,0.931,4787265.65
2019-11-05,0.936,0.947,0.955,0.934,9628859.81
2019-11-06,0.947,0.937,0.947,0.934,4252020.55
2019-11-07,0.935,0.941,0.947,0.934,5971315.31
2019-11-08,0.949,0.928,0.952,0.928,7119320.26
2019-11-11,0.926,0.911,0.926,0.91,8076119.0
2019-11-12,0.911,0.913,0.916,0.906,4462870.99
2019-11-13,0.91,0.905,0.912,0.902,4172674.54
2019-11-14,0.905,0.907,0.912,0.902,4622459.13
2019-11-15,0.905,0.896,0.909,0.895,5665352.1
2019-11-18,0.894,0.907,0.91,0.893,5626394.36
2019-11-19,0.905,0.914,0.915,0.905,5325993.98
2019-11-20,0.912,0.9,0.913,0.898,4979054.92
2019-11-21,0.895,0.9,0.904,0.893,4303470.29
2019-11-22,0.901,0.899,0.91,0.894,5254154.39
2019-11-25,0.898,0.903,0.904,0.893,3763904.84
2019-11-26,0.904,0.899,0.906,0.897,2738852.89
2019-11-27,0.898,0.895,0.9,0.894,3043883.0
2019-11-28,0.894,0.895,0.899,0.892,2961557.26
2019-11-29,0.894,0.898,0.904,0.893,4699235.0
2019-12-02,0.911,0.904,0.916,0.904,6663852.37
2019-12-03,0.9,0.91,0.91,0.898,4785872.14
2019-12-04,0.905,0.907,0.908,0.903,3242701.64
2019-12-05,0.91,0.921,0.923,0.91,8559510.53
2019-12-06,0.922,0.926,0.927,0.917,5438031.17
2019-12-09,0.929,0.924,0.93,0.922,4115455.97
2019-12-10,0.921,0.923,0.925,0.916,3651330.27
2019-12-11,0.925,0.924,0.933,0.92,5775511.5
2019-12-12,0.923,0.919,0.925,0.917,4430393.83
2019-12-13,0.933,0.957,0.963,0.93,17786128.12
2019-12-16,0.957,0.969,0.976,0.948,15138898.12
2019-12-17,0.97,0.999,1.026,0.965,18960305.22
2019-12-18,0.997,0.998,1.015,0.993,14576537.54
2019-12-19,0.996,0.993,1.002,0.987,10731911.84
2019-12-20,0.997,1.0,1.021,0.995,16781020.72
2019-12-23,0.997,0.972,1.01,0.97,14422842.73
2019-12-24,0.975,0.983,0.984,0.97,8480324.06
2019-12-25,0.977,0.985,0.996,0.973,9422373.71
2019-12-26,0.984,1.008,1.01,0.982,12231280.06
2019-12-27,1.01,0.989,1.024,0.987,15589666.48
2019-12-30,0.983,1.046,1.054,0.98,22197028.7
2019-12-31,1.041,1.04,1.05,1.031,13154527.54
2020-01-02,1.061,1.049,1.067,1.045,13958113.9
2020-01-03,1.047,1.045,1.057,1.04,10606710.74
2020-01-06,1.037,1.045,1.068,1.032,13280328.35
2020-01-07,1.048,1.053,1.059,1.037,10994682.88
2020-01-08,1.043,1.021,1.043,1.017,18523878.23
2020-01-09,1.036,1.036,1.044,1.03,10712290.99
2020-01-10,1.052,1.038,1.055,1.03,11193465.34
2020-01-13,1.031,1.05,1.051,1.019,16270895.39
2020-01-14,1.051,1.036,1.054,1.035,11742463.79
2020-01-15,1.033,1.031,1.04,1.028,8506679.29
2020-01-16,1.034,1.026,1.034,1.025,6717494.47
2020-01-17,1.03,1.031,1.046,1.029,11804336.39
2020-01-20,1.031,1.046,1.048,1.026,10718493.03
2020-01-21,1.04,1.028,1.047,1.026,11157068.98
2020-01-22,1.02,1.035,1.042,1.003,15912163.24
2020-01-23,1.02,0.994,1.025,0.982,17670096.05
2020-02-03,0.895,0.895,0.899,0.895,8736520.0
2020-02-04,0.875,0.892,0.899,0.871,27648577.98
2020-02-05,0.896,0.905,0.928,0.888,20839510.97
2020-02-06,0.902,0.928,0.935,0.895,19292035.68
2020-02-07,0.92,0.929,0.935,0.917,14539686.57
2020-02-10,0.922,0.938,0.945,0.921,13714757.6
2020-02-11,0.945,0.937,0.959,0.936,16405575.6
2020-02-12,0.933,0.953,0.957,0.933,13316512.93
2020-02-13,0.95,0.937,0.957,0.933,11028933.98
2020-02-14,0.934,0.954,0.965,0.933,17458277.11
2020-02-17,0.98,1.004,1.007,0.97,22568256.85
2020-02-18,1.003,0.997,1.007,0.988,13542578.79
2020-02-19,0.996,0.999,1.02,0.993,16117291.91
2020-02-20,1.0,1.068,1.069,1.0,26461990.05
2020-02-21,1.066,1.064,1.097,1.047,32657847.74
2020-02-24,1.058,1.065,1.079,1.047,21233273.38
2020-02-25,1.048,1.073,1.076,1.021,29595017.78
2020-02-26,1.051,1.053,1.084,1.045,22548927.41
2020-02-27,1.059,1.055,1.077,1.046,19641123.31
2020-02-28,1.025,0.987,1.032,0.982,27670601.74
2020-03-02,1.001,1.036,1.045,0.991,25145814.74
2020-03-03,1.055,1.046,1.073,1.033,21197921.38
2020-03-04,1.04,1.075,1.076,1.037,23285166.3
2020-03-05,1.091,1.108,1.124,1.066,33146839.34
2020-03-06,1.088,1.067,1.093,1.066,22442184.34
2020-03-09,1.044,1.034,1.058,1.022,24680080.36
2020-03-10,1.038,1.068,1.073,1.023,24477773.86
2020-03-11,1.063,1.037,1.066,1.036,14894745.88
2020-03-12,1.021,1.025,1.037,1.013,15688937.26
2020-03-13,0.978,1.016,1.03,0.971,24223275.25
2020-03-16,1.015,0.959,1.018,0.955,23329970.07
2020-03-17,0.976,0.961,0.985,0.937,16222771.22
2020-03-18,0.964,0.93,0.975,0.929,15802574.78
2020-03-19,0.932,0.942,0.953,0.913,23053059.14
2020-03-20,0.949,0.954,0.955,0.933,13285745.92
2020-03-23,0.922,0.912,0.937,0.911,13659181.33
2020-03-24,0.931,0.936,0.937,0.909,16823498.1
2020-03-25,0.957,0.951,0.96,0.941,19512516.58
2020-03-26,0.943,0.934,0.948,0.933,9534767.18
2020-03-27,0.945,0.941,0.958,0.938,14141772.89
2020-03-30,0.925,0.932,0.936,0.92,8916278.71
2020-03-31,0.94,0.927,0.941,0.926,8429179.69
2020-04-01,0.922,0.922,0.94,0.921,9726397.32
2020-04-02,0.919,0.94,0.941,0.918,9527609.43
2020-04-03,0.934,0.926,0.936,0.923,6998719.76
2020-04-07,0.942,0.948,0.951,0.936,16158445.33
2020-04-08,0.941,0.943,0.948,0.938,7195484.07
2020-04-09,0.951,0.952,0.967,0.95,15438375.61
2020-04-10,0.954,0.939,0.956,0.937,9812494.08
2020-04-13,0.931,0.929,0.934,0.924,9267862.47
2020-04-14,0.935,0.954,0.965,0.931,15105855.47
2020-04-15,0.949,0.944,0.962,0.942,10635529.88
2020-04-16,0.938,0.952,0.963,0.937,12604090.89
2020-04-17,0.959,0.95,0.961,0.949,10198035.59
2020-04-20,0.953,0.954,0.954,0.948,5883918.32
2020-04-21,0.949,0.936,0.949,0.931,8511292.27
2020-04-22,0.93,0.939,0.94,0.929,5966311.72
2020-04-23,0.939,0.931,0.94,0.93,5736348.37
2020-04-24,0.928,0.915,0.931,0.911,9105333.45
2020-04-27,0.915,0.913,0.923,0.911,6796845.1
2020-04-28,0.922,0.925,0.93,0.906,12115600.98
2020-04-29,0.918,0.926,0.931,0.917,7761104.07
2020-04-30,0.931,0.947,0.949,0.931,14285284.11
2020-05-06,0.931,0.95,0.95,0.93,14610135.19
2020-05-07,0.947,0.943,0.955,0.941,10275331.1
2020-05-08,0.95,0.961,0.97,0.945,20154569.7
2020-05-11,0.963,0.954,0.966,0.947,10581478.59
2020-05-12,0.957,0.951,0.959,0.943,7676644.45
2020-05-13,0.945,0.951,0.954,0.943,7392403.66
2020-05-14,0.946,0.938,0.947,0.937,8870319.52
2020-05-15,0.944,0.94,0.947,0.939,7533183.35
2020-05-18,0.939,0.936,0.944,0.932,7726868.39
2020-05-19,0.945,0.941,0.946,0.938,8195095.01
2020-05-20,0.939,0.934,0.943,0.933,10099803.93
2020-05-21,0.936,0.926,0.938,0.925,8332339.93
2020-05-22,0.925,0.905,0.926,0.903,14801611.22
2020-05-25,0.902,0.9,0.907,0.897,8497448.06
2020-05-26,0.904,0.909,0.91,0.903,7684984.21
2020-05-27,0.908,0.899,0.909,0.898,6155874.8
2020-05-28,0.9,0.911,0.923,0.9,12410208.57
2020-05-29,0.905,0.907,0.91,0.904,5555455.07
2020-06-01,0.93,0.946,0.95,0.924,22088647.32
2020-06-02,0.943,0.943,0.95,0.939,8615507.54
2020-06-03,0.946,0.934,0.95,0.932,9849152.04
2020-06-04,0.937,0.929,0.939,0.928,8272891.69
2020-06-05,0.93,0.939,0.94,0.924,10775974.38
2020-06-08,0.943,0.934,0.943,0.933,7837436.85
2020-06-09,0.935,0.943,0.951,0.934,11955063.9
2020-06-10,0.941,0.936,0.941,0.933,6859123.85
2020-06-11,0.936,0.93,0.949,0.93,12832658.02
2020-06-12,0.916,0.929,0.933,0.914,9390773.16
2020-06-15,0.93,0.927,0.948,0.926,12504344.51
2020-06-16,0.935,0.936,0.94,0.931,8132959.89
2020-06-17,0.936,0.933,0.937,0.927,8449162.73
2020-06-18,0.932,0.943,0.95,0.93,12345932.4
2020-06-19,0.943,0.975,0.985,0.941,27200163.91
2020-06-22,0.976,1.002,1.035,0.975,25607194.35
2020-06-23,0.997,1.01,1.012,0.99,16461251.43
2020-06-24,1.014,1.011,1.029,1.003,12806204.85
2020-06-29,0.998,0.979,1.002,0.974,21006621.97
2020-06-30,0.984,1.012,1.024,0.982,19088256.52
2020-07-01,1.01,1.031,1.032,1.005,19714596.93
2020-07-02,1.03,1.116,1.118,1.026,36006999.36
2020-07-03,1.128,1.228,1.228,1.115,47216884.7
2020-07-06,1.258,1.351,1.351,1.231,63949595.42
2020-07-07,1.355,1.28,1.357,1.251,63208437.7
2020-07-08,1.271,1.353,1.394,1.267,51868845.49
2020-07-09,1.339,1.36,1.395,1.319,44992219.12
2020-07-10,1.33,1.331,1.369,1.322,31991293.93
2020-07-13,1.315,1.351,1.386,1.306,39302408.96
2020-07-14,1.333,1.356,1.368,1.322,31217932.64
2020-07-15,1.371,1.315,1.384,1.31,26544904.64
2020-07-16,1.313,1.246,1.346,1.241,29684071.13
2020-07-17,1.258,1.207,1.268,1.188,33008468.67
2020-07-20,1.231,1.276,1.293,1.224,26747314.53
2020-07-21,1.275,1.254,1.281,1.243,16028757.16
2020-07-22,1.258,1.265,1.316,1.25,28567354.71
2020-07-23,1.244,1.27,1.278,1.23,26148328.68
2020-07-24,1.256,1.191,1.267,1.175,30518271.06
2020-07-27,1.193,1.188,1.201,1.163,17648607.54
2020-07-28,1.202,1.188,1.206,1.174,14584750.05
2020-07-29,1.183,1.236,1.242,1.179,29838752.06
2020-07-30,1.237,1.226,1.244,1.22,15183346.64
2020-07-31,1.223,1.245,1.268,1.222,22943738.35
2020-08-03,1.267,1.272,1.274,1.245,21565728.57
2020-08-04,1.272,1.264,1.29,1.258,18725471.34
2020-08-05,1.259,1.258,1.268,1.242,12969446.13
2020-08-06,1.259,1.302,1.318,1.235,26923163.12
2020-08-07,1.27,1.257,1.302,1.23,33179980.37
2020-08-10,1.242,1.271,1.299,1.237,31621227.24
2020-08-11,1.268,1.228,1.287,1.226,21240829.88
2020-08-12,1.221,1.221,1.236,1.197,19095276.54
2020-08-13,1.227,1.229,1.249,1.217,13474566.07
2020-08-14,1.221,1.249,1.25,1.218,15929531.98
2020-08-17,1.279,1.311,1.345,1.268,46357424.41
2020-08-18,1.302,1.301,1.32,1.291,18216233.36
2020-08-19,1.297,1.276,1.311,1.272,17256703.72
2020-08-20,1.265,1.253,1.272,1.25,12169111.59
2020-08-21,1.264,1.275,1.283,1.256,12535017.42
2020-08-24,1.279,1.266,1.285,1.263,11131508.34
2020-08-25,1.27,1.261,1.286,1.256,12748174.34
2020-08-26,1.256,1.229,1.264,1.226,18438699.36
2020-08-27,1.228,1.233,1.242,1.22,12326318.55
2020-08-28,1.231,1.269,1.273,1.228,19590369.02
2020-08-31,1.279,1.266,1.304,1.262,22052952.24
2020-09-01,1.258,1.272,1.273,1.253,9352115.9
2020-09-02,1.276,1.268,1.283,1.251,15449577.42
2020-09-03,1.266,1.258,1.288,1.255,12802004.53
2020-09-04,1.237,1.246,1.251,1.234,10804373.38
2020-09-07,1.244,1.208,1.248,1.205,14329386.18
2020-09-08,1.211,1.231,1.241,1.202,14914949.82
2020-09-09,1.215,1.206,1.224,1.2,12674660.15
2020-09-10,1.216,1.182,1.218,1.178,15843637.62
2020-09-11,1.176,1.181,1.186,1.166,10257537.75
2020-09-14,1.188,1.182,1.19,1.174,8052122.78
2020-09-15,1.181,1.186,1.19,1.177,7323310.82
2020-09-16,1.186,1.181,1.198,1.176,9545844.48
2020-09-17,1.179,1.17,1.185,1.16,10277044.43
2020-09-18,1.169,1.234,1.238,1.167,24713592.87
2020-09-21,1.264,1.225,1.27,1.225,21602257.46
2020-09-22,1.211,1.23,1.266,1.21,20583753.65
2020-09-23,1.228,1.218,1.235,1.216,9948050.02
2020-09-24,1.21,1.204,1.227,1.203,10932716.08
2020-09-25,1.207,1.223,1.232,1.203,16781493.32
2020-09-28,1.216,1.221,1.229,1.214,11432907.56
2020-09-29,1.226,1.225,1.236,1.223,11348734.84
2020-09-30,1.227,1.208,1.229,1.2,11302228.2
2020-10-09,1.228,1.228,1.231,1.22,10286899.72
2020-10-12,1.237,1.277,1.279,1.235,23208032.26
2020-10-13,1.26,1.258,1.261,1.247,20740176.5
2020-10-14,1.256,1.243,1.257,1.238,14125815.7
2020-10-15,1.245,1.24,1.262,1.24,11566933.82
2020-10-16,1.244,1.247,1.252,1.239,11171031.39
2020-10-19,1.257,1.232,1.266,1.231,16219082.9
2020-10-20,1.228,1.234,1.235,1.216,10056700.64
2020-10-21,1.233,1.226,1.236,1.22,9685575.22
2020-10-22,1.222,1.235,1.246,1.219,11719510.25
2020-10-23,1.233,1.215,1.242,1.214,12878475.56
2020-10-26,1.208,1.177,1.208,1.168,18889458.13
2020-10-27,1.172,1.174,1.177,1.164,10250111.8
2020-10-28,1.172,1.181,1.185,1.166,10209866.01
2020-10-29,1.168,1.191,1.201,1.166,16563942.67
2020-10-30,1.184,1.149,1.194,1.148,15851296.43
2020-11-02,1.15,1.146,1.174,1.13,15808242.11
2020-11-03,1.149,1.174,1.187,1.147,16866563.42
2020-11-04,1.173,1.168,1.178,1.157,10840073.76
2020-11-05,1.186,1.186,1.196,1.176,16498369.69
2020-11-06,1.187,1.19,1.203,1.18,16378321.88
2020-11-09,1.199,1.236,1.252,1.194,30631376.6
2020-11-10,1.238,1.216,1.24,1.211,15849160.21
2020-11-11,1.214,1.19,1.217,1.189,12155856.67
2020-11-12,1.19,1.184,1.199,1.182,8898373.75
2020-11-13,1.18,1.172,1.18,1.163,14174350.86
2020-11-16,1.178,1.179,1.183,1.166,10582500.08
2020-11-17,1.177,1.181,1.181,1.163,11046433.56
2020-11-18,1.182,1.187,1.201,1.18,15973161.06
2020-11-19,1.177,1.188,1.193,1.161,15829457.85
2020-11-20,1.184,1.189,1.193,1.182,12496148.05
2020-11-23,1.185,1.212,1.232,1.178,31797594.8
2020-11-24,1.206,1.202,1.217,1.198,14980331.4
2020-11-25,1.211,1.183,1.218,1.181,17019482.22
2020-11-26,1.18,1.188,1.194,1.176,11755638.7
2020-11-27,1.189,1.214,1.216,1.186,19030542.12
2020-11-30,1.223,1.222,1.267,1.218,39046704.28
2020-12-01,1.218,1.268,1.277,1.213,32103868.7
2020-12-02,1.265,1.265,1.288,1.255,24749749.7
2020-12-03,1.26,1.267,1.279,1.253,17307855.2
2020-12-04,1.26,1.248,1.26,1.237,18479159.42
2020-12-07,1.247,1.223,1.248,1.223,15286992.93
2020-12-08,1.224,1.226,1.237,1.221,12957674.59
2020-12-09,1.228,1.187,1.234,1.182,22784421.71
2020-12-10,1.181,1.181,1.19,1.171,17071530.17
2020-12-11,1.181,1.167,1.183,1.155,20670661.92
2020-12-14,1.168,1.166,1.17,1.156,13201396.82
2020-12-15,1.163,1.169,1.173,1.156,12604105.54
2020-12-16,1.17,1.156,1.171,1.155,12611484.86
2020-12-17,1.155,1.187,1.19,1.148,27232275.48
2020-12-18,1.18,1.173,1.187,1.169,13160384.25
2020-12-21,1.173,1.185,1.189,1.163,17211889.16
2020-12-22,1.178,1.135,1.181,1.133,26485044.4
2020-12-23,1.138,1.144,1.152,1.131,19286828.4
2020-12-24,1.142,1.133,1.154,1.13,15488586.66
2020-12-25,1.13,1.147,1.154,1.123,21129462.04
2020-12-28,1.143,1.141,1.16,1.137,17701205.09
2020-12-29,1.145,1.147,1.168,1.143,20345982.92
2020-12-30,1.142,1.169,1.17,1.14,22084616.48
2020-12-31,1.18,1.222,1.232,1.18,46967847.02
2021-01-04,1.235,1.232,1.244,1.206,30813423.09
2021-01-05,1.221,1.229,1.242,1.207,27254156.46
2021-01-06,1.23,1.229,1.253,1.215,24233546.42
2021-01-07,1.232,1.241,1.242,1.205,28317251.21
2021-01-08,1.241,1.231,1.25,1.227,24784867.74
2021-01-11,1.237,1.202,1.243,1.201,26769474.19
2021-01-12,1.197,1.286,1.293,1.19,54167731.71
2021-01-13,1.28,1.253,1.29,1.245,30911784.28
2021-01-14,1.246,1.222,1.249,1.221,25757059.94
2021-01-15,1.22,1.221,1.244,1.211,21794182.09
2021-01-18,1.214,1.233,1.251,1.211,23784998.0
2021-01-19,1.23,1.231,1.255,1.223,22290121.16
2021-01-20,1.233,1.231,1.25,1.227,19425814.04
2021-01-21,1.236,1.251,1.273,1.23,30879309.83
2021-01-22,1.245,1.224,1.248,1.219,27529551.8
2021-01-25,1.225,1.215,1.236,1.211,24932636.91
2021-01-26,1.208,1.171,1.216,1.17,27308563.43
2021-01-27,1.172,1.174,1.184,1.169,14899577.9
2021-01-28,1.163,1.168,1.18,1.158,19770959.44
2021-01-29,1.174,1.156,1.177,1.138,19249303.19
2021-02-01,1.162,1.151,1.167,1.148,14843502.3
2021-02-02,1.152,1.153,1.154,1.138,22057879.61
2021-02-03,1.15,1.137,1.154,1.136,18473391.37
2021-02-04,1.132,1.109,1.132,1.097,28266059.52
2021-02-05,1.112,1.101,1.124,1.099,18806703.83
2021-02-08,1.104,1.102,1.113,1.087,19170885.96
2021-02-09,1.103,1.134,1.137,1.091,30812143.32
2021-02-10,1.13,1.133,1.139,1.123,17866414.78
2021-02-18,1.153,1.139,1.159,1.138,21969567.08
2021-02-19,1.134,1.162,1.163,1.131,18204504.42
2021-02-22,1.163,1.127,1.17,1.126,25529756.02
2021-02-23,1.123,1.123,1.14,1.116,16065624.62
2021-02-24,1.123,1.115,1.133,1.106,18012542.87
2021-02-25,1.12,1.116,1.132,1.11,18754860.53
2021-02-26,1.1,1.098,1.109,1.092,18273370.71
2021-03-01,1.099,1.09,1.1,1.081,19001065.65
2021-03-02,1.091,1.077,1.096,1.073,16652324.28
2021-03-03,1.075,1.097,1.097,1.073,20089295.48
2021-03-04,1.088,1.071,1.091,1.069,18321505.46
2021-03-05,1.063,1.093,1.102,1.062,25845916.01
2021-03-08,1.1,1.073,1.108,1.072,18359501.9
2021-03-09,1.073,1.045,1.077,1.037,18264019.97
2021-03-10,1.055,1.039,1.056,1.038,11714128.48
2021-03-11,1.04,1.056,1.057,1.039,14262599.63
2021-03-12,1.054,1.056,1.068,1.038,19810066.16
2021-03-15,1.046,1.032,1.046,1.029,14424729.35
2021-03-16,1.034,1.037,1.039,1.027,10628907.05
2021-03-17,1.034,1.039,1.045,1.032,11303614.41
2021-03-18,1.041,1.041,1.051,1.038,10480129.51
2021-03-19,1.031,1.03,1.035,1.026,11336040.79
2021-03-22,1.034,1.049,1.057,1.032,14595786.74
2021-03-23,1.046,1.054,1.064,1.039,16160983.93
2021-03-24,1.049,1.06,1.085,1.047,21360403.71
2021-03-25,1.052,1.051,1.064,1.05,9312424.62
2021-03-26,1.052,1.057,1.061,1.048,11005424.37
2021-03-29,1.056,1.056,1.067,1.052,10259057.72
2021-03-30,1.053,1.052,1.058,1.05,9305687.23
2021-03-31,1.051,1.037,1.052,1.036,10245167.73
2021-04-01,1.039,1.045,1.046,1.034,15571346.35
2021-04-02,1.047,1.048,1.054,1.043,11410393.49
2021-04-06,1.054,1.046,1.056,1.046,9760614.64
2021-04-07,1.045,1.043,1.049,1.038,10074695.32
2021-04-08,1.04,1.048,1.059,1.038,18685366.16
2021-04-09,1.044,1.036,1.047,1.035,9272998.96
2021-04-12,1.034,1.015,1.037,1.014,12293342.07
2021-04-13,1.013,1.013,1.018,1.007,10763664.48
2021-04-14,1.013,1.025,1.028,1.012,10703826.9
2021-04-15,1.021,1.015,1.021,1.012,7933031.0
2021-04-16,1.017,1.022,1.027,1.014,8895446.24
2021-04-19,1.019,1.049,1.052,1.017,17879444.92
2021-04-20,1.045,1.039,1.055,1.038,9111145.47
2021-04-21,1.035,1.037,1.044,1.033,6589651.09
2021-04-22,1.042,1.04,1.05,1.038,9077049.92
2021-04-23,1.036,1.038,1.045,1.035,7975597.85
2021-04-26,1.04,1.02,1.051,1.02,12908621.54
2021-04-27,1.017,1.014,1.023,1.005,15039691.49
2021-04-28,1.011,1.017,1.022,1.01,8751889.6
2021-04-29,1.018,1.042,1.05,1.017,22024813.63
2021-04-30,1.038,1.031,1.044,1.027,13436279.98
2021-05-06,1.04,1.022,1.045,1.021,10158532.06
2021-05-07,1.021,1.007,1.023,1.005,14566130.45
2021-05-10,1.007,0.998,1.007,0.992,13569289.77
2021-05-11,0.993,1.013,1.019,0.99,14795399.41
2021-05-12,1.008,1.01,1.013,1.003,8691813.58
2021-05-13,1.004,1.006,1.014,1.002,7787471.52
2021-05-14,1.01,1.081,1.087,1.01,45675323.51
2021-05-17,1.063,1.066,1.076,1.056,21136726.67
2021-05-18,1.061,1.065,1.083,1.059,15146818.81
2021-05-19,1.06,1.064,1.079,1.06,12710524.61
2021-05-20,1.063,1.079,1.092,1.063,18758452.16
2021-05-21,1.079,1.06,1.081,1.058,14421429.49
2021-05-24,1.066,1.08,1.092,1.066,19661756.72
2021-05-25,1.078,1.127,1.133,1.076,36169676.16
2021-05-26,1.133,1.124,1.148,1.122,24522201.7
2021-05-27,1.12,1.125,1.138,1.117,14255286.17
2021-05-28,1.125,1.142,1.162,1.121,21674602.7
2021-05-31,1.142,1.144,1.147,1.131,12740049.07
2021-06-01,1.138,1.129,1.138,1.116,15684118.4
2021-06-02,1.126,1.105,1.134,1.103,16216250.76
2021-06-03,1.106,1.105,1.124,1.102,13097271.86
2021-06-04,1.099,1.111,1.146,1.097,19310002.73
2021-06-07,1.111,1.12,1.132,1.107,12593540.46
2021-06-08,1.116,1.122,1.136,1.114,13339815.41
2021-06-09,1.122,1.109,1.126,1.105,11332907.71
2021-06-10,1.109,1.113,1.129,1.107,12199297.78
2021-06-11,1.116,1.093,1.119,1.092,14089429.98
2021-06-15,1.094,1.078,1.095,1.077,11443729.25
2021-06-16,1.076,1.07,1.084,1.064,12650845.32
2021-06-17,1.071,1.074,1.08,1.068,11646251.85
2021-06-18,1.073,1.085,1.09,1.07,12989211.3
2021-06-21,1.086,1.084,1.096,1.08,10983270.79
2021-06-22,1.088,1.08,1.091,1.076,10672972.47
2021-06-23,1.08,1.085,1.091,1.072,13075537.35
2021-06-24,1.086,1.089,1.101,1.083,12909518.77
2021-06-25,1.092,1.123,1.134,1.087,28015785.98
2021-06-28,1.126,1.112,1.129,1.108,14886190.59
2021-06-29,1.111,1.097,1.114,1.094,13295022.83
2021-06-30,1.098,1.109,1.112,1.094,13867060.3
2021-07-01,1.125,1.077,1.131,1.075,19076316.6
2021-07-02,1.073,1.046,1.073,1.045,15353040.35
2021-07-05,1.047,1.048,1.052,1.038,9305197.58
2021-07-06,1.049,1.054,1.056,1.042,9610702.97
2021-07-07,1.048,1.057,1.061,1.046,11054459.74
2021-07-08,1.064,1.055,1.07,1.054,11073732.16
2021-07-09,1.049,1.06,1.064,1.048,11427569.72
2021-07-12,1.074,1.083,1.091,1.065,19349289.22
2021-07-13,1.078,1.077,1.085,1.071,9154197.11
2021-07-14,1.075,1.064,1.078,1.062,10294593.73
2021-07-15,1.062,1.08,1.082,1.061,13385910.0
2021-07-16,1.086,1.08,1.096,1.076,17832259.02
2021-07-19,1.074,1.076,1.077,1.065,11149908.51
2021-07-20,1.067,1.071,1.079,1.066,8845055.97
2021-07-21,1.074,1.088,1.099,1.073,19593057.5
2021-07-22,1.088,1.106,1.109,1.084,21254847.66
2021-07-23,1.107,1.111,1.143,1.095,26234449.47
2021-07-26,1.111,1.08,1.12,1.079,19486836.7
2021-07-27,1.08,1.049,1.086,1.044,18135274.93
2021-07-28,1.045,1.037,1.054,1.032,13240911.98
2021-07-29,1.048,1.051,1.06,1.042,14783993.93
2021-07-30,1.044,1.028,1.046,1.026,14306882.64
2021-08-02,1.025,1.069,1.084,1.015,24866050.81
2021-08-03,1.06,1.07,1.096,1.057,18669977.96
2021-08-04,1.067,1.072,1.076,1.063,11575316.19
2021-08-05,1.067,1.053,1.077,1.05,11800278.84
2021-08-06,1.053,1.057,1.064,1.051,10001558.57
2021-08-09,1.051,1.08,1.09,1.051,18823347.14
2021-08-10,1.077,1.096,1.097,1.07,18585565.57
2021-08-11,1.094,1.086,1.104,1.085,13319156.61
2021-08-12,1.083,1.079,1.09,1.077,8916812.62
2021-08-13,1.077,1.079,1.089,1.072,9295200.52
2021-08-16,1.083,1.089,1.105,1.082,16441404.64
2021-08-17,1.086,1.082,1.124,1.08,22609426.99
2021-08-18,1.078,1.157,1.159,1.077,46621874.94
2021-08-19,1.154,1.133,1.175,1.131,31210122.06
2021-08-20,1.129,1.135,1.149,1.116,19031815.98
2021-08-23,1.142,1.139,1.154,1.129,16244598.76
2021-08-24,1.138,1.161,1.175,1.129,27026764.27
2021-08-25,1.153,1.143,1.158,1.138,16990892.3
2021-08-26,1.14,1.129,1.15,1.127,16301770.26
2021-08-27,1.126,1.125,1.143,1.121,16165359.0
2021-08-30,1.13,1.105,1.132,1.1,22644503.29
2021-08-31,1.102,1.13,1.14,1.095,31187452.41
2021-09-01,1.125,1.17,1.198,1.121,44958691.72
2021-09-02,1.17,1.191,1.196,1.164,30801164.99
2021-09-03,1.24,1.178,1.244,1.177,35721252.71
2021-09-06,1.179,1.215,1.227,1.178,25046034.39
2021-09-07,1.205,1.244,1.25,1.195,30122975.07
2021-09-08,1.239,1.243,1.277,1.234,25456875.27
2021-09-09,1.226,1.233,1.239,1.217,17785700.43
2021-09-10,1.24,1.249,1.289,1.236,29064730.31
2021-09-13,1.247,1.253,1.274,1.244,16596408.02
2021-09-14,1.253,1.215,1.257,1.211,21940604.17
2021-09-15,1.21,1.211,1.228,1.203,15206472.4
2021-09-16,1.213,1.186,1.218,1.182,19008752.79
2021-09-17,1.187,1.2,1.204,1.181,15699476.72
2021-09-22,1.188,1.191,1.199,1.181,14518572.45
2021-09-23,1.2,1.206,1.219,1.192,16407546.77
2021-09-24,1.206,1.189,1.214,1.188,15034790.96
2021-09-27,1.188,1.157,1.198,1.15,21122754.69
2021-09-28,1.16,1.175,1.184,1.159,12618137.87
2021-09-29,1.166,1.159,1.168,1.143,17155898.33
2021-09-30,1.163,1.157,1.164,1.149,11074493.14
2021-10-08,1.165,1.169,1.176,1.161,10796369.83
2021-10-11,1.171,1.162,1.178,1.159,10251898.1
2021-10-12,1.156,1.125,1.156,1.112,23638467.42
2021-10-13,1.124,1.131,1.137,1.115,13010518.72
2021-10-14,1.128,1.128,1.133,1.12,10820419.58
2021-10-15,1.121,1.129,1.136,1.121,10800504.45
2021-10-18,1.13,1.13,1.133,1.123,7977030.22
2021-10-19,1.127,1.136,1.146,1.127,11055851.03
2021-10-20,1.136,1.132,1.143,1.131,11726956.63
2021-10-21,1.133,1.135,1.147,1.126,17021014.87
2021-10-22,1.137,1.137,1.145,1.13,12296295.36
2021-10-25,1.136,1.152,1.157,1.126,17575207.76
2021-10-26,1.146,1.14,1.155,1.139,12426812.0
2021-10-27,1.135,1.11,1.137,1.108,19032587.63
2021-10-28,1.107,1.102,1.115,1.099,11485085.69
2021-10-29,1.1,1.11,1.118,1.085,20068290.7
2021-11-01,1.105,1.114,1.124,1.103,12999047.44
2021-11-02,1.113,1.091,1.118,1.084,18204317.86
2021-11-03,1.092,1.095,1.102,1.09,9004508.31
2021-11-04,1.102,1.096,1.109,1.094,9565975.76
2021-11-05,1.094,1.093,1.103,1.09,10824344.71
2021-11-08,1.091,1.104,1.111,1.09,12457580.13
2021-11-09,1.106,1.111,1.115,1.101,12693775.97
2021-11-10,1.108,1.109,1.114,1.099,12741510.98
2021-11-11,1.106,1.141,1.147,1.106,28039385.84
2021-11-12,1.141,1.135,1.143,1.129,11930892.61
2021-11-15,1.137,1.131,1.142,1.127,10308284.64
2021-11-16,1.128,1.115,1.134,1.112,17996217.99
2021-11-17,1.114,1.114,1.12,1.112,9722418.76
2021-11-18,1.112,1.102,1.113,1.101,12050932.0
2021-11-19,1.1,1.124,1.13,1.1,21010006.03
2021-11-22,1.121,1.13,1.138,1.118,17113844.36
2021-11-23,1.127,1.133,1.148,1.127,18685463.75
2021-11-24,1.132,1.131,1.138,1.127,10809977.29
2021-11-25,1.13,1.125,1.134,1.123,11081053.01
2021-11-26,1.124,1.117,1.126,1.116,12576466.38
2021-11-29,1.108,1.107,1.112,1.103,13545567.06
2021-11-30,1.11,1.108,1.119,1.104,9886148.07
2021-12-01,1.106,1.123,1.126,1.105,13213446.41
2021-12-02,1.12,1.131,1.138,1.118,14789118.86
2021-12-03,1.132,1.137,1.141,1.123,13709326.92
2021-12-06,1.145,1.153,1.187,1.144,32385630.43
2021-12-07,1.167,1.158,1.17,1.149,15693210.01
2021-12-08,1.159,1.174,1.174,1.15,17506764.24
2021-12-09,1.17,1.193,1.215,1.168,26689469.78
2021-12-10,1.183,1.178,1.187,1.175,13258168.61
2021-12-13,1.198,1.185,1.218,1.181,25235952.7
2021-12-14,1.177,1.178,1.19,1.174,10716261.56
2021-12-15,1.179,1.185,1.197,1.178,9937101.66
2021-12-16,1.188,1.193,1.194,1.181,9745342.9
2021-12-17,1.193,1.181,1.201,1.18,12025593.8
2021-12-20,1.176,1.161,1.186,1.159,14067504.75
2021-12-21,1.161,1.177,1.179,1.158,11855432.68
2021-12-22,1.177,1.167,1.177,1.165,7577317.1
2021-12-23,1.168,1.165,1.173,1.157,11266849.06
2021-12-24,1.165,1.158,1.174,1.156,9099725.51
2021-12-27,1.158,1.16,1.165,1.155,6845369.26
2021-12-28,1.164,1.169,1.17,1.157,9889453.72
2021-12-29,1.169,1.155,1.169,1.154,10384656.23
2021-12-30,1.154,1.174,1.179,1.152,13699475.79
2021-12-31,1.177,1.176,1.182,1.17,9968828.89
2022-01-04,1.176,1.17,1.177,1.161,8733729.5
2022-01-05,1.169,1.16,1.173,1.157,11253385.67
2022-01-06,1.154,1.137,1.156,1.134,15218660.44
2022-01-07,1.141,1.139,1.149,1.138,9154992.54
2022-01-10,1.141,1.138,1.146,1.135,8809356.91
2022-01-11,1.138,1.139,1.15,1.135,11034523.28
2022-01-12,1.141,1.143,1.145,1.134,11896568.39
2022-01-13,1.147,1.136,1.152,1.135,12578447.25
2022-01-14,1.127,1.105,1.127,1.104,18669955.77
2022-01-17,1.103,1.116,1.12,1.101,10522495.02
2022-01-18,1.115,1.118,1.126,1.111,11336633.47
2022-01-19,1.12,1.122,1.133,1.117,10399955.91
2022-01-20,1.122,1.141,1.149,1.118,18586336.62
2022-01-21,1.137,1.131,1.14,1.129,11865804.26
2022-01-24,1.127,1.123,1.133,1.122,9174781.74
2022-01-25,1.119,1.093,1.122,1.092,16129055.37
2022-01-26,1.094,1.112,1.114,1.093,13362557.4
2022-01-27,1.106,1.087,1.111,1.085,15023712.41
2022-01-28,1.094,1.076,1.108,1.075,14037861.93
2022-02-07,1.091,1.092,1.098,1.084,12904775.09
2022-02-08,1.09,1.107,1.108,1.084,12086429.99
2022-02-09,1.106,1.11,1.113,1.102,8901366.98
2022-02-10,1.11,1.11,1.114,1.102,8105178.25
2022-02-11,1.108,1.111,1.127,1.106,13620717.69
2022-02-14,1.102,1.06,1.103,1.055,25061171.46
2022-02-15,1.058,1.062,1.063,1.055,10339213.7
2022-02-16,1.067,1.064,1.073,1.061,7625432.31
2022-02-17,1.062,1.056,1.066,1.055,9407494.99
2022-02-18,1.05,1.058,1.061,1.049,9579484.35
2022-02-21,1.06,1.057,1.061,1.051,9357789.13
2022-02-22,1.049,1.036,1.05,1.032,13278707.45
2022-02-23,1.039,1.05,1.05,1.036,10781025.03
2022-02-24,1.043,1.02,1.049,1.011,17124644.88
2022-02-25,1.029,1.022,1.036,1.019,9746823.94
2022-02-28,1.02,1.019,1.024,1.01,9684347.27
2022-03-01,1.023,1.028,1.03,1.02,10491375.21
2022-03-02,1.023,1.024,1.027,1.021,6164352.48
2022-03-03,1.029,1.024,1.032,1.022,7349427.26
2022-03-04,1.018,1.01,1.019,1.007,11173571.32
2022-03-07,1.005,0.985,1.006,0.981,13931172.88
2022-03-08,0.985,0.96,0.993,0.955,16240209.77
2022-03-09,0.968,0.937,0.97,0.902,23781831.67
2022-03-10,0.955,0.935,0.958,0.934,16226377.35
2022-03-11,0.921,0.956,0.963,0.907,20410068.73
2022-03-14,0.939,0.94,0.96,0.937,11811261.51
2022-03-15,0.932,0.909,0.952,0.906,17555433.17
2022-03-16,0.919,0.967,0.972,0.905,26812159.26
2022-03-17,0.974,0.963,0.986,0.959,21239187.77
2022-03-18,0.96,0.972,0.975,0.955,13525645.35
2022-03-21,0.965,0.955,0.967,0.951,11649009.62
2022-03-22,0.951,0.956,0.967,0.95,11924851.5
2022-03-23,0.959,0.957,0.961,0.953,7476128.06
2022-03-24,0.95,0.946,0.954,0.943,8465150.51
2022-03-25,0.947,0.935,0.955,0.934,10013347.86
2022-03-28,0.927,0.936,0.945,0.92,9802777.9
2022-03-29,0.94,0.93,0.942,0.926,7111019.35
2022-03-30,0.936,0.965,0.967,0.935,19032475.27
2022-03-31,0.96,0.957,0.965,0.955,8180811.26
2022-04-01,0.951,0.97,0.974,0.95,14161660.0
2022-04-06,0.962,0.971,0.973,0.962,8436408.0
2022-04-07,0.968,0.951,0.977,0.95,10041044.0
2022-04-08,0.952,0.966,0.971,0.945,11107416.0
2022-04-11,0.96,0.936,0.961,0.933,11902814.0
2022-04-12,0.936,0.967,0.977,0.933,15435735.0
2022-04-13,0.958,0.958,0.973,0.953,10880984.0
2022-04-14,0.965,0.972,0.98,0.96,15947476.0
2022-04-15,0.965,0.966,0.98,0.961,11116867.0
2022-04-18,0.953,0.94,0.953,0.933,13245036.0
2022-04-19,0.938,0.933,0.944,0.931,8852480.0
2022-04-20,0.933,0.918,0.937,0.916,11701006.0
2022-04-21,0.913,0.916,0.934,0.911,13532562.0
2022-04-22,0.91,0.917,0.924,0.909,11689944.0
2022-04-25,0.901,0.889,0.92,0.885,19620021.0
2022-04-26,0.888,0.849,0.89,0.842,21435054.0
2022-04-27,0.834,0.86,0.866,0.831,19702297.0
2022-04-28,0.851,0.844,0.855,0.832,14521203.0
2022-04-29,0.862,0.879,0.888,0.849,26036121.0
2022-05-05,0.867,0.867,0.873,0.862,10454748.0
2022-05-06,0.852,0.844,0.856,0.842,12073967.0
2022-05-09,0.84,0.845,0.851,0.839,6995488.0
2022-05-10,0.838,0.858,0.862,0.836,13459896.0
2022-05-11,0.857,0.863,0.882,0.855,19979574.0
2022-05-12,0.858,0.865,0.874,0.857,10539801.0
2022-05-13,0.869,0.87,0.875,0.862,9953832.0
2022-05-16,0.877,0.86,0.879,0.86,8481747.0
2022-05-17,0.861,0.866,0.87,0.856,10511389.0
2022-05-18,0.869,0.868,0.876,0.864,11827701.0
2022-05-19,0.857,0.867,0.867,0.855,9496642.0
2022-05-20,0.872,0.884,0.885,0.87,17726562.0
2022-05-23,0.88,0.885,0.888,0.874,10067671.0
2022-05-24,0.883,0.861,0.889,0.86,11601294.0
2022-05-25,0.86,0.864,0.865,0.859,8338894.0
2022-05-26,0.865,0.878,0.888,0.857,14875615.0
2022-05-27,0.883,0.877,0.887,0.871,12518082.0
2022-05-30,0.878,0.873,0.881,0.869,8674036.0
2022-05-31,0.872,0.884,0.886,0.869,13898659.0
2022-06-01,0.883,0.88,0.887,0.875,9689099.0
2022-06-02,0.877,0.886,0.89,0.872,11581451.0
2022-06-06,0.883,0.906,0.907,0.881,18787359.0
2022-06-07,0.903,0.908,0.923,0.901,16545040.0
2022-06-08,0.908,0.922,0.926,0.905,22493639.0
2022-06-09,0.924,0.922,0.945,0.918,21403104.0
2022-06-10,0.915,0.945,0.949,0.911,19888651.0
2022-06-13,0.933,0.932,0.945,0.923,15250912.0
2022-06-14,0.92,0.985,0.987,0.911,24593558.0
2022-06-15,0.99,1.015,1.052,0.99,46231783.0
2022-06-16,1.011,0.969,1.012,0.967,32376593.0
2022-06-17,0.96,0.966,0.982,0.946,23609089.0
2022-06-20,0.962,0.96,0.978,0.956,16564643.0
2022-06-21,0.961,0.959,0.967,0.951,17847957.0
2022-06-22,0.958,0.943,0.967,0.942,15879462.0
2022-06-23,0.942,0.977,0.985,0.941,22899937.0
2022-06-24,0.98,0.979,0.985,0.968,16828119.0
2022-06-27,0.983,0.98,0.992,0.977,18114790.0
2022-06-28,0.977,0.987,0.997,0.966,18629383.0
2022-06-29,0.981,0.967,0.994,0.965,17974133.0
2022-06-30,0.968,0.976,0.986,0.968,17536834.0
2022-07-01,0.977,0.963,0.978,0.96,12866696.0
2022-07-04,0.962,0.967,0.968,0.95,12006281.0
2022-07-05,0.968,0.954,0.973,0.948,15048898.0
2022-07-06,0.953,0.943,0.956,0.941,14595447.0
2022-07-07,0.942,0.941,0.952,0.94,10789701.0
2022-07-08,0.946,0.935,0.951,0.934,12084450.0
2022-07-11,0.932,0.924,0.934,0.923,13228461.0
2022-07-12,0.927,0.929,0.941,0.923,13301493.0
2022-07-13,0.928,0.927,0.934,0.924,9575098.0
2022-07-14,0.924,0.92,0.929,0.918,11120008.0
2022-07-15,0.917,0.896,0.921,0.894,14924276.0
2022-07-18,0.9,0.915,0.92,0.899,12534493.0
2022-07-19,0.914,0.923,0.927,0.911,10302000.0
2022-07-20,0.926,0.923,0.929,0.92,7649080.0
2022-07-21,0.92,0.914,0.924,0.913,8219005.0
2022-07-22,0.917,0.916,0.926,0.909,10388163.0
2022-07-25,0.915,0.905,0.916,0.905,8302537.0
2022-07-26,0.906,0.911,0.915,0.904,7639913.0
2022-07-27,0.908,0.908,0.912,0.905,6638457.0
2022-07-28,0.914,0.915,0.926,0.913,12546946.0
2022-07-29,0.916,0.907,0.922,0.906,10029414.0
2022-08-01,0.904,0.9,0.905,0.894,9314386.0
2022-08-02,0.89,0.871,0.891,0.861,16510114.0
2022-08-03,0.872,0.866,0.881,0.865,10820500.0
2022-08-04,0.872,0.874,0.879,0.868,10131142.0
2022-08-05,0.875,0.895,0.896,0.873,16537776.0
2022-08-08,0.892,0.895,0.898,0.889,6863245.0
2022-08-09,0.893,0.892,0.899,0.89,7105322.0
2022-08-10,0.89,0.889,0.901,0.887,7895209.0
2022-08-11,0.896,0.938,0.938,0.893,27712006.0
2022-08-12,0.929,0.935,0.942,0.926,12593441.0
2022-08-15,0.929,0.927,0.938,0.924,9313842.0
2022-08-16,0.93,0.925,0.935,0.924,8387747.0
2022-08-17,0.927,0.944,0.949,0.922,16754475.0
2022-08-18,0.94,0.936,0.945,0.934,9338666.0
2022-08-19,0.935,0.931,0.944,0.93,9439278.0
2022-08-22,0.93,0.929,0.934,0.926,9761677.0
2022-08-23,0.927,0.931,0.945,0.923,11619396.0
2022-08-24,0.929,0.919,0.952,0.917,16069286.0
2022-08-25,0.92,0.937,0.941,0.92,15053234.0
2022-08-26,0.936,0.927,0.939,0.925,8829266.0
2022-08-29,0.918,0.922,0.924,0.914,8611878.0
2022-08-30,0.921,0.923,0.931,0.914,10486135.0
2022-08-31,0.919,0.929,0.938,0.918,12776595.0
2022-09-01,0.926,0.917,0.929,0.915,9606424.0
2022-09-02,0.916,0.913,0.924,0.909,9291288.0
2022-09-05,0.912,0.92,0.921,0.909,8321450.0
2022-09-06,0.924,0.931,0.932,0.921,10470037.0
2022-09-07,0.927,0.925,0.929,0.923,7371412.0
2022-09-08,0.927,0.922,0.931,0.922,7455382.0
2022-09-09,0.923,0.939,0.943,0.922,13691232.0
2022-09-13,0.94,0.937,0.949,0.936,7952095.0
2022-09-14,0.925,0.923,0.93,0.921,11177174.0
2022-09-15,0.927,0.922,0.934,0.916,11030374.0
2022-09-16,0.918,0.869,0.919,0.866,24674007.0
2022-09-19,0.867,0.859,0.868,0.856,9659767.0
2022-09-20,0.863,0.859,0.866,0.857,7145737.0
2022-09-21,0.856,0.86,0.863,0.846,9378317.0
2022-09-22,0.853,0.855,0.862,0.851,7051341.0
2022-09-23,0.855,0.856,0.865,0.85,8426500.0
2022-09-26,0.851,0.838,0.854,0.836,9192068.0
2022-09-27,0.841,0.845,0.846,0.836,8155253.0
2022-09-28,0.842,0.831,0.844,0.83,8674326.0
2022-09-29,0.836,0.82,0.837,0.815,10903292.0
2022-09-30,0.819,0.816,0.827,0.816,8095519.0
2022-10-10,0.816,0.808,0.823,0.807,8235402.0
2022-10-11,0.811,0.816,0.826,0.807,7875314.0
2022-10-12,0.815,0.835,0.835,0.812,10515566.0
2022-10-13,0.83,0.83,0.836,0.827,6613952.0
2022-10-14,0.838,0.845,0.85,0.835,10624483.0
2022-10-17,0.84,0.849,0.85,0.838,6388849.0
2022-10-18,0.853,0.845,0.854,0.844,7141806.0
2022-10-19,0.844,0.837,0.847,0.836,6065776.0
2022-10-20,0.833,0.84,0.852,0.832,9201519.0
2022-10-21,0.859,0.844,0.863,0.841,11913016.0
2022-10-24,0.844,0.826,0.863,0.823,13767164.0
2022-10-25,0.826,0.811,0.828,0.801,12100895.0
2022-10-26,0.812,0.818,0.829,0.811,10458026.0
2022-10-27,0.818,0.822,0.833,0.817,8565234.0
2022-10-28,0.818,0.804,0.824,0.8,11826880.0
2022-10-31,0.799,0.805,0.815,0.797,9995673.0
2022-11-01,0.806,0.83,0.83,0.805,12849654.0
2022-11-02,0.825,0.832,0.837,0.823,11474776.0
2022-11-03,0.826,0.827,0.83,0.822,7203283.0
2022-11-04,0.827,0.85,0.857,0.826,19469075.0
2022-11-07,0.844,0.848,0.854,0.843,9640857.0
2022-11-08,0.849,0.845,0.852,0.841,7219024.0
2022-11-09,0.845,0.842,0.849,0.841,6077573.0
2022-11-10,0.839,0.848,0.852,0.836,9047886.0
2022-11-11,0.874,0.869,0.883,0.858,21025612.0
2022-11-14,0.872,0.876,0.893,0.87,18992589.0
2022-11-15,0.87,0.908,0.918,0.87,23535260.0
2022-11-16,0.902,0.892,0.907,0.89,10193720.0
2022-11-17,0.888,0.896,0.897,0.885,10649243.0
2022-11-18,0.896,0.884,0.897,0.883,10585371.0
2022-11-21,0.879,0.869,0.879,0.863,9891723.0
2022-11-22,0.868,0.87,0.88,0.865,9614615.0
2022-11-23,0.869,0.871,0.879,0.867,7562765.0
2022-11-24,0.878,0.867,0.882,0.866,7400462.0
2022-11-25,0.865,0.876,0.882,0.864,9733360.0
2022-11-28,0.861,0.862,0.863,0.849,10598221.0
2022-11-29,0.863,0.894,0.9,0.863,23100914.0
2022-11-30,0.89,0.894,0.906,0.89,10527203.0
2022-12-01,0.91,0.897,0.929,0.897,20499697.0
2022-12-02,0.898,0.894,0.905,0.89,6959868.0
2022-12-05,0.905,0.926,0.927,0.903,17818404.0
2022-12-06,0.92,0.921,0.933,0.918,9057948.0
2022-12-07,0.918,0.912,0.926,0.906,14206720.0
2022-12-08,0.912,0.91,0.915,0.906,6888367.0
2022-12-09,0.912,0.918,0.923,0.903,10845567.0
2022-12-12,0.912,0.896,0.912,0.895,11624920.0
2022-12-13,0.897,0.897,0.902,0.894,6050102.0
2022-12-14,0.899,0.903,0.908,0.894,7817121.0
2022-12-15,0.9,0.896,0.904,0.894,7099840.0
2022-12-16,0.891,0.893,0.9,0.89,8622095.0
2022-12-19,0.895,0.868,0.9,0.864,12273483.0
2022-12-20,0.865,0.863,0.872,0.86,7771961.0
2022-12-21,0.866,0.863,0.87,0.859,5921408.0
2022-12-22,0.869,0.862,0.875,0.858,8132541.0
2022-12-23,0.857,0.865,0.869,0.856,5879453.0
2022-12-26,0.865,0.862,0.866,0.856,6968915.0
2022-12-27,0.867,0.873,0.876,0.863,9308632.0
2022-12-28,0.869,0.867,0.873,0.865,6382437.0
2022-12-29,0.863,0.865,0.868,0.858,9962288.0
2022-12-30,0.867,0.869,0.873,0.866,5592675.0
2023-01-03,0.861,0.864,0.866,0.842,16160583.0
2023-01-04,0.861,0.866,0.871,0.861,10443106.0
2023-01-05,0.871,0.883,0.888,0.871,13998419.0
2023-01-06,0.881,0.884,0.891,0.879,11751901.0
2023-01-09,0.887,0.899,0.909,0.887,14355724.0
2023-01-10,0.9,0.898,0.912,0.896,10136454.0
2023-01-11,0.9,0.892,0.903,0.89,9051595.0
2023-01-12,0.894,0.9,0.9,0.888,7961004.0
2023-01-13,0.903,0.918,0.918,0.897,12982425.0
2023-01-16,0.921,0.947,0.968,0.918,25597883.0
2023-01-17,0.942,0.959,0.96,0.94,17470809.0
2023-01-18,0.957,0.955,0.965,0.954,8519529.0
2023-01-19,0.951,0.975,0.976,0.95,11937831.0
2023-01-20,0.977,0.969,0.977,0.96,11870103.0
2023-01-30,0.985,0.961,0.99,0.96,18017773.0
2023-01-31,0.96,0.956,0.968,0.949,12234593.0
2023-02-01,0.957,0.981,0.982,0.954,14475003.0
2023-02-02,0.995,0.961,0.997,0.959,20989647.0
2023-02-03,0.951,0.953,0.96,0.943,14160549.0
2023-02-06,0.945,0.935,0.946,0.934,10475216.0
2023-02-07,0.939,0.938,0.942,0.933,7275062.0
2023-02-08,0.94,0.929,0.941,0.928,7737041.0
2023-02-09,0.929,0.944,0.945,0.927,11033527.0
2023-02-10,0.941,0.936,0.944,0.933,7960067.0
2023-02-13,0.933,0.942,0.943,0.93,10014391.0
2023-02-14,0.943,0.94,0.944,0.934,6882874.0
2023-02-15,0.938,0.931,0.94,0.93,7424131.0
2023-02-16,0.932,0.926,0.949,0.918,17538624.0
2023-02-17,0.923,0.909,0.927,0.908,10971164.0
2023-02-20,0.919,0.946,0.947,0.915,19142294.0
2023-02-21,0.942,0.948,0.95,0.939,10464925.0
2023-02-22,0.943,0.939,0.951,0.936,9885412.0
2023-02-23,0.939,0.947,0.956,0.939,11672531.0
2023-02-24,0.946,0.931,0.947,0.928,10175315.0
2023-02-27,0.923,0.919,0.926,0.917,7097779.0
2023-02-28,0.923,0.927,0.928,0.917,7119501.0
2023-03-01,0.927,0.94,0.943,0.924,11458740.0
2023-03-02,0.938,0.937,0.942,0.935,6794921.0
2023-03-03,0.94,0.944,0.947,0.933,9819292.0
2023-03-06,0.944,0.93,0.945,0.929,10233397.0
2023-03-07,0.928,0.914,0.938,0.913,12854408.0
2023-03-08,0.911,0.913,0.913,0.908,7155005.0
2023-03-09,0.913,0.908,0.915,0.906,6277605.0
2023-03-10,0.903,0.896,0.906,0.896,8767957.0
2023-03-13,0.896,0.9,0.903,0.892,6676955.0
2023-03-14,0.898,0.891,0.899,0.882,8468060.0
2023-03-15,0.898,0.896,0.903,0.895,7235720.0
2023-03-16,0.891,0.89,0.897,0.888,6281459.0
2023-03-17,0.897,0.905,0.914,0.897,12141005.0
2023-03-20,0.904,0.895,0.911,0.894,8849883.0
2023-03-21,0.899,0.903,0.905,0.896,7278756.0
2023-03-22,0.904,0.898,0.907,0.893,10293233.0
2023-03-23,0.893,0.909,0.909,0.892,10665438.0
2023-03-24,0.909,0.911,0.916,0.906,8751912.0
2023-03-27,0.911,0.916,0.919,0.906,9969969.0
2023-03-28,0.913,0.906,0.916,0.905,7007504.0
2023-03-29,0.909,0.901,0.91,0.897,8069409.0
2023-03-30,0.901,0.906,0.909,0.89,10912176.0
2023-03-31,0.905,0.905,0.909,0.902,8096676.0
2023-04-03,0.905,0.942,0.943,0.903,27625429.0
2023-04-04,0.942,0.946,0.951,0.94,14265382.0
2023-04-06,0.943,0.939,0.946,0.934,9983023.0
2023-04-07,0.94,0.949,0.953,0.936,14201664.0
2023-04-10,0.958,0.939,0.962,0.938,16436816.0
2023-04-11,0.946,0.949,0.964,0.945,13675948.0
2023-04-12,0.95,0.952,0.959,0.945,9770636.0
2023-04-13,0.947,0.94,0.948,0.937,11352440.0
2023-04-14,0.942,0.941,0.945,0.934,10998628.0
2023-04-17,0.941,0.967,0.968,0.94,20073139.0
2023-04-18,0.966,0.962,0.974,0.958,12977650.0
2023-04-19,0.959,0.947,0.96,0.945,12883287.0
2023-04-20,0.945,0.951,0.951,0.94,10359478.0
2023-04-21,0.95,0.916,0.951,0.913,16628775.0
2023-04-24,0.911,0.9,0.916,0.895,13076761.0
2023-04-25,0.902,0.904,0.91,0.894,11719300.0
2023-04-26,0.9,0.902,0.905,0.896,7781711.0
2023-04-27,0.9,0.908,0.911,0.896,11426659.0
2023-04-28,0.912,0.928,0.935,0.907,15866300.0
2023-05-04,0.922,0.939,0.941,0.918,11274649.0
2023-05-05,0.939,0.953,0.972,0.939,21870580.0
2023-05-08,0.951,0.972,0.983,0.944,18716995.0
2023-05-09,0.976,0.983,1.027,0.971,35782528.0
2023-05-10,0.973,0.955,0.981,0.952,14233787.0
2023-05-11,0.958,0.954,0.966,0.953,7892655.0
2023-05-12,0.954,0.941,0.958,0.94,8417459.0
2023-05-15,0.941,0.955,0.958,0.922,15017041.0
2023-05-16,0.954,0.946,0.965,0.944,9699237.0
2023-05-17,0.945,0.944,0.952,0.941,6730117.0
2023-05-18,0.946,0.941,0.952,0.938,7958939.0
2023-05-19,0.938,0.928,0.939,0.926,9427325.0
2023-05-22,0.926,0.926,0.931,0.922,7622348.0
2023-05-23,0.927,0.913,0.928,0.912,10697805.0
2023-05-24,0.91,0.899,0.911,0.898,14805204.0
2023-05-25,0.896,0.901,0.901,0.889,13091425.0
2023-05-26,0.898,0.903,0.905,0.894,9868889.0
2023-05-29,0.905,0.894,0.905,0.893,9222031.0
2023-05-30,0.894,0.897,0.898,0.885,10787410.0
2023-05-31,0.895,0.891,0.896,0.888,8413923.0
2023-06-01,0.891,0.893,0.902,0.888,9882856.0
2023-06-02,0.896,0.899,0.9,0.894,10453608.0
2023-06-05,0.899,0.894,0.901,0.892,7700159.0
2023-06-06,0.893,0.882,0.899,0.881,11692974.0
2023-06-07,0.882,0.883,0.891,0.881,7717747.0
2023-06-08,0.883,0.894,0.897,0.878,12008653.0
2023-06-09,0.893,0.892,0.894,0.888,7887091.0
2023-06-12,0.889,0.883,0.89,0.88,9085246.0
2023-06-13,0.882,0.888,0.888,0.881,7855191.0
2023-06-14,0.889,0.889,0.9,0.888,9502959.0
2023-06-15,0.89,0.902,0.903,0.888,14700182.0
2023-06-16,0.903,0.906,0.908,0.898,13398538.0
2023-06-19,0.905,0.898,0.905,0.897,8568794.0
2023-06-20,0.897,0.895,0.901,0.895,8612430.0
2023-06-21,0.894,0.879,0.896,0.878,11957626.0
2023-06-26,0.872,0.858,0.873,0.858,12384338.0
2023-06-27,0.86,0.866,0.868,0.859,6605244.0
2023-06-28,0.865,0.866,0.868,0.859,7258241.0
2023-06-29,0.864,0.863,0.869,0.861,7413060.0
2023-06-30,0.862,0.879,0.882,0.862,10843450.0
2023-07-03,0.879,0.891,0.895,0.879,10029283.0
2023-07-04,0.89,0.891,0.895,0.886,6447604.0
2023-07-05,0.89,0.885,0.892,0.885,4780639.0
2023-07-06,0.884,0.885,0.89,0.881,5539954.0
2023-07-07,0.881,0.89,0.894,0.88,8294626.0
2023-07-10,0.894,0.89,0.897,0.887,6537968.0
2023-07-11,0.893,0.895,0.896,0.89,6093515.0
2023-07-12,0.895,0.889,0.899,0.886,6839558.0
2023-07-13,0.892,0.903,0.905,0.892,12149069.0
2023-07-14,0.904,0.901,0.905,0.9,5773500.0
2023-07-17,0.9,0.896,0.9,0.893,6223946.0
2023-07-18,0.898,0.899,0.902,0.895,4954626.0
2023-07-19,0.897,0.904,0.905,0.896,9103887.0
2023-07-20,0.907,0.896,0.909,0.896,7602016.0
2023-07-21,0.894,0.899,0.904,0.894,6834631.0
2023-07-24,0.895,0.898,0.903,0.893,6201595.0
2023-07-25,0.929,0.949,0.952,0.922,33419239.0
2023-07-26,0.942,0.946,0.949,0.935,12803762.0
2023-07-27,0.944,0.936,0.95,0.935,10267962.0
2023-07-28,0.933,1.017,1.018,0.932,41964404.0
2023-07-31,1.026,1.013,1.045,1.011,34262048.0
2023-08-01,1.001,1.011,1.032,1.001,23177387.0
2023-08-02,1.006,1.018,1.039,1.005,18115173.0
2023-08-03,1.027,1.054,1.059,1.008,28004121.0
2023-08-04,1.08,1.063,1.113,1.059,44022300.0
2023-08-07,1.041,1.066,1.067,1.04,18884437.0
2023-08-08,1.056,1.059,1.081,1.027,21496219.0
2023-08-09,1.047,1.053,1.066,1.047,12783633.0
2023-08-10,1.053,1.074,1.075,1.05,18583486.0
2023-08-11,1.066,1.027,1.066,1.026,29640146.0
2023-08-14,1.006,1.017,1.033,1.005,18198328.0
2023-08-15,1.011,1.036,1.037,1.011,17728647.0
2023-08-16,1.024,1.038,1.064,1.013,19672954.0
2023-08-17,1.028,1.038,1.045,1.019,15952412.0
2023-08-18,1.038,1.021,1.053,1.02,12481984.0
2023-08-21,1.01,0.985,1.019,0.984,18791413.0
2023-08-22,0.989,1.004,1.01,0.983,20445272.0
2023-08-23,0.995,0.977,0.996,0.976,10954544.0
2023-08-24,0.983,0.992,1.009,0.983,16833964.0
2023-08-25,0.988,0.998,1.006,0.987,13296699.0
2023-08-28,1.098,1.023,1.098,1.018,42835477.0
2023-08-29,1.011,1.016,1.025,0.987,28905848.0
2023-08-30,1.008,0.987,1.008,0.985,18745028.0
2023-08-31,0.986,0.968,0.991,0.966,14150415.0
2023-09-01,0.975,0.969,0.98,0.966,11624834.0
2023-09-04,0.973,0.976,0.981,0.965,11446763.0
2023-09-05,0.973,0.967,0.974,0.963,9269582.0
2023-09-06,0.962,0.964,0.967,0.957,9282806.0
2023-09-07,0.963,0.959,0.97,0.956,11989431.0
2023-09-08,0.956,0.964,0.967,0.95,10710089.0
2023-09-11,0.964,0.979,0.985,0.958,14740304.0
2023-09-12,0.973,0.968,0.977,0.967,8003182.0
2023-09-13,0.966,0.957,0.969,0.953,8944025.0
2023-09-14,0.958,0.961,0.965,0.955,7752741.0
2023-09-15,0.965,0.957,0.967,0.951,8854316.0
2023-09-18,0.951,0.955,0.958,0.946,6607945.0
2023-09-19,0.955,0.956,0.961,0.952,8694019.0
2023-09-20,0.954,0.952,0.959,0.95,5088258.0
2023-09-21,0.951,0.945,0.959,0.945,7407545.0
2023-09-22,0.943,0.974,0.975,0.942,15370818.0
2023-09-25,0.969,0.95,0.969,0.95,10467122.0
2023-09-26,0.949,0.952,0.956,0.948,4960061.0
2023-09-27,0.951,0.953,0.956,0.949,7771093.0
2023-09-28,0.955,0.947,0.957,0.945,8231159.0
2023-10-09,0.941,0.935,0.941,0.925,9797316.0
2023-10-10,0.939,0.932,0.943,0.932,5236903.0
2023-10-11,0.936,0.93,0.94,0.928,7037779.0
2023-10-12,0.944,0.941,0.946,0.937,7774187.0
2023-10-13,0.932,0.931,0.935,0.929,6109890.0
2023-10-16,0.93,0.929,0.935,0.924,7552584.0
2023-10-17,0.931,0.942,0.95,0.927,10985767.0
2023-10-18,0.938,0.941,0.946,0.936,7127569.0
2023-10-19,0.936,0.935,0.951,0.934,11174957.0
2023-10-20,0.93,0.938,0.943,0.929,9833342.0
2023-10-23,0.934,0.914,0.934,0.911,12497643.0
2023-10-24,0.919,0.945,0.948,0.917,14872599.0
2023-10-25,0.958,0.944,0.958,0.942,15044626.0
2023-10-26,0.935,0.943,0.945,0.933,8599703.0
2023-10-27,0.939,0.947,0.951,0.933,13457725.0
2023-10-30,0.942,0.943,0.945,0.934,13680224.0
2023-10-31,0.941,0.945,0.949,0.939,10370124.0
2023-11-01,0.951,0.942,0.953,0.941,9041733.0
2023-11-02,0.943,0.935,0.949,0.934,9217271.0
2023-11-03,0.937,0.946,0.949,0.935,9998001.0
2023-11-06,0.972,0.984,0.987,0.962,25443908.0
2023-11-07,0.978,0.987,0.992,0.975,14373768.0
2023-11-08,0.984,0.979,0.99,0.97,12020524.0
2023-11-09,0.975,0.975,0.979,0.97,9867933.0
2023-11-10,0.968,0.975,0.98,0.968,11915860.0
2023-11-13,0.975,0.97,0.976,0.966,8861324.0
2023-11-14,0.97,0.983,0.997,0.969,17982216.0
2023-11-15,0.993,0.984,0.998,0.982,13764198.0
2023-11-16,0.982,0.975,0.989,0.974,8361133.0
2023-11-17,0.973,0.979,0.981,0.972,7708905.0
2023-11-20,0.979,0.975,0.979,0.963,9832249.0
2023-11-21,0.977,0.973,0.991,0.972,11677105.0
2023-11-22,0.97,0.964,0.975,0.963,7677663.0
2023-11-23,0.964,0.967,0.967,0.957,8023117.0
2023-11-24,0.965,0.957,0.965,0.954,6975188.0
2023-11-27,0.952,0.946,0.953,0.941,8769623.0
2023-11-28,0.946,0.945,0.949,0.94,5953929.0
2023-11-29,0.946,0.936,0.947,0.933,7830146.0
2023-11-30,0.936,0.938,0.942,0.934,7897648.0
2023-12-01,0.938,0.945,0.945,0.935,8984294.0
2023-12-04,0.944,0.942,0.949,0.941,8236480.0
2023-12-05,0.94,0.93,0.944,0.929,9950026.0
2023-12-06,0.929,0.927,0.933,0.925,8106211.0
2023-12-07,0.925,0.932,0.934,0.922,7959584.0
2023-12-08,0.931,0.925,0.934,0.925,12143589.0
2023-12-11,0.921,0.94,0.943,0.911,14387009.0
2023-12-12,0.936,0.936,0.941,0.934,7210857.0
2023-12-13,0.936,0.925,0.936,0.924,7214297.0
2023-12-14,0.931,0.921,0.932,0.92,7703912.0
2023-12-15,0.925,0.921,0.933,0.919,9404623.0
2023-12-18,0.921,0.92,0.929,0.916,8587925.0
2023-12-19,0.919,0.918,0.923,0.91,10028774.0
2023-12-20,0.917,0.893,0.918,0.892,14767552.0
2023-12-21,0.889,0.893,0.897,0.885,9451474.0
2023-12-22,0.892,0.89,0.897,0.885,9405533.0
2023-12-25,0.889,0.885,0.89,0.882,5574692.0
2023-12-26,0.885,0.874,0.885,0.872,7603462.0
2023-12-27,0.875,0.882,0.887,0.866,11239608.0
2023-12-28,0.878,0.902,0.906,0.877,15116270.0
2023-12-29,0.9,0.902,0.906,0.898,9574963.0
2024-01-02,0.901,0.891,0.902,0.89,7020922.0
2024-01-03,0.889,0.892,0.896,0.887,7709609.0
2024-01-04,0.891,0.884,0.891,0.877,10303830.0
2024-01-05,0.882,0.877,0.891,0.872,9123060.0
2024-01-08,0.873,0.86,0.876,0.86,8333019.0
2024-01-09,0.862,0.858,0.866,0.852,7581854.0
2024-01-10,0.855,0.854,0.863,0.849,6935303.0
2024-01-11,0.853,0.862,0.865,0.851,7731194.0
2024-01-12,0.859,0.853,0.866,0.853,6788075.0
2024-01-15,0.849,0.852,0.861,0.847,6186586.0
2024-01-16,0.85,0.863,0.864,0.846,9964753.0
2024-01-17,0.859,0.847,0.859,0.846,9140900.0
2024-01-18,0.841,0.855,0.857,0.827,16085893.0
2024-01-19,0.849,0.846,0.852,0.843,9623904.0
2024-01-22,0.845,0.828,0.852,0.821,12474776.0
2024-01-23,0.826,0.845,0.853,0.82,14498178.0
2024-01-24,0.849,0.887,0.889,0.837,22174463.0
2024-01-25,0.873,0.89,0.899,0.87,21256256.0
2024-01-26,0.884,0.89,0.901,0.881,14519362.0
2024-01-29,0.888,0.875,0.892,0.873,10942745.0
2024-01-30,0.869,0.864,0.881,0.863,10271363.0
2024-01-31,0.86,0.855,0.869,0.85,13381809.0
2024-02-01,0.849,0.852,0.866,0.844,11279663.0
2024-02-02,0.852,0.833,0.855,0.809,16664685.0
2024-02-05,0.824,0.815,0.837,0.8,16620568.0
2024-02-06,0.808,0.863,0.868,0.806,17102864.0
2024-02-07,0.858,0.873,0.878,0.857,13849154.0
2024-02-08,0.883,0.881,0.895,0.876,11682652.0
2024-02-19,0.878,0.871,0.878,0.86,11166765.0
2024-02-20,0.868,0.882,0.889,0.864,13695011.0
2024-02-21,0.875,0.891,0.911,0.871,19452003.0
2024-02-22,0.886,0.901,0.905,0.884,13741097.0
2024-02-23,0.901,0.902,0.906,0.894,13004956.0
2024-02-26,0.9,0.895,0.903,0.894,9809143.0
2024-02-27,0.893,0.909,0.91,0.893,11128805.0
2024-02-28,0.916,0.895,0.931,0.894,21587534.0
2024-02-29,0.892,0.913,0.914,0.891,14867599.0
2024-03-01,0.911,0.92,0.924,0.907,13829455.0
2024-03-04,0.918,0.908,0.918,0.904,11690985.0
2024-03-05,0.902,0.901,0.908,0.898,11613704.0
2024-03-06,0.901,0.902,0.913,0.895,11218282.0
2024-03-07,0.899,0.89,0.907,0.887,13335129.0
2024-03-08,0.89,0.892,0.895,0.887,7886868.0
2024-03-11,0.893,0.906,0.906,0.892,13112081.0
2024-03-12,0.909,0.912,0.915,0.902,16022694.0
2024-03-13,0.911,0.898,0.911,0.897,11588049.0
2024-03-14,0.896,0.891,0.902,0.886,10805968.0
2024-03-15,0.888,0.896,0.898,0.884,11149434.0
2024-03-18,0.901,0.917,0.923,0.899,19645285.0
2024-03-19,0.913,0.9,0.913,0.899,11726528.0
2024-03-20,0.898,0.902,0.906,0.896,10856344.0
2024-03-21,0.905,0.906,0.915,0.903,12081540.0
2024-03-22,0.904,0.89,0.906,0.888,14506229.0
2024-03-25,0.881,0.864,0.882,0.863,16028846.0
2024-03-26,0.864,0.866,0.869,0.86,8232826.0
2024-03-27,0.864,0.851,0.865,0.85,9125237.0
2024-03-28,0.852,0.853,0.863,0.85,10210464.0
2024-03-29,0.852,0.856,0.857,0.846,9865387.0
2024-04-01,0.867,0.869,0.87,0.864,10082601.0
2024-04-02,0.869,0.863,0.873,0.861,7472750.0
2024-04-03,0.861,0.856,0.866,0.856,6367866.0
2024-04-08,0.85,0.842,0.852,0.841,8746450.0
2024-04-09,0.843,0.845,0.847,0.841,5650516.0
2024-04-10,0.844,0.829,0.844,0.824,11705250.0
2024-04-11,0.824,0.826,0.833,0.824,7977523.0
2024-04-12,0.826,0.811,0.828,0.809,10202106.0
2024-04-15,0.806,0.824,0.833,0.8,14982037.0
2024-04-16,0.818,0.809,0.826,0.808,10503469.0
2024-04-17,0.81,0.825,0.827,0.806,13362436.0
2024-04-18,0.823,0.832,0.844,0.821,15373788.0
2024-04-19,0.828,0.827,0.835,0.825,8480304.0
2024-04-22,0.825,0.829,0.838,0.824,8287382.0
2024-04-23,0.831,0.827,0.833,0.824,7484472.0
2024-04-24,0.828,0.828,0.83,0.822,8052855.0
2024-04-25,0.825,0.827,0.831,0.821,8301563.0
2024-04-26,0.846,0.878,0.879,0.838,29264209.0
2024-04-29,0.877,0.889,0.897,0.874,23954077.0
2024-04-30,0.884,0.873,0.886,0.871,12739291.0
2024-05-06,0.884,0.878,0.892,0.874,13983864.0
2024-05-07,0.876,0.875,0.88,0.87,10270536.0
2024-05-08,0.872,0.862,0.873,0.861,10270538.0
2024-05-09,0.863,0.87,0.875,0.863,13072040.0
2024-05-10,0.87,0.876,0.879,0.866,14084698.0
2024-05-13,0.872,0.878,0.885,0.864,12179291.0
2024-05-14,0.877,0.883,0.883,0.87,12290805.0
2024-05-15,0.888,0.859,0.889,0.859,17059666.0
2024-05-16,0.861,0.858,0.87,0.857,10514635.0
2024-05-17,0.858,0.871,0.872,0.855,10871045.0
2024-05-20,0.869,0.872,0.882,0.868,14257623.0
2024-05-21,0.87,0.866,0.874,0.864,8557124.0
2024-05-22,0.866,0.869,0.873,0.863,9352730.0
2024-05-23,0.866,0.851,0.867,0.85,12007280.0
2024-05-24,0.849,0.84,0.853,0.839,9627871.0
2024-05-27,0.843,0.848,0.849,0.838,7947550.0
2024-05-28,0.846,0.84,0.85,0.839,8128741.0
2024-05-29,0.839,0.841,0.849,0.838,7071685.0
2024-05-30,0.838,0.84,0.843,0.835,7080657.0
2024-05-31,0.842,0.839,0.847,0.838,8031438.0
2024-06-03,0.836,0.828,0.836,0.824,11476821.0
2024-06-04,0.828,0.834,0.836,0.827,9485519.0
2024-06-05,0.833,0.831,0.838,0.83,8566985.0
2024-06-06,0.832,0.82,0.834,0.818,13529966.0
2024-06-07,0.822,0.815,0.825,0.804,14742428.0
2024-06-11,0.813,0.816,0.822,0.81,9193103.0
2024-06-12,0.815,0.816,0.818,0.813,7134037.0
2024-06-13,0.817,0.815,0.819,0.812,9212567.0
2024-06-14,0.814,0.833,0.84,0.812,20804613.0
2024-06-17,0.824,0.832,0.834,0.821,10030346.0
2024-06-18,0.832,0.838,0.844,0.831,12374135.0
2024-06-19,0.839,0.827,0.84,0.826,10262445.0
2024-06-20,0.826,0.82,0.829,0.818,9595100.0
2024-06-21,0.822,0.821,0.826,0.818,9849930.0
2024-06-24,0.818,0.813,0.821,0.812,9504372.0
2024-06-25,0.812,0.799,0.814,0.795,17537725.0
2024-06-26,0.797,0.81,0.811,0.797,13156841.0
2024-06-27,0.807,0.801,0.807,0.801,7795948.0
2024-06-28,0.8,0.783,0.808,0.781,17388927.0
2024-07-01,0.78,0.784,0.787,0.773,11070794.0
2024-07-02,0.783,0.782,0.79,0.779,8840475.0
2024-07-03,0.781,0.782,0.786,0.776,7543477.0
2024-07-04,0.783,0.767,0.785,0.767,10400717.0
2024-07-05,0.767,0.768,0.775,0.763,9631826.0
2024-07-08,0.766,0.748,0.766,0.746,10945990.0
2024-07-09,0.749,0.763,0.766,0.743,12940043.0
2024-07-10,0.758,0.764,0.776,0.757,10740167.0
2024-07-11,0.772,0.776,0.781,0.769,10059143.0
2024-07-12,0.775,0.775,0.778,0.77,6239097.0
2024-07-15,0.772,0.773,0.777,0.77,5391557.0
2024-07-16,0.774,0.78,0.783,0.771,8184011.0
2024-07-17,0.78,0.786,0.788,0.779,8135690.0
2024-07-18,0.784,0.79,0.79,0.776,9184178.0
2024-07-19,0.787,0.799,0.801,0.787,10871167.0
2024-07-22,0.809,0.805,0.813,0.795,11065493.0
2024-07-23,0.801,0.786,0.806,0.786,9241677.0
2024-07-24,0.784,0.777,0.787,0.776,7824097.0
2024-07-25,0.776,0.787,0.792,0.776,8985801.0
2024-07-26,0.788,0.801,0.807,0.785,9352074.0
2024-07-29,0.797,0.793,0.803,0.793,6000669.0
2024-07-30,0.792,0.797,0.799,0.789,7200336.0
2024-07-31,0.798,0.841,0.849,0.798,25204965.0
2024-08-01,0.834,0.835,0.841,0.831,10567696.0
2024-08-02,0.83,0.819,0.838,0.816,9949954.0
2024-08-05,0.814,0.812,0.83,0.812,9898225.0
2024-08-06,0.821,0.815,0.824,0.806,8524362.0
2024-08-07,0.814,0.81,0.819,0.808,7374841.0
2024-08-08,0.809,0.813,0.825,0.807,8830627.0
2024-08-09,0.818,0.806,0.821,0.806,7751971.0
2024-08-12,0.803,0.804,0.808,0.8,5831228.0
2024-08-13,0.805,0.815,0.816,0.8,8039763.0
2024-08-14,0.812,0.808,0.816,0.807,6178131.0
2024-08-15,0.806,0.817,0.825,0.805,10502001.0
2024-08-16,0.815,0.812,0.818,0.81,6116931.0
2024-08-19,0.81,0.811,0.818,0.808,4892511.0
2024-08-20,0.813,0.805,0.813,0.802,6836307.0
2024-08-21,0.803,0.8,0.807,0.799,4572578.0
2024-08-22,0.804,0.788,0.806,0.786,7572330.0
2024-08-23,0.786,0.795,0.801,0.786,7007604.0
2024-08-26,0.795,0.795,0.801,0.791,4993707.0
2024-08-27,0.794,0.788,0.795,0.785,3842057.0
2024-08-28,0.787,0.789,0.792,0.785,4086716.0
2024-08-29,0.787,0.794,0.8,0.786,6607233.0
2024-08-30,0.792,0.814,0.821,0.791,13317699.0
2024-09-02,0.809,0.793,0.811,0.792,8778586.0
2024-09-03,0.792,0.799,0.803,0.791,5669597.0
2024-09-04,0.794,0.798,0.805,0.794,5102135.0
2024-09-05,0.798,0.806,0.806,0.797,6344000.0
2024-09-06,0.822,0.809,0.826,0.808,14683547.0
2024-09-09,0.801,0.808,0.817,0.8,8555898.0
2024-09-10,0.809,0.805,0.81,0.795,7438413.0
2024-09-11,0.804,0.804,0.809,0.801,5228438.0
2024-09-12,0.805,0.803,0.809,0.801,5812565.0
2024-09-13,0.804,0.805,0.813,0.803,6486858.0
2024-09-18,0.803,0.806,0.808,0.797,6393771.0
2024-09-19,0.809,0.816,0.825,0.804,10994866.0
2024-09-20,0.813,0.816,0.816,0.809,5959422.0
2024-09-23,0.816,0.816,0.82,0.812,6420359.0
2024-09-24,0.825,0.866,0.867,0.818,31283288.0
2024-09-25,0.884,0.882,0.905,0.878,30836145.0
2024-09-26,0.875,0.938,0.94,0.874,34030010.0
2024-09-27,0.966,1.006,1.008,0.948,25479279.0
2024-09-30,1.1,1.107,1.107,1.076,45575218.0
2024-10-08,1.218,1.218,1.218,1.218,14960786.0
2024-10-09,1.217,1.179,1.297,1.14,92285398.0
2024-10-10,1.2,1.113,1.2,1.098,53591036.0
2024-10-11,1.095,1.116,1.145,1.093,36244264.0
2024-10-14,1.127,1.124,1.135,1.063,37136247.0
2024-10-15,1.103,1.087,1.126,1.086,19973214.0
2024-10-16,1.067,1.094,1.122,1.065,19964286.0
2024-10-17,1.097,1.088,1.123,1.086,14882137.0
2024-10-18,1.083,1.169,1.197,1.076,36910424.0
2024-10-21,1.145,1.137,1.153,1.127,25092019.0
2024-10-22,1.134,1.146,1.156,1.131,17728487.0
2024-10-23,1.148,1.14,1.172,1.134,21753771.0
2024-10-24,1.132,1.138,1.145,1.125,15784805.0
2024-10-25,1.14,1.147,1.164,1.134,17700976.0
2024-10-28,1.146,1.149,1.155,1.14,11837061.0
2024-10-29,1.155,1.136,1.168,1.133,16467585.0
2024-10-30,1.131,1.133,1.146,1.12,12783101.0
2024-10-31,1.129,1.166,1.194,1.125,28069698.0
2024-11-01,1.16,1.153,1.188,1.15,15991554.0
2024-11-04,1.159,1.198,1.199,1.157,18778232.0
2024-11-05,1.2,1.265,1.277,1.182,35424512.0
2024-11-06,1.275,1.257,1.325,1.246,37738096.0
2024-11-07,1.236,1.364,1.374,1.231,42390270.0
2024-11-08,1.393,1.32,1.397,1.314,33928389.0
2024-11-11,1.3,1.321,1.331,1.288,23494420.0
2024-11-12,1.323,1.289,1.332,1.272,21870013.0
2024-11-13,1.277,1.286,1.3,1.262,17071185.0
2024-11-14,1.282,1.265,1.301,1.264,16157488.0
2024-11-15,1.266,1.215,1.276,1.214,18340615.0
2024-11-18,1.215,1.199,1.23,1.189,17289347.0
2024-11-19,1.205,1.225,1.227,1.189,16738327.0
2024-11-20,1.216,1.225,1.236,1.207,15726149.0
2024-11-21,1.223,1.237,1.248,1.217,18125043.0
2024-11-22,1.233,1.178,1.237,1.176,17214456.0
2024-11-25,1.177,1.167,1.182,1.148,14167747.0
2024-11-26,1.164,1.167,1.191,1.163,10161418.0
2024-11-27,1.165,1.196,1.197,1.16,15197083.0
2024-11-28,1.196,1.184,1.2,1.181,11280014.0
2024-11-29,1.183,1.216,1.253,1.179,25314942.0
2024-12-02,1.208,1.23,1.237,1.2,14933752.0
2024-12-03,1.228,1.229,1.24,1.213,14847658.0
2024-12-04,1.223,1.214,1.237,1.208,10545194.0
2024-12-05,1.212,1.228,1.238,1.211,12772571.0
2024-12-06,1.226,1.244,1.259,1.219,20879538.0
2024-12-09,1.24,1.232,1.248,1.219,12326706.0
2024-12-10,1.302,1.244,1.309,1.241,25909977.0
2024-12-11,1.24,1.241,1.252,1.232,10156301.0
2024-12-12,1.241,1.259,1.27,1.235,16783026.0
2024-12-13,1.247,1.219,1.247,1.218,15786474.0
2024-12-16,1.218,1.201,1.218,1.196,9019752.0
2024-12-17,1.2,1.203,1.214,1.196,9492464.0
2024-12-18,1.206,1.202,1.209,1.197,8129213.0
2024-12-19,1.188,1.198,1.201,1.185,9826969.0
2024-12-20,1.195,1.203,1.213,1.195,10335744.0
2024-12-23,1.201,1.188,1.212,1.186,10775128.0
2024-12-24,1.187,1.209,1.211,1.187,13737722.0
2024-12-25,1.209,1.201,1.211,1.191,12702239.0
2024-12-26,1.2,1.204,1.208,1.198,9174257.0
2024-12-27,1.204,1.213,1.233,1.202,18831482.0
2024-12-30,1.209,1.225,1.226,1.207,14979548.0
2024-12-31,1.225,1.17,1.225,1.167,19699735.0
2025-01-02,1.163,1.106,1.166,1.095,20681583.0
2025-01-03,1.106,1.076,1.11,1.075,15541341.0
2025-01-06,1.069,1.077,1.081,1.066,10661971.0
2025-01-07,1.079,1.089,1.09,1.071,10193332.0
2025-01-08,1.085,1.077,1.089,1.054,13057119.0
2025-01-09,1.073,1.073,1.085,1.07,6958694.0
2025-01-10,1.072,1.054,1.081,1.054,9151982.0
2025-01-13,1.041,1.057,1.062,1.04,8249099.0
2025-01-14,1.062,1.103,1.104,1.061,18165471.0
2025-01-15,1.095,1.09,1.099,1.089,8903701.0
2025-01-16,1.097,1.092,1.11,1.081,11086594.0
2025-01-17,1.086,1.094,1.101,1.084,9398821.0
2025-01-20,1.107,1.099,1.114,1.096,10423543.0
2025-01-21,1.108,1.103,1.109,1.091,9083750.0
2025-01-22,1.1,1.097,1.103,1.09,8582293.0
2025-01-23,1.119,1.101,1.141,1.1,19624031.0
2025-01-24,1.098,1.114,1.121,1.095,12488644.0
2025-01-27,1.118,1.086,1.118,1.085,10831686.0
2025-02-05,1.095,1.086,1.097,1.082,7876645.0
2025-02-06,1.086,1.104,1.106,1.082,13477816.0
2025-02-07,1.103,1.128,1.145,1.1,26646334.0
2025-02-10,1.128,1.13,1.135,1.121,13359060.0
2025-02-11,1.129,1.12,1.129,1.112,12934877.0
2025-02-12,1.117,1.139,1.14,1.116,14949640.0
2025-02-13,1.135,1.131,1.15,1.127,18922107.0
2025-02-14,1.127,1.133,1.139,1.124,13554387.0
2025-02-17,1.145,1.139,1.149,1.131,14749303.0
2025-02-18,1.134,1.108,1.137,1.104,17194031.0
2025-02-19,1.107,1.122,1.126,1.105,16270827.0
2025-02-20,1.12,1.119,1.125,1.112,12444425.0
2025-02-21,1.122,1.141,1.147,1.112,31681554.0
2025-02-24,1.14,1.135,1.146,1.127,17876127.0
2025-02-25,1.124,1.117,1.13,1.115,14357336.0
2025-02-26,1.119,1.149,1.15,1.116,28133816.0
2025-02-27,1.138,1.144,1.152,1.122,33255011.0
2025-02-28,1.136,1.109,1.153,1.106,23183322.0
2025-03-03,1.111,1.105,1.12,1.099,30777857.0
2025-03-04,1.101,1.112,1.116,1.1,12128457.0
2025-03-05,1.113,1.112,1.118,1.102,14604178.0
2025-03-06,1.119,1.14,1.143,1.118,25968700.0
2025-03-07,1.133,1.12,1.133,1.117,17493544.0
2025-03-10,1.119,1.111,1.12,1.106,12047913.0
2025-03-11,1.102,1.114,1.115,1.1,11351127.0
2025-03-12,1.117,1.121,1.139,1.113,18710182.0
2025-03-13,1.12,1.114,1.13,1.108,12664062.0
2025-03-14,1.116,1.152,1.165,1.115,35713877.0
2025-03-17,1.154,1.139,1.155,1.138,19111008.0
2025-03-18,1.144,1.14,1.146,1.136,13017092.0
2025-03-19,1.139,1.139,1.147,1.136,12183093.0
2025-03-20,1.138,1.13,1.139,1.128,11666125.0
2025-03-21,1.128,1.111,1.134,1.108,15550532.0
2025-03-24,1.111,1.11,1.112,1.1,12117651.0
2025-03-25,1.11,1.107,1.112,1.103,8707454.0
2025-03-26,1.106,1.106,1.111,1.105,7771460.0
2025-03-27,1.105,1.107,1.116,1.098,11367073.0
2025-03-28,1.108,1.107,1.112,1.103,10526630.0
2025-03-31,1.104,1.085,1.108,1.081,13958173.0
2025-04-01,1.088,1.083,1.094,1.081,11959358.0
2025-04-02,1.083,1.088,1.093,1.081,8642017.0
2025-04-03,1.081,1.088,1.094,1.08,9029536.0
2025-04-07,1.04,0.979,1.05,0.979,25120600.0
2025-04-08,0.985,0.993,0.999,0.981,16528030.0
2025-04-09,0.982,1.014,1.023,0.972,20166432.0
2025-04-10,1.029,1.027,1.04,1.018,15355218.0
2025-04-11,1.023,1.031,1.04,1.022,12847364.0
2025-04-14,1.035,1.031,1.037,1.028,9166871.0
2025-04-15,1.03,1.026,1.031,1.022,7480508.0
2025-04-16,1.024,1.024,1.026,1.01,9846666.0
2025-04-17,1.019,1.024,1.03,1.016,8018726.0
2025-04-18,1.022,1.031,1.035,1.021,10044604.0
2025-04-21,1.027,1.037,1.039,1.025,8029085.0
2025-04-22,1.034,1.035,1.042,1.033,8461946.0
2025-04-23,1.04,1.036,1.042,1.033,8956000.0
2025-04-24,1.036,1.032,1.04,1.029,8654720.0
2025-04-25,1.034,1.041,1.045,1.034,11212719.0
2025-04-28,1.039,1.033,1.039,1.028,6833528.0
2025-04-29,1.032,1.03,1.038,1.029,6535949.0
2025-04-30,1.032,1.033,1.041,1.031,6909248.0
2025-05-06,1.038,1.048,1.049,1.036,10443552.0
2025-05-07,1.078,1.055,1.086,1.05,17829285.0
2025-05-08,1.049,1.059,1.062,1.048,9170330.0
2025-05-09,1.057,1.046,1.057,1.043,8643977.0
2025-05-12,1.051,1.07,1.074,1.048,16972500.0
2025-05-13,1.076,1.062,1.079,1.06,13028188.0
2025-05-14,1.063,1.099,1.119,1.058,34945952.0
2025-05-15,1.089,1.079,1.096,1.078,11244746.0
2025-05-16,1.076,1.067,1.079,1.064,10483008.0
2025-05-19,1.066,1.068,1.071,1.06,5827041.0
2025-05-20,1.068,1.068,1.073,1.064,8109267.0
2025-05-21,1.068,1.065,1.071,1.064,7203294.0
2025-05-22,1.062,1.057,1.064,1.055,7121996.0
2025-05-23,1.056,1.043,1.063,1.042,10528539.0
2025-05-26,1.042,1.042,1.046,1.038,5656381.0
2025-05-27,1.042,1.042,1.043,1.036,5798906.0
2025-05-28,1.042,1.036,1.043,1.035,5530362.0
2025-05-29,1.037,1.049,1.051,1.036,11394861.0
2025-05-30,1.045,1.043,1.046,1.037,7207229.0
2025-06-03,1.038,1.052,1.058,1.037,9836653.0
2025-06-04,1.049,1.065,1.07,1.049,13169494.0
2025-06-05,1.066,1.075,1.081,1.064,14798362.0
2025-06-06,1.075,1.068,1.079,1.066,7122444.0
2025-06-09,1.074,1.084,1.09,1.073,14456940.0
2025-06-10,1.084,1.07,1.084,1.062,12054964.0
2025-06-11,1.071,1.089,1.103,1.071,17642716.0
2025-06-12,1.083,1.087,1.1,1.081,10386357.0
2025-06-13,1.082,1.076,1.087,1.073,10226062.0
2025-06-16,1.073,1.092,1.093,1.072,12762521.0
2025-06-17,1.09,1.095,1.096,1.087,10302730.0
2025-06-18,1.094,1.082,1.094,1.076,13341573.0
2025-06-19,1.079,1.061,1.081,1.06,13709528.0
2025-06-20,1.062,1.059,1.067,1.059,5676372.0
2025-06-23,1.053,1.072,1.076,1.052,10601152.0
2025-06-24,1.073,1.099,1.108,1.073,20906696.0
2025-06-25,1.102,1.158,1.166,1.102,42681900.0
2025-06-26,1.159,1.138,1.159,1.136,23024162.0
2025-06-27,1.14,1.138,1.176,1.137,24518428.0
2025-06-30,1.139,1.136,1.141,1.125,16640681.0
2025-07-01,1.137,1.13,1.137,1.121,11857238.0
2025-07-02,1.129,1.124,1.132,1.121,10388797.0
2025-07-03,1.126,1.131,1.135,1.125,10881542.0
2025-07-04,1.13,1.131,1.152,1.121,19266289.0
2025-07-07,1.127,1.132,1.137,1.125,9331740.0
2025-07-08,1.132,1.146,1.148,1.131,15761621.0
2025-07-09,1.146,1.141,1.156,1.138,17115891.0
2025-07-10,1.138,1.155,1.161,1.137,16752711.0
2025-07-11,1.159,1.181,1.206,1.155,36779841.0
2025-07-14,1.186,1.17,1.188,1.168,16838145.0
2025-07-15,1.172,1.164,1.18,1.158,17169638.0
2025-07-16,1.162,1.16,1.169,1.152,12897447.0
2025-07-17,1.16,1.166,1.168,1.156,15811061.0
2025-07-18,1.167,1.171,1.174,1.164,14043238.0
2025-07-21,1.169,1.187,1.19,1.165,20451479.0
2025-07-22,1.186,1.189,1.193,1.173,18917233.0
2025-07-23,1.192,1.199,1.222,1.192,32758746.0
2025-07-24,1.194,1.232,1.235,1.192,28843314.0
2025-07-25,1.233,1.227,1.24,1.224,19223255.0
2025-07-28,1.227,1.238,1.254,1.221,18354624.0
2025-07-29,1.233,1.243,1.244,1.213,21736847.0
2025-07-30,1.239,1.225,1.243,1.215,19269945.0
2025-07-31,1.218,1.198,1.231,1.192,22568785.0
2025-08-01,1.197,1.191,1.206,1.186,16868483.0
2025-08-04,1.186,1.193,1.194,1.184,13815735.0
2025-08-05,1.196,1.205,1.209,1.194,17915049.0
2025-08-06,1.204,1.21,1.212,1.2,16109217.0
2025-08-07,1.21,1.209,1.222,1.203,16880385.0
2025-08-08,1.207,1.199,1.208,1.196,13545394.0
2025-08-11,1.198,1.215,1.221,1.197,19062826.0
2025-08-12,1.216,1.221,1.222,1.211,16364320.0
2025-08-13,1.226,1.242,1.254,1.216,31809267.0
2025-08-14,1.243,1.241,1.268,1.238,28502828.0
2025-08-15,1.236,1.3,1.313,1.236,40839989.0
2025-08-18,1.309,1.317,1.34,1.286,36409793.0
2025-08-19,1.307,1.291,1.317,1.289,23604222.0
2025-08-20,1.284,1.303,1.304,1.271,26559561.0
2025-08-21,1.315,1.293,1.318,1.287,23434999.0
2025-08-22,1.288,1.338,1.34,1.287,38896501.0
2025-08-25,1.355,1.352,1.37,1.331,50151094.0
2025-08-26,1.343,1.335,1.351,1.332,24780371.0
2025-08-27,1.332,1.3,1.35,1.299,40850877.0
2025-08-28,1.3,1.326,1.327,1.288,32645938.0
2025-08-29,1.331,1.328,1.345,1.32,37030689.0
2025-09-01,1.331,1.314,1.334,1.308,25430714.0
2025-09-02,1.313,1.296,1.315,1.289,35071717.0
2025-09-03,1.303,1.25,1.305,1.242,36094726.0
2025-09-04,1.25,1.248,1.261,1.232,32349054.0
2025-09-05,1.25,1.257,1.26,1.236,29758825.0
2025-09-08,1.254,1.248,1.257,1.242,20712641.0
2025-09-09,1.248,1.247,1.261,1.244,26894591.0
2025-09-10,1.248,1.245,1.255,1.24,17386754.0
2025-09-11,1.241,1.284,1.285,1.238,42097901.0
2025-09-12,1.282,1.266,1.288,1.262,27118731.0
2025-09-15,1.266,1.262,1.275,1.257,22528199.0
2025-09-16,1.265,1.263,1.275,1.251,26694387.0
2025-09-17,1.263,1.269,1.28,1.26,30849870.0
2025-09-18,1.267,1.232,1.267,1.221,54237672.0
2025-09-19,1.226,1.221,1.232,1.218,25194490.0
2025-09-22,1.223,1.234,1.234,1.218,21264539.0
2025-09-23,1.226,1.212,1.227,1.2,30460009.0
2025-09-24,1.206,1.224,1.233,1.205,28094683.0
2025-09-25,1.222,1.224,1.233,1.22,21190864.0
2025-09-26,1.221,1.219,1.231,1.218,20049873.0
2025-09-29,1.216,1.28,1.309,1.215,62405166.0
2025-09-30,1.273,1.263,1.281,1.259,29421759.0
2025-10-09,1.258,1.267,1.276,1.244,36410876.0
2025-10-10,1.26,1.27,1.294,1.258,33290356.0
2025-10-13,1.241,1.254,1.258,1.24,31105215.0
2025-10-14,1.257,1.248,1.278,1.243,28210218.0
2025-10-15,1.252,1.265,1.265,1.238,30871277.0
2025-10-16,1.259,1.259,1.27,1.253,24991080.0
2025-10-17,1.259,1.233,1.269,1.231,30041883.0
2025-10-20,1.243,1.235,1.247,1.23,20318734.0
2025-10-21,1.237,1.246,1.263,1.236,32419043.0
2025-10-22,1.241,1.234,1.241,1.23,16983513.0
2025-10-23,1.234,1.245,1.246,1.221,23609790.0
2025-10-24,1.247,1.257,1.258,1.242,25882199.0
2025-10-27,1.27,1.272,1.279,1.262,38334719.0
2025-10-28,1.268,1.264,1.276,1.261,23491155.0
2025-10-29,1.263,1.292,1.297,1.262,40323989.0
2025-10-30,1.287,1.267,1.288,1.266,36915741.0
2025-10-31,1.272,1.254,1.274,1.254,27352959.0
2025-11-03,1.251,1.249,1.252,1.235,24839071.0
2025-11-04,1.245,1.243,1.25,1.237,25980766.0
2025-11-05,1.236,1.24,1.245,1.234,18070164.0
2025-11-06,1.242,1.254,1.262,1.242,23123822.0
2025-11-07,1.25,1.244,1.252,1.243,18242662.0
2025-11-10,1.243,1.26,1.265,1.24,28757322.0
2025-11-11,1.26,1.245,1.263,1.244,17551770.0
2025-11-12,1.245,1.238,1.246,1.231,17287311.0
2025-11-13,1.235,1.248,1.249,1.233,21062304.0
2025-11-14,1.24,1.232,1.245,1.232,15230318.0
2025-11-17,1.23,1.218,1.231,1.216,20904808.0
2025-11-18,1.218,1.22,1.229,1.217,14968246.0
2025-11-19,1.22,1.221,1.23,1.215,15724590.0
2025-11-20,1.243,1.217,1.247,1.216,43847118.0
2025-11-21,1.206,1.173,1.212,1.172,30989614.0
2025-11-24,1.178,1.175,1.182,1.169,15567490.0
2025-11-25,1.178,1.179,1.186,1.176,15183863.0
2025-11-26,1.179,1.176,1.182,1.173,14165949.0
2025-11-27,1.176,1.175,1.184,1.172,14878007.0
2025-11-28,1.173,1.18,1.181,1.168,17505857.0
2025-12-01,1.176,1.183,1.186,1.175,16398453.0
2025-12-02,1.181,1.172,1.183,1.171,11368754.0
2025-12-03,1.175,1.161,1.178,1.159,14552460.0
2025-12-04,1.161,1.164,1.171,1.157,11268462.0
2025-12-05,1.164,1.194,1.203,1.163,29988750.0
2025-12-08,1.21,1.217,1.236,1.21,41523951.0
2025-12-09,1.209,1.201,1.215,1.199,14188266.0
2025-12-10,1.199,1.206,1.209,1.191,16003041.0
2025-12-11,1.206,1.19,1.208,1.188,13540720.0
2025-12-12,1.191,1.196,1.205,1.185,15849408.0
2025-12-15,1.19,1.202,1.217,1.189,16925645.0
2025-12-16,1.2,1.193,1.206,1.192,14416904.0
2025-12-17,1.193,1.218,1.229,1.188,23218744.0
2025-12-18,1.217,1.206,1.217,1.204,14638282.0
2025-12-19,1.205,1.211,1.219,1.201,13847240.0
2025-12-22,1.209,1.211,1.215,1.206,12035128.0
2025-12-23,1.211,1.207,1.218,1.205,12737888.0
2025-12-24,1.205,1.218,1.219,1.204,15381709.0
2025-12-25,1.216,1.221,1.225,1.214,14588688.0
2025-12-26,1.219,1.229,1.242,1.219,20662641.0
2025-12-29,1.227,1.222,1.23,1.218,14071412.0
2025-12-30,1.218,1.216,1.227,1.215,14587223.0
2025-12-31,1.218,1.211,1.228,1.211,14727406.0
2026-01-05,1.215,1.235,1.235,1.214,23727225.0
2026-01-06,1.235,1.286,1.288,1.233,48860098.0
2026-01-07,1.287,1.267,1.287,1.258,27697761.0
2026-01-08,1.258,1.233,1.258,1.229,39147115.0
2026-01-09,1.233,1.237,1.243,1.228,25787852.0
2026-01-12,1.236,1.254,1.255,1.23,32651406.0
2026-01-13,1.259,1.246,1.272,1.241,24080055.0
2026-01-14,1.244,1.237,1.275,1.23,37458122.0
2026-01-15,1.231,1.218,1.239,1.214,27791543.0
2026-01-16,1.224,1.208,1.228,1.205,20938773.0
2026-01-19,1.205,1.203,1.208,1.198,19358900.0
2026-01-20,1.202,1.207,1.21,1.2,18310610.0
2026-01-21,1.204,1.201,1.209,1.198,17053347.0
2026-01-22,1.202,1.203,1.212,1.2,15547915.0
2026-01-23,1.205,1.2,1.208,1.197,18082820.0
2026-01-26,1.2,1.211,1.225,1.198,27500515.0
2026-01-27,1.209,1.197,1.209,1.189,18972020.0
2026-01-28,1.199,1.197,1.206,1.195,16848936.0
2026-01-29,1.194,1.212,1.214,1.182,26283193.0
2026-01-30,1.207,1.194,1.211,1.19,19104005.0
2026-02-02,1.192,1.178,1.207,1.175,21300487.0
2026-02-03,1.185,1.174,1.186,1.163,20322448.0
2026-02-04,1.171,1.191,1.193,1.17,20236356.0
2026-02-05,1.185,1.193,1.2,1.182,16099126.0
2026-02-06,1.186,1.186,1.195,1.183,11789196.0
2026-02-09,1.192,1.197,1.198,1.189,12417633.0
2026-02-10,1.198,1.196,1.2,1.194,8489313.0
2026-02-11,1.196,1.194,1.198,1.19,8566319.0
2026-02-12,1.193,1.185,1.194,1.184,9883566.0
2026-02-13,1.186,1.174,1.191,1.173,12759639.0
2026-02-24,1.178,1.172,1.18,1.171,9078967.0
2026-02-25,1.173,1.179,1.189,1.172,18185475.0
2026-02-26,1.178,1.166,1.179,1.163,16794068.0
2026-02-27,1.165,1.169,1.172,1.161,12764148.0
2026-03-02,1.16,1.154,1.162,1.145,17726436.0
2026-03-03,1.155,1.144,1.165,1.141,19560867.0
2026-03-04,1.137,1.115,1.137,1.114,21153015.0
2026-03-05,1.125,1.117,1.127,1.114,13107274.0
2026-03-06,1.114,1.131,1.135,1.113,13972002.0
2026-03-09,1.115,1.112,1.117,1.105,15558978.0
